date,method,rolling_12m_return_percent,rolling_12m_volatility_percent,rolling_12m_sharpe_ratio,rolling_12m_maximum_drawdown_percent
2023-02-17,Walk-Forward Portfolio After Costs,-7.217594971166452,19.233099116384807,-0.3958289801604318,-24.180145533809483
2023-02-20,Walk-Forward Portfolio After Costs,-6.070966726412264,19.339117184986367,-0.3291248430592361,-24.180145533809483
2023-02-21,Walk-Forward Portfolio After Costs,-6.4660934535293535,19.315250522074944,-0.3515877295932944,-24.180145533809483
2023-02-22,Walk-Forward Portfolio After Costs,-7.887604372666601,19.31082370590364,-0.4309984957893119,-24.180145533809483
2023-02-23,Walk-Forward Portfolio After Costs,-8.00250890624028,19.307992445495586,-0.43755290799476554,-23.211181558861817
2023-02-24,Walk-Forward Portfolio After Costs,-7.512205728494092,19.281319211109526,-0.41086610717930944,-23.146028545196206
2023-02-27,Walk-Forward Portfolio After Costs,-6.60944938971868,19.234142559656032,-0.36185897039005754,-23.146028545196206
2023-02-28,Walk-Forward Portfolio After Costs,-6.361224398838294,19.242005023305218,-0.34784109047401907,-23.146028545196206
2023-03-01,Walk-Forward Portfolio After Costs,-5.873959383158079,19.261936057877747,-0.3203437361177514,-23.146028545196206
2023-03-02,Walk-Forward Portfolio After Costs,-5.096884850560757,19.26054523133032,-0.2777001632319041,-23.146028545196206
2023-03-03,Walk-Forward Portfolio After Costs,-4.76551222804823,19.276615887207306,-0.259230252428087,-23.146028545196206
2023-03-06,Walk-Forward Portfolio After Costs,-5.531054377069067,19.281200079844147,-0.30097632452503703,-22.73985752386567
2023-03-07,Walk-Forward Portfolio After Costs,-5.732671975215597,19.29677334338013,-0.3116461903643908,-22.73985752386567
2023-03-08,Walk-Forward Portfolio After Costs,-6.504367477815776,19.278675885925225,-0.3547480511524961,-21.888797966633266
2023-03-09,Walk-Forward Portfolio After Costs,-4.0665866822264585,19.167078904223185,-0.22367360974432243,-21.888797966633266
2023-03-10,Walk-Forward Portfolio After Costs,-6.362082127465374,19.22270766980784,-0.3484380589696056,-21.888797966633266
2023-03-13,Walk-Forward Portfolio After Costs,-4.365320881350843,19.328023611460672,-0.2363544769048298,-21.888797966633266
2023-03-14,Walk-Forward Portfolio After Costs,-5.527046981465,19.348350658103293,-0.2990621158090949,-21.888797966633266
2023-03-15,Walk-Forward Portfolio After Costs,-4.960393235133953,19.36175185859608,-0.2678402915105618,-21.888797966633266
2023-03-16,Walk-Forward Portfolio After Costs,-5.7013568734023305,19.37504858951276,-0.3079145494036202,-21.560024764270224
2023-03-17,Walk-Forward Portfolio After Costs,-3.8006939461606826,19.436964271957457,-0.2036701388656493,-19.83571876772957
2023-03-20,Walk-Forward Portfolio After Costs,-1.5051405446384503,19.318373539619493,-0.08405517187913007,-17.244878298133926
2023-03-21,Walk-Forward Portfolio After Costs,2.6653693411057944,19.084728010894995,0.12983518782657535,-16.938531289639748
2023-03-22,Walk-Forward Portfolio After Costs,6.090258824995165,18.940354443103747,0.3026521674282761,-16.938531289639748
2023-03-23,Walk-Forward Portfolio After Costs,6.726515429458146,18.9788779291046,0.3339319742010404,-16.938531289639748
2023-03-24,Walk-Forward Portfolio After Costs,5.635626610180422,18.944038345523527,0.2799516329716886,-15.363076762202276
2023-03-27,Walk-Forward Portfolio After Costs,7.660814470775246,18.84436710398206,0.3812298963323582,-15.363076762202276
2023-03-28,Walk-Forward Portfolio After Costs,13.006483431382708,17.942094380866326,0.6610140134771878,-15.363076762202276
2023-03-29,Walk-Forward Portfolio After Costs,10.258785720595087,17.797156935735824,0.5265925853048732,-15.363076762202276
2023-03-30,Walk-Forward Portfolio After Costs,8.775389051051242,17.70800457588549,0.4518414507754118,-15.363076762202276
2023-03-31,Walk-Forward Portfolio After Costs,8.522189134073855,17.69511692699581,0.4388682611039899,-15.363076762202276
2023-04-03,Walk-Forward Portfolio After Costs,9.507725046023419,17.704683167905372,0.48980888402148576,-15.363076762202276
2023-04-04,Walk-Forward Portfolio After Costs,8.494177619549092,17.699506704519955,0.43734393299147917,-15.363076762202276
2023-04-06,Walk-Forward Portfolio After Costs,8.455426709696257,17.699249370846783,0.4353285976138002,-15.363076762202276
2023-04-07,Walk-Forward Portfolio After Costs,9.325648351123617,17.70151634169765,0.48046051140538204,-15.363076762202276
2023-04-10,Walk-Forward Portfolio After Costs,9.701622243228814,17.686836783904393,0.5001307738388735,-15.363076762202276
2023-04-11,Walk-Forward Portfolio After Costs,10.435471166604637,17.68764674846076,0.5378267256575087,-15.363076762202276
2023-04-12,Walk-Forward Portfolio After Costs,10.84741912822853,17.682431739355945,0.5589993707231827,-15.363076762202276
2023-04-13,Walk-Forward Portfolio After Costs,8.230991685315757,17.63213929020826,0.42456970639501024,-15.363076762202276
2023-04-14,Walk-Forward Portfolio After Costs,8.637818822336406,17.63232088581143,0.4458534170847544,-15.363076762202276
2023-04-17,Walk-Forward Portfolio After Costs,9.068430105877168,17.639762210282342,0.46817409701051965,-15.363076762202276
2023-04-18,Walk-Forward Portfolio After Costs,8.664720762892886,17.635207486769584,0.44721357736181444,-13.826131773964024
2023-04-19,Walk-Forward Portfolio After Costs,9.812061131675165,17.53664846467083,0.5086431433664762,-13.826131773964024
2023-04-20,Walk-Forward Portfolio After Costs,9.303564201846214,17.53409383317937,0.4822101626634842,-13.708041834212425
2023-04-21,Walk-Forward Portfolio After Costs,9.076982779967825,17.56433627875092,0.46986964277831494,-13.708041834212425
2023-04-24,Walk-Forward Portfolio After Costs,7.527738023429409,17.558465142972935,0.388467967237673,-13.708041834212425
2023-04-25,Walk-Forward Portfolio After Costs,7.329801886314624,17.574219987569776,0.3777912732778627,-13.708041834212425
2023-04-26,Walk-Forward Portfolio After Costs,6.681658004797231,17.54855291358891,0.3435623582307859,-13.708041834212425
2023-04-27,Walk-Forward Portfolio After Costs,7.593198295684256,17.555047085728866,0.39198154652981776,-13.708041834212425
2023-04-28,Walk-Forward Portfolio After Costs,6.776052941228694,17.533168819491287,0.34875745579963746,-13.708041834212425
2023-05-04,Walk-Forward Portfolio After Costs,6.840722932248888,17.53221835220493,0.35222149497162814,-13.708041834212425
2023-05-05,Walk-Forward Portfolio After Costs,9.28830526585429,17.361215466337775,0.48446374934855735,-13.708041834212425
2023-05-08,Walk-Forward Portfolio After Costs,14.466317367268156,17.015033817647456,0.7629422869757023,-13.708041834212425
2023-05-09,Walk-Forward Portfolio After Costs,14.829779907730645,17.001080615917395,0.7820869594107737,-13.708041834212425
2023-05-10,Walk-Forward Portfolio After Costs,21.497461468651036,16.037827028297816,1.1709829188746335,-13.708041834212425
2023-05-11,Walk-Forward Portfolio After Costs,22.04826381800702,16.02400469513655,1.2001058372454223,-13.708041834212425
2023-05-12,Walk-Forward Portfolio After Costs,15.880577222960568,15.591978268051104,0.8963001702112156,-13.708041834212425
2023-05-15,Walk-Forward Portfolio After Costs,16.30413134239934,15.607737650458633,0.9189416223473222,-13.708041834212425
2023-05-16,Walk-Forward Portfolio After Costs,12.805920560583717,15.416250355452243,0.7302542747067958,-13.708041834212425
2023-05-17,Walk-Forward Portfolio After Costs,10.890166962990811,15.345291025194813,0.621254166026257,-13.708041834212425
2023-05-18,Walk-Forward Portfolio After Costs,13.033363736204917,15.200907015564324,0.7516843130829987,-13.708041834212425
2023-05-19,Walk-Forward Portfolio After Costs,13.078744494783923,15.199873317556776,0.7543673235840881,-13.708041834212425
2023-05-22,Walk-Forward Portfolio After Costs,12.468594080089668,15.187035045119469,0.7192338839272032,-13.708041834212425
2023-05-23,Walk-Forward Portfolio After Costs,10.623274693757656,15.20411565076837,0.6097370045448399,-13.708041834212425
2023-05-24,Walk-Forward Portfolio After Costs,9.064991856955483,15.268153029807493,0.5148670412047126,-13.708041834212425
2023-05-25,Walk-Forward Portfolio After Costs,7.821165156758414,15.237616028785423,0.4402947458813323,-13.708041834212425
2023-05-26,Walk-Forward Portfolio After Costs,9.191219810746375,15.232437590258009,0.523315743327002,-13.708041834212425
2023-05-29,Walk-Forward Portfolio After Costs,8.643610270143487,15.244348762071777,0.4900320553020173,-13.708041834212425
2023-05-30,Walk-Forward Portfolio After Costs,7.8208743619454735,15.228664692340002,0.44044676820495926,-13.708041834212425
2023-05-31,Walk-Forward Portfolio After Costs,7.6019955638708225,15.229094677274324,0.42709062901463113,-13.708041834212425
2023-06-01,Walk-Forward Portfolio After Costs,5.484576719563594,15.102373681058035,0.2977862483045307,-13.708041834212425
2023-06-02,Walk-Forward Portfolio After Costs,5.478208961729125,15.10203183894945,0.29738977274280015,-13.708041834212425
2023-06-05,Walk-Forward Portfolio After Costs,8.488989474459153,14.824481542289062,0.49002276653740495,-13.708041834212425
2023-06-06,Walk-Forward Portfolio After Costs,5.957462746622544,14.879356558765359,0.3300366794730702,-13.708041834212425
2023-06-07,Walk-Forward Portfolio After Costs,5.1011045705183555,14.8615103371537,0.2756383319303671,-13.708041834212425
2023-06-08,Walk-Forward Portfolio After Costs,6.195584612554628,14.859234957969154,0.34539472525830095,-13.708041834212425
2023-06-09,Walk-Forward Portfolio After Costs,6.877370740027522,14.87708854079997,0.38818604079536895,-13.708041834212425
2023-06-12,Walk-Forward Portfolio After Costs,6.169029038229823,14.844831423967758,0.3439027297826255,-13.708041834212425
2023-06-13,Walk-Forward Portfolio After Costs,8.32652942310963,14.884545590873849,0.478575729580309,-13.708041834212425
2023-06-14,Walk-Forward Portfolio After Costs,7.900021334621199,14.879114198765514,0.45217332592654114,-13.708041834212425
2023-06-15,Walk-Forward Portfolio After Costs,7.531140110852741,14.837959985102355,0.42993645835177025,-13.708041834212425
2023-06-16,Walk-Forward Portfolio After Costs,8.261546065418536,14.862442424197047,0.47503404095891044,-13.708041834212425
2023-06-19,Walk-Forward Portfolio After Costs,8.826102174719065,14.866814689624885,0.5099358969317158,-13.708041834212425
2023-06-20,Walk-Forward Portfolio After Costs,8.879873498826928,14.865547120832698,0.5132909666603325,-13.708041834212425
2023-06-21,Walk-Forward Portfolio After Costs,5.19476600500417,14.944456801365858,0.28092013600084687,-13.708041834212425
2023-06-26,Walk-Forward Portfolio After Costs,3.6216743016709296,15.049021654297675,0.17987752711738067,-13.708041834212425
2023-06-27,Walk-Forward Portfolio After Costs,3.545188716049763,15.044447169559582,0.17497807298267143,-13.708041834212425
2023-06-28,Walk-Forward Portfolio After Costs,3.331506465454548,15.047567042053814,0.16124205305124908,-13.708041834212425
2023-06-29,Walk-Forward Portfolio After Costs,1.8200670983596234,14.997892765725881,0.06302259255006647,-13.708041834212425
2023-06-30,Walk-Forward Portfolio After Costs,1.4425381763391476,14.978371367987018,0.03810862395239702,-13.708041834212425
2023-07-03,Walk-Forward Portfolio After Costs,1.4255666243906173,14.977103208437297,0.03698210106545671,-13.708041834212425
2023-07-04,Walk-Forward Portfolio After Costs,2.621394196185567,14.974183056341017,0.11524530794014982,-13.708041834212425
2023-07-05,Walk-Forward Portfolio After Costs,2.5380762304067384,14.97629530060035,0.10982596808827816,-13.708041834212425
2023-07-06,Walk-Forward Portfolio After Costs,1.7584119771349105,14.951346892297126,0.05870511456458017,-13.708041834212425
2023-07-07,Walk-Forward Portfolio After Costs,0.19168160335292228,14.882619616684806,-0.04596993712461489,-13.708041834212425
2023-07-10,Walk-Forward Portfolio After Costs,0.14903943287651877,14.881473582138389,-0.04884557175674722,-13.708041834212425
2023-07-11,Walk-Forward Portfolio After Costs,0.013649974705343126,14.874212908424148,-0.05803650525170417,-12.186992871370206
2023-07-12,Walk-Forward Portfolio After Costs,2.991351758095817,14.552361523091669,0.1389966166467022,-12.186992871370206
2023-07-13,Walk-Forward Portfolio After Costs,3.4346311311371114,14.577463297538355,0.16847181682984008,-12.186992871370206
2023-07-14,Walk-Forward Portfolio After Costs,4.973382366864043,14.486602370783377,0.2705671268467748,-12.186992871370206
2023-07-17,Walk-Forward Portfolio After Costs,3.451483520695642,14.42018455040494,0.16986051589877443,-12.186992871370206
2023-07-18,Walk-Forward Portfolio After Costs,4.237931661307459,14.424640858415868,0.22236498022747844,-12.186992871370206
2023-07-19,Walk-Forward Portfolio After Costs,4.775612571209065,14.413356340982766,0.258129643698579,-12.186992871370206
2023-07-20,Walk-Forward Portfolio After Costs,2.8702780549697327,14.390211805303869,0.13076084317863446,-12.186992871370206
2023-07-21,Walk-Forward Portfolio After Costs,3.53120091211383,14.3736899072053,0.1753086286009594,-12.186992871370206
2023-07-24,Walk-Forward Portfolio After Costs,4.77135484460689,14.30805485828579,0.2586897930339532,-12.186992871370206
2023-07-25,Walk-Forward Portfolio After Costs,7.8152909771821655,14.363177978332628,0.4576784604040887,-12.186992871370206
2023-07-26,Walk-Forward Portfolio After Costs,6.635781733972168,14.338526997708314,0.381477830975078,-12.186992871370206
2023-07-27,Walk-Forward Portfolio After Costs,5.663452176354999,14.307052113070462,0.3179627627467873,-12.186992871370206
2023-07-28,Walk-Forward Portfolio After Costs,8.64601479490199,14.399249124370868,0.5102013838540994,-12.186992871370206
2023-07-31,Walk-Forward Portfolio After Costs,9.497221152765833,14.457472011061165,0.562719726402041,-12.186992871370206
2023-08-01,Walk-Forward Portfolio After Costs,9.943541222711927,14.43978419891728,0.5914139784902569,-12.186992871370206
2023-08-02,Walk-Forward Portfolio After Costs,8.776829858799262,14.437987129414765,0.5175483990510844,-12.186992871370206
2023-08-03,Walk-Forward Portfolio After Costs,10.436051235292542,14.4357158931297,0.622514541878798,-12.186992871370206
2023-08-04,Walk-Forward Portfolio After Costs,9.700334325226345,14.411242453538017,0.5769277553510619,-12.186992871370206
2023-08-07,Walk-Forward Portfolio After Costs,10.399692082543055,14.368643366227227,0.6224555159805553,-12.186992871370206
2023-08-08,Walk-Forward Portfolio After Costs,9.070203256731514,14.319861802452971,0.5394516287169218,-12.186992871370206
2023-08-09,Walk-Forward Portfolio After Costs,7.553897445710489,14.324096559387689,0.44156604775219693,-12.186992871370206
2023-08-10,Walk-Forward Portfolio After Costs,7.942485327976212,14.327551349885947,0.4666737932388817,-12.186992871370206
2023-08-11,Walk-Forward Portfolio After Costs,6.351516351256858,14.46027937479763,0.3610062585950722,-12.186992871370206
2023-08-14,Walk-Forward Portfolio After Costs,5.392379706416461,14.461137768039134,0.2983300601476799,-12.186992871370206
2023-08-15,Walk-Forward Portfolio After Costs,7.3021447623802915,14.341110698970416,0.4248698947290886,-12.186992871370206
2023-08-16,Walk-Forward Portfolio After Costs,6.232275523612607,14.359088934561578,0.3547107122141721,-12.186992871370206
2023-08-17,Walk-Forward Portfolio After Costs,5.7790014812718615,14.351944529772137,0.325014714698816,-12.186992871370206
2023-08-18,Walk-Forward Portfolio After Costs,3.7914514103531305,14.379912141468038,0.1927264242771181,-12.186992871370206
2023-08-21,Walk-Forward Portfolio After Costs,2.2333646334696367,14.408113345456327,0.08763667305653616,-12.186992871370206
2023-08-22,Walk-Forward Portfolio After Costs,2.0572347401738966,14.402167849530223,0.07563986347470568,-12.186992871370206
2023-08-23,Walk-Forward Portfolio After Costs,1.3285573252515448,14.453063241612865,0.026301901486771164,-12.186992871370206
2023-08-24,Walk-Forward Portfolio After Costs,0.24730904781355978,14.42304353423713,-0.048327483691525945,-12.186992871370206
2023-08-25,Walk-Forward Portfolio After Costs,0.3291248775609379,14.421049117011165,-0.042696748492593604,-12.186992871370206
2023-08-28,Walk-Forward Portfolio After Costs,0.861444080738405,14.468462422605361,-0.005514966874302597,-12.186992871370206
2023-08-29,Walk-Forward Portfolio After Costs,1.9955802190875227,14.512549093547861,0.07199326888167583,-11.950000064121669
2023-08-30,Walk-Forward Portfolio After Costs,2.4476462060077253,14.51068286104329,0.10246478786980318,-11.874124968062816
2023-08-31,Walk-Forward Portfolio After Costs,2.333386807915949,14.515135036714657,0.0947889492093231,-11.874124968062816
2023-09-01,Walk-Forward Portfolio After Costs,4.182625717877486,14.497650594277477,0.2182794073779307,-11.874124968062816
2023-09-04,Walk-Forward Portfolio After Costs,4.373063826670687,14.517321363597377,0.2307589018063411,-11.225752028069158
2023-09-05,Walk-Forward Portfolio After Costs,4.830982138180562,14.50120980326903,0.2610491899707639,-9.463081223909708
2023-09-06,Walk-Forward Portfolio After Costs,6.6914591204919605,14.36768672392188,0.38459330672610836,-9.418350957562504
2023-09-07,Walk-Forward Portfolio After Costs,6.289862878880292,14.385951841340889,0.3580660549356299,-9.418350957562504
2023-09-08,Walk-Forward Portfolio After Costs,5.833240521596106,14.400479165296487,0.32794528744262075,-9.418350957562504
2023-09-11,Walk-Forward Portfolio After Costs,6.322456563925183,14.423474459695182,0.3596330982033183,-9.418350957562504
2023-09-12,Walk-Forward Portfolio After Costs,6.621336814734202,14.416714006163268,0.3792111655620325,-9.418350957562504
2023-09-13,Walk-Forward Portfolio After Costs,6.894882408961456,14.398314659688122,0.39731163475334985,-9.418350957562504
2023-09-14,Walk-Forward Portfolio After Costs,7.544876433642833,14.38088527399839,0.4397871190855463,-9.418350957562504
2023-09-15,Walk-Forward Portfolio After Costs,8.14804054749696,14.346429192139112,0.47949401677986564,-9.418350957562504
2023-09-18,Walk-Forward Portfolio After Costs,8.107004938459639,14.346402412224023,0.4768483764605379,-9.418350957562504
2023-09-19,Walk-Forward Portfolio After Costs,6.395879411073868,14.251889909141541,0.3670932499185531,-9.418350957562504
2023-09-20,Walk-Forward Portfolio After Costs,5.630831458324792,14.263553903924167,0.3163015159394755,-9.418350957562504
2023-09-21,Walk-Forward Portfolio After Costs,5.152215061887899,14.2780499453441,0.284311124579513,-9.418350957562504
2023-09-22,Walk-Forward Portfolio After Costs,5.545123798191343,14.302424375020815,0.3101500583765837,-9.418350957562504
2023-09-25,Walk-Forward Portfolio After Costs,4.346538991295357,14.288741829919841,0.23036247117492806,-9.418350957562504
2023-09-26,Walk-Forward Portfolio After Costs,4.394052915512114,14.286335734004908,0.2335643603829693,-9.418350957562504
2023-09-27,Walk-Forward Portfolio After Costs,6.429137986986633,14.163121973985243,0.3706989392885375,-9.418350957562504
2023-09-28,Walk-Forward Portfolio After Costs,7.8370384878413635,14.090841310696511,0.46516586637064694,-9.418350957562504
2023-10-09,Walk-Forward Portfolio After Costs,7.841063209822696,14.090787225395857,0.4654320669384637,-9.418350957562504
2023-10-10,Walk-Forward Portfolio After Costs,6.096653095602389,14.120319738741111,0.34922710478019126,-9.418350957562504
2023-10-11,Walk-Forward Portfolio After Costs,6.107813530130013,14.119895288877737,0.34997850288368504,-9.418350957562504
2023-10-12,Walk-Forward Portfolio After Costs,8.469456351474825,14.160763740647903,0.5048671970357039,-9.418350957562504
2023-10-13,Walk-Forward Portfolio After Costs,7.889510355402929,14.187600538873479,0.466381543584186,-9.418350957562504
2023-10-16,Walk-Forward Portfolio After Costs,6.3398587048850485,14.27782920775682,0.36297974170401975,-9.453826635302242
2023-10-17,Walk-Forward Portfolio After Costs,5.341517465695489,14.214604241024634,0.29759380048290546,-9.453826635302242
2023-10-18,Walk-Forward Portfolio After Costs,6.4477557786421835,14.090736900127956,0.3731073978324627,-10.063195235848433
2023-10-19,Walk-Forward Portfolio After Costs,3.742613338524392,14.208756573852419,0.18998811510499092,-11.776998202171008
2023-10-20,Walk-Forward Portfolio After Costs,4.411850183806698,14.168579849207344,0.2355150697375784,-12.26418510471622
2023-10-23,Walk-Forward Portfolio After Costs,4.544259058634803,14.15351680216865,0.24456916523450128,-13.686829806297219
2023-10-24,Walk-Forward Portfolio After Costs,4.57314479986235,14.154723839556716,0.24651241838285223,-13.686829806297219
2023-10-25,Walk-Forward Portfolio After Costs,4.103298864958127,14.109957054007447,0.2149330880682988,-13.686829806297219
2023-10-26,Walk-Forward Portfolio After Costs,3.9340285585252044,14.107980873957912,0.2034066341426968,-13.686829806297219
2023-10-27,Walk-Forward Portfolio After Costs,3.7001474669877688,14.07557640392556,0.1875499424500571,-13.686829806297219
2023-10-30,Walk-Forward Portfolio After Costs,3.2575608425549074,14.073591908624877,0.15716055234135473,-13.686829806297219
2023-10-31,Walk-Forward Portfolio After Costs,2.15745756184047,14.08999480025841,0.08111147260220071,-13.686829806297219
2023-11-01,Walk-Forward Portfolio After Costs,3.18560810912325,14.020344682367522,0.15224703629934852,-13.686829806297219
2023-11-02,Walk-Forward Portfolio After Costs,3.7016723207927926,14.00128176578086,0.18790083864513257,-13.686829806297219
2023-11-03,Walk-Forward Portfolio After Costs,4.734660366692434,14.01433787683199,0.25859586970281273,-13.686829806297219
2023-11-06,Walk-Forward Portfolio After Costs,7.670260591763811,13.975434509928544,0.45676852107988125,-13.686829806297219
2023-11-07,Walk-Forward Portfolio After Costs,7.256734810667842,13.9866597801227,0.4289928489035346,-13.686829806297219
2023-11-08,Walk-Forward Portfolio After Costs,5.652163208080863,13.93662920154877,0.32185233988281176,-13.686829806297219
2023-11-09,Walk-Forward Portfolio After Costs,5.230652842202743,13.931020900556994,0.29322350455744656,-13.686829806297219
2023-11-10,Walk-Forward Portfolio After Costs,7.534932832247265,13.657912977541647,0.45492718059205517,-13.686829806297219
2023-11-13,Walk-Forward Portfolio After Costs,8.051926886114092,13.643398322844005,0.49043139599343355,-13.686829806297219
2023-11-14,Walk-Forward Portfolio After Costs,6.912987657523084,13.610335610584654,0.4134130311965276,-13.686829806297219
2023-11-15,Walk-Forward Portfolio After Costs,5.5882318194617975,13.474050743914209,0.3236894911260443,-13.686829806297219
2023-11-16,Walk-Forward Portfolio After Costs,4.804286412506897,13.50943060049747,0.26801975501487024,-13.686829806297219
2023-11-17,Walk-Forward Portfolio After Costs,2.441890080285569,13.24267485692211,0.09859024880114768,-13.686829806297219
2023-11-20,Walk-Forward Portfolio After Costs,2.8313984083459864,13.254337855336432,0.12725538063072525,-13.686829806297219
2023-11-21,Walk-Forward Portfolio After Costs,3.1441493415212296,13.243226219874046,0.15018517981075952,-13.686829806297219
2023-11-22,Walk-Forward Portfolio After Costs,2.246708420114607,13.302242606943626,0.08440678585146304,-13.686829806297219
2023-11-23,Walk-Forward Portfolio After Costs,3.797000999324718,13.313992828501869,0.19749181764545265,-13.686829806297219
2023-11-24,Walk-Forward Portfolio After Costs,1.5195224326970624,13.210439804684654,0.030051871354577167,-13.686829806297219
2023-11-27,Walk-Forward Portfolio After Costs,0.8248414502946888,13.204305009142963,-0.022000051679783392,-13.686829806297219
2023-11-28,Walk-Forward Portfolio After Costs,-0.16831146668603303,13.147561976701791,-0.09795251897272736,-13.686829806297219
2023-11-29,Walk-Forward Portfolio After Costs,-0.2764603139836286,13.15474630824616,-0.10606666639371104,-13.686829806297219
2023-11-30,Walk-Forward Portfolio After Costs,-0.5068685779645921,13.153252279599423,-0.12367999766622041,-13.686829806297219
2023-12-01,Walk-Forward Portfolio After Costs,-0.9725831485752567,13.161868509447494,-0.1591605156982329,-13.686829806297219
2023-12-04,Walk-Forward Portfolio After Costs,-1.1243343962644148,13.165338529156298,-0.1707325215614796,-13.686829806297219
2023-12-05,Walk-Forward Portfolio After Costs,-1.945433320782608,13.234883869717361,-0.23214263667044507,-14.862988920911157
2023-12-06,Walk-Forward Portfolio After Costs,-1.5237607311615387,13.221213223331867,-0.20006398799415825,-15.042946446505379
2023-12-07,Walk-Forward Portfolio After Costs,-2.017636626606667,13.219450320934515,-0.23814008253044858,-15.220490482182992
2023-12-08,Walk-Forward Portfolio After Costs,-1.6990452289562974,13.218637628863789,-0.2136057472069636,-15.220490482182992
2023-12-11,Walk-Forward Portfolio After Costs,-0.9201892455745542,13.184881460526295,-0.15463648871759028,-15.262891912582322
2023-12-12,Walk-Forward Portfolio After Costs,-2.6468276610050023,13.0283490379236,-0.29297597744460774,-15.262891912582322
2023-12-13,Walk-Forward Portfolio After Costs,-4.469297353493418,13.1200606020833,-0.4340278001736697,-16.392893233871376
2023-12-14,Walk-Forward Portfolio After Costs,-5.842463160507327,13.078415119033304,-0.5465068571455545,-16.702359767471965
2023-12-15,Walk-Forward Portfolio After Costs,-5.7542189260561205,13.07506680667534,-0.5395173158426485,-17.070159489294834
2023-12-18,Walk-Forward Portfolio After Costs,-7.568059700052121,13.068560104583455,-0.6885143742638697,-17.859849020981677
2023-12-19,Walk-Forward Portfolio After Costs,-7.781734263831163,13.06751009544869,-0.7062860221193941,-17.92968935396939
2023-12-20,Walk-Forward Portfolio After Costs,-8.899080649002677,13.104394895156524,-0.7969241607346691,-18.77842137343829
2023-12-21,Walk-Forward Portfolio After Costs,-7.595773000848338,13.141292367593199,-0.6862627034712564,-18.77842137343829
2023-12-22,Walk-Forward Portfolio After Costs,-7.330096174033773,13.148172862921317,-0.6640052611497941,-18.77842137343829
2023-12-25,Walk-Forward Portfolio After Costs,-6.895064511126137,13.160119795934044,-0.6277050478473624,-18.77842137343829
2023-12-26,Walk-Forward Portfolio After Costs,-6.594795383705709,13.14202283284502,-0.604256575614888,-18.77842137343829
2023-12-27,Walk-Forward Portfolio After Costs,-5.093090252069787,13.133895753443012,-0.4833017014111453,-18.77842137343829
2023-12-28,Walk-Forward Portfolio After Costs,-3.179926236526709,13.291257939611786,-0.3259045897239571,-18.77842137343829
2023-12-29,Walk-Forward Portfolio After Costs,-2.736080325698398,13.287786350562303,-0.2916065431303129,-18.77842137343829
2024-01-02,Walk-Forward Portfolio After Costs,-0.6840979717414708,13.17590541222233,-0.1367681531137081,-18.77842137343829
2024-01-03,Walk-Forward Portfolio After Costs,0.5785263780435201,13.136684399170148,-0.041401090287940104,-18.77842137343829
2024-01-04,Walk-Forward Portfolio After Costs,0.8957649983514893,13.117904132437863,-0.01764083500102905,-18.77842137343829
2024-01-05,Walk-Forward Portfolio After Costs,1.5383422415386372,13.082015402305522,0.030482655136217392,-18.77842137343829
2024-01-08,Walk-Forward Portfolio After Costs,0.5330093501311195,13.133906501953355,-0.044884313137855396,-18.77842137343829
2024-01-09,Walk-Forward Portfolio After Costs,0.12470836230227267,13.106686496868406,-0.07629805012440226,-18.77842137343829
2024-01-10,Walk-Forward Portfolio After Costs,-1.4467238615908151,13.053044060773885,-0.19833479236641546,-18.77842137343829
2024-01-11,Walk-Forward Portfolio After Costs,-1.2272427664582253,13.054886136252444,-0.18124881408961474,-18.77842137343829
2024-01-12,Walk-Forward Portfolio After Costs,-1.4876001312971066,13.057384209378833,-0.2014026734813289,-18.77842137343829
2024-01-15,Walk-Forward Portfolio After Costs,-1.9053311569534714,13.041745398563068,-0.23438125540752336,-18.77842137343829
2024-01-16,Walk-Forward Portfolio After Costs,-2.355765551990341,13.01831130346753,-0.2703867183855336,-18.77842137343829
2024-01-17,Walk-Forward Portfolio After Costs,-4.485993905408792,13.09550905270924,-0.4364353360447821,-18.77842137343829
2024-01-18,Walk-Forward Portfolio After Costs,-4.938475798414077,13.07692236077497,-0.4735469832160512,-18.77842137343829
2024-01-19,Walk-Forward Portfolio After Costs,-5.351332338979975,13.090103236586408,-0.5061828331764318,-18.77842137343829
2024-01-22,Walk-Forward Portfolio After Costs,-8.806179691752314,13.254933787391748,-0.7786765865166714,-19.56793393540671
2024-01-23,Walk-Forward Portfolio After Costs,-8.22093911804992,13.26167014864196,-0.7299924882422417,-19.56793393540671
2024-01-24,Walk-Forward Portfolio After Costs,-5.875912564272035,13.446243742328159,-0.5305863699560676,-19.56793393540671
2024-01-25,Walk-Forward Portfolio After Costs,-3.191405037746131,13.69440543163333,-0.31324176091801087,-19.56793393540671
2024-01-26,Walk-Forward Portfolio After Costs,-4.365157889336125,13.632655190527329,-0.4047419687847318,-19.56793393540671
2024-01-29,Walk-Forward Portfolio After Costs,-5.66036786893026,13.577908194281237,-0.5073256826747975,-19.56793393540671
2024-01-30,Walk-Forward Portfolio After Costs,-6.924787196124138,13.647903548146159,-0.6028683575067467,-19.56793393540671
2024-01-31,Walk-Forward Portfolio After Costs,-8.276337668166445,13.716178714854124,-0.7057974026981209,-19.56793393540671
2024-02-01,Walk-Forward Portfolio After Costs,-8.286399397751598,13.715754901333167,-0.7066229934001599,-19.56793393540671
2024-02-02,Walk-Forward Portfolio After Costs,-10.560767722200016,13.786555354012139,-0.8843565315793263,-19.56793393540671
2024-02-05,Walk-Forward Portfolio After Costs,-11.117769780574061,13.782069614330943,-0.9299983271946954,-19.56793393540671
2024-02-06,Walk-Forward Portfolio After Costs,-6.541573570541848,14.623554445306915,-0.5253973542519224,-19.56793393540671
2024-02-07,Walk-Forward Portfolio After Costs,-6.260875196129046,14.645184474100514,-0.5039353707781713,-19.56793393540671
2024-02-08,Walk-Forward Portfolio After Costs,-5.116947824457075,14.686342875014763,-0.419542384580061,-19.56793393540671
2024-02-19,Walk-Forward Portfolio After Costs,-3.2588294257434036,14.74776361865727,-0.2857037483183758,-19.56793393540671
2024-02-20,Walk-Forward Portfolio After Costs,-2.0886316751289047,14.726170399606838,-0.20469695438533025,-19.56793393540671
2024-02-21,Walk-Forward Portfolio After Costs,-2.1982413576853377,14.724866342831033,-0.21233461953025237,-19.56793393540671
2024-02-22,Walk-Forward Portfolio After Costs,-0.750042401919504,14.785534902838684,-0.11145303919273869,-19.56793393540671
2024-02-23,Walk-Forward Portfolio After Costs,-1.4026672846657595,14.760153824409752,-0.1565927052363416,-19.56793393540671
2024-02-26,Walk-Forward Portfolio After Costs,-1.7424762874265753,14.761165889127092,-0.1799596859016677,-19.56793393540671
2024-02-27,Walk-Forward Portfolio After Costs,-1.1012503133747797,14.826432309314386,-0.13465611737911629,-19.56793393540671
2024-02-28,Walk-Forward Portfolio After Costs,-3.5688428178962117,14.917831785762287,-0.3022770794300141,-19.56793393540671
2024-02-29,Walk-Forward Portfolio After Costs,-1.3359405310564232,15.098050909170771,-0.14530175149273492,-19.56793393540671
2024-03-01,Walk-Forward Portfolio After Costs,0.8370599468968232,15.060894018076452,-0.0013849380924348647,-19.56793393540671
2024-03-04,Walk-Forward Portfolio After Costs,1.9382118463450837,15.0756097627681,0.07081202549093364,-19.56793393540671
2024-03-05,Walk-Forward Portfolio After Costs,-0.32416210926599076,14.909402181383136,-0.08058321325330486,-19.56793393540671
2024-03-06,Walk-Forward Portfolio After Costs,-0.19842656274213777,14.917173857650697,-0.07201326406172895,-19.56793393540671
2024-03-07,Walk-Forward Portfolio After Costs,0.2510889734814725,14.901715423708215,-0.04208404041774899,-19.56793393540671
2024-03-08,Walk-Forward Portfolio After Costs,0.4999586758579255,14.90951882493064,-0.02535414632050584,-19.56793393540671
2024-03-11,Walk-Forward Portfolio After Costs,2.074326799233228,14.912914719557316,0.07892448352819226,-19.56793393540671
2024-03-12,Walk-Forward Portfolio After Costs,1.8611764855286594,14.921269806432328,0.06495294899826795,-19.56793393540671
2024-03-13,Walk-Forward Portfolio After Costs,0.5211543499846982,14.920609860449915,-0.023811756708487064,-19.56793393540671
2024-03-14,Walk-Forward Portfolio After Costs,-0.6867150294923352,14.89085020174199,-0.1053403220066603,-19.56793393540671
2024-03-15,Walk-Forward Portfolio After Costs,-0.5077920660535362,14.89635760108548,-0.09316318079377121,-19.56793393540671
2024-03-18,Walk-Forward Portfolio After Costs,-0.2745078142121882,14.914805234092462,-0.07716344023246308,-19.56793393540671
2024-03-19,Walk-Forward Portfolio After Costs,-0.2839125641143192,14.915142306766768,-0.07779065781885086,-19.56793393540671
2024-03-20,Walk-Forward Portfolio After Costs,1.053440142576334,14.836060470967578,0.010799692387764091,-19.56793393540671
2024-03-21,Walk-Forward Portfolio After Costs,0.947155088774343,14.836557933691013,0.003710922135802258,-19.56793393540671
2024-03-22,Walk-Forward Portfolio After Costs,-0.5610965468951568,14.870116087687077,-0.09720061201232123,-19.56793393540671
2024-03-25,Walk-Forward Portfolio After Costs,1.1124355267599917,14.77613699171934,0.01418809798481603,-19.56793393540671
2024-03-26,Walk-Forward Portfolio After Costs,-0.2577308477849094,14.653282164778114,-0.08001928245513891,-19.56793393540671
2024-03-27,Walk-Forward Portfolio After Costs,-0.809135758474655,14.698951667774688,-0.11702608565389877,-19.56793393540671
2024-03-28,Walk-Forward Portfolio After Costs,-0.338208385421368,14.730066122936423,-0.08431665130823797,-19.56793393540671
2024-03-29,Walk-Forward Portfolio After Costs,1.4169006295997377,14.746088827736129,0.03432532495497291,-19.56793393540671
2024-04-01,Walk-Forward Portfolio After Costs,1.5624329080290211,14.762463568670709,0.04416214666569767,-19.56793393540671
2024-04-02,Walk-Forward Portfolio After Costs,0.7659385213671044,14.774095471645534,-0.00905244664129945,-19.56793393540671
2024-04-03,Walk-Forward Portfolio After Costs,-0.542544694810132,14.74639079907114,-0.09798241892766724,-19.56793393540671
2024-04-08,Walk-Forward Portfolio After Costs,-2.1595023533634627,14.747177863505287,-0.2091149436140245,-19.56793393540671
2024-04-09,Walk-Forward Portfolio After Costs,-3.4132328706640958,14.667889433381303,-0.29894852783846015,-19.56793393540671
2024-04-10,Walk-Forward Portfolio After Costs,-4.269671054054469,14.685061323801943,-0.3590708738752174,-19.56793393540671
2024-04-11,Walk-Forward Portfolio After Costs,-3.2732334810454566,14.721077650491932,-0.2875029088562423,-19.56793393540671
2024-04-12,Walk-Forward Portfolio After Costs,-2.5310828440831767,14.6814635008734,-0.2366196315262733,-19.56793393540671
2024-04-15,Walk-Forward Portfolio After Costs,-0.5101973100822943,14.805458454714351,-0.09481767962321926,-19.56793393540671
2024-04-16,Walk-Forward Portfolio After Costs,-1.6691150621821582,14.81166702968108,-0.17382158408658088,-19.56793393540671
2024-04-17,Walk-Forward Portfolio After Costs,-0.2790717160626288,14.96548397980299,-0.07673743546065852,-19.56793393540671
2024-04-18,Walk-Forward Portfolio After Costs,-1.0043169309709388,14.950165370239784,-0.12579329664178476,-19.56793393540671
2024-04-19,Walk-Forward Portfolio After Costs,-1.1533809713879406,14.954219228026544,-0.13579540903759432,-19.56793393540671
2024-04-22,Walk-Forward Portfolio After Costs,-2.1204193684039585,14.976589757569917,-0.20101228305475582,-19.56793393540671
2024-04-23,Walk-Forward Portfolio After Costs,-3.929486750850919,15.030151183534702,-0.323868459451172,-19.56793393540671
2024-04-24,Walk-Forward Portfolio After Costs,-2.9407588446055732,15.028434616460206,-0.2557981222308474,-19.56793393540671
2024-04-25,Walk-Forward Portfolio After Costs,-3.5942610262777897,15.025273371758868,-0.30084217386429996,-19.56793393540671
2024-04-26,Walk-Forward Portfolio After Costs,-3.05916368211,15.035333253921504,-0.2637302662996203,-19.56793393540671
2024-04-29,Walk-Forward Portfolio After Costs,-1.6892001249914634,15.027657979745626,-0.17056643800527696,-19.56793393540671
2024-04-30,Walk-Forward Portfolio After Costs,-2.2052085689648004,15.028544060874152,-0.20556345728379405,-19.56793393540671
2024-05-06,Walk-Forward Portfolio After Costs,-1.9314076347232034,15.041934649148935,-0.1866618547098404,-19.56793393540671
2024-05-07,Walk-Forward Portfolio After Costs,-1.9966604212799832,15.041759757925682,-0.19109063264913878,-19.56793393540671
2024-05-08,Walk-Forward Portfolio After Costs,-1.765273823615232,15.026272851211273,-0.17574995168201785,-19.56793393540671
2024-05-09,Walk-Forward Portfolio After Costs,0.0977896673302503,15.133773874340871,-0.04930084771800224,-19.56793393540671
2024-05-10,Walk-Forward Portfolio After Costs,3.278416525397021,14.89813816897848,0.15749742129471517,-19.56793393540671
2024-05-13,Walk-Forward Portfolio After Costs,4.329962739816029,14.889970864663265,0.22554840605574,-19.56793393540671
2024-05-14,Walk-Forward Portfolio After Costs,5.708555636670565,14.806575734676194,0.3146559609738559,-19.56793393540671
2024-05-15,Walk-Forward Portfolio After Costs,4.004835068180168,14.84707203449363,0.20474031030966766,-19.56793393540671
2024-05-16,Walk-Forward Portfolio After Costs,3.770968140683073,14.840030722354067,0.189595264323016,-19.56793393540671
2024-05-17,Walk-Forward Portfolio After Costs,4.879247985708179,14.88792274908494,0.260828813629609,-19.56793393540671
2024-05-20,Walk-Forward Portfolio After Costs,5.219158539534963,14.886296524852593,0.2825825776752661,-19.56793393540671
2024-05-21,Walk-Forward Portfolio After Costs,4.898411411379033,14.893491489482347,0.2620139792931373,-19.56793393540671
2024-05-22,Walk-Forward Portfolio After Costs,4.348761204076834,14.866631688436815,0.22687558716845038,-19.56793393540671
2024-05-23,Walk-Forward Portfolio After Costs,3.250685470368575,14.942489312139534,0.15567522878861398,-19.56793393540671
2024-05-24,Walk-Forward Portfolio After Costs,2.9219848858578423,14.947883337941615,0.1343379697650346,-19.56793393540671
2024-05-27,Walk-Forward Portfolio After Costs,4.556968119767224,15.010848813570313,0.23941030896503862,-19.56793393540671
2024-05-28,Walk-Forward Portfolio After Costs,5.116508418883359,14.974807027305461,0.27527330687785645,-19.56793393540671
2024-05-29,Walk-Forward Portfolio After Costs,4.5015401489489015,14.951203094713655,0.2362205869370977,-19.56793393540671
2024-05-30,Walk-Forward Portfolio After Costs,5.304088230553283,14.942679863699283,0.2874805481641232,-19.56793393540671
2024-05-31,Walk-Forward Portfolio After Costs,4.783775466325979,14.957692229027234,0.25421887370640533,-19.56793393540671
2024-06-03,Walk-Forward Portfolio After Costs,4.52251833754882,14.962892701210299,0.23749470666494676,-19.56793393540671
2024-06-04,Walk-Forward Portfolio After Costs,5.9240900954391496,14.992083570621473,0.32619032607980175,-19.56793393540671
2024-06-05,Walk-Forward Portfolio After Costs,4.956188607561418,15.013190159806522,0.26478316969569665,-19.56793393540671
2024-06-06,Walk-Forward Portfolio After Costs,5.379202580392528,14.992895600125042,0.2917722708997559,-19.56793393540671
2024-06-07,Walk-Forward Portfolio After Costs,6.753621101370544,14.929277246369468,0.37919668949708596,-19.56793393540671
2024-06-11,Walk-Forward Portfolio After Costs,6.290016230659012,14.94043864044702,0.34988597346036376,-19.56793393540671
2024-06-12,Walk-Forward Portfolio After Costs,5.4774668670615645,14.930394500092028,0.29860922864097134,-19.56793393540671
2024-06-13,Walk-Forward Portfolio After Costs,5.6391667731226836,14.925038467594694,0.30892906842632584,-19.56793393540671
2024-06-14,Walk-Forward Portfolio After Costs,6.873882014458799,14.96603803455858,0.38615380480866723,-19.56793393540671
2024-06-17,Walk-Forward Portfolio After Costs,6.898570910701984,14.965853912780053,0.3877005957447758,-19.56793393540671
2024-06-18,Walk-Forward Portfolio After Costs,7.615643764316404,14.978587163888163,0.43214582153101583,-19.56793393540671
2024-06-19,Walk-Forward Portfolio After Costs,5.7934023983302385,14.980539880383331,0.31807698664494216,-19.56793393540671
2024-06-20,Walk-Forward Portfolio After Costs,4.698792759796944,15.023132867076583,0.2483544839077868,-19.56793393540671
2024-06-21,Walk-Forward Portfolio After Costs,6.8496768426900445,14.954746789632406,0.38481515278976675,-19.56793393540671
2024-06-24,Walk-Forward Portfolio After Costs,5.4835017402291575,15.01672435118014,0.29813056333347987,-19.56793393540671
2024-06-25,Walk-Forward Portfolio After Costs,4.443716291677946,15.017217094308796,0.2321447849465722,-19.56793393540671
2024-06-26,Walk-Forward Portfolio After Costs,5.002707085926361,15.053555719001954,0.26740896769126166,-19.56793393540671
2024-06-27,Walk-Forward Portfolio After Costs,3.747581135642686,15.070700225234388,0.18746711360480683,-19.56793393540671
2024-06-28,Walk-Forward Portfolio After Costs,3.1464642172292168,15.030708561607245,0.1489042515325854,-19.56793393540671
2024-07-01,Walk-Forward Portfolio After Costs,3.5280090897718885,15.035867958945598,0.17346486189425106,-19.56793393540671
2024-07-02,Walk-Forward Portfolio After Costs,0.771274328342364,14.99220503919116,-0.006495820413300267,-19.56793393540671
2024-07-03,Walk-Forward Portfolio After Costs,-0.8152282598997584,14.980689314953224,-0.11254646133307927,-19.56793393540671
2024-07-04,Walk-Forward Portfolio After Costs,-2.0443350148234285,14.997299156409438,-0.1953990360791058,-19.56793393540671
2024-07-05,Walk-Forward Portfolio After Costs,-1.654300003587128,14.994185426969109,-0.16896892442638656,-19.56793393540671
2024-07-08,Walk-Forward Portfolio After Costs,-1.0150725685428297,14.921233159030356,-0.1271168666468998,-19.56793393540671
2024-07-09,Walk-Forward Portfolio After Costs,2.0395414579319926,14.867665659947434,0.07630869295513203,-19.56793393540671
2024-07-10,Walk-Forward Portfolio After Costs,0.48266725857255555,14.854980411203424,-0.027261638666247725,-19.56793393540671
2024-07-11,Walk-Forward Portfolio After Costs,2.9969004339099214,15.009940762385327,0.1391996614238219,-19.56793393540671
2024-07-12,Walk-Forward Portfolio After Costs,2.7482978170504824,15.015742542385887,0.12310751033873903,-19.56793393540671
2024-07-15,Walk-Forward Portfolio After Costs,1.8998670406150664,15.006122132985885,0.06782846679008732,-19.56793393540671
2024-07-16,Walk-Forward Portfolio After Costs,1.629177765187606,14.98860623124074,0.049986324772090064,-19.56793393540671
2024-07-17,Walk-Forward Portfolio After Costs,1.0828943128238233,14.978425280592036,0.013932237269293078,-19.56793393540671
2024-07-18,Walk-Forward Portfolio After Costs,1.980010349169481,14.979385099123329,0.07293375131559134,-19.56793393540671
2024-07-19,Walk-Forward Portfolio After Costs,2.3102064765375463,14.985105185494321,0.09453769486435366,-19.56793393540671
2024-07-22,Walk-Forward Portfolio After Costs,1.7968086271042294,14.99792724599937,0.061038358529138324,-19.56793393540671
2024-07-23,Walk-Forward Portfolio After Costs,-1.1736630902448142,15.209984804251922,-0.13239416247963004,-19.56793393540671
2024-07-24,Walk-Forward Portfolio After Costs,-2.7096906834427226,15.215556006971859,-0.23523692883657313,-19.56793393540671
2024-07-25,Walk-Forward Portfolio After Costs,-2.6160046454227204,15.214750560029206,-0.2289317724482875,-19.56793393540671
2024-07-26,Walk-Forward Portfolio After Costs,-2.3600977866514605,15.235982301601533,-0.2111801009268963,-19.56793393540671
2024-07-29,Walk-Forward Portfolio After Costs,-2.92318362721653,15.252215491541579,-0.24871074586767075,-19.56793393540671
2024-07-30,Walk-Forward Portfolio After Costs,-3.397869336147974,15.261875177717577,-0.2805720303559118,-19.56793393540671
2024-07-31,Walk-Forward Portfolio After Costs,-1.4106934422927764,15.467325785689468,-0.14320870788919465,-19.56793393540671
2024-08-01,Walk-Forward Portfolio After Costs,-1.6720102477278842,15.470229553781815,-0.16030863521281463,-19.56793393540671
2024-08-02,Walk-Forward Portfolio After Costs,-1.8648913785086263,15.480525483619347,-0.17278226086863313,-19.56793393540671
2024-08-05,Walk-Forward Portfolio After Costs,-2.8084456565589666,15.512352921051626,-0.23438782429153873,-19.56793393540671
2024-08-06,Walk-Forward Portfolio After Costs,-2.52288169544862,15.511785193418671,-0.21548953371360557,-19.56793393540671
2024-08-07,Walk-Forward Portfolio After Costs,-4.422168589304465,15.414401130491958,-0.34545253337712994,-19.56793393540671
2024-08-08,Walk-Forward Portfolio After Costs,-4.112984327989078,15.41383465077892,-0.32452045229242393,-19.56793393540671
2024-08-09,Walk-Forward Portfolio After Costs,-4.917076697155453,15.432994829369715,-0.378484509422867,-19.56793393540671
2024-08-12,Walk-Forward Portfolio After Costs,-7.0508646290946775,15.31684782685706,-0.5306543395917597,-19.56793393540671
2024-08-13,Walk-Forward Portfolio After Costs,-8.347471490101865,15.241223702849807,-0.6261800693144239,-19.56793393540671
2024-08-14,Walk-Forward Portfolio After Costs,-9.104929727715083,15.282724608512016,-0.6783478375711569,-19.56793393540671
2024-08-15,Walk-Forward Portfolio After Costs,-7.596145666600995,15.32457603735713,-0.5686868673429599,-19.56793393540671
2024-08-16,Walk-Forward Portfolio After Costs,-8.155939118899557,15.304617603466289,-0.6093192397363296,-19.56793393540671
2024-08-19,Walk-Forward Portfolio After Costs,-8.17576584752312,15.304266294593951,-0.6107470053908891,-19.074541007059864
2024-08-20,Walk-Forward Portfolio After Costs,-8.663276945473186,15.333537909191275,-0.6439934921579435,-19.074541007059864
2024-08-21,Walk-Forward Portfolio After Costs,-9.138773942085177,15.341196908870172,-0.6776077000367396,-18.782924289518977
2024-08-22,Walk-Forward Portfolio After Costs,-8.949826390840132,15.333477569944575,-0.6644828111381241,-18.782924289518977
2024-08-23,Walk-Forward Portfolio After Costs,-8.610463847036131,15.347420922058767,-0.6395083970460079,-17.1258391355112
2024-08-26,Walk-Forward Portfolio After Costs,-6.839617670891829,15.219844083049763,-0.5201011724880437,-17.032841838969016
2024-08-27,Walk-Forward Portfolio After Costs,-6.897218367063007,15.221659106275116,-0.52408323651192,-17.032841838969016
2024-08-28,Walk-Forward Portfolio After Costs,-7.178237274419219,15.22516681813312,-0.5437775018489261,-17.032841838969016
2024-08-29,Walk-Forward Portfolio After Costs,-5.970922717557281,15.220158269041246,-0.45911985164187397,-17.032841838969016
2024-08-30,Walk-Forward Portfolio After Costs,-4.910258232598008,15.267214509303745,-0.3837820274261017,-17.032841838969016
2024-09-02,Walk-Forward Portfolio After Costs,-4.735075766773744,15.254881477480003,-0.37215272094007934,-17.032841838969016
2024-09-03,Walk-Forward Portfolio After Costs,-2.880764712386019,15.250798591626793,-0.24590570077581234,-17.032841838969016
2024-09-04,Walk-Forward Portfolio After Costs,-3.703878908010494,15.250726268593418,-0.301712286480373,-17.032841838969016
2024-09-05,Walk-Forward Portfolio After Costs,-2.184597414653089,15.190194596714557,-0.20047853950420713,-17.032841838969016
2024-09-06,Walk-Forward Portfolio After Costs,-2.740296010320886,15.205520924874438,-0.23758973556136803,-17.032841838969016
2024-09-09,Walk-Forward Portfolio After Costs,-3.6013229785503253,15.248557144014855,-0.29479830047355043,-17.032841838969016
2024-09-10,Walk-Forward Portfolio After Costs,-5.422770352766381,15.172353794621118,-0.4227411642291817,-17.032841838969016
2024-09-11,Walk-Forward Portfolio After Costs,-6.383008489149756,15.128525913564328,-0.49184081975051475,-17.032841838969016
2024-09-12,Walk-Forward Portfolio After Costs,-7.027407915942396,15.135335909920064,-0.5371768779759268,-17.032841838969016
2024-09-13,Walk-Forward Portfolio After Costs,-6.867398112575063,15.129521810661,-0.5260786640621524,-17.032841838969016
2024-09-18,Walk-Forward Portfolio After Costs,-6.927263718305932,15.126248526403483,-0.5304747905647303,-17.032841838969016
2024-09-19,Walk-Forward Portfolio After Costs,-7.594863939383901,15.062866257616884,-0.5811104946194654,-16.7875034609394
2024-09-20,Walk-Forward Portfolio After Costs,-7.19322719329557,15.061360286457806,-0.5523952250720101,-16.61512921758237
2024-09-23,Walk-Forward Portfolio After Costs,-6.911105119391781,15.060743783000117,-0.5322753882842413,-16.138811052402126
2024-09-24,Walk-Forward Portfolio After Costs,-2.9355081833886465,15.416744465074004,-0.24533637968865327,-16.138811052402126
2024-09-25,Walk-Forward Portfolio After Costs,-0.6886111987851495,15.488365110318272,-0.09575013326200225,-16.138811052402126
2024-09-26,Walk-Forward Portfolio After Costs,1.7973598181237893,15.849043536734852,0.06590205093104065,-15.989188433912037
2024-09-27,Walk-Forward Portfolio After Costs,6.403632897733247,16.427727897976553,0.3385355041765124,-15.23980725978884
2024-09-30,Walk-Forward Portfolio After Costs,16.912003068919603,18.64729992255196,0.823175718928369,-15.171999150673122
2024-10-08,Walk-Forward Portfolio After Costs,23.197997855783715,19.36440517605789,1.070128176039992,-14.75566017382497
2024-10-09,Walk-Forward Portfolio After Costs,15.489449838739255,20.543156530517138,0.7059042925189183,-14.75566017382497
2024-10-10,Walk-Forward Portfolio After Costs,16.725528337280558,20.56898353142862,0.7570660021452219,-14.75566017382497
2024-10-11,Walk-Forward Portfolio After Costs,13.545661384908204,20.74962566346762,0.6191012523460867,-14.67421574644292
2024-10-14,Walk-Forward Portfolio After Costs,16.653227119056922,20.845998746671228,0.7467886773835165,-14.67421574644292
2024-10-15,Walk-Forward Portfolio After Costs,13.84845737354432,21.06526897722722,0.6256262371459578,-14.67421574644292
2024-10-16,Walk-Forward Portfolio After Costs,11.911635904979878,21.04743013425004,0.5444112424632633,-14.34985139747953
2024-10-17,Walk-Forward Portfolio After Costs,11.081002334208879,21.0756375264222,0.5085988849495753,-13.793549618085365
2024-10-18,Walk-Forward Portfolio After Costs,14.462296981618362,21.18199681939068,0.6487253389806649,-13.793549618085365
2024-10-21,Walk-Forward Portfolio After Costs,15.026545916634815,21.18790173022426,0.6718265934341755,-13.710440729897478
2024-10-22,Walk-Forward Portfolio After Costs,15.983964895707814,21.197886481630547,0.7107378510526212,-13.56523324910519
2024-10-23,Walk-Forward Portfolio After Costs,16.82865172840069,21.20224014405753,0.7448833552587968,-13.395674386763279
2024-10-24,Walk-Forward Portfolio After Costs,16.53122297113878,21.21695575197721,0.73249210915523,-13.395674386763279
2024-10-25,Walk-Forward Portfolio After Costs,18.0670259494349,21.219768542945936,0.7941696223474141,-13.395674386763279
2024-10-28,Walk-Forward Portfolio After Costs,17.199996249618476,21.18624375680582,0.7602804640777079,-12.57156093220103
2024-10-29,Walk-Forward Portfolio After Costs,17.11655242852497,21.189751107158862,0.7568262823663238,-11.605310786911428
2024-10-30,Walk-Forward Portfolio After Costs,17.692866420399223,21.157416895299935,0.7808742890371344,-11.605310786911428
2024-10-31,Walk-Forward Portfolio After Costs,17.442120446577626,21.154243847297042,0.7708705136842594,-11.326059008882527
2024-11-01,Walk-Forward Portfolio After Costs,19.238754224905954,21.119830085686978,0.8437211104699137,-11.326059008882527
2024-11-04,Walk-Forward Portfolio After Costs,22.60497223225757,21.040036458073804,0.9785411400536802,-11.326059008882527
2024-11-05,Walk-Forward Portfolio After Costs,25.864723015458992,21.125029060786037,1.0997666208574173,-11.326059008882527
2024-11-06,Walk-Forward Portfolio After Costs,27.869101619932344,21.054823264112976,1.1778425114435427,-11.326059008882527
2024-11-07,Walk-Forward Portfolio After Costs,30.04734229260011,21.168583815836833,1.2525065971302736,-11.326059008882527
2024-11-08,Walk-Forward Portfolio After Costs,28.344041136230924,21.143459817044892,1.1913224816773123,-11.326059008882527
2024-11-11,Walk-Forward Portfolio After Costs,29.437618064796457,21.160681982322867,1.230663043655005,-11.326059008882527
2024-11-12,Walk-Forward Portfolio After Costs,26.77110326526737,21.0881821404675,1.1353655498383255,-11.326059008882527
2024-11-13,Walk-Forward Portfolio After Costs,29.009645504414515,21.142166997765102,1.2158775772388437,-11.326059008882527
2024-11-14,Walk-Forward Portfolio After Costs,27.59949357815865,21.213430057741462,1.1606450938000132,-11.326059008882527
2024-11-15,Walk-Forward Portfolio After Costs,28.114456288569745,21.206232765928345,1.1799800655718926,-11.326059008882527
2024-11-18,Walk-Forward Portfolio After Costs,26.79859778917686,21.249245232343863,1.1293866943761568,-11.326059008882527
2024-11-19,Walk-Forward Portfolio After Costs,25.109829353244795,21.253727518614667,1.0660453385815891,-11.326059008882527
2024-11-20,Walk-Forward Portfolio After Costs,24.66152494088849,21.23774518780054,1.0497710143056838,-11.326059008882527
2024-11-21,Walk-Forward Portfolio After Costs,26.167711638747605,21.2340512449429,1.1065311703583587,-11.326059008882527
2024-11-22,Walk-Forward Portfolio After Costs,24.488303775500974,21.298698885795766,1.0408444611529384,-11.326059008882527
2024-11-25,Walk-Forward Portfolio After Costs,25.711969026965264,21.31781243536165,1.0860295298064713,-11.326059008882527
2024-11-26,Walk-Forward Portfolio After Costs,24.40435631091935,21.38023558654605,1.0345340692446168,-11.326059008882527
2024-11-27,Walk-Forward Portfolio After Costs,26.680017163501436,21.437920665304866,1.1169578632845127,-11.326059008882527
2024-11-28,Walk-Forward Portfolio After Costs,24.97396170657249,21.491510656985472,1.0515577849113762,-11.326059008882527
2024-11-29,Walk-Forward Portfolio After Costs,25.35090129044346,21.504321464456098,1.0650760238326458,-11.326059008882527
2024-12-02,Walk-Forward Portfolio After Costs,26.524157327291853,21.477228674812025,1.1095687504551661,-11.326059008882527
2024-12-03,Walk-Forward Portfolio After Costs,25.887263153835114,21.476260122881953,1.086087394641414,-11.326059008882527
2024-12-04,Walk-Forward Portfolio After Costs,24.067268353804174,21.490983310766936,1.0176625398065882,-11.326059008882527
2024-12-05,Walk-Forward Portfolio After Costs,24.17359568290316,21.48950280432308,1.0217079915522085,-11.326059008882527
2024-12-06,Walk-Forward Portfolio After Costs,27.296429038708258,21.468753022639874,1.1382914483750946,-11.326059008882527
2024-12-09,Walk-Forward Portfolio After Costs,26.508424636810823,21.455427904575796,1.1098948564868727,-11.326059008882527
2024-12-10,Walk-Forward Portfolio After Costs,27.68189040361586,21.44971430865498,1.1532231373738844,-11.326059008882527
2024-12-11,Walk-Forward Portfolio After Costs,28.324994191941634,21.447973076433826,1.1767491433024797,-11.326059008882527
2024-12-12,Walk-Forward Portfolio After Costs,29.059032997144186,21.459520779754047,1.2028388353567752,-11.326059008882527
2024-12-13,Walk-Forward Portfolio After Costs,28.345519327449196,21.49306765993963,1.1754772455287252,-11.326059008882527
2024-12-16,Walk-Forward Portfolio After Costs,27.329865948536103,21.51269793188818,1.1376304912137387,-11.326059008882527
2024-12-17,Walk-Forward Portfolio After Costs,28.235861667452333,21.505190926807096,1.1709571491431898,-11.326059008882527
2024-12-18,Walk-Forward Portfolio After Costs,29.23444182483006,21.50170663508037,1.2072271769875635,-11.326059008882527
2024-12-19,Walk-Forward Portfolio After Costs,32.10794370790975,21.445991782193435,1.3124616843510382,-11.326059008882527
2024-12-20,Walk-Forward Portfolio After Costs,31.106872465012426,21.471022703909398,1.2757136426162303,-11.326059008882527
2024-12-23,Walk-Forward Portfolio After Costs,31.125132470267314,21.470815639803106,1.2763732645739692,-11.326059008882527
2024-12-24,Walk-Forward Portfolio After Costs,32.400001495282595,21.493267274483745,1.3203319232934727,-11.326059008882527
2024-12-25,Walk-Forward Portfolio After Costs,32.59507291768533,21.49173993657461,1.3272691720369854,-11.326059008882527
2024-12-26,Walk-Forward Portfolio After Costs,33.02212406941338,21.496206673859884,1.3420145124429608,-11.326059008882527
2024-12-27,Walk-Forward Portfolio After Costs,34.73710543198616,21.43232936042732,1.4052145365670692,-11.326059008882527
2024-12-30,Walk-Forward Portfolio After Costs,36.473333651425136,21.440858929315503,1.4645334660866718,-11.326059008882527
2024-12-31,Walk-Forward Portfolio After Costs,35.21671981843917,21.48505041754447,1.4188537811826134,-11.326059008882527
2025-01-02,Walk-Forward Portfolio After Costs,32.59808915499498,21.666810174677696,1.3184205935148985,-11.326059008882527
2025-01-03,Walk-Forward Portfolio After Costs,31.269700643300126,21.699472738437706,1.2703075847369525,-11.326059008882527
2025-01-06,Walk-Forward Portfolio After Costs,32.59033544475409,21.669253088502106,1.3180264020294794,-11.326059008882527
2025-01-07,Walk-Forward Portfolio After Costs,31.580657160392377,21.65085981516569,1.283615401674756,-11.326059008882527
2025-01-08,Walk-Forward Portfolio After Costs,30.745052443778697,21.651045792518964,1.2541471966222337,-11.326059008882527
2025-01-09,Walk-Forward Portfolio After Costs,29.211115730966796,21.659841503670634,1.1991781861259847,-11.326059008882527
2025-01-10,Walk-Forward Portfolio After Costs,28.33439649588698,21.69274014972168,1.166270700101925,-11.326059008882527
2025-01-13,Walk-Forward Portfolio After Costs,26.64574552908594,21.696338404282784,1.104999822791419,-11.326059008882527
2025-01-14,Walk-Forward Portfolio After Costs,27.581766538593968,21.77624904128707,1.135571130808959,-11.326059008882527
2025-01-15,Walk-Forward Portfolio After Costs,26.763829046594402,21.785309131475785,1.1056352447102482,-11.326059008882527
2025-01-16,Walk-Forward Portfolio After Costs,27.15720819631624,21.79066293764954,1.119650563347819,-11.326059008882527
2025-01-17,Walk-Forward Portfolio After Costs,27.604469264531396,21.795448741756797,1.135578999457196,-11.326059008882527
2025-01-20,Walk-Forward Portfolio After Costs,28.041366563052694,21.786670791011854,1.151653869951753,-11.326059008882527
2025-01-21,Walk-Forward Portfolio After Costs,28.349166317036033,21.78216954061977,1.162881659218548,-11.326059008882527
2025-01-22,Walk-Forward Portfolio After Costs,29.676205790520527,21.74579521314614,1.2118156565641605,-11.326059008882527
2025-01-23,Walk-Forward Portfolio After Costs,29.08876034941519,21.738921113188617,1.19122143127639,-11.326059008882527
2025-01-24,Walk-Forward Portfolio After Costs,30.83619835955773,21.751831218315182,1.252526751792101,-11.326059008882527
2025-01-27,Walk-Forward Portfolio After Costs,30.41594952447555,21.752713128218154,1.237677861506771,-11.326059008882527
2025-02-05,Walk-Forward Portfolio After Costs,29.39851366518176,21.779966598489466,1.2004017660688522,-11.326059008882527
2025-02-06,Walk-Forward Portfolio After Costs,30.305818242581516,21.796088565268647,1.2317668151903913,-11.326059008882527
2025-02-07,Walk-Forward Portfolio After Costs,31.816866161376133,21.84352192518622,1.2824022883637751,-11.326059008882527
2025-02-10,Walk-Forward Portfolio After Costs,34.797216623024084,21.784510847082057,1.3880397005576235,-11.326059008882527
2025-02-11,Walk-Forward Portfolio After Costs,34.28936929049999,21.785601079655027,1.370632937841319,-11.326059008882527
2025-02-12,Walk-Forward Portfolio After Costs,36.51043920252208,21.79026347989358,1.4457638934670551,-11.326059008882527
2025-02-13,Walk-Forward Portfolio After Costs,38.80953563081913,21.655617023914157,1.5306125217531406,-11.326059008882527
2025-02-14,Walk-Forward Portfolio After Costs,40.07780664752014,21.687280314384687,1.5706874808510347,-11.326059008882527
2025-02-17,Walk-Forward Portfolio After Costs,37.478523232788795,21.588344541473546,1.4900307606032899,-11.326059008882527
2025-02-18,Walk-Forward Portfolio After Costs,31.937172591162156,21.512852030115067,1.3030505422982956,-11.326059008882527
2025-02-19,Walk-Forward Portfolio After Costs,33.53586291164608,21.543576966931717,1.3574695849588843,-11.326059008882527
2025-02-20,Walk-Forward Portfolio After Costs,32.543877247430245,21.566174419858918,1.3216569658399862,-11.326059008882527
2025-02-21,Walk-Forward Portfolio After Costs,36.76942160899546,21.5726252953049,1.4669736887101148,-11.326059008882527
2025-02-24,Walk-Forward Portfolio After Costs,38.902176712678795,21.51801223645615,1.542154889832499,-11.326059008882527
2025-02-25,Walk-Forward Portfolio After Costs,36.587101786983524,21.555843456285864,1.4617503409886534,-11.326059008882527
2025-02-26,Walk-Forward Portfolio After Costs,39.366495481328734,21.480223922718412,1.560043955339609,-11.326059008882527
2025-02-27,Walk-Forward Portfolio After Costs,39.600756446827525,21.47777013609846,1.5680283951852083,-11.326059008882527
2025-02-28,Walk-Forward Portfolio After Costs,30.514004890099123,21.05490317096075,1.2753693087466647,-11.326059008882527
2025-03-03,Walk-Forward Portfolio After Costs,29.513006524774266,21.030123890549476,1.2399754006671153,-11.326059008882527
2025-03-04,Walk-Forward Portfolio After Costs,28.836287662372627,21.012231346048903,1.2158948393674565,-11.326059008882527
2025-03-05,Walk-Forward Portfolio After Costs,27.822080594074027,20.977234477658417,1.1798624803520208,-11.326059008882527
2025-03-06,Walk-Forward Portfolio After Costs,29.265012885463925,21.019834534590682,1.231352356294169,-11.326059008882527
2025-03-07,Walk-Forward Portfolio After Costs,29.246746976220095,21.019839644433326,1.230679066999805,-11.326059008882527
2025-03-10,Walk-Forward Portfolio After Costs,26.928848606660004,20.99160037893284,1.1457555338092509,-11.326059008882527
2025-03-11,Walk-Forward Portfolio After Costs,26.89410754091288,20.99145048436708,1.1444568125599328,-11.326059008882527
2025-03-12,Walk-Forward Portfolio After Costs,26.790720208857486,20.99285543611956,1.1405075712794668,-11.326059008882527
2025-03-13,Walk-Forward Portfolio After Costs,24.459240494827974,20.925535884750534,1.0547319187147624,-11.326059008882527
2025-03-14,Walk-Forward Portfolio After Costs,28.345069901495545,20.87121249957791,1.2043762865853829,-11.326059008882527
2025-03-17,Walk-Forward Portfolio After Costs,25.208694308826374,20.755069291875547,1.0906490865111038,-11.326059008882527
2025-03-18,Walk-Forward Portfolio After Costs,24.636293168601718,20.743787046555592,1.0690203835978658,-11.326059008882527
2025-03-19,Walk-Forward Portfolio After Costs,22.977035036233453,20.744229750610003,1.0043358003115757,-11.326059008882527
2025-03-20,Walk-Forward Portfolio After Costs,22.09018967930143,20.7610605694793,0.9687975018261926,-11.326059008882527
2025-03-21,Walk-Forward Portfolio After Costs,19.896785542071505,20.762524232769916,0.8813578498296137,-11.326059008882527
2025-03-24,Walk-Forward Portfolio After Costs,20.768737548454432,20.762358630339556,0.9162923485651044,-11.326059008882527
2025-03-25,Walk-Forward Portfolio After Costs,20.42335751301494,20.757226539765387,0.9026592576679147,-11.326059008882527
2025-03-26,Walk-Forward Portfolio After Costs,19.19746845625174,20.74600220851195,0.8536767006176355,-11.326059008882527
2025-03-27,Walk-Forward Portfolio After Costs,19.679371002780588,20.73497583289495,0.8734942330766019,-11.326059008882527
2025-03-28,Walk-Forward Portfolio After Costs,20.501818967954932,20.722229011472702,0.9069803061443755,-11.326059008882527
2025-03-31,Walk-Forward Portfolio After Costs,19.343888608834582,20.759274389837856,0.8591832858181768,-11.326059008882527
2025-04-01,Walk-Forward Portfolio After Costs,19.5721630117367,20.764495124768864,0.8682290104952974,-11.326059008882527
2025-04-02,Walk-Forward Portfolio After Costs,18.019037050212994,20.729942725801937,0.8062175366872847,-11.326059008882527
2025-04-03,Walk-Forward Portfolio After Costs,17.883345341454504,20.733632962233088,0.8005584122122991,-11.326059008882527
2025-04-07,Walk-Forward Portfolio After Costs,8.737962871551241,22.234849716829615,0.3983680339585692,-11.843104417676775
2025-04-08,Walk-Forward Portfolio After Costs,11.72618383190056,22.38429885748453,0.5183369258743014,-11.843104417676775
2025-04-09,Walk-Forward Portfolio After Costs,14.539765423233275,22.396669479426876,0.6292808357016532,-11.843104417676775
2025-04-10,Walk-Forward Portfolio After Costs,15.92868545520989,22.425710309496097,0.6825352687947261,-11.843104417676775
2025-04-11,Walk-Forward Portfolio After Costs,15.423546908926022,22.41921984142838,0.6631771862094963,-11.843104417676775
2025-04-14,Walk-Forward Portfolio After Costs,17.441655462413298,22.3651728254362,0.741791152373219,-11.843104417676775
2025-04-15,Walk-Forward Portfolio After Costs,15.892077541045069,22.337818986736934,0.6829260526512364,-11.843104417676775
2025-04-16,Walk-Forward Portfolio After Costs,14.982158561284198,22.31814595607526,0.647991361662942,-11.843104417676775
2025-04-17,Walk-Forward Portfolio After Costs,12.65991031987439,22.258424831474365,0.5574199448103729,-11.843104417676775
2025-04-18,Walk-Forward Portfolio After Costs,13.507689849205962,22.248762916221253,0.5912811453432859,-11.843104417676775
2025-04-21,Walk-Forward Portfolio After Costs,14.057326337937726,22.24527996647021,0.6130673617133956,-11.843104417676775
2025-04-22,Walk-Forward Portfolio After Costs,14.672482462107684,22.230229098989227,0.6375431641085724,-11.843104417676775
2025-04-23,Walk-Forward Portfolio After Costs,14.427520093196522,22.22960553405262,0.6279287759490576,-11.843104417676775
2025-04-24,Walk-Forward Portfolio After Costs,14.774760958876755,22.220744179098286,0.6417349749259197,-11.843104417676775
2025-04-25,Walk-Forward Portfolio After Costs,13.783768040954868,22.20034691518896,0.6030370081532758,-11.843104417676775
2025-04-28,Walk-Forward Portfolio After Costs,13.556544693205264,22.20532171257716,0.5939440258812028,-11.843104417676775
2025-04-29,Walk-Forward Portfolio After Costs,10.657777539429137,22.139704156424074,0.47819884924683886,-11.843104417676775
2025-04-30,Walk-Forward Portfolio After Costs,11.246623459469586,22.128908497899005,0.5023194908725606,-11.843104417676775
2025-05-06,Walk-Forward Portfolio After Costs,9.818169936295472,22.032932610106588,0.44488133663770235,-11.843104417676775
2025-05-07,Walk-Forward Portfolio After Costs,10.846154059135827,22.048556457617686,0.4869990819947973,-11.843104417676775
2025-05-08,Walk-Forward Portfolio After Costs,11.551243371208852,22.042432761868866,0.5158545150932632,-11.843104417676775
2025-05-09,Walk-Forward Portfolio After Costs,12.017025787923053,22.029620462943416,0.5349507998304983,-11.843104417676775
2025-05-12,Walk-Forward Portfolio After Costs,14.426089467482473,21.99424786819511,0.6322552483448309,-11.843104417676775
2025-05-13,Walk-Forward Portfolio After Costs,14.01876456978226,21.99039319568615,0.6161012053228061,-11.843104417676775
2025-05-14,Walk-Forward Portfolio After Costs,14.35505724471966,21.98781635959119,0.6295503075110399,-11.843104417676775
2025-05-15,Walk-Forward Portfolio After Costs,12.988175427363924,21.994476958530665,0.5747209666206522,-11.843104417676775
2025-05-16,Walk-Forward Portfolio After Costs,12.186061871209874,21.98794739835432,0.5424071147160071,-11.843104417676775
2025-05-19,Walk-Forward Portfolio After Costs,12.257549173842941,21.987033056696433,0.545319386162224,-11.843104417676775
2025-05-20,Walk-Forward Portfolio After Costs,11.335700672155081,21.972610186479827,0.5079866028534648,-11.843104417676775
2025-05-21,Walk-Forward Portfolio After Costs,11.559410248395974,21.973074427019338,0.5171205981913571,-11.843104417676775
2025-05-22,Walk-Forward Portfolio After Costs,12.156458608273413,21.956867502252646,0.5416622347084201,-11.843104417676775
2025-05-23,Walk-Forward Portfolio After Costs,9.29034380979823,21.903264541406212,0.42421660155344676,-11.843104417676775
2025-05-26,Walk-Forward Portfolio After Costs,8.535466861411244,21.902388887174222,0.3925661093378093,-11.843104417676775
2025-05-27,Walk-Forward Portfolio After Costs,7.640003651639127,21.904252531755077,0.35471415649419874,-11.843104417676775
2025-05-28,Walk-Forward Portfolio After Costs,7.630834549586796,21.904376036671305,0.3543243371808816,-11.843104417676775
2025-05-29,Walk-Forward Portfolio After Costs,9.566135826798817,21.879161942194767,0.43596564089064577,-11.843104417676775
2025-05-30,Walk-Forward Portfolio After Costs,8.679565597876703,21.882275401951173,0.39878996759644136,-11.843104417676775
2025-06-03,Walk-Forward Portfolio After Costs,7.589584331055432,21.851009632085873,0.35290252564237223,-11.843104417676775
2025-06-04,Walk-Forward Portfolio After Costs,7.643258847671386,21.851233293157488,0.3551845332559673,-11.843104417676775
2025-06-05,Walk-Forward Portfolio After Costs,8.341346871868737,21.845417473022145,0.3848237072569917,-11.843104417676775
2025-06-06,Walk-Forward Portfolio After Costs,8.018081110472576,21.84102122582326,0.37117024503428414,-11.843104417676775
2025-06-09,Walk-Forward Portfolio After Costs,10.13838064934287,21.782509971482746,0.46085751262814484,-11.843104417676775
2025-06-10,Walk-Forward Portfolio After Costs,9.511372976739608,21.80145273371958,0.43444771458055215,-11.843104417676775
2025-06-11,Walk-Forward Portfolio After Costs,8.557800824835859,21.76404856557506,0.3946238177013465,-11.843104417676775
2025-06-12,Walk-Forward Portfolio After Costs,9.268447260675705,21.750569484547512,0.42474521433831597,-11.843104417676775
2025-06-13,Walk-Forward Portfolio After Costs,8.714819125370177,21.749958334361892,0.4013866202344884,-11.843104417676775
2025-06-16,Walk-Forward Portfolio After Costs,8.008393305154815,21.753795122106837,0.3713738368166716,-11.843104417676775
2025-06-17,Walk-Forward Portfolio After Costs,8.938518819546015,21.74234905829622,0.41090913810617974,-11.843104417676775
2025-06-18,Walk-Forward Portfolio After Costs,9.229471057592598,21.73836730665514,0.4232197017596988,-11.843104417676775
2025-06-19,Walk-Forward Portfolio After Costs,6.940109925241078,21.746195366287164,0.3257045414295427,-11.843104417676775
2025-06-20,Walk-Forward Portfolio After Costs,7.722533102680895,21.73106827693772,0.35933795535579904,-11.843104417676775
2025-06-23,Walk-Forward Portfolio After Costs,8.49877989720158,21.72386814538273,0.3924502353584578,-11.843104417676775
2025-06-24,Walk-Forward Portfolio After Costs,9.841656375727625,21.752918579818548,0.44878628318603625,-11.843104417676775
2025-06-25,Walk-Forward Portfolio After Costs,11.30605371974147,21.755570241666813,0.5096625206507298,-11.843104417676775
2025-06-26,Walk-Forward Portfolio After Costs,11.190436380590207,21.75684656220182,0.5048661298598264,-11.843104417676775
2025-06-27,Walk-Forward Portfolio After Costs,11.994772043669077,21.753086684053674,0.5380679833748292,-11.843104417676775
2025-06-30,Walk-Forward Portfolio After Costs,10.972351689738336,21.726611316734413,0.4962283090706275,-11.843104417676775
2025-07-01,Walk-Forward Portfolio After Costs,11.004187146444977,21.72646174105071,0.49755111995169654,-11.843104417676775
2025-07-02,Walk-Forward Portfolio After Costs,10.66551824252766,21.72011784369681,0.4835583598630458,-11.843104417676775
2025-07-03,Walk-Forward Portfolio After Costs,11.636540212352365,21.701725892168866,0.5240599272706744,-11.843104417676775
2025-07-04,Walk-Forward Portfolio After Costs,12.958018618677315,21.670411511999234,0.5788364612401209,-11.843104417676775
2025-07-07,Walk-Forward Portfolio After Costs,12.148446273231128,21.666485690201906,0.5456858521122396,-11.843104417676775
2025-07-08,Walk-Forward Portfolio After Costs,14.845449736021287,21.643624461006176,0.6558905294827242,-11.843104417676775
2025-07-09,Walk-Forward Portfolio After Costs,14.953019648465693,21.641475590257507,0.6602629459055182,-11.843104417676775
2025-07-10,Walk-Forward Portfolio After Costs,13.626660419644843,21.605937598829573,0.6072506672918472,-11.843104417676775
2025-07-11,Walk-Forward Portfolio After Costs,14.790960283031573,21.58955823984243,0.6547964573700433,-11.843104417676775
2025-07-14,Walk-Forward Portfolio After Costs,14.427070253042572,21.581797820225894,0.6402340040019457,-11.843104417676775
2025-07-15,Walk-Forward Portfolio After Costs,13.435945196689891,21.585218766979374,0.5998399009153225,-11.843104417676775
2025-07-16,Walk-Forward Portfolio After Costs,14.52914967959471,21.55491044428096,0.6449021258056231,-11.843104417676775
2025-07-17,Walk-Forward Portfolio After Costs,15.900719852631529,21.546461804751605,0.7003570099976469,-11.843104417676775
2025-07-18,Walk-Forward Portfolio After Costs,17.307151204081528,21.53012740976067,0.7567865390108651,-11.843104417676775
2025-07-21,Walk-Forward Portfolio After Costs,20.42185883952865,21.694197641201445,0.8735498155413133,-11.843104417676775
2025-07-22,Walk-Forward Portfolio After Costs,25.410350462951147,21.800193459623113,1.056684445167853,-11.843104417676775
2025-07-23,Walk-Forward Portfolio After Costs,23.453073571795535,21.772992316130217,0.9854210674639196,-11.843104417676775
2025-07-24,Walk-Forward Portfolio After Costs,24.882796007503828,21.764585719486266,1.0386727041509751,-11.843104417676775
2025-07-25,Walk-Forward Portfolio After Costs,20.719511219725927,21.703481761518567,0.8846402123412158,-11.843104417676775
2025-07-28,Walk-Forward Portfolio After Costs,21.11664820621577,21.697634770281617,0.8999698920620578,-11.843104417676775
2025-07-29,Walk-Forward Portfolio After Costs,21.250938737640702,21.6963094288758,0.9051235916114875,-11.843104417676775
2025-07-30,Walk-Forward Portfolio After Costs,19.89379793970285,21.68569433991365,0.8535134765021987,-11.843104417676775
2025-07-31,Walk-Forward Portfolio After Costs,17.53754505580316,21.78010485213984,0.7595622097951316,-11.843104417676775
2025-08-01,Walk-Forward Portfolio After Costs,16.88612850357678,21.777082525433478,0.734098691434121,-11.843104417676775
2025-08-04,Walk-Forward Portfolio After Costs,16.53083243493385,21.774057517089908,0.7201794134227235,-11.843104417676775
2025-08-05,Walk-Forward Portfolio After Costs,18.104938310466558,21.772717487118236,0.7818802491768658,-11.843104417676775
2025-08-06,Walk-Forward Portfolio After Costs,21.627850977623808,21.614541581084616,0.9220885045980516,-11.843104417676775
2025-08-07,Walk-Forward Portfolio After Costs,22.373203362404894,21.596914315549387,0.9509778432617721,-11.843104417676775
2025-08-08,Walk-Forward Portfolio After Costs,22.868821614193013,21.59742381799771,0.969691946554681,-11.843104417676775
2025-08-11,Walk-Forward Portfolio After Costs,21.616386986337677,21.562138589512976,0.9233715919521632,-11.843104417676775
2025-08-12,Walk-Forward Portfolio After Costs,22.207781257168158,21.54935692125384,0.946322148422721,-11.843104417676775
2025-08-13,Walk-Forward Portfolio After Costs,23.416015089004283,21.542391987457478,0.9922686030970258,-11.843104417676775
2025-08-14,Walk-Forward Portfolio After Costs,19.570223731775194,21.413112467453782,0.8490251504943188,-11.843104417676775
2025-08-15,Walk-Forward Portfolio After Costs,21.366631938941328,21.43860093658133,0.9178821689597135,-11.843104417676775
2025-08-18,Walk-Forward Portfolio After Costs,23.742839748560172,21.435470324037247,1.0085189312228782,-11.843104417676775
2025-08-19,Walk-Forward Portfolio After Costs,24.14001949571858,21.421598101147517,1.024006305201887,-11.843104417676775
2025-08-20,Walk-Forward Portfolio After Costs,25.101933148975462,21.436214106817207,1.0594954577996754,-11.843104417676775
2025-08-21,Walk-Forward Portfolio After Costs,25.52040138106242,21.433468496706723,1.0751996373162118,-11.843104417676775
2025-08-22,Walk-Forward Portfolio After Costs,26.431711391829026,21.446558476448434,1.108437404659915,-11.843104417676775
2025-08-25,Walk-Forward Portfolio After Costs,30.101494477544932,21.520312631901458,1.2384575198962853,-11.843104417676775
2025-08-26,Walk-Forward Portfolio After Costs,30.949228508395453,21.51498755322649,1.2689329085898253,-11.843104417676775
2025-08-27,Walk-Forward Portfolio After Costs,28.108191618904165,21.628142438989034,1.1619036181623543,-11.843104417676775
2025-08-28,Walk-Forward Portfolio After Costs,31.476386437499105,21.625292583918554,1.2821650594256682,-11.843104417676775
2025-08-29,Walk-Forward Portfolio After Costs,29.10061369183159,21.612237570829233,1.1983412901173227,-11.843104417676775
2025-09-01,Walk-Forward Portfolio After Costs,28.814973330645444,21.612809231073253,1.188055480888597,-11.843104417676775
2025-09-02,Walk-Forward Portfolio After Costs,27.951817894766595,21.62018961441757,1.1565926425594932,-11.843104417676775
2025-09-03,Walk-Forward Portfolio After Costs,28.363163213957243,21.604106341816216,1.1721646673405455,-11.843104417676775
2025-09-04,Walk-Forward Portfolio After Costs,27.271932178146695,21.645213780902843,1.130866925685489,-11.843104417676775
2025-09-05,Walk-Forward Portfolio After Costs,29.208155960079484,21.6556026044638,1.2002235792380236,-11.843104417676775
2025-09-08,Walk-Forward Portfolio After Costs,29.408997526847315,21.660623288569944,1.2071735633221656,-11.843104417676775
2025-09-09,Walk-Forward Portfolio After Costs,29.039230958890137,21.665311099886438,1.1937370404234802,-11.843104417676775
2025-09-10,Walk-Forward Portfolio After Costs,28.89917089323546,21.6686425644742,1.1885695135213967,-11.843104417676775
2025-09-11,Walk-Forward Portfolio After Costs,30.761165244603305,21.685661333539667,1.2540150362334264,-11.843104417676775
2025-09-12,Walk-Forward Portfolio After Costs,29.260226971353575,21.69240877270467,1.200411649154634,-11.843104417676775
2025-09-15,Walk-Forward Portfolio After Costs,27.337080222437017,21.670183319409826,1.1321758416789909,-11.843104417676775
2025-09-16,Walk-Forward Portfolio After Costs,28.15231381969334,21.648354226213044,1.162609036501979,-11.843104417676775
2025-09-17,Walk-Forward Portfolio After Costs,28.084517711741963,21.646407757991298,1.1602471343897895,-11.843104417676775
2025-09-18,Walk-Forward Portfolio After Costs,27.254772714807185,21.67217119374307,1.1291059195631452,-11.843104417676775
2025-09-19,Walk-Forward Portfolio After Costs,27.281116804282224,21.672254122364638,1.1300585510866266,-11.843104417676775
2025-09-22,Walk-Forward Portfolio After Costs,28.134784635991128,21.657707746394983,1.1615693633512512,-11.843104417676775
2025-09-23,Walk-Forward Portfolio After Costs,29.278591488106144,21.622617607553593,1.2042471005064328,-11.843104417676775
2025-09-24,Walk-Forward Portfolio After Costs,31.072928341105353,21.635841001524827,1.2674238174458217,-11.843104417676775
2025-09-25,Walk-Forward Portfolio After Costs,30.265560303004158,21.644788452223153,1.2384102429185664,-11.843104417676775
2025-09-26,Walk-Forward Portfolio After Costs,31.165336738691508,21.635585648608014,1.2706974627861711,-11.843104417676775
2025-09-29,Walk-Forward Portfolio After Costs,32.40095509947325,21.6311969082364,1.3143085566544799,-11.843104417676775
2025-09-30,Walk-Forward Portfolio After Costs,32.241331344868016,21.628243645154953,1.3088744789328786,-11.843104417676775
2025-10-09,Walk-Forward Portfolio After Costs,34.00356348433735,21.719602653095897,1.3652857647131176,-11.843104417676775
2025-10-10,Walk-Forward Portfolio After Costs,32.72546961915659,21.74001876136062,1.3200709398627617,-11.843104417676775
2025-10-13,Walk-Forward Portfolio After Costs,32.4696631361409,21.74109835488255,1.3111318824698894,-11.843104417676775
2025-10-14,Walk-Forward Portfolio After Costs,27.529454118745058,21.50179931741427,1.1464235423657958,-11.843104417676775
2025-10-15,Walk-Forward Portfolio After Costs,26.41844958230721,21.457111200047734,1.1075500532522804,-11.843104417676775
2025-10-16,Walk-Forward Portfolio After Costs,21.474519403525694,21.19416489012963,0.9303158194170512,-11.843104417676775
2025-10-17,Walk-Forward Portfolio After Costs,14.058491595444744,20.8656180941973,0.6396827907079362,-11.843104417676775
2025-10-20,Walk-Forward Portfolio After Costs,4.949959691263728,18.883109240654495,0.24627476494502626,-11.843104417676775
2025-10-21,Walk-Forward Portfolio After Costs,0.4296501680833842,18.1434214200238,0.006358895227736746,-10.837352389714894
2025-10-22,Walk-Forward Portfolio After Costs,7.598200847659942,16.808115092784938,0.40266141459571997,-10.837352389714894
2025-10-23,Walk-Forward Portfolio After Costs,6.83223336347103,16.777840350351212,0.3604930165431279,-10.837352389714894
2025-10-24,Walk-Forward Portfolio After Costs,9.814308136382577,16.5583635652182,0.5293603469128078,-10.837352389714894
2025-10-27,Walk-Forward Portfolio After Costs,8.346060759409601,16.439035261891696,0.45011482578157286,-10.837352389714894
2025-10-28,Walk-Forward Portfolio After Costs,11.056906507272801,16.15892131043319,0.6080405906553699,-10.837352389714894
2025-10-29,Walk-Forward Portfolio After Costs,13.080072187556047,16.18916428252991,0.7187734351234446,-10.837352389714894
2025-10-30,Walk-Forward Portfolio After Costs,14.38472219367586,16.146374786423035,0.7913343505702621,-10.837352389714894
2025-10-31,Walk-Forward Portfolio After Costs,11.758628110423764,15.987889087194679,0.6522653765258184,-10.837352389714894
2025-11-03,Walk-Forward Portfolio After Costs,12.18144387900213,16.00467193985394,0.6753530738229416,-10.837352389714894
2025-11-04,Walk-Forward Portfolio After Costs,10.328858536254447,16.019692154458287,0.5708751371522869,-10.837352389714894
2025-11-05,Walk-Forward Portfolio After Costs,9.884598251171294,16.011740724456562,0.545869670956024,-10.837352389714894
2025-11-06,Walk-Forward Portfolio After Costs,14.093702523060436,16.141762147366048,0.7757141569556019,-10.837352389714894
2025-11-07,Walk-Forward Portfolio After Costs,13.278719496094826,16.125776537555815,0.7318445848193555,-10.837352389714894
2025-11-10,Walk-Forward Portfolio After Costs,13.478449735013353,16.13334867997147,0.7425010905727386,-10.837352389714894
2025-11-11,Walk-Forward Portfolio After Costs,14.257185057997201,16.10245015302554,0.7861112434964211,-10.837352389714894
2025-11-12,Walk-Forward Portfolio After Costs,16.35536233890282,16.07446475654734,0.9004718264095765,-10.837352389714894
2025-11-13,Walk-Forward Portfolio After Costs,16.747006788201535,16.082495576168483,0.9210095833866341,-10.837352389714894
2025-11-14,Walk-Forward Portfolio After Costs,14.720877785948083,16.145598747410535,0.8095413035835899,-10.837352389714894
2025-11-17,Walk-Forward Portfolio After Costs,12.35120284663427,16.175832075945408,0.679228576590918,-10.837352389714894
2025-11-18,Walk-Forward Portfolio After Costs,8.67213395905637,16.09773754492618,0.4748476691461436,-10.837352389714894
2025-11-19,Walk-Forward Portfolio After Costs,8.815785051464719,16.097513077018828,0.48306146555832435,-10.837352389714894
2025-11-20,Walk-Forward Portfolio After Costs,5.85024006474022,15.934153966375387,0.31293931864515256,-10.837352389714894
2025-11-21,Walk-Forward Portfolio After Costs,4.102804761334888,16.037793494301464,0.20813873533457608,-10.837352389714894
2025-11-24,Walk-Forward Portfolio After Costs,3.959995823654583,16.030237397106728,0.19959695385010473,-10.837352389714894
2025-11-25,Walk-Forward Portfolio After Costs,4.172279824688285,16.0285184169851,0.21233054524119074,-10.837352389714894
2025-11-26,Walk-Forward Portfolio After Costs,2.4294586931657536,15.946964911351778,0.10679294304806047,-10.734317486957924
2025-11-27,Walk-Forward Portfolio After Costs,4.297828106757606,15.840292022120448,0.22056894113102737,-10.734317486957924
2025-11-28,Walk-Forward Portfolio After Costs,5.361487965386402,15.867040311236838,0.28442469919505287,-10.734317486957924
2025-12-01,Walk-Forward Portfolio After Costs,8.146304108418633,15.863510203465092,0.44894599945233027,-10.734317486957924
2025-12-02,Walk-Forward Portfolio After Costs,8.661979189656144,15.850279247997317,0.47921139378159794,-10.734317486957924
2025-12-03,Walk-Forward Portfolio After Costs,8.804515495922516,15.857619087945881,0.48733174386627076,-10.734317486957924
2025-12-04,Walk-Forward Portfolio After Costs,8.306827424727391,15.846931611545909,0.45861273147261455,-10.734317486957924
2025-12-05,Walk-Forward Portfolio After Costs,11.480392463974475,15.810801797304103,0.6420279524442247,-10.734317486957924
2025-12-08,Walk-Forward Portfolio After Costs,9.950570643232215,15.787587914096365,0.5551796858239555,-10.734317486957924
2025-12-09,Walk-Forward Portfolio After Costs,9.93454215292795,15.789185671814119,0.5542159508414686,-10.734317486957924
2025-12-10,Walk-Forward Portfolio After Costs,9.420780862521605,15.746620263457883,0.5255353455684132,-10.734317486957924
2025-12-11,Walk-Forward Portfolio After Costs,9.947732584916768,15.709397693620517,0.5569997402259937,-10.734317486957924
2025-12-12,Walk-Forward Portfolio After Costs,9.443469140515237,15.68333096900928,0.5283448647308256,-10.734317486957924
2025-12-15,Walk-Forward Portfolio After Costs,9.15424525462456,15.687288556194906,0.5113760064452938,-10.734317486957924
2025-12-16,Walk-Forward Portfolio After Costs,8.321384452534053,15.713097202281768,0.4620305894136441,-10.734317486957924
2025-12-17,Walk-Forward Portfolio After Costs,10.533459948339917,15.729314283284884,0.5902857037331001,-10.734317486957924
2025-12-18,Walk-Forward Portfolio After Costs,10.437162229583329,15.731097351948605,0.584693593399485,-10.734317486957924
2025-12-19,Walk-Forward Portfolio After Costs,9.981950005450702,15.706865099183235,0.559047998387357,-10.734317486957924
2025-12-22,Walk-Forward Portfolio After Costs,9.759405977667889,15.705518747781547,0.5461802793793593,-10.734317486957924
2025-12-23,Walk-Forward Portfolio After Costs,8.769845488738959,15.708956654973946,0.48841973505717834,-10.734317486957924
2025-12-24,Walk-Forward Portfolio After Costs,9.11416276916983,15.717152935750825,0.5083630751539502,-10.734317486957924
2025-12-25,Walk-Forward Portfolio After Costs,8.385365282320523,15.697729885496065,0.46609159664146144,-10.734317486957924
2025-12-26,Walk-Forward Portfolio After Costs,11.07632153115945,15.651749516126529,0.6237469687528364,-10.734317486957924
2025-12-29,Walk-Forward Portfolio After Costs,11.862285578341991,15.628433836783334,0.669581812348655,-10.734317486957924
2025-12-30,Walk-Forward Portfolio After Costs,12.023383195229709,15.630806259468702,0.6787151713866924,-10.734317486957924
2025-12-31,Walk-Forward Portfolio After Costs,12.788492919612505,15.661280977989101,0.7211795388516737,-10.734317486957924
2026-01-05,Walk-Forward Portfolio After Costs,13.616118027625014,15.707663973951172,0.7660760875437157,-10.734317486957924
2026-01-06,Walk-Forward Portfolio After Costs,16.222318770041944,15.723363485588946,0.9097886112633572,-10.734317486957924
2026-01-07,Walk-Forward Portfolio After Costs,15.779678326743095,15.734257794610487,0.8850003307845234,-10.734317486957924
2026-01-08,Walk-Forward Portfolio After Costs,15.222903891014994,15.70962171115533,0.855440597566863,-10.734317486957924
2026-01-09,Walk-Forward Portfolio After Costs,16.40402056357926,15.73718096046285,0.9190611861770495,-10.734317486957924
2026-01-12,Walk-Forward Portfolio After Costs,17.24847892933441,15.777972096883792,0.9629304245844931,-10.734317486957924
2026-01-13,Walk-Forward Portfolio After Costs,16.716805285364742,15.795517362341533,0.9332437763757149,-10.734317486957924
2026-01-14,Walk-Forward Portfolio After Costs,14.970455736949217,15.786360743525396,0.8381393005106786,-10.734317486957924
2026-01-15,Walk-Forward Portfolio After Costs,16.096293916440963,15.728658496934909,0.902626884153674,-10.734317486957924
2026-01-16,Walk-Forward Portfolio After Costs,18.74292020098722,15.467576016493723,1.0610166484950772,-10.734317486957924
2026-01-19,Walk-Forward Portfolio After Costs,20.85449531890651,15.435233540517379,1.1771974993796734,-10.734317486957924
2026-01-20,Walk-Forward Portfolio After Costs,22.310274984281353,15.472875218097176,1.2521542628202713,-10.734317486957924
2026-01-21,Walk-Forward Portfolio After Costs,21.913608485892144,15.472786374569461,1.2311487361171811,-10.734317486957924
2026-01-22,Walk-Forward Portfolio After Costs,22.335176883775844,15.470101471634672,1.253668171850091,-10.734317486957924
2026-01-23,Walk-Forward Portfolio After Costs,23.0972062363473,15.453465462593647,1.295069163680111,-10.734317486957924
2026-01-26,Walk-Forward Portfolio After Costs,24.1392042805457,15.401697880671858,1.3536785807364762,-10.734317486957924
2026-01-27,Walk-Forward Portfolio After Costs,23.98822309964497,15.407735568938508,1.3453031236320148,-10.734317486957924
2026-01-28,Walk-Forward Portfolio After Costs,21.71224388330637,15.19154548818534,1.240260717181641,-10.734317486957924
2026-01-29,Walk-Forward Portfolio After Costs,23.726681884393486,15.214909161575694,1.346568193689736,-10.734317486957924
2026-01-30,Walk-Forward Portfolio After Costs,20.605421510209876,15.33513814871012,1.170464844035266,-10.734317486957924
2026-02-02,Walk-Forward Portfolio After Costs,17.177924153452786,15.507497049763286,0.9731390986011729,-10.734317486957924
2026-02-03,Walk-Forward Portfolio After Costs,19.46553397332358,15.58527784107728,1.0931905628191736,-10.734317486957924
2026-02-04,Walk-Forward Portfolio After Costs,21.431233951845208,15.644635617712666,1.1940272949280497,-10.734317486957924
2026-02-05,Walk-Forward Portfolio After Costs,21.363115186982572,15.645571080402284,1.1903758340375585,-10.734317486957924
2026-02-06,Walk-Forward Portfolio After Costs,20.411222246131434,15.658842520997343,1.1391728560711911,-10.734317486957924
2026-02-09,Walk-Forward Portfolio After Costs,19.928332093003732,15.640272213237779,1.114629177228731,-10.734317486957924
2026-02-10,Walk-Forward Portfolio After Costs,20.259651757173458,15.639482585632484,1.132331479630925,-10.734317486957924
2026-02-11,Walk-Forward Portfolio After Costs,21.688710563304348,15.599593604231815,1.2106140867248696,-10.734317486957924
2026-02-12,Walk-Forward Portfolio After Costs,20.70557429531248,15.574733949847452,1.1601741235853533,-10.734317486957924
2026-02-13,Walk-Forward Portfolio After Costs,17.34180801052063,15.557420854238686,0.9795005344507421,-10.734317486957924
2026-02-24,Walk-Forward Portfolio After Costs,19.0253257842921,15.679130835022464,1.0640057646196845,-10.734317486957924
2026-02-25,Walk-Forward Portfolio After Costs,19.119207665798466,15.678327694250802,1.069084877029657,-10.734317486957924
2026-02-26,Walk-Forward Portfolio After Costs,17.98022537358237,15.650002743899282,1.0093038191922776,-10.734317486957924
2026-02-27,Walk-Forward Portfolio After Costs,18.896490118110698,15.625136716384173,1.060208126717902,-10.734317486957924
2026-03-02,Walk-Forward Portfolio After Costs,17.509869693631487,15.573207626061553,0.9878485733219473,-10.734317486957924
2026-03-03,Walk-Forward Portfolio After Costs,14.848404138641612,15.702336428670865,0.8350315110990899,-10.734317486957924
2026-03-04,Walk-Forward Portfolio After Costs,15.983889471316036,15.632262570681515,0.9010416663387059,-10.734317486957924
2026-03-05,Walk-Forward Portfolio After Costs,16.191941184346526,15.647397196143611,0.9117797480528559,-10.734317486957924
2026-03-06,Walk-Forward Portfolio After Costs,17.52241738122793,15.618108832078384,0.9861445420654978,-10.734317486957924
2026-03-09,Walk-Forward Portfolio After Costs,15.14670444266697,15.531968821755369,0.8591944025150902,-10.734317486957924
2026-03-10,Walk-Forward Portfolio After Costs,15.689108507942073,15.541638642921832,0.8890124064599928,-10.734317486957924
2026-03-11,Walk-Forward Portfolio After Costs,18.292531896244736,15.521369870032304,1.0334389161541573,-10.734317486957924
2026-03-12,Walk-Forward Portfolio After Costs,17.750362858263657,15.520574451523341,1.0038648215186121,-10.734317486957924
2026-03-13,Walk-Forward Portfolio After Costs,17.336552842290743,15.528128332984089,0.9807645901559592,-10.734317486957924
2026-03-16,Walk-Forward Portfolio After Costs,17.818221471781737,15.480181085285516,1.0097972697679638,-10.734317486957924
2026-03-17,Walk-Forward Portfolio After Costs,16.1242849786577,15.517069488952604,0.9143751273648109,-10.734317486957924
2026-03-18,Walk-Forward Portfolio After Costs,15.527959445710259,15.509243683653645,0.8815417773855934,-10.734317486957924
2026-03-19,Walk-Forward Portfolio After Costs,12.690052136086383,15.615774832667494,0.71723778617521,-10.734317486957924
2026-03-20,Walk-Forward Portfolio After Costs,9.665963052311156,15.6064905798558,0.5432011301487742,-10.734317486957924
2026-03-23,Walk-Forward Portfolio After Costs,5.438942466397423,16.063199272613087,0.28757135238225606,-10.734317486957924
2026-03-24,Walk-Forward Portfolio After Costs,7.346604235889664,16.107461732407145,0.3985698219641381,-10.734317486957924
2026-03-25,Walk-Forward Portfolio After Costs,8.747175285612752,16.17426896978932,0.47775422279064117,-10.734317486957924
2026-03-26,Walk-Forward Portfolio After Costs,7.6496997645601805,16.226558908208403,0.41420632017253584,-10.734317486957924
2026-03-27,Walk-Forward Portfolio After Costs,8.183352069528693,16.230429402714766,0.44462460093080003,-10.734317486957924
2026-03-30,Walk-Forward Portfolio After Costs,6.94023082625792,16.18359701988427,0.37400936818772473,-10.734317486957924
2026-03-31,Walk-Forward Portfolio After Costs,7.7836349866805765,16.19217223179147,0.4224282076449031,-10.734317486957924
2026-04-01,Walk-Forward Portfolio After Costs,8.099869363219426,16.201003419081488,0.44037516026743256,-10.209669617269313
2026-04-02,Walk-Forward Portfolio After Costs,8.036807860659568,16.203337041710128,0.4367325066748345,-9.641946204271823
2026-04-03,Walk-Forward Portfolio After Costs,7.969146536454685,16.20649796682887,0.43281208321278686,-9.641946204271823
2026-04-07,Walk-Forward Portfolio After Costs,8.485315437085262,16.18771410411283,0.4625992765396376,-9.641946204271823
2026-04-08,Walk-Forward Portfolio After Costs,10.411011194204933,16.32974691131615,0.5677556628802657,-9.641946204271823
2026-04-09,Walk-Forward Portfolio After Costs,8.631384481438143,16.383537425057952,0.46720832505760246,-9.641946204271823
2026-04-10,Walk-Forward Portfolio After Costs,9.56916329817139,16.393240689042077,0.5194827385154045,-9.641946204271823
2026-04-13,Walk-Forward Portfolio After Costs,9.59439605304766,16.392793665759413,0.5208976922733098,-9.641946204271823
2026-04-14,Walk-Forward Portfolio After Costs,10.245767914403746,16.403400758395875,0.5568074776540265,-9.641946204271823
2026-04-15,Walk-Forward Portfolio After Costs,11.849787817621294,16.357117486825786,0.6462671775909311,-9.641946204271823
2026-04-16,Walk-Forward Portfolio After Costs,11.332844988050406,16.34411319696623,0.6182952776351085,-9.641946204271823
2026-04-17,Walk-Forward Portfolio After Costs,10.891830420257097,16.35100358551188,0.5938177791534989,-9.641946204271823
2026-04-20,Walk-Forward Portfolio After Costs,11.818341951034373,16.336595641185315,0.645152697766515,-9.641946204271823
2026-04-21,Walk-Forward Portfolio After Costs,21.683042166055166,14.219341743704161,1.312244773533105,-9.641946204271823
2026-04-22,Walk-Forward Portfolio After Costs,18.31044963781523,13.990092197276674,1.1304229618654942,-9.641946204271823
2026-04-23,Walk-Forward Portfolio After Costs,16.407794438420154,13.927647465194806,1.0183897951045073,-9.641946204271823
2026-04-24,Walk-Forward Portfolio After Costs,14.224395143174839,13.900585989638326,0.8838106773025385,-9.641946204271823
2026-04-27,Walk-Forward Portfolio After Costs,13.654927339999045,13.905137568110007,0.8476033633122003,-9.641946204271823
2026-04-28,Walk-Forward Portfolio After Costs,13.729392341152714,13.906131704560417,0.8522651631694307,-9.641946204271823
2026-04-29,Walk-Forward Portfolio After Costs,14.701253666661929,13.920270744288521,0.9127013292623357,-9.641946204271823
2026-04-30,Walk-Forward Portfolio After Costs,14.376686745649847,13.91981260030095,0.8923578818397843,-9.641946204271823
2026-05-06,Walk-Forward Portfolio After Costs,14.725214306204881,13.914843266129125,0.9145051391140661,-9.641946204271823
2026-05-07,Walk-Forward Portfolio After Costs,14.769418587057537,13.91514148842989,0.9172585569387509,-9.641946204271823
2026-05-08,Walk-Forward Portfolio After Costs,14.561840689432337,13.915224175981358,0.9042369534688912,-9.641946204271823
2026-05-11,Walk-Forward Portfolio After Costs,15.783850900484243,13.928960016110754,0.9797011757106867,-9.641946204271823
2026-05-12,Walk-Forward Portfolio After Costs,14.757581295587574,13.959754327378636,0.9140321838544426,-9.641946204271823
2026-05-13,Walk-Forward Portfolio After Costs,15.778521863400341,13.956304881700273,0.9777250405062836,-9.641946204271823
2026-05-14,Walk-Forward Portfolio After Costs,14.273374996350974,14.009250744021973,0.8810988391327008,-9.641946204271823
2026-05-15,Walk-Forward Portfolio After Costs,13.801741247226795,14.034312787423737,0.8502912682435663,-9.641946204271823
2026-05-18,Walk-Forward Portfolio After Costs,13.889754575628244,14.030434907908518,0.8560005611762819,-9.641946204271823
2026-05-19,Walk-Forward Portfolio After Costs,15.400406132517187,14.07483208085297,0.9474134120995726,-9.641946204271823
2026-05-20,Walk-Forward Portfolio After Costs,12.921776917409034,14.09677370953257,0.7920515555371815,-9.641946204271823
2026-05-21,Walk-Forward Portfolio After Costs,11.624947077837856,14.0758108897522,0.7109216504400447,-9.641946204271823
2026-05-22,Walk-Forward Portfolio After Costs,11.606561631306711,14.075693144804141,0.7097556193989274,-9.641946204271823
2026-05-25,Walk-Forward Portfolio After Costs,11.95132510618022,14.068832573152616,0.7319669051834833,-9.641946204271823
2026-05-26,Walk-Forward Portfolio After Costs,11.781952854722766,14.06198658931376,0.7214832922781464,-9.641946204271823
2026-05-27,Walk-Forward Portfolio After Costs,11.121811381400004,14.071397728734727,0.6789816240257127,-9.641946204271823
2026-05-28,Walk-Forward Portfolio After Costs,9.622483087839907,14.138680790612208,0.5803031022934945,-10.09902549395888
2026-05-29,Walk-Forward Portfolio After Costs,10.040929766723593,14.124848915378177,0.6077169405197618,-10.353158652578765
2026-06-01,Walk-Forward Portfolio After Costs,11.141486526301048,14.150063728004161,0.6772436566908807,-10.353158652578765
2026-06-02,Walk-Forward Portfolio After Costs,11.62444920643364,14.148277821497265,0.7079729075314916,-10.353158652578765
2026-06-03,Walk-Forward Portfolio After Costs,10.734357775934589,14.172244506365473,0.6504990647152145,-10.353158652578765
2026-06-04,Walk-Forward Portfolio After Costs,8.691799490350327,14.27158520743112,0.5164611740071369,-11.544587425047814
2026-06-05,Walk-Forward Portfolio After Costs,9.40272703042002,14.268757307884849,0.5622432425776316,-11.544587425047814
2026-06-08,Walk-Forward Portfolio After Costs,8.210300411409644,14.373279165014766,0.48293071902072904,-12.946654529951008
2026-06-09,Walk-Forward Portfolio After Costs,8.707729311021195,14.370621081530558,0.5149197744056216,-12.946654529951008
2026-06-10,Walk-Forward Portfolio After Costs,8.777898998895184,14.3686983139111,0.5194620096973511,-13.1005645130697
2026-06-11,Walk-Forward Portfolio After Costs,8.612897086605242,14.372878483071002,0.5087870778832335,-13.477731421461048
2026-06-12,Walk-Forward Portfolio After Costs,9.313736998911025,14.41399936802682,0.5523802895849196,-13.477731421461048
2026-06-15,Walk-Forward Portfolio After Costs,9.574164218901338,14.407937601560677,0.569074235729216,-13.477731421461048
2026-06-16,Walk-Forward Portfolio After Costs,8.282064202954231,14.442901600716704,0.4858845524233354,-13.477731421461048
2026-06-17,Walk-Forward Portfolio After Costs,7.911829247161073,14.443979122093545,0.46213824397500747,-13.572983103017322
2026-06-18,Walk-Forward Portfolio After Costs,5.721134203290079,14.567899172983513,0.3186221492392562,-15.18649660463679
2026-06-22,Walk-Forward Portfolio After Costs,7.458779054519948,14.681375846840211,0.42834623711034175,-15.18649660463679
2026-06-23,Walk-Forward Portfolio After Costs,4.687572049114941,14.852019017930749,0.2491771219864174,-15.543529992996652
2026-06-24,Walk-Forward Portfolio After Costs,4.903878994606381,14.839803756576805,0.26317173940974475,-16.18321868153123
2026-06-25,Walk-Forward Portfolio After Costs,4.597404373118463,14.83281488672109,0.24349700512953365,-16.18321868153123
2026-06-26,Walk-Forward Portfolio After Costs,2.61004946897212,14.967005783998891,0.11447097289017454,-17.655631177202793
2026-06-29,Walk-Forward Portfolio After Costs,4.157093960722502,15.022446822073512,0.21422592223416917,-17.655631177202793
2026-06-30,Walk-Forward Portfolio After Costs,3.7824831948802373,15.037067961440497,0.1901979997497663,-17.655631177202793
2026-07-01,Walk-Forward Portfolio After Costs,5.3025526315706895,15.12409892770474,0.2861206213229907,-17.655631177202793
2026-07-02,Walk-Forward Portfolio After Costs,5.184015051386304,15.125802709036654,0.2786572027092914,-17.655631177202793
2026-07-03,Walk-Forward Portfolio After Costs,7.43488529737939,15.116091545774607,0.41884779069604333,-17.655631177202793
2026-07-06,Walk-Forward Portfolio After Costs,8.540594066100994,15.145340712527616,0.48595859705019806,-17.655631177202793
2026-07-07,Walk-Forward Portfolio After Costs,7.202022837049338,15.183876109719119,0.4033573898147759,-17.655631177202793
2026-07-08,Walk-Forward Portfolio After Costs,6.180770470096308,15.141822683109027,0.3408261540088797,-17.655631177202793
2026-07-09,Walk-Forward Portfolio After Costs,5.169681283129934,15.125960304983858,0.2777544337817949,-17.655631177202793
2026-07-10,Walk-Forward Portfolio After Costs,6.651109507202713,15.163976580786837,0.3697018824903101,-17.655631177202793
2026-07-13,Walk-Forward Portfolio After Costs,4.6816802244409095,15.243788199690322,0.2462644125144281,-17.655631177202793
2026-07-14,Walk-Forward Portfolio After Costs,5.341486078770408,15.264722354168455,0.2873052318515835,-17.655631177202793
2026-07-15,Walk-Forward Portfolio After Costs,7.8813060520961375,15.442322114134216,0.4400578408920338,-17.655631177202793
2026-07-16,Walk-Forward Portfolio After Costs,7.574042572432149,15.439229091321552,0.42163504536824603,-17.655631177202793
2026-07-17,Walk-Forward Portfolio After Costs,6.5699651542149295,15.467707482866638,0.3604971933578127,-17.655631177202793
2026-07-20,Walk-Forward Portfolio After Costs,9.793688685851333,15.767420040235395,0.545615482400755,-17.655631177202793
2026-07-21,Walk-Forward Portfolio After Costs,10.396766163293725,15.768976152322804,0.5803297966173393,-17.655631177202793
2026-07-22,Walk-Forward Portfolio After Costs,9.966539681130172,15.748963475259828,0.5560652970680976,-17.655631177202793
2026-07-23,Walk-Forward Portfolio After Costs,11.366641464352112,15.765373485279891,0.6359345171488768,-17.655631177202793
2026-07-24,Walk-Forward Portfolio After Costs,8.956029881073047,15.902037006545457,0.49416946488351016,-17.655631177202793
2026-07-27,Walk-Forward Portfolio After Costs,9.720552846670438,15.925763632200002,0.5375911954037109,-17.655631177202793
2026-07-28,Walk-Forward Portfolio After Costs,9.915275175796756,15.931077321951923,0.5485992851231896,-17.655631177202793
2026-07-29,Walk-Forward Portfolio After Costs,12.295542753559996,16.008666178401054,0.6805936836770904,-17.655631177202793
2026-07-30,Walk-Forward Portfolio After Costs,14.349507770785896,16.090128888377407,0.790659107577288,-17.655631177202793
2026-07-31,Walk-Forward Portfolio After Costs,14.134974829731139,16.085947176173395,0.7791423700995586,-17.655631177202793
2026-08-03,Walk-Forward Portfolio After Costs,13.454255427613916,16.085014528142665,0.7419673915417714,-17.655631177202793
2026-08-04,Walk-Forward Portfolio After Costs,9.720681593292957,15.873312066725386,0.5388740325346735,-17.655631177202793
2026-08-05,Walk-Forward Portfolio After Costs,6.432862562912733,15.653532050456967,0.3498509277451778,-17.655631177202793
2026-08-06,Walk-Forward Portfolio After Costs,5.993122663583517,15.668191341955579,0.3232386678784266,-17.655631177202793
2026-08-07,Walk-Forward Portfolio After Costs,4.721790547319382,15.677159304716447,0.24615259950348448,-17.655631177202793
2026-08-10,Walk-Forward Portfolio After Costs,7.069463429324041,15.656651413793341,0.3879085765153978,-17.655631177202793
2026-08-11,Walk-Forward Portfolio After Costs,6.062379086472736,15.694989341382474,0.3271141635298168,-17.655631177202793
2026-08-12,Walk-Forward Portfolio After Costs,5.892901709575904,15.69729395534805,0.31689867351027234,-17.655631177202793
2026-08-13,Walk-Forward Portfolio After Costs,5.025953212803458,15.73442319304313,0.26426275103681807,-17.655631177202793
2026-08-14,Walk-Forward Portfolio After Costs,6.7825953178489495,15.613329232070294,0.37135369640569565,-17.655631177202793
2026-08-17,Walk-Forward Portfolio After Costs,6.492726662039305,15.617761898556523,0.3538823502274277,-17.655631177202793
2026-08-18,Walk-Forward Portfolio After Costs,6.414395459072364,15.617447157242204,0.3491733952635396,-17.655631177202793
2026-08-19,Walk-Forward Portfolio After Costs,5.121456430044491,15.610888015020274,0.27092738121522364,-17.655631177202793
2026-08-20,Walk-Forward Portfolio After Costs,5.854474558560763,15.641584806273624,0.31513591649623524,-17.655631177202793
2026-08-21,Walk-Forward Portfolio After Costs,5.322152631878696,15.657985350713208,0.28276385501771634,-17.655631177202793
2026-08-24,Walk-Forward Portfolio After Costs,5.155292423446056,15.655794195072001,0.27265161628019624,-17.655631177202793
2026-08-25,Walk-Forward Portfolio After Costs,5.383725482440438,15.661247926860245,0.2864700015218581,-17.655631177202793
2026-08-26,Walk-Forward Portfolio After Costs,5.862188820592595,15.660105971090005,0.3154136821449616,-17.655631177202793
2026-08-27,Walk-Forward Portfolio After Costs,5.274400053466999,15.65563139952307,0.27988541236845915,-17.655631177202793
2026-08-28,Walk-Forward Portfolio After Costs,6.365516680214656,15.645167562098639,0.3458919559838226,-17.655631177202793
2026-08-31,Walk-Forward Portfolio After Costs,6.610999839979437,15.664370029636714,0.36037757826809724,-17.655631177202793
2026-09-01,Walk-Forward Portfolio After Costs,7.5394098520098485,15.744977111454912,0.4144087003858449,-17.655631177202793
2026-09-02,Walk-Forward Portfolio After Costs,6.909823881833499,15.782082085960258,0.37659045404586994,-17.655631177202793
2026-09-03,Walk-Forward Portfolio After Costs,6.426096939805448,15.763844253665432,0.34806915640430747,-17.655631177202793
2026-09-04,Walk-Forward Portfolio After Costs,7.548177721810823,15.803161989705206,0.41397940360297,-17.655631177202793
2026-09-07,Walk-Forward Portfolio After Costs,6.065712458665051,15.792327527678573,0.3262384481924604,-17.655631177202793
2026-09-08,Walk-Forward Portfolio After Costs,3.3351918202978226,15.665059170319633,0.16110650074348792,-17.655631177202793
2023-02-17,Walk-Forward Portfolio Before Costs,-5.529713348228926,19.253391465259167,-0.3016074550241905,-23.948079260645592
2023-02-20,Walk-Forward Portfolio Before Costs,-4.418040263494327,19.357040834347377,-0.23855152515925054,-23.948079260645592
2023-02-21,Walk-Forward Portfolio Before Costs,-4.817989209850182,19.333473066796227,-0.26076073197665467,-23.948079260645592
2023-02-22,Walk-Forward Portfolio Before Costs,-6.25436112129848,19.32925489934666,-0.339513564482022,-23.948079260645592
2023-02-23,Walk-Forward Portfolio Before Costs,-6.360921007661635,19.326688230433543,-0.3454678368275167,-22.97691278052976
2023-02-24,Walk-Forward Portfolio Before Costs,-5.874856708971077,19.300391427690354,-0.31938271577226374,-22.911612361303025
2023-02-27,Walk-Forward Portfolio Before Costs,-4.967993001378634,19.25327524250501,-0.2708443348258937,-22.911612361303025
2023-02-28,Walk-Forward Portfolio Before Costs,-4.714548541875341,19.261061527526998,-0.2568316022766519,-22.911612361303025
2023-03-01,Walk-Forward Portfolio Before Costs,-4.070106206876556,19.289437809819336,-0.22123328421695185,-22.911612361303025
2023-03-02,Walk-Forward Portfolio Before Costs,-3.2902854994050434,19.287503132682502,-0.1793016884653761,-22.911612361303025
2023-03-03,Walk-Forward Portfolio Before Costs,-2.9552455915330733,19.303254933500952,-0.1610846819556239,-22.911612361303025
2023-03-06,Walk-Forward Portfolio Before Costs,-3.734531348928838,19.308133495206746,-0.20275002127056033,-22.50452435978221
2023-03-07,Walk-Forward Portfolio Before Costs,-3.9607283649948144,19.32546006108651,-0.21456520379409919,-22.50452435978221
2023-03-08,Walk-Forward Portfolio Before Costs,-4.73199412315346,19.30774353597296,-0.2566946599365836,-21.72529449611973
2023-03-09,Walk-Forward Portfolio Before Costs,-2.244127083145764,19.195633097136458,-0.12504240051749838,-21.72529449611973
2023-03-10,Walk-Forward Portfolio Before Costs,-4.594908387028973,19.25323487597771,-0.2505055631133244,-21.72529449611973
2023-03-13,Walk-Forward Portfolio Before Costs,-2.5521344001835478,19.358482267577788,-0.13868149917155614,-21.72529449611973
2023-03-14,Walk-Forward Portfolio Before Costs,-3.8109521531350943,19.37686978801634,-0.20546250412189254,-21.72529449611973
2023-03-15,Walk-Forward Portfolio Before Costs,-3.2216414381535774,19.39050750581119,-0.17368557781504126,-21.72529449611973
2023-03-16,Walk-Forward Portfolio Before Costs,-3.9827819603574732,19.404336777889604,-0.21411180127460266,-21.39640852302752
2023-03-17,Walk-Forward Portfolio Before Costs,-2.0326512351713455,19.466758719145048,-0.10952894872112286,-19.671589930659916
2023-03-20,Walk-Forward Portfolio Before Costs,0.3241962890092376,19.348115199853545,0.011469744777726196,-17.080228246864227
2023-03-21,Walk-Forward Portfolio Before Costs,4.562759922737647,19.11401913242006,0.2257375356447706,-16.773839372905076
2023-03-22,Walk-Forward Portfolio Before Costs,8.085426021240805,18.970746541266628,0.4006981597492423,-16.773839372905076
2023-03-23,Walk-Forward Portfolio Before Costs,8.81417668035267,19.014996067748296,0.4355532988473702,-16.773839372905076
2023-03-24,Walk-Forward Portfolio Before Costs,7.684446845354187,18.98067747653796,0.3809954891041521,-15.319595513438856
2023-03-27,Walk-Forward Portfolio Before Costs,9.80375294070579,18.88068030767897,0.4852684943466938,-15.319595513438856
2023-03-28,Walk-Forward Portfolio Before Costs,15.202618143284718,17.984134365749295,0.7669563806374174,-15.319595513438856
2023-03-29,Walk-Forward Portfolio Before Costs,12.397305172464602,17.841310056228878,0.6334338190797197,-15.319595513438856
2023-03-30,Walk-Forward Portfolio Before Costs,10.873908427218604,17.752999227053596,0.558808144973468,-15.319595513438856
2023-03-31,Walk-Forward Portfolio Before Costs,10.677293266167553,17.74302288624071,0.549015929131068,-15.319595513438856
2023-04-03,Walk-Forward Portfolio Before Costs,11.851230996225336,17.758257751881583,0.6081390609917707,-15.319595513438856
2023-04-04,Walk-Forward Portfolio Before Costs,10.818537864019518,17.75355336493404,0.5559816723977878,-15.319595513438856
2023-04-06,Walk-Forward Portfolio Before Costs,10.77497144297903,17.753294577113348,0.5537713055973982,-15.319595513438856
2023-04-07,Walk-Forward Portfolio Before Costs,11.654852076060562,17.755000760665602,0.5983161273706363,-15.319595513438856
2023-04-10,Walk-Forward Portfolio Before Costs,12.042734099150465,17.740119163609265,0.6182270193941792,-15.319595513438856
2023-04-11,Walk-Forward Portfolio Before Costs,12.78396960108774,17.740485631275376,0.6554057896998228,-15.319595513438856
2023-04-12,Walk-Forward Portfolio Before Costs,13.20312554430223,17.735130717741086,0.6764781092605775,-15.319595513438856
2023-04-13,Walk-Forward Portfolio Before Costs,10.5414154831718,17.68611023088709,0.5432720130775823,-15.319595513438856
2023-04-14,Walk-Forward Portfolio Before Costs,10.962282076998076,17.686169603756824,0.5647670268285978,-15.319595513438856
2023-04-17,Walk-Forward Portfolio Before Costs,11.25047337826599,17.69201740554776,0.5793064021456055,-15.319595513438856
2023-04-18,Walk-Forward Portfolio Before Costs,10.841908064384164,17.687652500247545,0.5585948854553835,-13.787141435461125
2023-04-19,Walk-Forward Portfolio Before Costs,12.007723236558366,17.589592539744242,0.6202254742513277,-13.787141435461125
2023-04-20,Walk-Forward Portfolio Before Costs,11.480061110363348,17.587350810979466,0.5934195264137045,-13.186218410971506
2023-04-21,Walk-Forward Portfolio Before Costs,11.253479876757977,17.6168862486469,0.5811717958913917,-13.186218410971506
2023-04-24,Walk-Forward Portfolio Before Costs,9.671036514755983,17.611984711826345,0.49990730345017254,-13.186218410971506
2023-04-25,Walk-Forward Portfolio Before Costs,9.46366958856748,17.628178012697564,0.4888709657237983,-13.186218410971506
2023-04-26,Walk-Forward Portfolio Before Costs,8.821821622999181,17.603396172566597,0.45589316686181164,-13.186218410971506
2023-04-27,Walk-Forward Portfolio Before Costs,9.739841285975427,17.609251776468373,0.5035248756724616,-13.186218410971506
2023-04-28,Walk-Forward Portfolio Before Costs,8.91155237688832,17.58798844649586,0.46082813356126834,-13.186218410971506
2023-05-04,Walk-Forward Portfolio Before Costs,9.09384637129611,17.585814305000095,0.4703770733574737,-13.186218410971506
2023-05-05,Walk-Forward Portfolio Before Costs,11.589225686213144,17.415034992133076,0.6031760501869619,-13.186218410971506
2023-05-08,Walk-Forward Portfolio Before Costs,16.865025086637143,17.0699921180053,0.8825855380806583,-13.186218410971506
2023-05-09,Walk-Forward Portfolio Before Costs,17.22639437781668,17.05628177464888,0.9012711423999303,-13.186218410971506
2023-05-10,Walk-Forward Portfolio Before Costs,24.009963081140427,16.09952897817237,1.2943403763575132,-13.186218410971506
2023-05-11,Walk-Forward Portfolio Before Costs,24.57384990497511,16.08549691992318,1.3235591346260749,-13.186218410971506
2023-05-12,Walk-Forward Portfolio Before Costs,18.296596892205443,15.661121891980336,1.0248600314624001,-13.186218410971506
2023-05-15,Walk-Forward Portfolio Before Costs,18.727681817533416,15.676499120032592,1.0472268509564657,-13.186218410971506
2023-05-16,Walk-Forward Portfolio Before Costs,15.163632928641757,15.48854066523792,0.8611735442738682,-13.186218410971506
2023-05-17,Walk-Forward Portfolio Before Costs,13.058612610772125,15.404951874487283,0.745201440308841,-13.186218410971506
2023-05-18,Walk-Forward Portfolio Before Costs,15.234195929918815,15.260963839693433,0.87573784538229,-13.186218410971506
2023-05-19,Walk-Forward Portfolio Before Costs,15.282448282518502,15.259856930100874,0.8785354201847543,-13.186218410971506
2023-05-22,Walk-Forward Portfolio Before Costs,14.663234353651578,15.247375913062012,0.8437871044881045,-13.186218410971506
2023-05-23,Walk-Forward Portfolio Before Costs,12.790317405913676,15.2649896509167,0.73504442150397,-13.186218410971506
2023-05-24,Walk-Forward Portfolio Before Costs,11.198737764415846,15.329630882550735,0.6398413380779883,-13.186218410971506
2023-05-25,Walk-Forward Portfolio Before Costs,9.925975343902739,15.299562208302769,0.5655247675965114,-13.186218410971506
2023-05-26,Walk-Forward Portfolio Before Costs,11.321158231658623,15.293838479977829,0.6481807294211348,-13.186218410971506
2023-05-29,Walk-Forward Portfolio Before Costs,10.769801508968403,15.305677441316726,0.6153427399644077,-13.186218410971506
2023-05-30,Walk-Forward Portfolio Before Costs,9.940933346911883,15.290836222629277,0.5666508451890528,-13.186218410971506
2023-05-31,Walk-Forward Portfolio Before Costs,9.71770022624321,15.291449692786374,0.5533366198197281,-13.186218410971506
2023-06-01,Walk-Forward Portfolio Before Costs,7.642450221552477,15.166277672870512,0.4307123262391517,-13.186218410971506
2023-06-02,Walk-Forward Portfolio Before Costs,7.6495239970804985,15.16664145873777,0.4311390093838737,-13.186218410971506
2023-06-05,Walk-Forward Portfolio Before Costs,10.746597231344124,14.88901163491437,0.6269105477783541,-13.186218410971506
2023-06-06,Walk-Forward Portfolio Before Costs,8.179879286818736,14.9437945527611,0.46818610025516816,-13.186218410971506
2023-06-07,Walk-Forward Portfolio Before Costs,7.30451261612779,14.926616379327898,0.41410523240967045,-13.186218410971506
2023-06-08,Walk-Forward Portfolio Before Costs,8.409801284485852,14.923343013957686,0.4828560736987974,-13.186218410971506
2023-06-09,Walk-Forward Portfolio Before Costs,9.104827850284568,14.940931577429234,0.5252506582643469,-13.186218410971506
2023-06-12,Walk-Forward Portfolio Before Costs,8.403647669040538,14.909665195250016,0.4827834373335678,-13.186218410971506
2023-06-13,Walk-Forward Portfolio Before Costs,10.51382427861116,14.953736034627665,0.6107686836800008,-13.186218410971506
2023-06-14,Walk-Forward Portfolio Before Costs,10.080033830369617,14.948574045596846,0.5846071386735365,-13.186218410971506
2023-06-15,Walk-Forward Portfolio Before Costs,9.697829540280756,14.907492594218025,0.5624745867802559,-13.186218410971506
2023-06-16,Walk-Forward Portfolio Before Costs,10.425329870345145,14.930537488108705,0.6061245742134921,-13.186218410971506
2023-06-19,Walk-Forward Portfolio Before Costs,11.018066233997171,14.935050308816802,0.641846830823231,-13.186218410971506
2023-06-20,Walk-Forward Portfolio Before Costs,11.062500729502922,14.933993831027767,0.6445624705643728,-13.186218410971506
2023-06-21,Walk-Forward Portfolio Before Costs,7.310768093489006,15.013929359824136,0.4129784147840022,-13.186218410971506
2023-06-26,Walk-Forward Portfolio Before Costs,5.713298754516494,15.117949484502748,0.3119440825611419,-13.186218410971506
2023-06-27,Walk-Forward Portfolio Before Costs,5.629212464509337,15.113078696950883,0.3067299511967094,-13.186218410971506
2023-06-28,Walk-Forward Portfolio Before Costs,5.406677105283886,15.116347509804234,0.2927409825188478,-13.186218410971506
2023-06-29,Walk-Forward Portfolio Before Costs,3.8823815731275912,15.068466359366935,0.19650600707844254,-13.186218410971506
2023-06-30,Walk-Forward Portfolio Before Costs,3.4932569591666462,15.049246217610222,0.17162508029957138,-13.186218410971506
2023-07-03,Walk-Forward Portfolio Before Costs,3.5996665793398774,15.057356965915911,0.1784386083075417,-13.186218410971506
2023-07-04,Walk-Forward Portfolio Before Costs,4.801628166642358,15.053463389365824,0.2550892469424286,-13.186218410971506
2023-07-05,Walk-Forward Portfolio Before Costs,4.709576593634313,15.055831637993524,0.24923500550401279,-13.186218410971506
2023-07-06,Walk-Forward Portfolio Before Costs,3.878688343001757,15.03092660888823,0.19638711120624716,-13.186218410971506
2023-07-07,Walk-Forward Portfolio Before Costs,2.281106109959019,14.964201778316836,0.0930135751755757,-13.186218410971506
2023-07-10,Walk-Forward Portfolio Before Costs,2.282368171235194,14.964235792341112,0.09309616920655196,-13.186218410971506
2023-07-11,Walk-Forward Portfolio Before Costs,2.1440900799978513,14.957099885769,0.08402406668927473,-11.913108623238589
2023-07-12,Walk-Forward Portfolio Before Costs,5.186333454414838,14.63628173622313,0.28312671130603173,-11.913108623238589
2023-07-13,Walk-Forward Portfolio Before Costs,5.652229418291732,14.66176662230633,0.3130363629818756,-11.913108623238589
2023-07-14,Walk-Forward Portfolio Before Costs,7.085707947052544,14.58348281029214,0.4063641082295756,-11.913108623238589
2023-07-17,Walk-Forward Portfolio Before Costs,5.544118769385986,14.51901912484792,0.30763017971451834,-11.913108623238589
2023-07-18,Walk-Forward Portfolio Before Costs,6.350780297114311,14.52318159255022,0.3600227006578796,-11.913108623238589
2023-07-19,Walk-Forward Portfolio Before Costs,6.891172533347567,14.511741465756197,0.3951283725779458,-11.913108623238589
2023-07-20,Walk-Forward Portfolio Before Costs,4.9597973572361065,14.489942065422978,0.26963755984524546,-11.913108623238589
2023-07-21,Walk-Forward Portfolio Before Costs,5.623139294227042,14.473526528443188,0.31331803255644647,-11.913108623238589
2023-07-24,Walk-Forward Portfolio Before Costs,6.878396625770655,14.408590747673934,0.39609337651867293,-11.913108623238589
2023-07-25,Walk-Forward Portfolio Before Costs,10.004435630175568,14.465080715702422,0.5944652560737309,-11.913108623238589
2023-07-26,Walk-Forward Portfolio Before Costs,8.811137660881286,14.441518975275534,0.5196465324346901,-11.913108623238589
2023-07-27,Walk-Forward Portfolio Before Costs,7.826642452794519,14.411369389958953,0.4573446988520128,-11.913108623238589
2023-07-28,Walk-Forward Portfolio Before Costs,10.906570689589689,14.505440037849446,0.649529225033507,-11.913108623238589
2023-07-31,Walk-Forward Portfolio Before Costs,11.81337628623329,14.566314870074986,0.7033423657474501,-11.913108623238589
2023-08-01,Walk-Forward Portfolio Before Costs,12.353084351408516,14.546705221762931,0.7372123126388094,-11.913108623238589
2023-08-02,Walk-Forward Portfolio Before Costs,11.15079104852228,14.54613333936083,0.6632380395418241,-11.913108623238589
2023-08-03,Walk-Forward Portfolio Before Costs,12.85289466659163,14.543771037863296,0.7678657910534958,-11.913108623238589
2023-08-04,Walk-Forward Portfolio Before Costs,12.102511646059622,14.519929346815601,0.7229204741748023,-11.913108623238589
2023-08-07,Walk-Forward Portfolio Before Costs,12.808518688131244,14.477975166555272,0.7679780836194919,-11.913108623238589
2023-08-08,Walk-Forward Portfolio Before Costs,11.45837193562651,14.43103838616463,0.686534128311702,-11.913108623238589
2023-08-09,Walk-Forward Portfolio Before Costs,9.912248264445545,14.436547580945378,0.5895251491329835,-11.913108623238589
2023-08-10,Walk-Forward Portfolio Before Costs,10.300649970909248,14.439628193618677,0.6138697233301451,-11.913108623238589
2023-08-11,Walk-Forward Portfolio Before Costs,8.65844344454738,14.574158793205259,0.5065902178590693,-11.913108623238589
2023-08-14,Walk-Forward Portfolio Before Costs,7.500649835795414,14.569612801547727,0.43315150807290903,-11.913108623238589
2023-08-15,Walk-Forward Portfolio Before Costs,9.461901464342514,14.44886545460381,0.5607229743023545,-11.913108623238589
2023-08-16,Walk-Forward Portfolio Before Costs,8.370066158297673,14.466711388043857,0.49088894669246097,-11.913108623238589
2023-08-17,Walk-Forward Portfolio Before Costs,7.8692801137248525,14.459222375568984,0.45902417054245526,-11.913108623238589
2023-08-18,Walk-Forward Portfolio Before Costs,5.8411153236624935,14.488717727117503,0.32734198225918104,-11.913108623238589
2023-08-21,Walk-Forward Portfolio Before Costs,4.239548537110971,14.517678282151191,0.22192824473661799,-11.913108623238589
2023-08-22,Walk-Forward Portfolio Before Costs,4.066334561109364,14.51202310682786,0.2104963785530778,-11.913108623238589
2023-08-23,Walk-Forward Portfolio Before Costs,3.3170435120730257,14.563335096116614,0.16064221210390472,-11.913108623238589
2023-08-24,Walk-Forward Portfolio Before Costs,2.2144872247157554,14.534017171993677,0.08684532157674459,-11.913108623238589
2023-08-25,Walk-Forward Portfolio Before Costs,2.296318487200777,14.532045058726029,0.0923450003715662,-11.913108623238589
2023-08-28,Walk-Forward Portfolio Before Costs,2.870918446905635,14.581355760059338,0.1309363690002303,-11.913108623238589
2023-08-29,Walk-Forward Portfolio Before Costs,4.0507014952539055,14.625761575868124,0.20895816565936273,-11.669273053405593
2023-08-30,Walk-Forward Portfolio Before Costs,4.5307735054195275,14.623648667150865,0.24045171775039578,-11.592114788416763
2023-08-31,Walk-Forward Portfolio Before Costs,4.420659913885983,14.627924996249078,0.23321755323804835,-11.592114788416763
2023-09-01,Walk-Forward Portfolio Before Costs,6.369110261532196,14.612085466071612,0.3598635982029065,-11.592114788416763
2023-09-04,Walk-Forward Portfolio Before Costs,6.544872610009933,14.629685280124965,0.3708918540332374,-10.947819840418004
2023-09-05,Walk-Forward Portfolio Before Costs,7.009510998529356,14.613713261407627,0.40092290410064685,-9.195702638183533
2023-09-06,Walk-Forward Portfolio Before Costs,8.913154843134796,14.480431693843986,0.5250758792743797,-9.195702638183533
2023-09-07,Walk-Forward Portfolio Before Costs,8.508234982316033,14.498380348525524,0.49890533997939013,-9.195702638183533
2023-09-08,Walk-Forward Portfolio Before Costs,8.039582161344615,14.51307275555071,0.4687124106653601,-9.195702638183533
2023-09-11,Walk-Forward Portfolio Before Costs,8.519029912279041,14.53471095010627,0.49870347492187667,-9.195702638183533
2023-09-12,Walk-Forward Portfolio Before Costs,8.825399827704361,14.52779109609219,0.5182847122965597,-9.195702638183533
2023-09-13,Walk-Forward Portfolio Before Costs,9.106963731811879,14.509324430382936,0.5365741859926823,-9.195702638183533
2023-09-14,Walk-Forward Portfolio Before Costs,9.662960888637095,14.496054489114988,0.5720109305256372,-9.195702638183533
2023-09-15,Walk-Forward Portfolio Before Costs,10.273087390513403,14.461948316769346,0.6113971962228951,-9.195702638183533
2023-09-18,Walk-Forward Portfolio Before Costs,10.234257272886428,14.461948851734965,0.60896085523984,-9.195702638183533
2023-09-19,Walk-Forward Portfolio Before Costs,8.493591715711757,14.368969274875996,0.5011680533836519,-9.195702638183533
2023-09-20,Walk-Forward Portfolio Before Costs,7.725203118205837,14.380725800380938,0.45143445496625745,-9.195702638183533
2023-09-21,Walk-Forward Portfolio Before Costs,7.227787139360031,14.395460014453846,0.4189592128685085,-9.195702638183533
2023-09-22,Walk-Forward Portfolio Before Costs,7.618953000868789,14.41867486415692,0.4437761573832239,-9.195702638183533
2023-09-25,Walk-Forward Portfolio Before Costs,6.402662703811091,14.405558457109327,0.3651248678626131,-9.195702638183533
2023-09-26,Walk-Forward Portfolio Before Costs,6.462687823236402,14.402554122102801,0.3690877929223775,-9.195702638183533
2023-09-27,Walk-Forward Portfolio Before Costs,8.518352366878634,14.281263374339717,0.5049530034469573,-9.195702638183533
2023-09-28,Walk-Forward Portfolio Before Costs,9.955484291425343,14.208357974117966,0.5994407217035517,-9.195702638183533
2023-10-09,Walk-Forward Portfolio Before Costs,9.984625469115137,14.207981207306872,0.6013187288921115,-9.195702638183533
2023-10-10,Walk-Forward Portfolio Before Costs,8.20310469261505,14.237059983220114,0.4856345159621643,-9.195702638183533
2023-10-11,Walk-Forward Portfolio Before Costs,8.234905363282707,14.235861609152053,0.48772831091532487,-9.195702638183533
2023-10-12,Walk-Forward Portfolio Before Costs,10.637804053399137,14.2724799585736,0.6407432400634582,-9.195702638183533
2023-10-13,Walk-Forward Portfolio Before Costs,10.05184170803808,14.298617961581272,0.6026793441367214,-9.195702638183533
2023-10-16,Walk-Forward Portfolio Before Costs,8.504037552362309,14.385870176276406,0.5014020122758482,-9.338491341204936
2023-10-17,Walk-Forward Portfolio Before Costs,7.463807375133991,14.322642308022566,0.43570859447185184,-9.338491341204936
2023-10-18,Walk-Forward Portfolio Before Costs,8.582610562748583,14.200720047511137,0.5111678043065924,-9.959064859418676
2023-10-19,Walk-Forward Portfolio Before Costs,5.846667350518131,14.316764437387924,0.32988526719817973,-11.657468428364993
2023-10-20,Walk-Forward Portfolio Before Costs,6.514184837095427,14.277868553530087,0.37443550847034107,-12.14270230087413
2023-10-23,Walk-Forward Portfolio Before Costs,6.539474962288994,14.275164677962643,0.37614260954132156,-13.553123950889589
2023-10-24,Walk-Forward Portfolio Before Costs,6.555288726660513,14.27579921627119,0.3771721360933451,-13.553123950889589
2023-10-25,Walk-Forward Portfolio Before Costs,6.079529039928544,14.232211973087836,0.34644746167807355,-13.553123950889589
2023-10-26,Walk-Forward Portfolio Before Costs,5.8973729598692515,14.230230837915178,0.33439533403035065,-13.553123950889589
2023-10-27,Walk-Forward Portfolio Before Costs,5.631398769848439,14.194737471329265,0.31716346613323687,-13.553123950889589
2023-10-30,Walk-Forward Portfolio Before Costs,5.17511377997828,14.192837782783007,0.28667850949952856,-13.553123950889589
2023-10-31,Walk-Forward Portfolio Before Costs,4.044016948066842,14.208430177985504,0.21040318786907605,-13.553123950889589
2023-11-01,Walk-Forward Portfolio Before Costs,5.142572124931921,14.13687013424894,0.2850588960300613,-13.553123950889589
2023-11-02,Walk-Forward Portfolio Before Costs,5.663978265563441,14.118034643765615,0.3202978869316292,-13.553123950889589
2023-11-03,Walk-Forward Portfolio Before Costs,6.697132022518804,14.130249390035571,0.3890219665435247,-13.553123950889589
2023-11-06,Walk-Forward Portfolio Before Costs,9.634876723454022,14.092201492298406,0.582487579675712,-13.553123950889589
2023-11-07,Walk-Forward Portfolio Before Costs,9.2330296186792,14.103118440928213,0.5560982976792633,-13.553123950889589
2023-11-08,Walk-Forward Portfolio Before Costs,7.598208091214342,14.054240897719309,0.4502154455507615,-13.553123950889589
2023-11-09,Walk-Forward Portfolio Before Costs,7.12585328345845,14.047637331105511,0.41903193780134373,-13.553123950889589
2023-11-10,Walk-Forward Portfolio Before Costs,9.517542726465278,13.768126786985327,0.5851002424941121,-13.553123950889589
2023-11-13,Walk-Forward Portfolio Before Costs,10.07234517868687,13.752514299653818,0.6223662233598463,-13.553123950889589
2023-11-14,Walk-Forward Portfolio Before Costs,8.801454754888404,13.712367585316414,0.5390665344625537,-13.553123950889589
2023-11-15,Walk-Forward Portfolio Before Costs,7.336846543621323,13.561085231735367,0.4436165310368095,-13.553123950889589
2023-11-16,Walk-Forward Portfolio Before Costs,6.530595349884338,13.595948706035369,0.3873554109963401,-13.553123950889589
2023-11-17,Walk-Forward Portfolio Before Costs,4.099824034742561,13.326971707945651,0.21927763337092543,-13.553123950889589
2023-11-20,Walk-Forward Portfolio Before Costs,4.4942473814818085,13.337960548458941,0.24756481546640285,-13.553123950889589
2023-11-21,Walk-Forward Portfolio Before Costs,4.81201259820585,13.326950366894897,0.2704476890578334,-13.553123950889589
2023-11-22,Walk-Forward Portfolio Before Costs,3.951958997953464,13.383028078779835,0.2082975561717644,-13.553123950889589
2023-11-23,Walk-Forward Portfolio Before Costs,5.553847626180053,13.391843327476497,0.32246262986161384,-13.553123950889589
2023-11-24,Walk-Forward Portfolio Before Costs,3.274564636127608,13.293189477811406,0.1596279142401182,-13.553123950889589
2023-11-27,Walk-Forward Portfolio Before Costs,2.601991795943248,13.288126469437769,0.11046116330064182,-13.553123950889589
2023-11-28,Walk-Forward Portfolio Before Costs,1.5553174621609323,13.228926383942238,0.03285101750082063,-13.553123950889589
2023-11-29,Walk-Forward Portfolio Before Costs,1.5151156779245278,13.231612735763449,0.029878684823691413,-13.553123950889589
2023-11-30,Walk-Forward Portfolio Before Costs,1.3026665258890402,13.230504292294146,0.014034293970056774,-13.553123950889589
2023-12-01,Walk-Forward Portfolio Before Costs,0.8903293577240623,13.23767626017463,-0.016715049152482533,-13.553123950889589
2023-12-04,Walk-Forward Portfolio Before Costs,0.6994565823500665,13.24185945263048,-0.030969608125369957,-13.553123950889589
2023-12-05,Walk-Forward Portfolio Before Costs,-0.11836694827448424,13.310662055979773,-0.09138430984910821,-14.646677380754458
2023-12-06,Walk-Forward Portfolio Before Costs,0.3257140521006008,13.296463251359453,-0.05825885093158147,-14.818345936244636
2023-12-07,Walk-Forward Portfolio Before Costs,-0.17315992661396384,13.295274529269655,-0.09577137324288504,-15.000610126660863
2023-12-08,Walk-Forward Portfolio Before Costs,0.17189563749322456,13.293992981266781,-0.06983655635318028,-15.000610126660863
2023-12-11,Walk-Forward Portfolio Before Costs,0.9555354898964197,13.26012271382927,-0.011585110225721118,-15.050337990264994
2023-12-12,Walk-Forward Portfolio Before Costs,-0.7877851664120916,13.109405001512842,-0.1460872785641508,-15.050337990264994
2023-12-13,Walk-Forward Portfolio Before Costs,-2.699332427972889,13.202174981519022,-0.2914884703183914,-16.202492862019557
2023-12-14,Walk-Forward Portfolio Before Costs,-4.2533828963718605,13.14710528718394,-0.415705683245218,-16.514430049199646
2023-12-15,Walk-Forward Portfolio Before Costs,-4.16486386605508,13.143784698699628,-0.40881431003845686,-16.882148761692882
2023-12-18,Walk-Forward Portfolio Before Costs,-6.014395940939643,13.139209757632495,-0.5572894295183594,-17.680989236731705
2023-12-19,Walk-Forward Portfolio Before Costs,-6.225944917997028,13.13836030152286,-0.5744815239714713,-17.750983726439053
2023-12-20,Walk-Forward Portfolio Before Costs,-7.351944711624448,13.175637688540757,-0.6641465471818176,-18.59981558416326
2023-12-21,Walk-Forward Portfolio Before Costs,-6.035103117665585,13.211809510933037,-0.555173556524175,-18.59981558416326
2023-12-22,Walk-Forward Portfolio Before Costs,-5.763578945129089,13.218652508644437,-0.5329939862087207,-18.59981558416326
2023-12-25,Walk-Forward Portfolio Before Costs,-5.300326001053546,13.230718779816735,-0.49533143590970447,-18.59981558416326
2023-12-26,Walk-Forward Portfolio Before Costs,-5.001687833264167,13.213229653446396,-0.4723379961978675,-18.59981558416326
2023-12-27,Walk-Forward Portfolio Before Costs,-3.4884845183832613,13.204712992863229,-0.3530680035347561,-18.59981558416326
2023-12-28,Walk-Forward Portfolio Before Costs,-1.52067238320025,13.36324650078516,-0.1962971651995042,-18.59981558416326
2023-12-29,Walk-Forward Portfolio Before Costs,-1.074969160409689,13.35983460144607,-0.16258178157947906,-18.59981558416326
2024-01-02,Walk-Forward Portfolio Before Costs,1.0704884262607628,13.25137036953402,-0.003090798954648771,-18.59981558416326
2024-01-03,Walk-Forward Portfolio Before Costs,2.3517420949841883,13.212443268405943,0.09186180288277708,-18.59981558416326
2024-01-04,Walk-Forward Portfolio Before Costs,2.6677479657809977,13.19420216327931,0.11517266250426227,-18.59981558416326
2024-01-05,Walk-Forward Portfolio Before Costs,3.304033091723557,13.159464430703089,0.16208480993061503,-18.59981558416326
2024-01-08,Walk-Forward Portfolio Before Costs,2.285683155313767,13.2108577390249,0.08696934412836664,-18.59981558416326
2024-01-09,Walk-Forward Portfolio Before Costs,1.8892377327084153,13.185617193680162,0.05743118296006119,-18.59981558416326
2024-01-10,Walk-Forward Portfolio Before Costs,0.30042714153941663,13.134499242452735,-0.0625171681742257,-18.59981558416326
2024-01-11,Walk-Forward Portfolio Before Costs,0.5126994678650743,13.13605706614174,-0.04639936295613961,-18.59981558416326
2024-01-12,Walk-Forward Portfolio Before Costs,0.2581666324862786,13.138613569545551,-0.0656642950151013,-18.59981558416326
2024-01-15,Walk-Forward Portfolio Before Costs,-0.1596474270909809,13.123619470477246,-0.09771032130703759,-18.59981558416326
2024-01-16,Walk-Forward Portfolio Before Costs,-0.8024102938542499,13.086554603373457,-0.14770844590189725,-18.59981558416326
2024-01-17,Walk-Forward Portfolio Before Costs,-2.944092320867031,13.163194114768967,-0.311885235640207,-18.59981558416326
2024-01-18,Walk-Forward Portfolio Before Costs,-3.412757320528925,13.14437425558443,-0.3493406367737099,-18.59981558416326
2024-01-19,Walk-Forward Portfolio Before Costs,-3.8319407868125266,13.15752726208628,-0.38191247183158944,-18.59981558416326
2024-01-22,Walk-Forward Portfolio Before Costs,-7.319240628965007,13.318833477008463,-0.6529197738824188,-19.259022434960904
2024-01-23,Walk-Forward Portfolio Before Costs,-6.728028060996449,13.324946303952478,-0.6048509815324153,-19.259022434960904
2024-01-24,Walk-Forward Portfolio Before Costs,-4.341000784518457,13.505803493070315,-0.40791847902944683,-19.259022434960904
2024-01-25,Walk-Forward Portfolio Before Costs,-1.6317426299880977,13.748811242463132,-0.1952341904793473,-19.259022434960904
2024-01-26,Walk-Forward Portfolio Before Costs,-2.8354421085485693,13.686094558387376,-0.2867058537966987,-19.259022434960904
2024-01-29,Walk-Forward Portfolio Before Costs,-4.165485581201789,13.630865108821258,-0.38952062324695774,-19.259022434960904
2024-01-30,Walk-Forward Portfolio Before Costs,-5.44896937317203,13.700007131119648,-0.4852632181054145,-19.259022434960904
2024-01-31,Walk-Forward Portfolio Before Costs,-6.809638427348174,13.767145849361858,-0.5874906111617875,-19.259022434960904
2024-02-01,Walk-Forward Portfolio Before Costs,-6.795648847252778,13.767744846190519,-0.5863690992040196,-19.259022434960904
2024-02-02,Walk-Forward Portfolio Before Costs,-9.126051039625482,13.840193195832464,-0.7654666426441443,-19.259022434960904
2024-02-05,Walk-Forward Portfolio Before Costs,-9.693325130764329,13.835837290384395,-0.8109940492031513,-19.259022434960904
2024-02-06,Walk-Forward Portfolio Before Costs,-5.017712191789602,14.674693069533387,-0.4128761843028339,-19.259022434960904
2024-02-07,Walk-Forward Portfolio Before Costs,-4.895035947798732,14.684717891855328,-0.4037073467749839,-19.259022434960904
2024-02-08,Walk-Forward Portfolio Before Costs,-3.7193984294985327,14.726025044161869,-0.3187496497781566,-19.259022434960904
2024-02-19,Walk-Forward Portfolio Before Costs,-1.8322336839856512,14.78755765295096,-0.18556151508610663,-19.259022434960904
2024-02-20,Walk-Forward Portfolio Before Costs,-0.6254847884286097,14.765218769373945,-0.10332005046190902,-19.259022434960904
2024-02-21,Walk-Forward Portfolio Before Costs,-0.7503160683831167,14.763820660570701,-0.11185765190410099,-19.259022434960904
2024-02-22,Walk-Forward Portfolio Before Costs,0.7713625545960223,14.82812777355752,-0.008122625507154225,-19.259022434960904
2024-02-23,Walk-Forward Portfolio Before Costs,0.08936200257154692,14.80099527035923,-0.05428975080732277,-19.259022434960904
2024-02-26,Walk-Forward Portfolio Before Costs,-0.2819022294803797,14.802277061628743,-0.07937899597027932,-19.259022434960904
2024-02-27,Walk-Forward Portfolio Before Costs,0.42629224143908573,14.873663695399134,-0.030717150692682285,-19.259022434960904
2024-02-28,Walk-Forward Portfolio Before Costs,-2.0951640661772464,14.969205789644416,-0.199429170063162,-19.259022434960904
2024-02-29,Walk-Forward Portfolio Before Costs,0.18780987798978632,15.152494257729753,-0.04310518494737043,-19.259022434960904
2024-03-01,Walk-Forward Portfolio Before Costs,2.458218369252907,15.114650521657303,0.10467399047010445,-19.259022434960904
2024-03-04,Walk-Forward Portfolio Before Costs,3.5921985668059486,15.12785495970478,0.17748435527822648,-19.259022434960904
2024-03-05,Walk-Forward Portfolio Before Costs,1.2729732294892715,14.959949818041554,0.026444670911265213,-19.259022434960904
2024-03-06,Walk-Forward Portfolio Before Costs,1.4127087699362662,14.96842980617627,0.035725907382106174,-19.259022434960904
2024-03-07,Walk-Forward Portfolio Before Costs,1.8541703419029165,14.95343335857204,0.06466262115316712,-19.259022434960904
2024-03-08,Walk-Forward Portfolio Before Costs,2.0929280186371635,14.960738338962768,0.08035543766737305,-19.259022434960904
2024-03-11,Walk-Forward Portfolio Before Costs,3.7485520761693314,14.965124325052217,0.1878851329387897,-19.259022434960904
2024-03-12,Walk-Forward Portfolio Before Costs,3.548026622238498,14.972959809442395,0.17494178214558728,-19.259022434960904
2024-03-13,Walk-Forward Portfolio Before Costs,2.1919217080490716,14.9725719577445,0.08688296379367601,-19.259022434960904
2024-03-14,Walk-Forward Portfolio Before Costs,0.8041376976593018,14.932534885630425,-0.0048563219935554205,-19.259022434960904
2024-03-15,Walk-Forward Portfolio Before Costs,1.0072763585087685,14.938575019659478,0.008682801846416451,-19.259022434960904
2024-03-18,Walk-Forward Portfolio Before Costs,1.239245324707472,14.956409139848011,0.024186697913448393,-19.259022434960904
2024-03-19,Walk-Forward Portfolio Before Costs,1.2245421601696282,14.956934458139665,0.023219947972567666,-19.259022434960904
2024-03-20,Walk-Forward Portfolio Before Costs,2.5942558649683756,14.875545205810603,0.11289051577148126,-19.259022434960904
2024-03-21,Walk-Forward Portfolio Before Costs,2.4708973780564802,14.876100345732993,0.1048031098181021,-19.259022434960904
2024-03-22,Walk-Forward Portfolio Before Costs,0.9127695998398355,14.911555456906711,0.002143616113996478,-19.259022434960904
2024-03-25,Walk-Forward Portfolio Before Costs,2.631658961027039,14.81573513686796,0.11520235899726376,-19.259022434960904
2024-03-26,Walk-Forward Portfolio Before Costs,1.2410118423348937,14.69293842804658,0.022092458315937008,-19.259022434960904
2024-03-27,Walk-Forward Portfolio Before Costs,0.6533158575017906,14.740912917297619,-0.016993955338741703,-19.259022434960904
2024-03-28,Walk-Forward Portfolio Before Costs,1.1006657523778163,14.769708956015847,0.013350356434038499,-19.259022434960904
2024-03-29,Walk-Forward Portfolio Before Costs,2.9061132384166966,14.785854767789838,0.13321900537440404,-19.259022434960904
2024-04-01,Walk-Forward Portfolio Before Costs,3.143076784611165,14.81291603304798,0.1487703211431532,-19.259022434960904
2024-04-02,Walk-Forward Portfolio Before Costs,2.2915062212036874,14.82534493847443,0.09284057412683669,-19.259022434960904
2024-04-03,Walk-Forward Portfolio Before Costs,0.9569340942486404,14.798707095734349,0.003993112954091674,-19.259022434960904
2024-04-08,Walk-Forward Portfolio Before Costs,-0.7511929696681019,14.799832709008456,-0.11129809578049263,-19.259022434960904
2024-04-09,Walk-Forward Portfolio Before Costs,-2.0712963666028483,14.71382822495048,-0.20380142474497293,-19.259022434960904
2024-04-10,Walk-Forward Portfolio Before Costs,-2.946713332944517,14.732759972128093,-0.2642959160038903,-19.259022434960904
2024-04-11,Walk-Forward Portfolio Before Costs,-1.9968895883254678,14.76768991889181,-0.19738100417759594,-19.259022434960904
2024-04-12,Walk-Forward Portfolio Before Costs,-1.2318458452080128,14.725796627166885,-0.14555982503417017,-19.259022434960904
2024-04-15,Walk-Forward Portfolio Before Costs,0.8542767993096945,14.852513844952151,-0.0023457638994921984,-19.259022434960904
2024-04-16,Walk-Forward Portfolio Before Costs,-0.3156781813887122,14.859995140335114,-0.08079466455706819,-19.259022434960904
2024-04-17,Walk-Forward Portfolio Before Costs,1.0597931990090403,15.012713932404623,0.012802408499821076,-19.259022434960904
2024-04-18,Walk-Forward Portfolio Before Costs,0.18203078481635604,14.990001301201941,-0.045602892387411643,-19.259022434960904
2024-04-19,Walk-Forward Portfolio Before Costs,0.016763497078509104,14.994549078510733,-0.05655499581177266,-19.259022434960904
2024-04-22,Walk-Forward Portfolio Before Costs,-0.9377190501651089,15.016097953389881,-0.12011830080206871,-19.259022434960904
2024-04-23,Walk-Forward Portfolio Before Costs,-2.7478240667418774,15.069112701408146,-0.2415380003134136,-19.259022434960904
2024-04-24,Walk-Forward Portfolio Before Costs,-1.742287021507738,15.067575262432229,-0.17331325654967253,-19.259022434960904
2024-04-25,Walk-Forward Portfolio Before Costs,-2.4109572939806423,15.065086661124994,-0.21869160232077983,-19.259022434960904
2024-04-26,Walk-Forward Portfolio Before Costs,-1.848699704698542,15.075693574692567,-0.18032670772137038,-19.259022434960904
2024-04-29,Walk-Forward Portfolio Before Costs,-0.4907936989206996,15.066978719715603,-0.08932676266727886,-19.259022434960904
2024-04-30,Walk-Forward Portfolio Before Costs,-1.0222469909141108,15.0680325358485,-0.12484964550863106,-19.259022434960904
2024-05-06,Walk-Forward Portfolio Before Costs,-0.7033144699031935,15.083889664589023,-0.10323353779590955,-19.259022434960904
2024-05-07,Walk-Forward Portfolio Before Costs,-0.7744877706710507,15.08372513698176,-0.10799004931458606,-19.259022434960904
2024-05-08,Walk-Forward Portfolio Before Costs,-0.5373826748331423,15.068087085228262,-0.09241975391795951,-19.259022434960904
2024-05-09,Walk-Forward Portfolio Before Costs,1.344865203966883,15.173025395261321,0.032813263757469416,-19.259022434960904
2024-05-10,Walk-Forward Portfolio Before Costs,4.5545785837116215,14.939315356949793,0.2396814516736435,-19.259022434960904
2024-05-13,Walk-Forward Portfolio Before Costs,5.6238630505501375,14.930617671409617,0.30789940095112084,-19.259022434960904
2024-05-14,Walk-Forward Portfolio Before Costs,7.022119142821248,14.846955475607073,0.3973936129955413,-19.259022434960904
2024-05-15,Walk-Forward Portfolio Before Costs,5.291806641788721,14.886673465692807,0.28720805336407745,-19.259022434960904
2024-05-16,Walk-Forward Portfolio Before Costs,5.067720402725673,14.880136468653179,0.27294812445691474,-19.259022434960904
2024-05-17,Walk-Forward Portfolio Before Costs,6.187302736152955,14.927408220567076,0.3435751139607735,-19.259022434960904
2024-05-20,Walk-Forward Portfolio Before Costs,6.415585669269097,14.927038457701611,0.3579707431813306,-19.259022434960904
2024-05-21,Walk-Forward Portfolio Before Costs,6.096612337366225,14.9340864637714,0.3377652963768499,-19.259022434960904
2024-05-22,Walk-Forward Portfolio Before Costs,5.528501454451917,14.907042546870079,0.3020841153115803,-19.259022434960904
2024-05-23,Walk-Forward Portfolio Before Costs,4.426873465344872,14.982461233288364,0.23126282317002975,-19.259022434960904
2024-05-24,Walk-Forward Portfolio Before Costs,4.091294114498623,14.988035731169361,0.2097527822752776,-19.259022434960904
2024-05-27,Walk-Forward Portfolio Before Costs,5.735100634456258,15.049606771907452,0.31363809549834054,-19.259022434960904
2024-05-28,Walk-Forward Portfolio Before Costs,6.302620714674356,15.01349997064195,0.34969320770075524,-19.259022434960904
2024-05-29,Walk-Forward Portfolio Before Costs,5.684763927851377,14.990353726188784,0.31110691206698,-19.259022434960904
2024-05-30,Walk-Forward Portfolio Before Costs,6.485085487795761,14.98147304322548,0.3615733380918111,-19.259022434960904
2024-05-31,Walk-Forward Portfolio Before Costs,5.954826326672702,14.99669157565571,0.32806121411730077,-19.259022434960904
2024-06-03,Walk-Forward Portfolio Before Costs,5.766734241858451,15.000046277669565,0.3161729267703281,-19.259022434960904
2024-06-04,Walk-Forward Portfolio Before Costs,7.1929879903665395,15.028924885350165,0.4050032861268748,-19.259022434960904
2024-06-05,Walk-Forward Portfolio Before Costs,6.219461225908773,15.049853187466763,0.3440093532773942,-19.259022434960904
2024-06-06,Walk-Forward Portfolio Before Costs,6.634513671858855,15.03007882193092,0.37021813657375957,-19.259022434960904
2024-06-07,Walk-Forward Portfolio Before Costs,8.023812497630288,14.966084649755512,0.45767669149553863,-19.259022434960904
2024-06-11,Walk-Forward Portfolio Before Costs,7.56693554491521,14.976913823293007,0.42914491383646103,-19.259022434960904
2024-06-12,Walk-Forward Portfolio Before Costs,6.741498926032596,14.96717415729558,0.3778432746847086,-19.259022434960904
2024-06-13,Walk-Forward Portfolio Before Costs,6.908814345391834,14.96175272682166,0.38839750923195915,-19.259022434960904
2024-06-14,Walk-Forward Portfolio Before Costs,8.149603048610343,15.001704815812197,0.4647024294133409,-19.259022434960904
2024-06-17,Walk-Forward Portfolio Before Costs,8.184148205612063,15.00143705524011,0.466837735408298,-19.259022434960904
2024-06-18,Walk-Forward Portfolio Before Costs,8.828710438046983,15.014143134898092,0.5061480771112066,-19.259022434960904
2024-06-19,Walk-Forward Portfolio Before Costs,6.981170477251353,15.01695626250733,0.3920245462069217,-19.259022434960904
2024-06-20,Walk-Forward Portfolio Before Costs,5.845308801255422,15.060138940770553,0.3204355821402378,-19.259022434960904
2024-06-21,Walk-Forward Portfolio Before Costs,8.008161674108605,14.992732596798634,0.4561568786284084,-19.259022434960904
2024-06-24,Walk-Forward Portfolio Before Costs,6.621381625706002,15.055692781655559,0.3690200493908667,-19.259022434960904
2024-06-25,Walk-Forward Portfolio Before Costs,5.568279575955826,15.057347881057137,0.30305595330027246,-19.259022434960904
2024-06-26,Walk-Forward Portfolio Before Costs,6.143532934839802,15.094415145848247,0.33868852690580487,-19.259022434960904
2024-06-27,Walk-Forward Portfolio Before Costs,4.854069094382174,15.111227356175533,0.2575747066588219,-19.259022434960904
2024-06-28,Walk-Forward Portfolio Before Costs,4.23211354589943,15.070279171083667,0.21838479314400186,-19.259022434960904
2024-07-01,Walk-Forward Portfolio Before Costs,4.689150019747923,15.077254295053596,0.24737792979827908,-19.259022434960904
2024-07-02,Walk-Forward Portfolio Before Costs,1.9268273432674787,15.035615089909731,0.069782051190995,-19.259022434960904
2024-07-03,Walk-Forward Portfolio Before Costs,0.34343140242281134,15.025414788905495,-0.0344797806144157,-19.259022434960904
2024-07-04,Walk-Forward Portfolio Before Costs,-0.9197047151155657,15.04207628527098,-0.11849435781663915,-19.259022434960904
2024-07-05,Walk-Forward Portfolio Before Costs,-0.5102115174574595,15.038671719291866,-0.09112927331603345,-19.259022434960904
2024-07-08,Walk-Forward Portfolio Before Costs,0.13197479165185655,14.96634292784833,-0.0493127854315941,-19.259022434960904
2024-07-09,Walk-Forward Portfolio Before Costs,3.200071950196559,14.911697849143108,0.1523612112856979,-19.259022434960904
2024-07-10,Walk-Forward Portfolio Before Costs,1.633077150690876,14.899378616320815,0.04966015426314092,-19.259022434960904
2024-07-11,Walk-Forward Portfolio Before Costs,4.177232784755347,15.053076653796444,0.21492881245007872,-19.259022434960904
2024-07-12,Walk-Forward Portfolio Before Costs,3.9081958573812914,15.059382434305185,0.1977274626895232,-19.259022434960904
2024-07-15,Walk-Forward Portfolio Before Costs,3.060796193085147,15.050424092340805,0.1433380550916981,-19.259022434960904
2024-07-16,Walk-Forward Portfolio Before Costs,2.661355372078611,15.023493231128255,0.117477041124144,-19.259022434960904
2024-07-17,Walk-Forward Portfolio Before Costs,2.118377163138918,15.013999526138502,0.08213144497551073,-19.259022434960904
2024-07-18,Walk-Forward Portfolio Before Costs,3.033289798509564,15.014298377965455,0.14154730609611318,-19.259022434960904
2024-07-19,Walk-Forward Portfolio Before Costs,3.3968460844078896,15.020120859047504,0.16500491403508466,-19.259022434960904
2024-07-22,Walk-Forward Portfolio Before Costs,2.8902226488417337,15.032741906656566,0.13231283176390027,-19.259022434960904
2024-07-23,Walk-Forward Portfolio Before Costs,-0.13740183396071526,15.241332631992918,-0.06338055506269777,-19.259022434960904
2024-07-24,Walk-Forward Portfolio Before Costs,-1.675408277610979,15.246627772782565,-0.16510463757077162,-19.259022434960904
2024-07-25,Walk-Forward Portfolio Before Costs,-1.5858767304510857,15.245860953999355,-0.15915084403699561,-19.259022434960904
2024-07-26,Walk-Forward Portfolio Before Costs,-1.3475587044161519,15.26528779413139,-0.14291328708971374,-19.259022434960904
2024-07-29,Walk-Forward Portfolio Before Costs,-1.9022479152343008,15.28133556979385,-0.17950007697239329,-19.259022434960904
2024-07-30,Walk-Forward Portfolio Before Costs,-2.3790490851770763,15.290913177728042,-0.21115480951278018,-19.259022434960904
2024-07-31,Walk-Forward Portfolio Before Costs,-0.38501953455666316,15.493657156292143,-0.07591326369294465,-19.259022434960904
2024-08-01,Walk-Forward Portfolio Before Costs,-0.607270690625894,15.495959585160039,-0.09029345081578515,-19.259022434960904
2024-08-02,Walk-Forward Portfolio Before Costs,-0.8106961720729666,15.506721045496594,-0.10333521670090058,-19.259022434960904
2024-08-05,Walk-Forward Portfolio Before Costs,-1.7643548380389618,15.538970268152477,-0.16497050082578674,-19.259022434960904
2024-08-06,Walk-Forward Portfolio Before Costs,-1.4835170297061828,15.538270596204843,-0.14661292550114882,-19.259022434960904
2024-08-07,Walk-Forward Portfolio Before Costs,-3.4264032926404675,15.438782028830438,-0.2775493995103575,-19.259022434960904
2024-08-08,Walk-Forward Portfolio Before Costs,-3.1163337502585597,15.438181738853887,-0.25680408840473246,-19.259022434960904
2024-08-09,Walk-Forward Portfolio Before Costs,-3.9206003314223525,15.457208360202085,-0.3102220627622366,-19.259022434960904
2024-08-12,Walk-Forward Portfolio Before Costs,-6.107636311174169,15.337807738369074,-0.4639163913227149,-19.259022434960904
2024-08-13,Walk-Forward Portfolio Before Costs,-7.4531856271808135,15.259056758393092,-0.561663034407883,-19.259022434960904
2024-08-14,Walk-Forward Portfolio Before Costs,-8.288624501823039,15.30203386827206,-0.6188992479177048,-19.259022434960904
2024-08-15,Walk-Forward Portfolio Before Costs,-6.756391941044759,15.342941523967271,-0.5088830432303645,-19.259022434960904
2024-08-16,Walk-Forward Portfolio Before Costs,-7.33503158525437,15.322532218048723,-0.5503798133165922,-19.259022434960904
2024-08-19,Walk-Forward Portfolio Before Costs,-7.351422633273009,15.322245833512394,-0.5515471855764027,-18.763007530329425
2024-08-20,Walk-Forward Portfolio Before Costs,-7.84383582128938,15.35162742907252,-0.5849003424977307,-18.763007530329425
2024-08-21,Walk-Forward Portfolio Before Costs,-8.327027714473223,15.359567473190458,-0.6187348606805365,-18.4623648033593
2024-08-22,Walk-Forward Portfolio Before Costs,-8.136788286041273,15.35177839751299,-0.605627224047037,-18.4623648033593
2024-08-23,Walk-Forward Portfolio Before Costs,-7.789886621486575,15.365702482341076,-0.5804177169177769,-16.787312084288118
2024-08-26,Walk-Forward Portfolio Before Costs,-6.00132009449511,15.236139530705598,-0.46060924928822566,-16.76028393894168
2024-08-27,Walk-Forward Portfolio Before Costs,-6.0629108241917145,15.238082713087689,-0.4648315588363503,-16.76028393894168
2024-08-28,Walk-Forward Portfolio Before Costs,-6.352467481167123,15.241647047228238,-0.4849381639418923,-16.76028393894168
2024-08-29,Walk-Forward Portfolio Before Costs,-5.151111968815081,15.236337930040673,-0.40151592807552167,-16.76028393894168
2024-08-30,Walk-Forward Portfolio Before Costs,-4.0808134931950235,15.281925676223537,-0.3264516696095438,-16.76028393894168
2024-09-02,Walk-Forward Portfolio Before Costs,-3.8387950527944303,15.265446743144151,-0.3104641964704326,-16.76028393894168
2024-09-03,Walk-Forward Portfolio Before Costs,-1.9556438457962733,15.26092073942131,-0.18353169635776975,-16.76028393894168
2024-09-04,Walk-Forward Portfolio Before Costs,-2.797252600728428,15.260932448378533,-0.24001902299375405,-16.76028393894168
2024-09-05,Walk-Forward Portfolio Before Costs,-1.2673283232130461,15.199728010308558,-0.13886099415927267,-16.76028393894168
2024-09-06,Walk-Forward Portfolio Before Costs,-1.829431314324792,15.215189981425004,-0.17608925996752867,-16.76028393894168
2024-09-09,Walk-Forward Portfolio Before Costs,-2.694274651699724,15.257996423509686,-0.23315669564018282,-16.76028393894168
2024-09-10,Walk-Forward Portfolio Before Costs,-4.53035984269019,15.18086009167938,-0.3605745521399783,-16.76028393894168
2024-09-11,Walk-Forward Portfolio Before Costs,-5.521414979936756,15.135983530377933,-0.431019161186321,-16.76028393894168
2024-09-12,Walk-Forward Portfolio Before Costs,-6.1788189705414664,15.142690395493558,-0.4768639360135389,-16.76028393894168
2024-09-13,Walk-Forward Portfolio Before Costs,-5.998842817020944,15.136249012481183,-0.4644726355289369,-16.76028393894168
2024-09-18,Walk-Forward Portfolio Before Costs,-6.105411935181026,15.130283130149133,-0.4722104098963601,-16.76028393894168
2024-09-19,Walk-Forward Portfolio Before Costs,-6.776313112766685,15.067490143283186,-0.5223784369682299,-16.517716597762934
2024-09-20,Walk-Forward Portfolio Before Costs,-6.364044622141696,15.066091935497761,-0.4931591535102531,-16.35012570361797
2024-09-23,Walk-Forward Portfolio Before Costs,-6.0802930451402055,15.065525457313612,-0.47310339811910157,-15.871847286292674
2024-09-24,Walk-Forward Portfolio Before Costs,-2.1039033347619474,15.41488123365532,-0.1900518512267897,-15.871847286292674
2024-09-25,Walk-Forward Portfolio Before Costs,0.16468273122014487,15.48632621501752,-0.040543378883809565,-15.871847286292674
2024-09-26,Walk-Forward Portfolio Before Costs,2.6622430044659806,15.842721681710586,0.11926841389930871,-15.721235707408942
2024-09-27,Walk-Forward Portfolio Before Costs,7.275481223571556,16.412322387637886,0.3884345700119513,-14.97485883532782
2024-09-30,Walk-Forward Portfolio Before Costs,17.818018008566106,18.6128331496756,0.8658746549914256,-14.902224458953784
2024-10-08,Walk-Forward Portfolio Before Costs,24.2630638546653,19.354230241737742,1.115107694049279,-14.488075118423327
2024-10-09,Walk-Forward Portfolio Before Costs,16.5978533708548,20.5050991301798,0.7534283854181846,-14.488075118423327
2024-10-10,Walk-Forward Portfolio Before Costs,17.814819846474485,20.52940597915641,0.8033897737967012,-14.488075118423327
2024-10-11,Walk-Forward Portfolio Before Costs,14.60955175974965,20.709781921510903,0.664934827803817,-14.402367848885344
2024-10-14,Walk-Forward Portfolio Before Costs,17.713732462859966,20.803830233269522,0.7913953289820124,-14.402367848885344
2024-10-15,Walk-Forward Portfolio Before Costs,14.919080399904438,21.019395279166407,0.6710715087454221,-14.402367848885344
2024-10-16,Walk-Forward Portfolio Before Costs,12.971949043822484,21.002568699212528,0.5900300121320777,-14.081809862317096
2024-10-17,Walk-Forward Portfolio Before Costs,12.137336272814348,21.03058046808885,0.5542463973264578,-13.522143973071154
2024-10-18,Walk-Forward Portfolio Before Costs,15.533647985948962,21.1351640308752,0.6937836679103819,-13.522143973071154
2024-10-21,Walk-Forward Portfolio Before Costs,16.07804499613854,21.140431911111982,0.7159147409505112,-13.43531678044474
2024-10-22,Walk-Forward Portfolio Before Costs,17.045038948259684,21.15016176515071,0.7549335284724877,-13.308230458669247
2024-10-23,Walk-Forward Portfolio Before Costs,17.859757642776653,21.15439548731563,0.7876386096451005,-13.134792004042994
2024-10-24,Walk-Forward Portfolio Before Costs,17.574487037936002,21.16828739055903,0.7758051752850581,-13.134792004042994
2024-10-25,Walk-Forward Portfolio Before Costs,19.096272924451906,21.170525285977174,0.8365358905138113,-13.134792004042994
2024-10-28,Walk-Forward Portfolio Before Costs,18.23316188541353,21.13800111093247,0.8030659682513913,-12.323178588106131
2024-10-29,Walk-Forward Portfolio Before Costs,18.130898157258457,21.142248188387864,0.7988515017798927,-11.365788677529643
2024-10-30,Walk-Forward Portfolio Before Costs,18.692492841780407,21.111282375474172,0.8221928870525974,-11.365788677529643
2024-10-31,Walk-Forward Portfolio Before Costs,18.459945032141167,21.108446226085302,0.8129772072624288,-11.144473480292715
2024-11-01,Walk-Forward Portfolio Before Costs,20.327722178957153,21.074582179048306,0.88823419313552,-11.144473480292715
2024-11-04,Walk-Forward Portfolio Before Costs,23.68625604057555,20.995559989784294,1.0220099706402617,-11.144473480292715
2024-11-05,Walk-Forward Portfolio Before Costs,26.969032178798514,21.080241601338543,1.1431182590502165,-11.144473480292715
2024-11-06,Walk-Forward Portfolio Before Costs,28.97135138373079,21.010950126659225,1.2207399517069482,-11.144473480292715
2024-11-07,Walk-Forward Portfolio Before Costs,31.176166320730836,21.12474584216421,1.2956084097696563,-11.144473480292715
2024-11-08,Walk-Forward Portfolio Before Costs,29.460977498687036,21.100205350585153,1.2344246989994812,-11.144473480292715
2024-11-11,Walk-Forward Portfolio Before Costs,30.550924033538497,21.11674377897616,1.2733687725345835,-11.144473480292715
2024-11-12,Walk-Forward Portfolio Before Costs,27.863182115175398,21.04701986462604,1.1779529982168921,-11.144473480292715
2024-11-13,Walk-Forward Portfolio Before Costs,30.090161083278222,21.099248438185118,1.2574774296799802,-11.144473480292715
2024-11-14,Walk-Forward Portfolio Before Costs,28.654185973323408,21.171139587369908,1.2014454346699561,-11.144473480292715
2024-11-15,Walk-Forward Portfolio Before Costs,29.090090347343043,21.165222078938832,1.2177209329378385,-11.144473480292715
2024-11-18,Walk-Forward Portfolio Before Costs,27.79401260590497,21.206811932406314,1.1681157510284241,-11.144473480292715
2024-11-19,Walk-Forward Portfolio Before Costs,26.114384640783996,21.211432689931232,1.1054698008838095,-11.144473480292715
2024-11-20,Walk-Forward Portfolio Before Costs,25.67363472259878,21.1960843028159,1.0895853313523576,-11.144473480292715
2024-11-21,Walk-Forward Portfolio Before Costs,27.1850463777602,21.19233508699976,1.1462082276445253,-11.144473480292715
2024-11-22,Walk-Forward Portfolio Before Costs,25.4719720082897,21.25857880766084,1.0794485345084477,-11.144473480292715
2024-11-25,Walk-Forward Portfolio Before Costs,26.694279519655993,21.27732079024009,1.124291708964838,-11.144473480292715
2024-11-26,Walk-Forward Portfolio Before Costs,25.383739943630367,21.339252837385924,1.0728763628463307,-11.144473480292715
2024-11-27,Walk-Forward Portfolio Before Costs,27.663433097196144,21.396667584055685,1.1548593729092693,-11.144473480292715
2024-11-28,Walk-Forward Portfolio Before Costs,25.939782757364416,21.450502566643003,1.089064671433275,-11.144473480292715
2024-11-29,Walk-Forward Portfolio Before Costs,26.325727612452553,21.463417634450106,1.102807137672098,-11.144473480292715
2024-12-02,Walk-Forward Portfolio Before Costs,27.56925229416083,21.436500446994028,1.1496655263177276,-11.144473480292715
2024-12-03,Walk-Forward Portfolio Before Costs,26.93372282565982,21.435662186262842,1.1263788348505974,-11.144473480292715
2024-12-04,Walk-Forward Portfolio Before Costs,25.11667819093093,21.450928721682516,1.0584472664091653,-11.144473480292715
2024-12-05,Walk-Forward Portfolio Before Costs,25.211863971316937,21.44961078890823,1.0620480732499393,-11.144473480292715
2024-12-06,Walk-Forward Portfolio Before Costs,28.32682382146132,21.429295546713238,1.1776354222499972,-11.144473480292715
2024-12-09,Walk-Forward Portfolio Before Costs,27.541407762909188,21.41631503979324,1.1495238650180555,-11.144473480292715
2024-12-10,Walk-Forward Portfolio Before Costs,28.717249020221924,21.410754051862995,1.1926746225980438,-11.144473480292715
2024-12-11,Walk-Forward Portfolio Before Costs,29.362703505241416,21.409120518248137,1.2161388518925735,-11.144473480292715
2024-12-12,Walk-Forward Portfolio Before Costs,30.093146416826855,21.4203302592394,1.2419290979365578,-11.144473480292715
2024-12-13,Walk-Forward Portfolio Before Costs,29.356162414999076,21.454643544570263,1.2137789399093728,-11.144473480292715
2024-12-16,Walk-Forward Portfolio Before Costs,28.32338988812304,21.47461188929219,1.175481487458725,-11.144473480292715
2024-12-17,Walk-Forward Portfolio Before Costs,29.17932037701949,21.468237337951347,1.2067671904153465,-11.144473480292715
2024-12-18,Walk-Forward Portfolio Before Costs,30.183101076807063,21.46443200994068,1.2430450740712837,-11.144473480292715
2024-12-19,Walk-Forward Portfolio Before Costs,33.089376767640985,21.408232600051548,1.3489960512393804,-11.144473480292715
2024-12-20,Walk-Forward Portfolio Before Costs,32.07059353407684,21.433441575232674,1.311766602055243,-11.144473480292715
2024-12-23,Walk-Forward Portfolio Before Costs,32.09635452212414,21.43314644376325,1.3126927785313238,-11.144473480292715
2024-12-24,Walk-Forward Portfolio Before Costs,33.38121386820183,21.455591129758144,1.356711050190813,-11.144473480292715
2024-12-25,Walk-Forward Portfolio Before Costs,33.5985622479974,21.453860507939304,1.3644019386687274,-11.144473480292715
2024-12-26,Walk-Forward Portfolio Before Costs,34.042116420642785,21.458351679681066,1.3796266083488777,-11.144473480292715
2024-12-27,Walk-Forward Portfolio Before Costs,35.78594613352924,21.393159499015994,1.4436702276668134,-11.144473480292715
2024-12-30,Walk-Forward Portfolio Before Costs,37.53367248575541,21.401339474199972,1.503036522733833,-11.144473480292715
2024-12-31,Walk-Forward Portfolio Before Costs,36.273321353394515,21.445393104449124,1.4574056281322896,-11.144473480292715
2025-01-02,Walk-Forward Portfolio Before Costs,33.69539430835076,21.622370365675152,1.3588281344545914,-11.144473480292715
2025-01-03,Walk-Forward Portfolio Before Costs,32.350840542431534,21.655466736035212,1.3103506942547596,-11.144473480292715
2025-01-06,Walk-Forward Portfolio Before Costs,33.6886157800504,21.625100422072013,1.3584493638654762,-11.144473480292715
2025-01-07,Walk-Forward Portfolio Before Costs,32.67041738948018,21.606805258877014,1.323991169010332,-11.144473480292715
2025-01-08,Walk-Forward Portfolio Before Costs,31.827461018652325,21.60692116652915,1.2944499226439212,-11.144473480292715
2025-01-09,Walk-Forward Portfolio Before Costs,30.281224582515765,21.615482087890303,1.2393756711721875,-11.144473480292715
2025-01-10,Walk-Forward Portfolio Before Costs,29.3878123442034,21.648764176095423,1.2059833552161188,-11.144473480292715
2025-01-13,Walk-Forward Portfolio Before Costs,27.681419637538916,21.65296127623303,1.1444132043346529,-11.144473480292715
2025-01-14,Walk-Forward Portfolio Before Costs,28.59712614301735,21.73086279924485,1.1739873379459627,-11.144473480292715
2025-01-15,Walk-Forward Portfolio Before Costs,27.772258178072807,21.739931398912425,1.1439563015275587,-11.144473480292715
2025-01-16,Walk-Forward Portfolio Before Costs,28.070663853795487,21.744313405192507,1.154508646788459,-11.144473480292715
2025-01-17,Walk-Forward Portfolio Before Costs,28.508992289152314,21.748937614487385,1.170035792979063,-11.144473480292715
2025-01-20,Walk-Forward Portfolio Before Costs,28.943494504645063,21.740257353176844,1.1859591130422094,-11.144473480292715
2025-01-21,Walk-Forward Portfolio Before Costs,29.259239226166134,21.73563661594717,1.1974295998163813,-11.144473480292715
2025-01-22,Walk-Forward Portfolio Before Costs,30.576560270878296,21.69963964927731,1.2458348673042607,-11.144473480292715
2025-01-23,Walk-Forward Portfolio Before Costs,29.98353615762024,21.69286689848462,1.2251492049209387,-11.144473480292715
2025-01-24,Walk-Forward Portfolio Before Costs,31.754639223825997,21.70579949218134,1.2869691545330615,-11.144473480292715
2025-01-27,Walk-Forward Portfolio Before Costs,31.346460990716963,21.70674970487117,1.2726111130716573,-11.144473480292715
2025-02-05,Walk-Forward Portfolio Before Costs,30.391738473937924,21.73129404482803,1.2378104169020439,-11.144473480292715
2025-02-06,Walk-Forward Portfolio Before Costs,31.290951658620102,21.74697122802131,1.2687122074307176,-11.144473480292715
2025-02-07,Walk-Forward Portfolio Before Costs,32.810193112422326,21.794184326140726,1.3192813310778928,-11.144473480292715
2025-02-10,Walk-Forward Portfolio Before Costs,35.79320670715447,21.735814857875045,1.4245559820885694,-11.144473480292715
2025-02-11,Walk-Forward Portfolio Before Costs,35.28561979817984,21.73690739107662,1.4072443773802277,-11.144473480292715
2025-02-12,Walk-Forward Portfolio Before Costs,37.51256718082154,21.741430076100723,1.4821909758573661,-11.144473480292715
2025-02-13,Walk-Forward Portfolio Before Costs,39.800235002503825,21.608983496668763,1.566388389029913,-11.144473480292715
2025-02-14,Walk-Forward Portfolio Before Costs,41.09228650682859,21.64088368103321,1.6069657107828408,-11.144473480292715
2025-02-17,Walk-Forward Portfolio Before Costs,38.48646156365463,21.54277700631005,1.526663177210148,-11.144473480292715
2025-02-18,Walk-Forward Portfolio Before Costs,32.922734833815895,21.46946908365296,1.3399363774445163,-11.144473480292715
2025-02-19,Walk-Forward Portfolio Before Costs,34.50793304401927,21.499497461700027,1.3935713136106287,-11.144473480292715
2025-02-20,Walk-Forward Portfolio Before Costs,33.51264546590045,21.522105572673283,1.35778198604072,-11.144473480292715
2025-02-21,Walk-Forward Portfolio Before Costs,37.74908957684846,21.528856920016022,1.5026967786839003,-11.144473480292715
2025-02-24,Walk-Forward Portfolio Before Costs,39.87798231775035,21.475030815285646,1.5774373278127782,-11.144473480292715
2025-02-25,Walk-Forward Portfolio Before Costs,37.48785387168974,21.512744712546375,1.4948243325692754,-11.144473480292715
2025-02-26,Walk-Forward Portfolio Before Costs,40.29872818061278,21.43574884116606,1.5939625315895318,-11.144473480292715
2025-02-27,Walk-Forward Portfolio Before Costs,40.53211151841638,21.433310748465743,1.6018853851542416,-11.144473480292715
2025-02-28,Walk-Forward Portfolio Before Costs,31.388632925683567,21.00720306396986,1.3096006302992809,-11.144473480292715
2025-03-03,Walk-Forward Portfolio Before Costs,30.440939952963486,20.983053151501625,1.2763299565518806,-11.144473480292715
2025-03-04,Walk-Forward Portfolio Before Costs,29.751424479203294,20.964792621311304,1.2519519103322936,-11.144473480292715
2025-03-05,Walk-Forward Portfolio Before Costs,28.705224513626824,20.929020238467654,1.2150141516933304,-11.144473480292715
2025-03-06,Walk-Forward Portfolio Before Costs,30.13982202991292,20.971201656965935,1.2659012378234435,-11.144473480292715
2025-03-07,Walk-Forward Portfolio Before Costs,30.13835907388782,20.971202295820408,1.2658475405672174,-11.144473480292715
2025-03-10,Walk-Forward Portfolio Before Costs,27.75183773502594,20.940051863479784,1.178938895651668,-11.144473480292715
2025-03-11,Walk-Forward Portfolio Before Costs,27.682204986181613,20.93974393307123,1.1763467051320593,-11.144473480292715
2025-03-12,Walk-Forward Portfolio Before Costs,27.60729013010326,20.94077512167505,1.1734934475010206,-11.144473480292715
2025-03-13,Walk-Forward Portfolio Before Costs,25.21801902758618,20.86954177487091,1.086137040009081,-11.144473480292715
2025-03-14,Walk-Forward Portfolio Before Costs,29.139131195209945,20.811552549015232,1.2368836259778964,-11.144473480292715
2025-03-17,Walk-Forward Portfolio Before Costs,25.95955504457177,20.69198810041386,1.1222499499140661,-11.144473480292715
2025-03-18,Walk-Forward Portfolio Before Costs,25.34118967879746,20.67935763428786,1.0989885545872957,-11.144473480292715
2025-03-19,Walk-Forward Portfolio Before Costs,23.68686445458423,20.68014474329498,1.0346468296575648,-11.144473480292715
2025-03-20,Walk-Forward Portfolio Before Costs,22.794884492546185,20.697061426714964,0.9989686358004913,-11.144473480292715
2025-03-21,Walk-Forward Portfolio Before Costs,20.582621254709643,20.6978016776816,0.9110305841035831,-11.144473480292715
2025-03-24,Walk-Forward Portfolio Before Costs,21.4750313325216,20.697610073608992,0.9466921358902552,-11.144473480292715
2025-03-25,Walk-Forward Portfolio Before Costs,21.13020071048508,20.692559672132766,0.9331234908224677,-11.144473480292715
2025-03-26,Walk-Forward Portfolio Before Costs,19.84501182036096,20.679898070455504,0.8819472004798485,-11.144473480292715
2025-03-27,Walk-Forward Portfolio Before Costs,20.323146691171168,20.668971655445333,0.9015836318716431,-11.144473480292715
2025-03-28,Walk-Forward Portfolio Before Costs,21.13666521773052,20.656355998434332,0.9346564295075511,-11.144473480292715
2025-03-31,Walk-Forward Portfolio Before Costs,19.98424186211707,20.693193956915753,0.8871302738077423,-11.144473480292715
2025-04-01,Walk-Forward Portfolio Before Costs,20.285597653303423,20.700526021802077,0.8990163621296844,-11.144473480292715
2025-04-02,Walk-Forward Portfolio Before Costs,18.7340492848157,20.66648359691314,0.8372906779645893,-11.144473480292715
2025-04-03,Walk-Forward Portfolio Before Costs,18.58633208176701,20.6705576479388,0.8311394203327327,-11.144473480292715
2025-04-07,Walk-Forward Portfolio Before Costs,9.333688167607068,22.195788149603338,0.4233055749100647,-11.626890743542528
2025-04-08,Walk-Forward Portfolio Before Costs,12.34909441173988,22.34637454599258,0.5437318064984271,-11.626890743542528
2025-04-09,Walk-Forward Portfolio Before Costs,15.207264670179278,22.357679282464172,0.6559954654520432,-11.626890743542528
2025-04-10,Walk-Forward Portfolio Before Costs,16.61401701620031,22.387477431109804,0.7096654645440956,-11.626890743542528
2025-04-11,Walk-Forward Portfolio Before Costs,16.11395814538883,22.380885907414605,0.6905945645908808,-11.626890743542528
2025-04-14,Walk-Forward Portfolio Before Costs,18.158006898257597,22.325747973409374,0.7699653764732209,-11.626890743542528
2025-04-15,Walk-Forward Portfolio Before Costs,16.616953545836143,22.299404335205935,0.7116993790501113,-11.626890743542528
2025-04-16,Walk-Forward Portfolio Before Costs,15.685835670501369,22.27905844535871,0.6761410921290023,-11.626890743542528
2025-04-17,Walk-Forward Portfolio Before Costs,13.23188432467035,22.211335411124956,0.5809455735980724,-11.626890743542528
2025-04-18,Walk-Forward Portfolio Before Costs,14.106944992383031,22.201021647908917,0.6158088801905114,-11.626890743542528
2025-04-21,Walk-Forward Portfolio Before Costs,14.669939909773323,22.19731124171817,0.6380616781899491,-11.626890743542528
2025-04-22,Walk-Forward Portfolio Before Costs,15.31781609401448,22.181008047978782,0.6637839573120549,-11.626890743542528
2025-04-23,Walk-Forward Portfolio Before Costs,15.04961088237653,22.180207842793653,0.6532949400676789,-11.626890743542528
2025-04-24,Walk-Forward Portfolio Before Costs,15.424947708233283,22.170421452363755,0.6681860215898011,-11.626890743542528
2025-04-25,Walk-Forward Portfolio Before Costs,14.443745928295826,22.150434966573464,0.6300245967368961,-11.626890743542528
2025-04-28,Walk-Forward Portfolio Before Costs,14.234114617009897,22.15513311384952,0.6216574457444964,-11.626890743542528
2025-04-29,Walk-Forward Portfolio Before Costs,11.290149920925717,22.086908544628177,0.5046290283007983,-11.626890743542528
2025-04-30,Walk-Forward Portfolio Before Costs,11.891985077448265,22.075746933319024,0.5292160249273083,-11.626890743542528
2025-05-06,Walk-Forward Portfolio Before Costs,10.55322529882936,21.982584292011616,0.4757604447434107,-11.626890743542528
2025-05-07,Walk-Forward Portfolio Before Costs,11.574610622889892,21.99805958121206,0.5174059859556969,-11.626890743542528
2025-05-08,Walk-Forward Portfolio Before Costs,12.295777943110743,21.991509153699397,0.5468070513397952,-11.626890743542528
2025-05-09,Walk-Forward Portfolio Before Costs,12.747852784423298,21.979310871647815,0.5652778447681861,-11.626890743542528
2025-05-12,Walk-Forward Portfolio Before Costs,15.151986610158573,21.944385776148764,0.6620310525964646,-11.626890743542528
2025-05-13,Walk-Forward Portfolio Before Costs,14.738567054454066,21.940390782038243,0.64570841303223,-11.626890743542528
2025-05-14,Walk-Forward Portfolio Before Costs,15.092829129032449,21.937551200070242,0.6598253749212087,-11.626890743542528
2025-05-15,Walk-Forward Portfolio Before Costs,13.693735507349336,21.943913760918278,0.6039268801583021,-11.626890743542528
2025-05-16,Walk-Forward Portfolio Before Costs,12.920457681334053,21.93797653395677,0.5729042438241366,-11.626890743542528
2025-05-19,Walk-Forward Portfolio Before Costs,12.995494568248866,21.93700471699517,0.5759498428671015,-11.626890743542528
2025-05-20,Walk-Forward Portfolio Before Costs,12.007057000600941,21.920830209168653,0.5361111859764182,-11.626890743542528
2025-05-21,Walk-Forward Portfolio Before Costs,12.23517900450377,21.921269276705107,0.5453913242825043,-11.626890743542528
2025-05-22,Walk-Forward Portfolio Before Costs,12.827790834526255,21.905241984650928,0.5696839948047824,-11.626890743542528
2025-05-23,Walk-Forward Portfolio Before Costs,9.95800213181386,21.852899068456257,0.4525757822715884,-11.626890743542528
2025-05-26,Walk-Forward Portfolio Before Costs,9.202818972647098,21.85195223334934,0.4210339085176818,-11.626890743542528
2025-05-27,Walk-Forward Portfolio Before Costs,8.310949731185268,21.853750393681732,0.383476331554932,-11.626890743542528
2025-05-28,Walk-Forward Portfolio Before Costs,8.29689159667577,21.85394045000268,0.3828806955469383,-11.626890743542528
2025-05-29,Walk-Forward Portfolio Before Costs,10.232632808575314,21.828977905047108,0.4642637325790939,-11.626890743542528
2025-05-30,Walk-Forward Portfolio Before Costs,9.337292243318984,21.83212780608282,0.42685572756352147,-11.626890743542528
2025-06-03,Walk-Forward Portfolio Before Costs,8.27418008810259,21.801227543652995,0.3823183718216713,-11.626890743542528
2025-06-04,Walk-Forward Portfolio Before Costs,8.330302907873467,21.801455337461185,0.3846945492385051,-11.626890743542528
2025-06-05,Walk-Forward Portfolio Before Costs,9.023359267930076,21.795723285204186,0.414009994075247,-11.626890743542528
2025-06-06,Walk-Forward Portfolio Before Costs,8.709069323186913,21.791570013084574,0.40079401096995304,-11.626890743542528
2025-06-09,Walk-Forward Portfolio Before Costs,10.836075916249754,21.73291794701241,0.49048568874168713,-11.626890743542528
2025-06-10,Walk-Forward Portfolio Before Costs,10.216049522698745,21.75160568806725,0.4644487979393742,-11.626890743542528
2025-06-11,Walk-Forward Portfolio Before Costs,9.26192825788279,21.714671641745234,0.4248160060591102,-11.626890743542528
2025-06-12,Walk-Forward Portfolio Before Costs,9.97227197639139,21.70122719544631,0.45481946301731463,-11.626890743542528
2025-06-13,Walk-Forward Portfolio Before Costs,9.422579200222003,21.70059632642455,0.4317242886314997,-11.626890743542528
2025-06-16,Walk-Forward Portfolio Before Costs,8.73069125905821,21.70446969349813,0.40244803756735925,-11.626890743542528
2025-06-17,Walk-Forward Portfolio Before Costs,9.663482605481066,21.69282225268053,0.44194353595413394,-11.626890743542528
2025-06-18,Walk-Forward Portfolio Before Costs,9.883891035891622,21.690129025066838,0.45123275236264737,-11.626890743542528
2025-06-19,Walk-Forward Portfolio Before Costs,7.587559678967626,21.69749212356435,0.35378024897071697,-11.626890743542528
2025-06-20,Walk-Forward Portfolio Before Costs,8.36491893624256,21.682541655208098,0.38709126833943797,-11.626890743542528
2025-06-23,Walk-Forward Portfolio Before Costs,9.15949035583601,21.67509599200791,0.4208692622167137,-11.626890743542528
2025-06-24,Walk-Forward Portfolio Before Costs,10.499131783831373,21.70336559419975,0.4768279510206029,-11.626890743542528
2025-06-25,Walk-Forward Portfolio Before Costs,11.954326950722539,21.706027257285996,0.5371012588287184,-11.626890743542528
2025-06-26,Walk-Forward Portfolio Before Costs,11.844056985854866,21.707251311523226,0.5325410597443042,-11.626890743542528
2025-06-27,Walk-Forward Portfolio Before Costs,12.643850008370672,21.70366153948553,0.5654422823938805,-11.626890743542528
2025-06-30,Walk-Forward Portfolio Before Costs,11.622961793587683,21.677606568355998,0.523842655695562,-11.626890743542528
2025-07-01,Walk-Forward Portfolio Before Costs,11.66484155698113,21.677418870102283,0.5255766982924407,-11.626890743542528
2025-07-02,Walk-Forward Portfolio Before Costs,11.320183547605067,21.671004628825063,0.5113964646393238,-11.626890743542528
2025-07-03,Walk-Forward Portfolio Before Costs,12.299838501378257,21.652262918381552,0.5521391674805093,-11.626890743542528
2025-07-04,Walk-Forward Portfolio Before Costs,13.633473233406512,21.6205773207934,0.6072656746852896,-11.626890743542528
2025-07-07,Walk-Forward Portfolio Before Costs,12.822857741870152,21.616601268808054,0.5741997698191764,-11.626890743542528
2025-07-08,Walk-Forward Portfolio Before Costs,15.548718934619842,21.59296016148503,0.6852161273579901,-11.626890743542528
2025-07-09,Walk-Forward Portfolio Before Costs,15.67703169462944,21.59036582054968,0.69041642158588,-11.626890743542528
2025-07-10,Walk-Forward Portfolio Before Costs,14.324446750485631,21.554070570017934,0.6366169517234291,-11.626890743542528
2025-07-11,Walk-Forward Portfolio Before Costs,15.494065800369539,21.537591812344438,0.6842296158210858,-11.626890743542528
2025-07-14,Walk-Forward Portfolio Before Costs,15.12833897450243,21.5298547794972,0.6696577886753915,-11.626890743542528
2025-07-15,Walk-Forward Portfolio Before Costs,14.045689779762283,21.53231287998659,0.6256985912107622,-11.626890743542528
2025-07-16,Walk-Forward Portfolio Before Costs,15.136821861105032,21.50228651606507,0.6705826066048859,-11.626890743542528
2025-07-17,Walk-Forward Portfolio Before Costs,16.513633860564504,21.493917710715873,0.7261014718136937,-11.626890743542528
2025-07-18,Walk-Forward Portfolio Before Costs,17.938127671308067,21.477365270602785,0.7831157288545253,-11.626890743542528
2025-07-21,Walk-Forward Portfolio Before Costs,21.06511603354495,21.641802548513215,0.8997801213094853,-11.626890743542528
2025-07-22,Walk-Forward Portfolio Before Costs,26.091414102728283,21.748788897222372,1.0835970683202338,-11.626890743542528
2025-07-23,Walk-Forward Portfolio Before Costs,24.146479508835483,21.722341062984814,1.013022875478033,-11.626890743542528
2025-07-24,Walk-Forward Portfolio Before Costs,25.57867345608802,21.71401568576585,1.0662035398005523,-11.626890743542528
2025-07-25,Walk-Forward Portfolio Before Costs,21.373704290068773,21.654053766024937,0.9111465125514615,-11.626890743542528
2025-07-28,Walk-Forward Portfolio Before Costs,21.787419841135367,21.64787403232717,0.9270774228136969,-11.626890743542528
2025-07-29,Walk-Forward Portfolio Before Costs,21.917143279210084,21.64657796077032,0.9320423915011241,-11.626890743542528
2025-07-30,Walk-Forward Portfolio Before Costs,20.559825959492816,21.63614314699018,0.8805997745308094,-11.626890743542528
2025-07-31,Walk-Forward Portfolio Before Costs,18.195713543501245,21.73105868555557,0.786503048180229,-11.626890743542528
2025-08-01,Walk-Forward Portfolio Before Costs,17.63320752292852,21.7277054190143,0.7646190482561304,-11.626890743542528
2025-08-04,Walk-Forward Portfolio Before Costs,17.275343126956265,21.72468063404951,0.7506604148912494,-11.626890743542528
2025-08-05,Walk-Forward Portfolio Before Costs,18.84489822389659,21.72319869052713,0.8119426388218446,-11.626890743542528
2025-08-06,Walk-Forward Portfolio Before Costs,22.37215059742057,21.56633052478488,0.9519835670553292,-11.626890743542528
2025-08-07,Walk-Forward Portfolio Before Costs,23.09965187896068,21.549245332774603,0.9800982505178297,-11.626890743542528
2025-08-08,Walk-Forward Portfolio Before Costs,23.597759810993413,21.5497174750065,0.9988378400016401,-11.626890743542528
2025-08-11,Walk-Forward Portfolio Before Costs,22.35862537294824,21.51524133239561,0.9532226185232633,-11.626890743542528
2025-08-12,Walk-Forward Portfolio Before Costs,22.947532441330477,21.50255573685624,0.9760075814601785,-11.626890743542528
2025-08-13,Walk-Forward Portfolio Before Costs,24.157998426951966,21.495670714568387,1.0218713466304052,-11.626890743542528
2025-08-14,Walk-Forward Portfolio Before Costs,20.31457887423911,21.36720555471887,0.8794599798798307,-11.626890743542528
2025-08-15,Walk-Forward Portfolio Before Costs,22.07942847030875,21.393175755092052,0.9467753849117633,-11.626890743542528
2025-08-18,Walk-Forward Portfolio Before Costs,24.45971948351231,21.389233176567885,1.037271141273056,-11.626890743542528
2025-08-19,Walk-Forward Portfolio Before Costs,24.86332393977122,21.375127101515204,1.0529751405761676,-11.626890743542528
2025-08-20,Walk-Forward Portfolio Before Costs,25.833857574879794,21.389496049012937,1.0886443830033556,-11.626890743542528
2025-08-21,Walk-Forward Portfolio Before Costs,26.26270349356472,21.38670637685704,1.1046828122385122,-11.626890743542528
2025-08-22,Walk-Forward Portfolio Before Costs,27.168016805866312,21.399468802153173,1.1375710345069698,-11.626890743542528
2025-08-25,Walk-Forward Portfolio Before Costs,30.841913249183083,21.472753981194597,1.2671858503597495,-11.626890743542528
2025-08-26,Walk-Forward Portfolio Before Costs,31.69043853033502,21.467291243902604,1.2976007824368567,-11.626890743542528
2025-08-27,Walk-Forward Portfolio Before Costs,28.85012435279193,21.579986486147206,1.1908055205706236,-11.626890743542528
2025-08-28,Walk-Forward Portfolio Before Costs,32.21795177524365,21.57655561367644,1.310674161479494,-11.626890743542528
2025-08-29,Walk-Forward Portfolio Before Costs,29.85481058121553,21.563112670056054,1.2276256034132522,-11.626890743542528
2025-09-01,Walk-Forward Portfolio Before Costs,29.659290675703765,21.563300552114846,1.220621038783359,-11.626890743542528
2025-09-02,Walk-Forward Portfolio Before Costs,28.7823829452732,21.570803800559407,1.188776631127908,-11.626890743542528
2025-09-03,Walk-Forward Portfolio Before Costs,29.18915911765998,21.55488867795404,1.204141136528592,-11.626890743542528
2025-09-04,Walk-Forward Portfolio Before Costs,28.112124987512523,21.595274269008087,1.1634859041404806,-11.626890743542528
2025-09-05,Walk-Forward Portfolio Before Costs,30.056687585816523,21.60509684044835,1.2328571403596316,-11.626890743542528
2025-09-08,Walk-Forward Portfolio Before Costs,30.253634579889233,21.60995657132489,1.239638071295147,-11.626890743542528
2025-09-09,Walk-Forward Portfolio Before Costs,29.90275186655069,21.61446317968466,1.2269304649708785,-11.626890743542528
2025-09-10,Walk-Forward Portfolio Before Costs,29.76656331060157,21.61770847033533,1.221921082871521,-11.626890743542528
2025-09-11,Walk-Forward Portfolio Before Costs,31.629810596823148,21.634272996307008,1.2871218885166393,-11.626890743542528
2025-09-12,Walk-Forward Portfolio Before Costs,30.141981514154104,21.641118212679974,1.2341952121584727,-11.626890743542528
2025-09-15,Walk-Forward Portfolio Before Costs,28.224980668434085,21.619810758900503,1.1664862025837976,-11.626890743542528
2025-09-16,Walk-Forward Portfolio Before Costs,28.969338698498625,21.6007478883201,1.1941504809777246,-11.626890743542528
2025-09-17,Walk-Forward Portfolio Before Costs,28.894668481928186,21.598609391247425,1.1915632553097915,-11.626890743542528
2025-09-18,Walk-Forward Portfolio Before Costs,28.062976391449435,21.624458884535606,1.1604301687966867,-11.626890743542528
2025-09-19,Walk-Forward Portfolio Before Costs,28.103165304754164,21.624579471801525,1.1618774545466908,-11.626890743542528
2025-09-22,Walk-Forward Portfolio Before Costs,28.95277387334807,21.609976507884113,1.1931389757987607,-11.626890743542528
2025-09-23,Walk-Forward Portfolio Before Costs,30.09129870104923,21.57512983488425,1.2355039552153138,-11.626890743542528
2025-09-24,Walk-Forward Portfolio Before Costs,31.862763661649353,21.58800937300368,1.2976181043561998,-11.626890743542528
2025-09-25,Walk-Forward Portfolio Before Costs,31.05881891993012,21.597053320555588,1.2688153678312695,-11.626890743542528
2025-09-26,Walk-Forward Portfolio Before Costs,31.95064817824558,21.58784629274282,1.3007162350774484,-11.626890743542528
2025-09-29,Walk-Forward Portfolio Before Costs,33.177152419849754,21.58384222505829,1.3438357837190473,-11.626890743542528
2025-09-30,Walk-Forward Portfolio Before Costs,33.01454687930958,21.58083856979898,1.3383250250906036,-11.626890743542528
2025-10-09,Walk-Forward Portfolio Before Costs,34.81639013983353,21.67434890610972,1.3956218724681995,-11.626890743542528
2025-10-10,Walk-Forward Portfolio Before Costs,33.50154503404832,21.695329637438693,1.3492508927313887,-11.626890743542528
2025-10-13,Walk-Forward Portfolio Before Costs,33.25346039045844,21.696315931901303,1.3406158092471696,-11.626890743542528
2025-10-14,Walk-Forward Portfolio Before Costs,28.299533107321963,21.461532769003643,1.1762535643214485,-11.626890743542528
2025-10-15,Walk-Forward Portfolio Before Costs,27.179808559811924,21.416690567569034,1.1373018531306465,-11.626890743542528
2025-10-16,Walk-Forward Portfolio Before Costs,22.22064531341841,21.157123126351696,0.9605414426236799,-11.626890743542528
2025-10-17,Walk-Forward Portfolio Before Costs,14.787954135589265,20.835817717654624,0.6709122589461256,-11.626890743542528
2025-10-20,Walk-Forward Portfolio Before Costs,5.66987470458884,18.870781005398424,0.2825285781512807,-11.626890743542528
2025-10-21,Walk-Forward Portfolio Before Costs,1.033517683973817,18.105310613859423,0.03909805994165422,-10.719752394802285
2025-10-22,Walk-Forward Portfolio Before Costs,8.133743060326415,16.80204293775242,0.432323187941005,-10.719752394802285
2025-10-23,Walk-Forward Portfolio Before Costs,7.389489796308579,16.773507755647433,0.39158677870277847,-10.719752394802285
2025-10-24,Walk-Forward Portfolio Before Costs,10.39007717467162,16.555003254354272,0.5610535332008753,-10.719752394802285
2025-10-27,Walk-Forward Portfolio Before Costs,8.936583845633406,16.43861997319943,0.48321721552755204,-10.719752394802285
2025-10-28,Walk-Forward Portfolio Before Costs,11.626770813063803,16.164098104246502,0.639595267710427,-10.719752394802285
2025-10-29,Walk-Forward Portfolio Before Costs,13.665025370897354,16.193876801084194,0.7505089323709893,-10.719752394802285
2025-10-30,Walk-Forward Portfolio Before Costs,14.949115391913592,16.15165234348663,0.8216393782726185,-10.719752394802285
2025-10-31,Walk-Forward Portfolio Before Costs,12.308949514582523,15.99560180046756,0.6827709924910489,-10.719752394802285
2025-11-03,Walk-Forward Portfolio Before Costs,12.812120771538016,16.015693029035123,0.7100390389761668,-10.719752394802285
2025-11-04,Walk-Forward Portfolio Before Costs,10.953038083050547,16.031063737730012,0.6058088215847736,-10.719752394802285
2025-11-05,Walk-Forward Portfolio Before Costs,10.51261934435066,16.023480923978507,0.5811871494204918,-10.719752394802285
2025-11-06,Walk-Forward Portfolio Before Costs,14.717264004285923,16.154131906112678,0.8090221049620426,-10.719752394802285
2025-11-07,Walk-Forward Portfolio Before Costs,13.925199788596254,16.139001810709434,0.766675750409045,-10.719752394802285
2025-11-10,Walk-Forward Portfolio Before Costs,14.14148776081905,16.147085816306053,0.7781250031208633,-10.719752394802285
2025-11-11,Walk-Forward Portfolio Before Costs,14.917686631922411,16.11634100041081,0.8213778605700565,-10.719752394802285
2025-11-12,Walk-Forward Portfolio Before Costs,17.007908452214803,16.08865740298007,0.9346214174492867,-10.719752394802285
2025-11-13,Walk-Forward Portfolio Before Costs,17.40059732568273,16.09665539357149,0.9550651832515495,-10.719752394802285
2025-11-14,Walk-Forward Portfolio Before Costs,15.309420225517512,16.15874462921113,0.8407191386455932,-10.719752394802285
2025-11-17,Walk-Forward Portfolio Before Costs,12.939805770349743,16.189834057536764,0.7110911053203314,-10.719752394802285
2025-11-18,Walk-Forward Portfolio Before Costs,9.24997112790722,16.1119457339853,0.5075163158135244,-10.719752394802285
2025-11-19,Walk-Forward Portfolio Before Costs,9.399631529214059,16.111725794941716,0.5160211203743419,-10.719752394802285
2025-11-20,Walk-Forward Portfolio Before Costs,6.417014089334905,15.949081314015814,0.3463061502765311,-10.719752394802285
2025-11-21,Walk-Forward Portfolio Before Costs,4.6632264179584215,16.05301102132217,0.2415637884130731,-10.719752394802285
2025-11-24,Walk-Forward Portfolio Before Costs,4.536894566617877,16.04643370815129,0.23406946022422084,-10.719752394802285
2025-11-25,Walk-Forward Portfolio Before Costs,4.774671793738605,16.044308519654116,0.24824329827076022,-10.719752394802285
2025-11-26,Walk-Forward Portfolio Before Costs,3.0452869010124006,15.965325548491553,0.1444222569407679,-10.719752394802285
2025-11-27,Walk-Forward Portfolio Before Costs,4.91959586693318,15.858774835875348,0.25800218029576594,-10.719752394802285
2025-11-28,Walk-Forward Portfolio Before Costs,6.014332404787681,15.885373858866627,0.32319334615646966,-10.719752394802285
2025-12-01,Walk-Forward Portfolio Before Costs,8.817789761212502,15.885874548290996,0.4875339733912519,-10.719752394802285
2025-12-02,Walk-Forward Portfolio Before Costs,9.326082490967424,15.872980747502014,0.5171716853225782,-10.719752394802285
2025-12-03,Walk-Forward Portfolio Before Costs,9.464477718256603,15.87994798460503,0.5249833879138547,-10.719752394802285
2025-12-04,Walk-Forward Portfolio Before Costs,8.96530222187566,15.869379006962504,0.4964153561503827,-10.719752394802285
2025-12-05,Walk-Forward Portfolio Before Costs,12.199026050653728,15.83282827400522,0.6819760563998732,-10.719752394802285
2025-12-08,Walk-Forward Portfolio Before Costs,10.674202397240439,15.810074615069821,0.5961417712348677,-10.719752394802285
2025-12-09,Walk-Forward Portfolio Before Costs,10.646828085988048,15.81277594629322,0.594502213558938,-10.719752394802285
2025-12-10,Walk-Forward Portfolio Before Costs,10.106871465249668,15.76889438781377,0.5646886914538322,-10.719752394802285
2025-12-11,Walk-Forward Portfolio Before Costs,10.638855115566415,15.731587968845998,0.596303063899211,-10.719752394802285
2025-12-12,Walk-Forward Portfolio Before Costs,10.138619998783449,15.705998749199887,0.5681565679063704,-10.719752394802285
2025-12-15,Walk-Forward Portfolio Before Costs,9.7772027719204,15.71030939149924,0.5471130267443668,-10.719752394802285
2025-12-16,Walk-Forward Portfolio Before Costs,8.940648367245885,15.736103622638902,0.4978426016121932,-10.719752394802285
2025-12-17,Walk-Forward Portfolio Before Costs,11.150865439296599,15.751148599000883,0.625082883688974,-10.719752394802285
2025-12-18,Walk-Forward Portfolio Before Costs,11.069842170197308,15.75262441754245,0.6204077333850275,-10.719752394802285
2025-12-19,Walk-Forward Portfolio Before Costs,10.641444447919191,15.72990037913375,0.5965007439707615,-10.719752394802285
2025-12-22,Walk-Forward Portfolio Before Costs,10.419536173455036,15.728597117668139,0.5837670727420632,-10.719752394802285
2025-12-23,Walk-Forward Portfolio Before Costs,9.421912967291357,15.732035171489606,0.5259590275935007,-10.719752394802285
2025-12-24,Walk-Forward Portfolio Before Costs,9.763434453801768,15.740142831403139,0.5455749604271284,-10.719752394802285
2025-12-25,Walk-Forward Portfolio Before Costs,9.04806648801837,15.721332073459838,0.5044332266108003,-10.719752394802285
2025-12-26,Walk-Forward Portfolio Before Costs,11.770820181756235,15.676057626210854,0.6628201822789881,-10.719752394802285
2025-12-29,Walk-Forward Portfolio Before Costs,12.572367547851071,15.652388738466563,0.709261104207418,-10.719752394802285
2025-12-30,Walk-Forward Portfolio Before Costs,12.75062288099187,15.655069043797893,0.7192783224148964,-10.719752394802285
2025-12-31,Walk-Forward Portfolio Before Costs,13.55050630660144,15.68684080586196,0.7632241022330294,-10.719752394802285
2026-01-05,Walk-Forward Portfolio Before Costs,14.52790351776545,15.744835393570733,0.8154492667237102,-10.719752394802285
2026-01-06,Walk-Forward Portfolio Before Costs,17.129535720232838,15.758672494174267,0.9574921976631503,-10.719752394802285
2026-01-07,Walk-Forward Portfolio Before Costs,16.724291750002564,15.76822198533617,0.9350134472222774,-10.719752394802285
2026-01-08,Walk-Forward Portfolio Before Costs,16.12737735515235,15.742629905950373,0.9036916211137845,-10.719752394802285
2026-01-09,Walk-Forward Portfolio Before Costs,17.32204675686817,15.77051916812132,0.9673118782154844,-10.719752394802285
2026-01-12,Walk-Forward Portfolio Before Costs,18.1890892452369,15.812165853399135,1.0117728887770916,-10.719752394802285
2026-01-13,Walk-Forward Portfolio Before Costs,17.685334422786724,15.828391180341086,0.9838935380623464,-10.719752394802285
2026-01-14,Walk-Forward Portfolio Before Costs,15.889300937652528,15.821213456053378,0.8870009198697216,-10.719752394802285
2026-01-15,Walk-Forward Portfolio Before Costs,17.0129579341451,15.76405439208547,0.9508917432702947,-10.719752394802285
2026-01-16,Walk-Forward Portfolio Before Costs,19.68276193100076,15.508123220015191,1.109538777627871,-10.719752394802285
2026-01-19,Walk-Forward Portfolio Before Costs,21.802416229094355,15.474791660847528,1.2251294300775069,-10.719752394802285
2026-01-20,Walk-Forward Portfolio Before Costs,23.229411784020225,15.510350329622453,1.297831255101313,-10.719752394802285
2026-01-21,Walk-Forward Portfolio Before Costs,22.884784783400658,15.509936283127491,1.2797895795523457,-10.719752394802285
2026-01-22,Walk-Forward Portfolio Before Costs,23.279606203574033,15.50724178997161,1.3006888840948987,-10.719752394802285
2026-01-23,Walk-Forward Portfolio Before Costs,24.041748301900444,15.490870982192037,1.3417210773453347,-10.719752394802285
2026-01-26,Walk-Forward Portfolio Before Costs,25.0514082080157,15.44026237682532,1.398161276717282,-10.719752394802285
2026-01-27,Walk-Forward Portfolio Before Costs,24.922467262962034,15.445378151724478,1.3910639911511562,-10.719752394802285
2026-01-28,Walk-Forward Portfolio Before Costs,22.624865627795444,15.230211974857314,1.2866056697164243,-10.719752394802285
2026-01-29,Walk-Forward Portfolio Before Costs,24.616782865688116,15.251520343662852,1.3907627076356892,-10.719752394802285
2026-01-30,Walk-Forward Portfolio Before Costs,21.472240071133953,15.3726665931734,1.2146236280815272,-10.719752394802285
2026-02-02,Walk-Forward Portfolio Before Costs,18.119806685721574,15.533627658618418,1.0233534946033425,-10.719752394802285
2026-02-03,Walk-Forward Portfolio Before Costs,20.42781306978725,15.611191028683407,1.1430797462101483,-10.719752394802285
2026-02-04,Walk-Forward Portfolio Before Costs,22.39096374770049,15.669060722282508,1.2427092281777057,-10.719752394802285
2026-02-05,Walk-Forward Portfolio Before Costs,22.329377126155947,15.669918342578933,1.239435010693719,-10.719752394802285
2026-02-06,Walk-Forward Portfolio Before Costs,21.375498051051366,15.683343090031427,1.188552577542911,-10.719752394802285
2026-02-09,Walk-Forward Portfolio Before Costs,20.89053787313968,15.664785140398857,1.1641989083597661,-10.719752394802285
2026-02-10,Walk-Forward Portfolio Before Costs,21.224813089599493,15.66397135753295,1.181893808938672,-10.719752394802285
2026-02-11,Walk-Forward Portfolio Before Costs,22.589168323373478,15.627848708086994,1.2559380440768462,-10.719752394802285
2026-02-12,Walk-Forward Portfolio Before Costs,21.611718767754695,15.603731407151308,1.2062932831478441,-10.719752394802285
2026-02-13,Walk-Forward Portfolio Before Costs,18.230377972047783,15.586905246187065,1.0263909422360202,-10.719752394802285
2026-02-24,Walk-Forward Portfolio Before Costs,19.916123263014374,15.706911340180293,1.1099240451090258,-10.719752394802285
2026-02-25,Walk-Forward Portfolio Before Costs,20.007934197849387,15.706131888346677,1.1148479499713808,-10.719752394802285
2026-02-26,Walk-Forward Portfolio Before Costs,18.865983161774146,15.678198095054585,1.0555277220896755,-10.719752394802285
2026-02-27,Walk-Forward Portfolio Before Costs,19.785407065016216,15.653484683026884,1.1062070118036709,-10.719752394802285
2026-03-02,Walk-Forward Portfolio Before Costs,18.413669387218157,15.601751393232904,1.0354857051849826,-10.719752394802285
2026-03-03,Walk-Forward Portfolio Before Costs,15.763476694050427,15.727517948257749,0.8844520959175851,-10.719752394802285
2026-03-04,Walk-Forward Portfolio Before Costs,16.912697235080753,15.657141126978031,0.9508497499625096,-10.719752394802285
2026-03-05,Walk-Forward Portfolio Before Costs,17.128484829050137,15.672541507728083,0.9618404913435915,-10.719752394802285
2026-03-06,Walk-Forward Portfolio Before Costs,18.47539412722461,15.643319428946011,1.03648588972516,-10.719752394802285
2026-03-09,Walk-Forward Portfolio Before Costs,16.088419717915592,15.55786940609439,0.9104244390027727,-10.719752394802285
2026-03-10,Walk-Forward Portfolio Before Costs,16.627741370838557,15.567253677669784,0.9397622017786332,-10.719752394802285
2026-03-11,Walk-Forward Portfolio Before Costs,19.253955876005115,15.54602174262133,1.0841688093877642,-10.719752394802285
2026-03-12,Walk-Forward Portfolio Before Costs,18.713183146965882,15.545321940724191,1.0549523827449254,-10.719752394802285
2026-03-13,Walk-Forward Portfolio Before Costs,18.299563182653735,15.552813021793932,1.0320613922464845,-10.719752394802285
2026-03-16,Walk-Forward Portfolio Before Costs,18.784629894890426,15.505197955103945,1.061157095657378,-10.719752394802285
2026-03-17,Walk-Forward Portfolio Before Costs,17.03044841202994,15.540609283864743,0.9632915465303934,-10.719752394802285
2026-03-18,Walk-Forward Portfolio Before Costs,16.42122588733852,15.532769118558065,0.9300760285274887,-10.719752394802285
2026-03-19,Walk-Forward Portfolio Before Costs,13.59162868710262,15.638157066017111,0.7674337915005721,-10.719752394802285
2026-03-20,Walk-Forward Portfolio Before Costs,10.55662814080598,15.62915646338357,0.5944315465336337,-10.719752394802285
2026-03-23,Walk-Forward Portfolio Before Costs,6.310894347018259,16.08153185678141,0.33866601572495003,-10.719752394802285
2026-03-24,Walk-Forward Portfolio Before Costs,8.217298333408497,16.1248120109956,0.4484434885603991,-10.719752394802285
2026-03-25,Walk-Forward Portfolio Before Costs,9.622440266319575,16.190073391550204,0.5269930289020249,-10.719752394802285
2026-03-26,Walk-Forward Portfolio Before Costs,8.511470717194047,16.24238571118298,0.46308198143978024,-10.719752394802285
2026-03-27,Walk-Forward Portfolio Before Costs,9.021221157872805,16.24593219255618,0.4918754815293919,-10.719752394802285
2026-03-30,Walk-Forward Portfolio Before Costs,7.7846984403441954,16.20058923677545,0.4223673611723157,-10.719752394802285
2026-03-31,Walk-Forward Portfolio Before Costs,8.6158878069879,16.208895859879156,0.46964419442090655,-10.719752394802285
2026-04-01,Walk-Forward Portfolio Before Costs,8.998350880959126,16.220164287011542,0.4911088063005934,-10.197412218227708
2026-04-02,Walk-Forward Portfolio Before Costs,8.934059283355111,16.22252461622471,0.4874225671605833,-9.581236726398966
2026-04-03,Walk-Forward Portfolio Before Costs,8.869121300744265,16.22553178309913,0.48368590836527003,-9.581236726398966
2026-04-07,Walk-Forward Portfolio Before Costs,9.379107027594703,16.207141111480887,0.5128976105696701,-9.581236726398966
2026-04-08,Walk-Forward Portfolio Before Costs,11.305208887505081,16.34764328561504,0.6166901198922551,-9.581236726398966
2026-04-09,Walk-Forward Portfolio Before Costs,9.514735555641263,16.40152160084152,0.5162861377149763,-9.581236726398966
2026-04-10,Walk-Forward Portfolio Before Costs,10.458706892456405,16.410890256675522,0.5684052184868563,-9.581236726398966
2026-04-13,Walk-Forward Portfolio Before Costs,10.488368259723458,16.410365638100764,0.5700550029653783,-9.581236726398966
2026-04-14,Walk-Forward Portfolio Before Costs,11.144092744432577,16.420649272312673,0.6058519559146236,-9.581236726398966
2026-04-15,Walk-Forward Portfolio Before Costs,12.74367802683878,16.374468641548546,0.6944064976569116,-9.581236726398966
2026-04-16,Walk-Forward Portfolio Before Costs,12.141649579411084,16.358456593557406,0.6621806817560205,-9.581236726398966
2026-04-17,Walk-Forward Portfolio Before Costs,11.693697041336538,16.365484184009322,0.6374971657439342,-9.581236726398966
2026-04-20,Walk-Forward Portfolio Before Costs,12.64204453406277,16.350336773539052,0.6896725256677962,-9.581236726398966
2026-04-21,Walk-Forward Portfolio Before Costs,22.642439488230703,14.203566849734287,1.3688733715195067,-9.581236726398966
2026-04-22,Walk-Forward Portfolio Before Costs,19.23700964743269,13.972795250532691,1.1875110505656599,-9.581236726398966
2026-04-23,Walk-Forward Portfolio Before Costs,17.31682038304614,13.910216221552712,1.0754396348583568,-9.581236726398966
2026-04-24,Walk-Forward Portfolio Before Costs,15.101364920228665,13.88209480391899,0.9399206587389194,-9.581236726398966
2026-04-27,Walk-Forward Portfolio Before Costs,14.508320448828993,13.886643628090367,0.9024374250439393,-9.581236726398966
2026-04-28,Walk-Forward Portfolio Before Costs,14.580952832519966,13.887588980876526,0.9069539447282744,-9.581236726398966
2026-04-29,Walk-Forward Portfolio Before Costs,15.558513696956755,13.901364718652001,0.9673401487968013,-9.581236726398966
2026-04-30,Walk-Forward Portfolio Before Costs,15.23061552178866,13.900892717891075,0.946914483034597,-9.581236726398966
2026-05-06,Walk-Forward Portfolio Before Costs,15.652348266761539,13.895607771480378,0.9735283322079198,-9.581236726398966
2026-05-07,Walk-Forward Portfolio Before Costs,15.686961231156271,13.895826385292507,0.9756699676762437,-9.581236726398966
2026-05-08,Walk-Forward Portfolio Before Costs,15.461413344050223,13.896063863420377,0.9616032054779248,-9.581236726398966
2026-05-11,Walk-Forward Portfolio Before Costs,16.7060470462824,13.909750260827991,1.0379231720515192,-9.581236726398966
2026-05-12,Walk-Forward Portfolio Before Costs,15.677713070179934,13.940190221908269,0.972432907740147,-9.581236726398966
2026-05-13,Walk-Forward Portfolio Before Costs,16.71122475864417,13.93644524495598,1.0365204927165914,-9.581236726398966
2026-05-14,Walk-Forward Portfolio Before Costs,15.190879229244803,13.989492265461656,0.9393342505805924,-9.581236726398966
2026-05-15,Walk-Forward Portfolio Before Costs,14.718777495515134,14.014599953485579,0.9085818712589239,-9.581236726398966
2026-05-18,Walk-Forward Portfolio Before Costs,14.800316008230418,14.01102234029562,0.9138520905280777,-9.581236726398966
2026-05-19,Walk-Forward Portfolio Before Costs,16.316294108328577,14.05468714327703,1.00484273207957,-9.581236726398966
2026-05-20,Walk-Forward Portfolio Before Costs,13.69948780859842,14.068917147960633,0.8421447676972268,-9.581236726398966
2026-05-21,Walk-Forward Portfolio Before Costs,12.370964217578418,14.048877024836804,0.7594437025745012,-9.581236726398966
2026-05-22,Walk-Forward Portfolio Before Costs,12.373596106175388,14.048894416894722,0.7596097307959093,-9.581236726398966
2026-05-25,Walk-Forward Portfolio Before Costs,12.720380790957853,14.042082316598737,0.7818642648226392,-9.581236726398966
2026-05-26,Walk-Forward Portfolio Before Costs,12.558407199435484,14.035597667731828,0.7719108284757772,-9.581236726398966
2026-05-27,Walk-Forward Portfolio Before Costs,11.86234267435533,14.045904488828832,0.727261463539328,-9.581236726398966
2026-05-28,Walk-Forward Portfolio Before Costs,10.365648687599972,14.112491713988376,0.6290057450321268,-9.999607811747602
2026-05-29,Walk-Forward Portfolio Before Costs,10.7915748256328,14.098459443389414,0.656823959790889,-10.250457374739973
2026-06-01,Walk-Forward Portfolio Before Costs,11.965039524800858,14.12774552150097,0.7303629256723948,-10.250457374739973
2026-06-02,Walk-Forward Portfolio Before Costs,12.457703282671595,14.125883466757497,0.761537316035893,-10.250457374739973
2026-06-03,Walk-Forward Portfolio Before Costs,11.573596907073513,14.14972179467257,0.7046852272039572,-10.250457374739973
2026-06-04,Walk-Forward Portfolio Before Costs,9.520422767921911,14.249062321504383,0.5703640174976699,-11.372721613380998
2026-06-05,Walk-Forward Portfolio Before Costs,10.242187285229765,14.24612946804163,0.6165791569209496,-11.372721613380998
2026-06-08,Walk-Forward Portfolio Before Costs,9.038649242865326,14.35134746827462,0.5365974540721131,-12.77658539422265
2026-06-09,Walk-Forward Portfolio Before Costs,9.534707108151053,14.348754545871758,0.568314785908096,-12.77658539422265
2026-06-10,Walk-Forward Portfolio Before Costs,9.585222450015296,14.347365146043387,0.5715708780171693,-12.938175857937562
2026-06-11,Walk-Forward Portfolio Before Costs,9.405684343091526,14.352014296187953,0.5600028402001247,-13.328521224671942
2026-06-12,Walk-Forward Portfolio Before Costs,10.112228506638221,14.393074496701052,0.6035527259279881,-13.328521224671942
2026-06-15,Walk-Forward Portfolio Before Costs,10.39064656899409,14.386714265465278,0.6213165090517575,-13.328521224671942
2026-06-16,Walk-Forward Portfolio Before Costs,9.070538630250379,14.42073447295727,0.5367316440377231,-13.328521224671942
2026-06-17,Walk-Forward Portfolio Before Costs,8.697110785883622,14.421857744160707,0.512911454948834,-13.39970211397753
2026-06-18,Walk-Forward Portfolio Before Costs,6.503841257610987,14.54492972656861,0.36961466400218024,-15.006825867995365
2026-06-22,Walk-Forward Portfolio Before Costs,8.248663165819226,14.657567500864122,0.47877804528334017,-15.006825867995365
2026-06-23,Walk-Forward Portfolio Before Costs,5.4630019572405875,14.828627765456936,0.29910714348216716,-15.366817040687708
2026-06-24,Walk-Forward Portfolio Before Costs,5.6883628281916065,14.816070702269371,0.3136454420647206,-15.996684570840024
2026-06-25,Walk-Forward Portfolio Before Costs,5.379206246477941,14.80918648498523,0.2939364820954857,-15.996684570840024
2026-06-26,Walk-Forward Portfolio Before Costs,3.3798765043126844,14.943674387846395,0.16443369743636804,-17.473445283637002
2026-06-29,Walk-Forward Portfolio Before Costs,4.916447498236964,14.997781732367221,0.26276818999242235,-17.473445283637002
2026-06-30,Walk-Forward Portfolio Before Costs,4.538908278652531,15.01234207568901,0.2386403524294874,-17.473445283637002
2026-07-01,Walk-Forward Portfolio Before Costs,6.097918988174711,15.10167009349352,0.3361534679181188,-17.473445283637002
2026-07-02,Walk-Forward Portfolio Before Costs,5.9774494150984125,15.103392666959795,0.3286080693211122,-17.473445283637002
2026-07-03,Walk-Forward Portfolio Before Costs,8.234470285963823,15.094022610745936,0.46837310742219135,-17.473445283637002
2026-07-06,Walk-Forward Portfolio Before Costs,9.361153895643204,15.123749571747936,0.536246377322136,-17.473445283637002
2026-07-07,Walk-Forward Portfolio Before Costs,8.016930381735499,15.161841516242752,0.4536784083261243,-17.473445283637002
2026-07-08,Walk-Forward Portfolio Before Costs,7.0053993187566554,15.120966885970047,0.3922568665127248,-17.473445283637002
2026-07-09,Walk-Forward Portfolio Before Costs,5.990459639810131,15.105544609264102,0.32939515272016134,-17.473445283637002
2026-07-10,Walk-Forward Portfolio Before Costs,7.4694368442628445,15.142601206907441,0.42049520621656133,-17.473445283637002
2026-07-13,Walk-Forward Portfolio Before Costs,5.505495091009616,15.220630942679014,0.2979131179141462,-17.473445283637002
2026-07-14,Walk-Forward Portfolio Before Costs,6.173513322126256,15.241576289977063,0.3391328446781962,-17.473445283637002
2026-07-15,Walk-Forward Portfolio Before Costs,8.718181588977082,15.418634651867952,0.4906241810758438,-17.473445283637002
2026-07-16,Walk-Forward Portfolio Before Costs,8.391280874642248,15.415595089505501,0.471148714127023,-17.473445283637002
2026-07-17,Walk-Forward Portfolio Before Costs,7.394486779890452,15.443627242760924,0.41073050552794377,-17.473445283637002
2026-07-20,Walk-Forward Portfolio Before Costs,10.641204915077784,15.742967101969112,0.5950755357771874,-17.473445283637002
2026-07-21,Walk-Forward Portfolio Before Costs,11.248284785120632,15.744610398838235,0.6297999977043138,-17.473445283637002
2026-07-22,Walk-Forward Portfolio Before Costs,10.816236368974398,15.724640422341205,0.6056451162019888,-17.473445283637002
2026-07-23,Walk-Forward Portfolio Before Costs,12.21676583833693,15.740585308126123,0.6850153906410701,-17.473445283637002
2026-07-24,Walk-Forward Portfolio Before Costs,9.802628617730935,15.876407187953848,0.5434741470108582,-17.473445283637002
2026-07-27,Walk-Forward Portfolio Before Costs,10.56970837998239,15.899855352945591,0.586708239952026,-17.473445283637002
2026-07-28,Walk-Forward Portfolio Before Costs,10.763777430795418,15.905077525870484,0.5975979588271234,-17.473445283637002
2026-07-29,Walk-Forward Portfolio Before Costs,13.163070608680162,15.981535404225196,0.7296485188807283,-17.473445283637002
2026-07-30,Walk-Forward Portfolio Before Costs,15.224307741352527,16.06223282366747,0.8392209254839804,-17.473445283637002
2026-07-31,Walk-Forward Portfolio Before Costs,15.003374955436644,16.057979001764853,0.8274417195812146,-17.473445283637002
2026-08-03,Walk-Forward Portfolio Before Costs,14.366091558237336,16.056286035302364,0.7928831038966746,-17.473445283637002
2026-08-04,Walk-Forward Portfolio Before Costs,10.603602754781338,15.844447861523376,0.5901649961389749,-17.473445283637002
2026-08-05,Walk-Forward Portfolio Before Costs,7.277317000813377,15.62335423347236,0.40081632829670805,-17.473445283637002
2026-08-06,Walk-Forward Portfolio Before Costs,6.833823732092803,15.638015203362324,0.3740879672681517,-17.473445283637002
2026-08-07,Walk-Forward Portfolio Before Costs,5.540236091787487,15.647675506972822,0.29607813285104484,-17.473445283637002
2026-08-10,Walk-Forward Portfolio Before Costs,7.9298577863485376,15.625859379357465,0.4395953161534242,-17.473445283637002
2026-08-11,Walk-Forward Portfolio Before Costs,6.914669415973296,15.664395472525541,0.3785487539113883,-17.473445283637002
2026-08-12,Walk-Forward Portfolio Before Costs,6.740204243070513,15.66684662667697,0.36808651327459485,-17.473445283637002
2026-08-13,Walk-Forward Portfolio Before Costs,5.862040729069462,15.704377389194565,0.3149637200668643,-17.473445283637002
2026-08-14,Walk-Forward Portfolio Before Costs,7.636244984161866,15.582524427605254,0.4228871420333739,-17.473445283637002
2026-08-17,Walk-Forward Portfolio Before Costs,7.260140792914793,15.587488145793913,0.40033849374508246,-17.473445283637002
2026-08-18,Walk-Forward Portfolio Before Costs,7.185508715375355,15.5871861396194,0.395876289921373,-17.473445283637002
2026-08-19,Walk-Forward Portfolio Before Costs,5.897178255859625,15.580873488537058,0.3183406905506689,-17.473445283637002
2026-08-20,Walk-Forward Portfolio Before Costs,6.629048464774301,15.611182423189646,0.36215285926678853,-17.473445283637002
2026-08-21,Walk-Forward Portfolio Before Costs,6.094797037478061,15.62776637323044,0.329783793585937,-17.473445283637002
2026-08-24,Walk-Forward Portfolio Before Costs,5.9281316731057965,15.625610835594673,0.3197437174071986,-17.473445283637002
2026-08-25,Walk-Forward Portfolio Before Costs,6.152667305605863,15.630929970516275,0.3332380308364955,-17.473445283637002
2026-08-26,Walk-Forward Portfolio Before Costs,6.631946213206219,15.629661438981234,0.3620832123204072,-17.473445283637002
2026-08-27,Walk-Forward Portfolio Before Costs,6.031793871845159,15.625294169500664,0.32600858969526203,-17.473445283637002
2026-08-28,Walk-Forward Portfolio Before Costs,7.111877655107812,15.614985945401008,0.39104477848156516,-17.473445283637002
2026-08-31,Walk-Forward Portfolio Before Costs,7.378248809776244,15.635813801299378,0.4066187509478198,-17.473445283637002
2026-09-01,Walk-Forward Portfolio Before Costs,8.378438725191884,15.7231761635728,0.4642019663410403,-17.473445283637002
2026-09-02,Walk-Forward Portfolio Before Costs,7.7391370554770855,15.760814788513144,0.4259204823217828,-17.473445283637002
2026-09-03,Walk-Forward Portfolio Before Costs,7.259954240094513,15.742995133460912,0.3979022470103137,-17.473445283637002
2026-09-04,Walk-Forward Portfolio Before Costs,8.401080020456364,15.783266441514437,0.4643578524847088,-17.473445283637002
2026-09-07,Walk-Forward Portfolio Before Costs,6.9058253030884975,15.77343114771432,0.37646302153712496,-17.473445283637002
2026-09-08,Walk-Forward Portfolio Before Costs,4.218255383278735,15.64554212368526,0.21550098597008457,-17.473445283637002
2023-02-17,CSI 300 Benchmark,-13.022718331856819,19.936479578583207,-0.6995428370914982,-24.577445355170667
2023-02-20,CSI 300 Benchmark,-10.802563829010847,20.092640911779593,-0.5671888323715554,-24.577445355170667
2023-02-21,CSI 300 Benchmark,-10.076858091390516,20.088355273532976,-0.5270302816658237,-24.577445355170667
2023-02-22,CSI 300 Benchmark,-11.717613028549911,20.083183173947052,-0.6188724382166989,-24.564065756261833
2023-02-23,CSI 300 Benchmark,-11.556729985342685,20.081999790084307,-0.6098580652341381,-24.564065756261833
2023-02-24,CSI 300 Benchmark,-11.743172551209359,20.091324998698727,-0.6199803417056837,-24.564065756261833
2023-02-27,CSI 300 Benchmark,-11.157258749187559,20.067957820426138,-0.5879783405764926,-24.564065756261833
2023-02-28,CSI 300 Benchmark,-11.535481619129584,20.048826720889608,-0.6099995131022079,-24.564065756261833
2023-03-01,CSI 300 Benchmark,-10.633371870389752,20.096922943219788,-0.5576011596239832,-24.564065756261833
2023-03-02,CSI 300 Benchmark,-11.047939519329454,20.09583048536286,-0.5807714961824557,-24.564065756261833
2023-03-03,CSI 300 Benchmark,-11.194543376042231,20.09224980403338,-0.5891168810591367,-24.28861942547986
2023-03-06,CSI 300 Benchmark,-11.335097379846715,20.09542698057076,-0.5968710965738594,-24.10409038688054
2023-03-07,CSI 300 Benchmark,-11.48411364244497,20.106538181688855,-0.6047915572600969,-24.10409038688054
2023-03-08,CSI 300 Benchmark,-12.739195155985094,20.07820858447486,-0.677019440296282,-24.048884331188127
2023-03-09,CSI 300 Benchmark,-11.248236435034254,19.981913665110557,-0.5965071583121178,-24.048884331188127
2023-03-10,CSI 300 Benchmark,-13.256796313074881,19.996240092162722,-0.7103592211608055,-24.048884331188127
2023-03-13,CSI 300 Benchmark,-12.505549707305153,20.024985649340174,-0.666012888676034,-24.048884331188127
2023-03-14,CSI 300 Benchmark,-13.745320894020752,20.013248292088246,-0.737793002041074,-23.367346462668127
2023-03-15,CSI 300 Benchmark,-12.923135765657745,19.995793724727513,-0.6911906438063402,-22.91323061683498
2023-03-16,CSI 300 Benchmark,-13.456236490991436,20.02160518748363,-0.7206973368465829,-21.966913229264996
2023-03-17,CSI 300 Benchmark,-11.956391617388585,19.994914458150884,-0.6360360562997515,-21.95997115792472
2023-03-20,CSI 300 Benchmark,-9.504290203808008,19.748430204158286,-0.5074512978709088,-21.95997115792472
2023-03-21,CSI 300 Benchmark,-6.635098741242262,19.680645065014236,-0.3513345479871956,-21.95997115792472
2023-03-22,CSI 300 Benchmark,-5.368791194940514,19.665108910570577,-0.28327361741784324,-21.95997115792472
2023-03-23,CSI 300 Benchmark,-5.9109630480762565,19.626516036070665,-0.3134815943240102,-21.95997115792472
2023-03-24,CSI 300 Benchmark,-6.489602707902032,19.625629957269023,-0.3449317832218609,-21.95997115792472
2023-03-27,CSI 300 Benchmark,-3.8871892968107336,19.389997853220343,-0.20998628101121464,-21.95997115792472
2023-03-28,CSI 300 Benchmark,0.39415947096337334,18.843367828636854,0.009506233897031827,-21.95997115792472
2023-03-29,CSI 300 Benchmark,-3.607656033762785,18.33928389185136,-0.21698461954565834,-21.95997115792472
2023-03-30,CSI 300 Benchmark,-4.699959809791087,18.25075148137261,-0.28134625268739927,-21.95997115792472
2023-03-31,CSI 300 Benchmark,-5.039405424881894,18.240895474670605,-0.3011550362558264,-21.95997115792472
2023-04-03,CSI 300 Benchmark,-3.949011722258533,18.26719250642068,-0.2379678506418126,-21.95997115792472
2023-04-04,CSI 300 Benchmark,-3.5764825027240765,18.269777122111154,-0.21672259664411408,-21.95997115792472
2023-04-06,CSI 300 Benchmark,-4.206166737465999,18.26329365900701,-0.25273483656310697,-21.95997115792472
2023-04-07,CSI 300 Benchmark,-3.0114563011758966,18.265909106750907,-0.18482269446777433,-21.95997115792472
2023-04-10,CSI 300 Benchmark,-1.6711262395521564,18.181912752607367,-0.11104170201914687,-21.95997115792472
2023-04-11,CSI 300 Benchmark,-1.1647287544912954,18.17144295375624,-0.08294154414972348,-21.95997115792472
2023-04-12,CSI 300 Benchmark,-0.8915141002597382,18.168247516010403,-0.0677934146883325,-21.95997115792472
2023-04-13,CSI 300 Benchmark,-4.3515747589986,17.946640185334086,-0.26880638872759294,-21.95997115792472
2023-04-14,CSI 300 Benchmark,-3.0928355682047437,17.94088905684859,-0.19608340070919028,-21.95997115792472
2023-04-17,CSI 300 Benchmark,-2.96467920642951,17.950938131532425,-0.1885130745378073,-21.95997115792472
2023-04-18,CSI 300 Benchmark,-2.387730867827065,17.951362163491027,-0.15548254848813917,-21.95997115792472
2023-04-19,CSI 300 Benchmark,-2.008526233660357,17.927976200312933,-0.13429460810925917,-21.95997115792472
2023-04-20,CSI 300 Benchmark,-2.7831281259724228,17.922601852634752,-0.17866705762603396,-21.95997115792472
2023-04-21,CSI 300 Benchmark,-1.6463883515694833,17.761918309076027,-0.11648615324145153,-21.95997115792472
2023-04-24,CSI 300 Benchmark,-4.720839597462501,17.6965779887718,-0.29699818469694855,-21.95997115792472
2023-04-25,CSI 300 Benchmark,-4.277353757325997,17.677737659572657,-0.27123790557083627,-21.95997115792472
2023-04-26,CSI 300 Benchmark,-5.54293944972658,17.6323259796034,-0.34785907118030385,-21.95997115792472
2023-04-27,CSI 300 Benchmark,-4.782544212642659,17.64834262071326,-0.3019597733647002,-21.95997115792472
2023-04-28,CSI 300 Benchmark,-3.2953890645552875,17.670695266610984,-0.21366315705455988,-21.95997115792472
2023-05-04,CSI 300 Benchmark,-2.5310050800922412,17.65473914851445,-0.16942292451060448,-21.95997115792472
2023-05-05,CSI 300 Benchmark,-1.324349282137205,17.58949922467944,-0.10076031815200676,-21.95997115792472
2023-05-08,CSI 300 Benchmark,1.6725547450407774,17.52855618889101,0.06896617433630714,-21.95997115792472
2023-05-09,CSI 300 Benchmark,0.36443456222599035,17.544850026558624,-0.004749686539755881,-21.95997115792472
2023-05-10,CSI 300 Benchmark,4.769620574389832,16.84526742946646,0.24273532486841248,-21.95997115792472
2023-05-11,CSI 300 Benchmark,5.4581768024725585,16.825572694381304,0.28176434455452287,-21.95997115792472
2023-05-12,CSI 300 Benchmark,1.0839622340304222,16.622777321752086,0.028328747529489173,-21.95997115792472
2023-05-15,CSI 300 Benchmark,1.983622387731332,16.681804152516047,0.08193103392720814,-21.95997115792472
2023-05-16,CSI 300 Benchmark,-0.9470435654272635,16.51318413399237,-0.09547683385711704,-21.95997115792472
2023-05-17,CSI 300 Benchmark,-1.2479438152292355,16.518767686882388,-0.11380676656080306,-21.95997115792472
2023-05-18,CSI 300 Benchmark,1.2089376782144168,16.322887104357957,0.03339338552683555,-21.95997115792472
2023-05-19,CSI 300 Benchmark,1.7306261386305533,16.3053240594972,0.0647883757558035,-21.95997115792472
2023-05-22,CSI 300 Benchmark,1.2617605221335815,16.28091299016046,0.036267159117163994,-21.95997115792472
2023-05-23,CSI 300 Benchmark,-1.5902444041224983,16.279206396037655,-0.139235321604181,-21.95997115792472
2023-05-24,CSI 300 Benchmark,-2.517124988106556,16.33177673158618,-0.19620097621196927,-21.95997115792472
2023-05-25,CSI 300 Benchmark,-3.4623803366059858,16.31539693048394,-0.2562786278402313,-21.95997115792472
2023-05-26,CSI 300 Benchmark,-2.6686613966478423,16.29586503583785,-0.2065377033137725,-21.95997115792472
2023-05-29,CSI 300 Benchmark,-4.29246789282447,16.25296158554361,-0.31101104321253453,-21.95997115792472
2023-05-30,CSI 300 Benchmark,-3.8616551414734857,16.249814778202307,-0.28346707952586053,-21.95997115792472
2023-05-31,CSI 300 Benchmark,-5.026876593743291,16.27992385034477,-0.3575353663518468,-21.95997115792472
2023-06-01,CSI 300 Benchmark,-6.639488628327461,16.16170395386641,-0.4672607269363188,-21.95997115792472
2023-06-02,CSI 300 Benchmark,-4.739746139478774,16.21821210172259,-0.3408926645758938,-21.95997115792472
2023-06-05,CSI 300 Benchmark,-2.9022558729691394,16.055663414039543,-0.22701481988131564,-21.95997115792472
2023-06-06,CSI 300 Benchmark,-4.393862999451381,16.07075978275311,-0.3229708245395744,-21.95997115792472
2023-06-07,CSI 300 Benchmark,-5.101438101215495,16.07581376187315,-0.3690210415402306,-21.95997115792472
2023-06-08,CSI 300 Benchmark,-4.526329790866179,16.095706324458444,-0.33083584097962127,-21.95997115792472
2023-06-09,CSI 300 Benchmark,-4.773252711620302,16.08634167056944,-0.3472173880424304,-21.95997115792472
2023-06-12,CSI 300 Benchmark,-6.038959686014678,16.01090811857249,-0.4331563510734564,-21.95997115792472
2023-06-13,CSI 300 Benchmark,-5.345585222279537,16.019336898577247,-0.38695687451106586,-21.95997115792472
2023-06-14,CSI 300 Benchmark,-5.51509112344416,16.01839334218245,-0.3981767335689756,-21.95997115792472
2023-06-15,CSI 300 Benchmark,-5.774858477590749,15.987661693225055,-0.416460247018783,-21.95997115792472
2023-06-16,CSI 300 Benchmark,-5.163217961364419,16.01446128819733,-0.3751026294240983,-21.95997115792472
2023-06-19,CSI 300 Benchmark,-6.846375886077416,16.003560181960484,-0.4873377204407685,-21.95997115792472
2023-06-20,CSI 300 Benchmark,-6.021467627270882,15.971287574438792,-0.4334569461445903,-21.95997115792472
2023-06-21,CSI 300 Benchmark,-8.845524312921317,15.96807396988715,-0.6245859429773031,-21.95997115792472
2023-06-26,CSI 300 Benchmark,-9.062412112664365,15.986639437940422,-0.6385696367046145,-21.95997115792472
2023-06-27,CSI 300 Benchmark,-8.925866859057352,15.995140814195866,-0.628768990210288,-21.95997115792472
2023-06-28,CSI 300 Benchmark,-10.224329398991694,15.937304670987809,-0.7216933336884254,-21.95997115792472
2023-06-29,CSI 300 Benchmark,-10.075567020798449,15.93172079789781,-0.7116138100731244,-21.95997115792472
2023-06-30,CSI 300 Benchmark,-10.828216775884059,15.878028892960975,-0.7674648169594592,-21.95997115792472
2023-07-03,CSI 300 Benchmark,-10.104084621185693,15.926630512234663,-0.7138819180415581,-21.95997115792472
2023-07-04,CSI 300 Benchmark,-9.86119064037868,15.927638975552533,-0.6968918968499058,-21.95997115792472
2023-07-05,CSI 300 Benchmark,-9.408866952316064,15.896777414034204,-0.6670791357153528,-21.95997115792472
2023-07-06,CSI 300 Benchmark,-11.536311899432716,15.81207689165699,-0.8217196657365669,-21.95997115792472
2023-07-07,CSI 300 Benchmark,-12.948871576468257,15.769883219864756,-0.9263588280483499,-21.95997115792472
2023-07-10,CSI 300 Benchmark,-13.499129183620973,15.734930685080537,-0.9690412905644917,-21.95997115792472
2023-07-11,CSI 300 Benchmark,-13.829821410790988,15.71270805295761,-0.9949956102614945,-21.95997115792472
2023-07-12,CSI 300 Benchmark,-13.071100156541537,15.654203153165478,-0.9433341571926103,-21.95997115792472
2023-07-13,CSI 300 Benchmark,-13.078848712556857,15.653341425868689,-0.943963728638422,-21.95997115792472
2023-07-14,CSI 300 Benchmark,-12.707654732322348,15.649377873210247,-0.9170256897291857,-21.95997115792472
2023-07-17,CSI 300 Benchmark,-13.986900465929185,15.652149349533866,-1.011105323914161,-21.84712309284339
2023-07-18,CSI 300 Benchmark,-14.13505864891642,15.654081194768308,-1.0219682227890754,-21.03692584305089
2023-07-19,CSI 300 Benchmark,-12.954505018072393,15.59050990073771,-0.9392353188730783,-21.03692584305089
2023-07-20,CSI 300 Benchmark,-13.94807172477468,15.596403524439914,-1.012388754450381,-20.774963506382548
2023-07-21,CSI 300 Benchmark,-13.70288729976914,15.593945860455714,-0.9943371406292749,-19.425667343198405
2023-07-24,CSI 300 Benchmark,-12.616393320123741,15.51368562100702,-0.9196852306129891,-18.818992923232937
2023-07-25,CSI 300 Benchmark,-9.238253350547899,15.763080676635678,-0.662194830575535,-18.818992923232937
2023-07-26,CSI 300 Benchmark,-9.59047643602422,15.762541582809602,-0.6868822823484927,-18.818992923232937
2023-07-27,CSI 300 Benchmark,-9.711269041950544,15.76268855725515,-0.6953531752023614,-18.261310521575346
2023-07-28,CSI 300 Benchmark,-6.020663641346468,15.848192241239692,-0.43807094413881437,-18.261310521575346
2023-07-31,CSI 300 Benchmark,-6.47524716605875,15.822991032112164,-0.4696554856747146,-18.09372170605432
2023-08-01,CSI 300 Benchmark,-6.355524988540462,15.81930284145779,-0.4617167147765524,-18.09372170605432
2023-08-02,CSI 300 Benchmark,-7.327778368702964,15.829807159905727,-0.5272201015279443,-17.36402869489644
2023-08-03,CSI 300 Benchmark,-5.4549243564277266,15.817883324395682,-0.40127824993018063,-17.36402869489644
2023-08-04,CSI 300 Benchmark,-5.135506250532629,15.82296823955261,-0.3797866144350689,-17.36402869489644
2023-08-07,CSI 300 Benchmark,-5.281501972732272,15.8294116121723,-0.3892956787651323,-17.36402869489644
2023-08-08,CSI 300 Benchmark,-6.270489543688629,15.810462699951538,-0.4563254520081442,-16.966999406998074
2023-08-09,CSI 300 Benchmark,-6.093921851326289,15.805950081744319,-0.44459621229157603,-16.966999406998074
2023-08-10,CSI 300 Benchmark,-5.915189213504823,15.807520947071927,-0.43250966175563654,-16.79540488665904
2023-08-11,CSI 300 Benchmark,-6.854699625484861,15.918948283264042,-0.4913862020795084,-16.79540488665904
2023-08-14,CSI 300 Benchmark,-7.944562709544545,15.927592882746906,-0.5649084330727494,-16.79540488665904
2023-08-15,CSI 300 Benchmark,-6.342504537347948,15.811893940264957,-0.4611236683953526,-16.79540488665904
2023-08-16,CSI 300 Benchmark,-6.113670684114592,15.7990831551539,-0.4461835201945648,-16.79540488665904
2023-08-17,CSI 300 Benchmark,-6.593523389049782,15.778984440605,-0.47941827729714065,-16.79540488665904
2023-08-18,CSI 300 Benchmark,-8.970775575900491,15.764591455301103,-0.6434772234203447,-16.79540488665904
2023-08-21,CSI 300 Benchmark,-10.0894869179046,15.826242441612115,-0.7184586979482039,-16.79540488665904
2023-08-22,CSI 300 Benchmark,-9.577372075457092,15.84504164661987,-0.681588018439643,-16.79540488665904
2023-08-23,CSI 300 Benchmark,-10.051815957765909,15.88914462186973,-0.7123485755447394,-16.79540488665904
2023-08-24,CSI 300 Benchmark,-11.210410433464657,15.770633197413172,-0.8010423157952462,-16.79540488665904
2023-08-25,CSI 300 Benchmark,-11.500422284093625,15.77431763551119,-0.8215497391049775,-16.79540488665904
2023-08-28,CSI 300 Benchmark,-10.346226778473754,15.820808920858259,-0.7368085662576153,-16.79540488665904
2023-08-29,CSI 300 Benchmark,-9.280643351151042,15.854037929902063,-0.6604361982927309,-16.79540488665904
2023-08-30,CSI 300 Benchmark,-10.160136528009534,15.824093435914053,-0.7235248315728823,-16.087762518421865
2023-08-31,CSI 300 Benchmark,-9.92396572629719,15.81240493923343,-0.7075800664737902,-16.087762518421865
2023-09-01,CSI 300 Benchmark,-8.662395711763605,15.815479372224045,-0.6195010791276121,-16.087762518421865
2023-09-04,CSI 300 Benchmark,-7.950564235645496,15.872808043840228,-0.567805804311406,-15.678107369989991
2023-09-05,CSI 300 Benchmark,-8.18932958015508,15.882380472108876,-0.5837160590815562,-14.75949686059731
2023-09-06,CSI 300 Benchmark,-6.6233035092858605,15.77324716118302,-0.4816594490898378,-14.75949686059731
2023-09-07,CSI 300 Benchmark,-8.691541038367046,15.81037469353395,-0.6217830208688058,-14.653231233716124
2023-09-08,CSI 300 Benchmark,-8.948230825626203,15.816070109904166,-0.6392961378997406,-14.653231233716124
2023-09-11,CSI 300 Benchmark,-7.873376256837239,15.829401213714767,-0.5645093846172242,-14.653231233716124
2023-09-12,CSI 300 Benchmark,-7.733186461003472,15.82716435388369,-0.5550069072137847,-14.653231233716124
2023-09-13,CSI 300 Benchmark,-8.389363520196657,15.838568530643885,-0.5995422199702543,-14.653231233716124
2023-09-14,CSI 300 Benchmark,-7.671899625098522,15.816698340887406,-0.5512821544729555,-14.653231233716124
2023-09-15,CSI 300 Benchmark,-7.824716292949829,15.822478264115155,-0.5614894449349432,-14.653231233716124
2023-09-18,CSI 300 Benchmark,-7.165246657804946,15.830608976938537,-0.5160988152707966,-14.653231233716124
2023-09-19,CSI 300 Benchmark,-8.187437293400057,15.803173141838075,-0.5873092988800668,-14.653231233716124
2023-09-20,CSI 300 Benchmark,-8.613919664663417,15.807183452245491,-0.6165661686319417,-14.653231233716124
2023-09-21,CSI 300 Benchmark,-9.045752619240622,15.826003394991577,-0.6455638409155459,-14.653231233716124
2023-09-22,CSI 300 Benchmark,-8.668122417954393,15.869521383532442,-0.6172674840829235,-14.653231233716124
2023-09-25,CSI 300 Benchmark,-9.644845272060376,15.874995011039122,-0.6847049419829542,-13.692655518769936
2023-09-26,CSI 300 Benchmark,-9.16194646631051,15.84774808457278,-0.6525337532390503,-12.873105094531123
2023-09-27,CSI 300 Benchmark,-8.110598785724099,15.823289199788013,-0.5810859184787207,-12.588826648565776
2023-09-28,CSI 300 Benchmark,-6.18318997413555,15.653910935851517,-0.45652147679250316,-12.588826648565776
2023-10-09,CSI 300 Benchmark,-6.19329763585098,15.65398266177569,-0.4572068139240801,-12.588826648565776
2023-10-10,CSI 300 Benchmark,-7.0104633134382865,15.670235905004176,-0.5123915547084487,-12.953446265536627
2023-10-11,CSI 300 Benchmark,-6.050265727499804,15.656734453672078,-0.447369824067653,-12.953446265536627
2023-10-12,CSI 300 Benchmark,-4.314979488964365,15.662687078271592,-0.33031276894948675,-12.953446265536627
2023-10-13,CSI 300 Benchmark,-4.995060996037582,15.693729393023403,-0.3747922747175704,-12.953446265536627
2023-10-16,CSI 300 Benchmark,-5.475569591423158,15.717431545736964,-0.40624471749298463,-13.680087461433176
2023-10-17,CSI 300 Benchmark,-6.497272911505658,15.652786666567698,-0.47797754466258247,-13.680087461433176
2023-10-18,CSI 300 Benchmark,-5.697296632160764,15.588273552622557,-0.425967155092433,-14.06140606902927
2023-10-19,CSI 300 Benchmark,-7.671485512071785,15.731098807389671,-0.5551230492501292,-15.894918861335617
2023-10-20,CSI 300 Benchmark,-7.7346946839499715,15.733655788693149,-0.5593587819772833,-16.44130583885134
2023-10-23,CSI 300 Benchmark,-6.62985166914809,15.613932160432373,-0.4886479241499382,-17.306388163914765
2023-10-24,CSI 300 Benchmark,-6.453234706956912,15.617565353550647,-0.47640041002432665,-17.306388163914765
2023-10-25,CSI 300 Benchmark,-7.394978538858787,15.549642344739059,-0.5442063778962911,-17.306388163914765
2023-10-26,CSI 300 Benchmark,-6.356214531864612,15.531229148261733,-0.47323212270265413,-17.306388163914765
2023-10-27,CSI 300 Benchmark,-7.289179112793698,15.40501707281982,-0.543329974802887,-17.306388163914765
2023-10-30,CSI 300 Benchmark,-6.828179319804207,15.417204443496576,-0.5106147853759558,-17.306388163914765
2023-10-31,CSI 300 Benchmark,-6.923982070995227,15.418804518425203,-0.5172163982287618,-17.306388163914765
2023-11-01,CSI 300 Benchmark,-5.441670666606857,15.33653108698119,-0.417818834107324,-17.306388163914765
2023-11-02,CSI 300 Benchmark,-5.345984300639495,15.33320813457966,-0.4113475459704315,-17.306388163914765
2023-11-03,CSI 300 Benchmark,-4.2415399456876335,15.354206599049702,-0.3350348651900767,-17.306388163914765
2023-11-06,CSI 300 Benchmark,-0.02104653757589725,15.13363437463047,-0.05720519715108698,-17.306388163914765
2023-11-07,CSI 300 Benchmark,-0.21212466277164,15.136955023083354,-0.06979802320889805,-17.306388163914765
2023-11-08,CSI 300 Benchmark,-1.253252397822524,15.117105661967036,-0.13946720921039538,-17.306388163914765
2023-11-09,CSI 300 Benchmark,-0.5044774979938493,15.100650859888093,-0.08975795484508309,-17.306388163914765
2023-11-10,CSI 300 Benchmark,1.2752274535884567,14.913079811269572,0.02608994700697539,-17.306388163914765
2023-11-13,CSI 300 Benchmark,2.0152996159787717,14.885264443852996,0.07477881674090575,-17.306388163914765
2023-11-14,CSI 300 Benchmark,-1.4340157655988617,14.449069439773876,-0.16533808962375565,-17.306388163914765
2023-11-15,CSI 300 Benchmark,-1.9185221699015598,14.416039632405925,-0.20022409840804997,-17.306388163914765
2023-11-16,CSI 300 Benchmark,-2.0705716836310395,14.425526437796329,-0.21075151406936285,-17.306388163914765
2023-11-17,CSI 300 Benchmark,-5.285284997193129,14.046419141772098,-0.45778368658319607,-17.306388163914765
2023-11-20,CSI 300 Benchmark,-5.270409920797214,14.046690378510945,-0.45665436947526594,-17.306388163914765
2023-11-21,CSI 300 Benchmark,-4.4876750587290015,14.031333961056816,-0.398670828699446,-17.306388163914765
2023-11-22,CSI 300 Benchmark,-4.57301183740354,14.03744229897071,-0.4048026995936334,-17.306388163914765
2023-11-23,CSI 300 Benchmark,-3.3689210700988403,14.025682142095713,-0.3158713774580965,-17.306388163914765
2023-11-24,CSI 300 Benchmark,-6.610370858012649,13.756443906304924,-0.5726979001021032,-17.306388163914765
2023-11-27,CSI 300 Benchmark,-7.434720407507034,13.773826184875393,-0.6361547924595423,-17.306388163914765
2023-11-28,CSI 300 Benchmark,-8.987370651803882,13.639585744895161,-0.7677252618857819,-17.306388163914765
2023-11-29,CSI 300 Benchmark,-9.025751140100036,13.642061055643795,-0.7706519194666568,-17.306388163914765
2023-11-30,CSI 300 Benchmark,-8.44434282006673,13.6392833463199,-0.7241443914044164,-17.306388163914765
2023-12-01,CSI 300 Benchmark,-8.383044724127098,13.637403387215317,-0.7193567763207748,-17.306388163914765
2023-12-04,CSI 300 Benchmark,-8.197887157909179,13.626740957899985,-0.7052151037216305,-17.64213390350784
2023-12-05,CSI 300 Benchmark,-9.956446065897406,13.754871208025381,-0.8379291498773552,-19.210224379670404
2023-12-06,CSI 300 Benchmark,-9.909308210751632,13.755517338886303,-0.8340800462356234,-19.210224379670404
2023-12-07,CSI 300 Benchmark,-9.729689504317186,13.751075082122727,-0.8199148408891364,-19.281030068482828
2023-12-08,CSI 300 Benchmark,-9.9665454497198,13.743170031005974,-0.839574895164754,-19.281030068482828
2023-12-11,CSI 300 Benchmark,-8.40522561015684,13.713745315572254,-0.7163470162201488,-19.281030068482828
2023-12-12,CSI 300 Benchmark,-10.955638655825217,13.354558878475823,-0.9505488465420595,-19.281030068482828
2023-12-13,CSI 300 Benchmark,-12.546763079928702,13.452191108001948,-1.0766418958617068,-19.796990600028387
2023-12-14,CSI 300 Benchmark,-13.936762324996,13.412252103695083,-1.1996365273793563,-20.21688222732063
2023-12-15,CSI 300 Benchmark,-13.676132564849796,13.4031077958379,-1.1779987730096577,-20.464712526057905
2023-12-18,CSI 300 Benchmark,-15.645540226680199,13.252794559909322,-1.3668823927002134,-20.75476260777075
2023-12-19,CSI 300 Benchmark,-15.980971369152275,13.240518198616321,-1.3983444046735334,-20.75476260777075
2023-12-20,CSI 300 Benchmark,-16.696941430547795,13.27936800516516,-1.4582668038479718,-21.513174434168047
2023-12-21,CSI 300 Benchmark,-15.869697378017955,13.32302335003047,-1.3789379523958585,-21.513174434168047
2023-12-22,CSI 300 Benchmark,-16.532655800417828,13.28366146730143,-1.4429313472941934,-21.513174434168047
2023-12-25,CSI 300 Benchmark,-15.328216944458383,13.246758408799305,-1.3392389285388377,-21.513174434168047
2023-12-26,CSI 300 Benchmark,-15.735963630765315,13.260343883506287,-1.3741114633291984,-21.513174434168047
2023-12-27,CSI 300 Benchmark,-15.639601613105004,13.263422768762009,-1.36515037284778,-21.513174434168047
2023-12-28,CSI 300 Benchmark,-13.599434277812394,13.480115034703042,-1.163932466275042,-21.513174434168047
2023-12-29,CSI 300 Benchmark,-13.229310362579383,13.490470429242954,-1.1312666684277812,-21.513174434168047
2024-01-02,CSI 300 Benchmark,-13.019256018739933,13.466122321795032,-1.1156125110863104,-21.513174434168047
2024-01-03,CSI 300 Benchmark,-11.771168394129116,13.371671348944913,-1.017953267232162,-21.513174434168047
2024-01-04,CSI 300 Benchmark,-12.621891039451139,13.400213209903244,-1.0877694488652396,-21.513174434168047
2024-01-05,CSI 300 Benchmark,-13.214618565497094,13.407592063540113,-1.1378376121316065,-21.513174434168047
2024-01-08,CSI 300 Benchmark,-14.16225930873145,13.464069756131408,-1.2139996178027543,-21.78560655612305
2024-01-09,CSI 300 Benchmark,-14.335651774452296,13.458701910933831,-1.2295525710818687,-21.78560655612305
2024-01-10,CSI 300 Benchmark,-15.708534211682313,13.40966427124891,-1.3549414937232385,-21.998095759962013
2024-01-11,CSI 300 Benchmark,-14.86833603294695,13.419457165644976,-1.2799911595520632,-21.998095759962013
2024-01-12,CSI 300 Benchmark,-14.845173105177745,13.418843904687657,-1.2780296618565028,-21.998095759962013
2024-01-15,CSI 300 Benchmark,-15.257491235233845,13.411374755766147,-1.3149847692109826,-21.998095759962013
2024-01-16,CSI 300 Benchmark,-15.098716937658796,13.419484382261729,-1.3001695922889487,-21.998095759962013
2024-01-17,CSI 300 Benchmark,-17.05303153780361,13.583441937248544,-1.4541573210430498,-23.141705738814178
2024-01-18,CSI 300 Benchmark,-17.48357926634737,13.514834675169357,-1.50069238917708,-23.141705738814178
2024-01-19,CSI 300 Benchmark,-17.863157327800472,13.509588132636585,-1.5354309350040023,-23.141705738814178
2024-01-22,CSI 300 Benchmark,-19.790537323310854,13.561172113524123,-1.7040256804179712,-23.38401918719921
2024-01-23,CSI 300 Benchmark,-19.553102211587902,13.568627648956808,-1.681249285351789,-23.38401918719921
2024-01-24,CSI 300 Benchmark,-18.277214219668082,13.6487222795215,-1.555397135588681,-23.38401918719921
2024-01-25,CSI 300 Benchmark,-16.798710365589255,13.80445661545686,-1.4065368944890235,-23.38401918719921
2024-01-26,CSI 300 Benchmark,-18.175926199290537,13.72614503371164,-1.5368509866538176,-23.38401918719921
2024-01-29,CSI 300 Benchmark,-20.154929633638897,13.651703414891156,-1.7251615290970566,-23.38401918719921
2024-01-30,CSI 300 Benchmark,-21.565171809360926,13.756664362196434,-1.84036681214565,-23.38401918719921
2024-01-31,CSI 300 Benchmark,-22.152367574130484,13.781027734015868,-1.8913463524695855,-23.468511149136706
2024-02-01,CSI 300 Benchmark,-22.576876019334836,13.763252510672116,-1.9336559811989862,-23.468511149136706
2024-02-02,CSI 300 Benchmark,-23.96012508862386,13.7872863723481,-2.0606647871617727,-24.31881530666613
2024-02-05,CSI 300 Benchmark,-23.823873981384825,13.796047464304367,-2.04630656795414,-24.221204097434633
2024-02-06,CSI 300 Benchmark,-20.331836363003287,14.21998146934754,-1.666339762051766,-24.221204097434633
2024-02-07,CSI 300 Benchmark,-20.31259335671196,14.22176873780005,-1.6644160072085883,-23.9532617804593
2024-02-08,CSI 300 Benchmark,-19.521415982014233,14.237575840228908,-1.5930792427405556,-23.60396239499688
2024-02-19,CSI 300 Benchmark,-17.814815184391474,14.264672530262038,-1.4427995801762044,-23.60396239499688
2024-02-20,CSI 300 Benchmark,-16.54132326877479,14.212194367597833,-1.3405396130417055,-23.60396239499688
2024-02-21,CSI 300 Benchmark,-15.567314173560709,14.28057990150473,-1.2522498148782337,-23.60396239499688
2024-02-22,CSI 300 Benchmark,-14.461382622516961,14.30537095080044,-1.1589216102841062,-23.60396239499688
2024-02-23,CSI 300 Benchmark,-15.520142998173824,14.236930466295266,-1.2525997496603405,-23.60396239499688
2024-02-26,CSI 300 Benchmark,-15.901166680478962,14.260768829284492,-1.2819448065431107,-23.60396239499688
2024-02-27,CSI 300 Benchmark,-15.657655703626283,14.283741230290536,-1.2594275720890535,-23.60396239499688
2024-02-28,CSI 300 Benchmark,-16.766747712090623,14.334527243509607,-1.3467392548124653,-23.60396239499688
2024-02-29,CSI 300 Benchmark,-14.734539638240685,14.462776336233993,-1.1668583642362749,-23.60396239499688
2024-03-01,CSI 300 Benchmark,-13.574824094655668,14.462693567576205,-1.0735102327563921,-23.60396239499688
2024-03-04,CSI 300 Benchmark,-12.23540659718375,14.39612159310968,-0.9723715826846767,-23.60396239499688
2024-03-05,CSI 300 Benchmark,-13.740817102694901,14.19545588738082,-1.1099146560005395,-23.60396239499688
2024-03-06,CSI 300 Benchmark,-14.315994587091696,14.196186746516195,-1.1569514286675413,-23.60396239499688
2024-03-07,CSI 300 Benchmark,-14.05497859973478,14.181344414294339,-1.1368753953794564,-23.60396239499688
2024-03-08,CSI 300 Benchmark,-13.615606756559217,14.189661635407495,-1.1002100641397574,-23.60396239499688
2024-03-11,CSI 300 Benchmark,-11.617257612933852,14.214922063562588,-0.9372053872994828,-23.60396239499688
2024-03-12,CSI 300 Benchmark,-11.037775165187401,14.212458624233063,-0.8914310938721779,-23.60396239499688
2024-03-13,CSI 300 Benchmark,-12.215326131556747,14.211286467113052,-0.9852355429196747,-23.60396239499688
2024-03-14,CSI 300 Benchmark,-13.683706785565164,14.137338821136389,-1.1103786742766442,-23.60396239499688
2024-03-15,CSI 300 Benchmark,-13.302078266879679,14.138940019042009,-1.079052426664646,-23.60396239499688
2024-03-18,CSI 300 Benchmark,-12.759151348488052,14.169092966247801,-1.0324218051825662,-23.60396239499688
2024-03-19,CSI 300 Benchmark,-12.932065014236727,14.177047272487004,-1.0457501659590904,-23.60396239499688
2024-03-20,CSI 300 Benchmark,-11.446900912741743,14.108316600338005,-0.9317107001765345,-23.60396239499688
2024-03-21,CSI 300 Benchmark,-11.229681689739547,14.104870088450774,-0.9146106598015518,-23.60396239499688
2024-03-22,CSI 300 Benchmark,-11.812582814643635,14.134457738350337,-0.9589885787578255,-23.60396239499688
2024-03-25,CSI 300 Benchmark,-11.125705051701207,14.086184002206082,-0.9077059859512455,-23.60396239499688
2024-03-26,CSI 300 Benchmark,-11.598295507771006,14.054643071521921,-0.9479738809596396,-23.60396239499688
2024-03-27,CSI 300 Benchmark,-12.093997273088618,14.08769279125279,-0.9853151075690622,-23.60396239499688
2024-03-28,CSI 300 Benchmark,-11.686697606898033,14.098705975436578,-0.9516635470935605,-23.60396239499688
2024-03-29,CSI 300 Benchmark,-10.196772330304793,14.06040983275366,-0.8357039857146109,-23.60396239499688
2024-04-01,CSI 300 Benchmark,-9.173765441767156,14.150716753318632,-0.7494664562150842,-23.60396239499688
2024-04-02,CSI 300 Benchmark,-9.098606121737129,14.148242747650563,-0.7437778475889235,-23.60396239499688
2024-04-03,CSI 300 Benchmark,-10.410239947859,14.106081686298408,-0.849415933104334,-23.60396239499688
2024-04-08,CSI 300 Benchmark,-11.577488047719807,14.123155480641392,-0.9410357732186885,-23.60396239499688
2024-04-09,CSI 300 Benchmark,-12.517732266291404,14.084828286869596,-1.0198412962836096,-23.60396239499688
2024-04-10,CSI 300 Benchmark,-12.970726838844037,14.103442401563695,-1.0551011670996926,-23.60396239499688
2024-04-11,CSI 300 Benchmark,-12.666299779488932,14.100042807652674,-1.0306369800612252,-23.60396239499688
2024-04-12,CSI 300 Benchmark,-13.0934831192699,14.117946995412755,-1.063864635764205,-23.60396239499688
2024-04-15,CSI 300 Benchmark,-11.409177813072102,14.280503929010083,-0.9158154784331697,-23.60396239499688
2024-04-16,CSI 300 Benchmark,-13.05949595576843,14.291443276056837,-1.0465156142116192,-23.60396239499688
2024-04-17,CSI 300 Benchmark,-11.985475620592467,14.376123286849756,-0.9541567127878294,-23.60396239499688
2024-04-18,CSI 300 Benchmark,-12.730893576993152,14.340287923622693,-1.0161782396299226,-23.60396239499688
2024-04-19,CSI 300 Benchmark,-13.683375452578005,14.354747553091974,-1.0914204154456568,-23.60396239499688
2024-04-22,CSI 300 Benchmark,-13.809744442935944,14.356547268982588,-1.1014650836122533,-23.60396239499688
2024-04-23,CSI 300 Benchmark,-14.965150425430595,14.353411200825883,-1.1957075776541306,-23.60396239499688
2024-04-24,CSI 300 Benchmark,-14.207471319338183,14.356767726673644,-1.133643160345541,-23.60396239499688
2024-04-25,CSI 300 Benchmark,-13.898686041795328,14.359838361177335,-1.1083648114760711,-23.60396239499688
2024-04-26,CSI 300 Benchmark,-12.520944240830623,14.446985992793168,-0.990996706521008,-23.60396239499688
2024-04-29,CSI 300 Benchmark,-10.938034320715307,14.478540232959416,-0.8647242288633745,-23.60396239499688
2024-04-30,CSI 300 Benchmark,-11.916049014766173,14.474129155266324,-0.9412853368837085,-23.60396239499688
2024-05-06,CSI 300 Benchmark,-11.845301184405077,14.482539351824272,-0.9351150519268077,-23.60396239499688
2024-05-07,CSI 300 Benchmark,-12.086031031220879,14.47846960532482,-0.9542962698855775,-22.90987684577037
2024-05-08,CSI 300 Benchmark,-11.985177112147461,14.472187030892014,-0.9468550612815405,-22.69358896898781
2024-05-09,CSI 300 Benchmark,-10.903384473904032,14.504219101973625,-0.8602600009203769,-21.735374262609074
2024-05-10,CSI 300 Benchmark,-9.083299871835159,14.376536666467258,-0.7285855266132796,-21.735374262609074
2024-05-13,CSI 300 Benchmark,-7.9834488602359865,14.325607983262605,-0.6477755463401789,-21.735374262609074
2024-05-14,CSI 300 Benchmark,-7.712496902351507,14.318897651650941,-0.6276178346017439,-21.735374262609074
2024-05-15,CSI 300 Benchmark,-8.41517923680215,14.342226106099154,-0.6796393715943404,-21.735374262609074
2024-05-16,CSI 300 Benchmark,-8.726751846615166,14.327889154503982,-0.7042384561469974,-21.735374262609074
2024-05-17,CSI 300 Benchmark,-8.71453987196259,14.3288916635539,-0.7032459156379658,-21.735374262609074
2024-05-20,CSI 300 Benchmark,-8.418464140158854,14.333949239577523,-0.6803638254198687,-21.735374262609074
2024-05-21,CSI 300 Benchmark,-8.482121168578516,14.335576614034458,-0.685119183025949,-21.735374262609074
2024-05-22,CSI 300 Benchmark,-9.309450089466765,14.2896815301848,-0.7513036952807675,-21.05943700853271
2024-05-23,CSI 300 Benchmark,-9.585297579346763,14.310254421092978,-0.7712965271773393,-20.916181250947652
2024-05-24,CSI 300 Benchmark,-9.892598467165003,14.331576870391554,-0.793681856566172,-20.916181250947652
2024-05-27,CSI 300 Benchmark,-8.894659372400927,14.365057202502468,-0.7148549701719444,-20.916181250947652
2024-05-28,CSI 300 Benchmark,-8.34458548485345,14.323523153114696,-0.6753337453788202,-20.916181250947652
2024-05-29,CSI 300 Benchmark,-9.636807585564277,14.235968618605424,-0.7800602709604061,-20.916181250947652
2024-05-30,CSI 300 Benchmark,-9.649915691543775,14.23646543655814,-0.781046713284575,-20.916181250947652
2024-05-31,CSI 300 Benchmark,-9.601631390059262,14.234999492466937,-0.7773899496005813,-20.916181250947652
2024-06-03,CSI 300 Benchmark,-9.285021813266992,14.237637081371938,-0.7526719129562587,-20.916181250947652
2024-06-04,CSI 300 Benchmark,-8.337322676008386,14.256867537399504,-0.6785932823345753,-20.916181250947652
2024-06-05,CSI 300 Benchmark,-9.43571007713604,14.251906611769341,-0.7634373304851741,-20.916181250947652
2024-06-06,CSI 300 Benchmark,-8.201572019278103,14.184557178321509,-0.6723502480985962,-20.916181250947652
2024-06-07,CSI 300 Benchmark,-7.384618990534109,14.127584624186056,-0.6129392085316989,-20.916181250947652
2024-06-11,CSI 300 Benchmark,-7.989161826350289,14.151657078062724,-0.6579188915230387,-20.916181250947652
2024-06-12,CSI 300 Benchmark,-7.967609894579253,14.15174429856626,-0.6562594929696471,-20.916181250947652
2024-06-13,CSI 300 Benchmark,-8.028582853891264,14.153829050962626,-0.6608229832602829,-20.916181250947652
2024-06-14,CSI 300 Benchmark,-7.7185840762958975,14.160928108082482,-0.6366659352551429,-20.916181250947652
2024-06-17,CSI 300 Benchmark,-6.906463032427357,14.126304358008577,-0.5765643533933712,-20.916181250947652
2024-06-18,CSI 300 Benchmark,-6.863329575507471,14.127184623697216,-0.573241502374715,-20.916181250947652
2024-06-19,CSI 300 Benchmark,-8.625044958469797,14.05711972001642,-0.7126024205192908,-20.916181250947652
2024-06-20,CSI 300 Benchmark,-8.869551939246245,14.067695333076841,-0.731001439435068,-20.916181250947652
2024-06-21,CSI 300 Benchmark,-8.20719235022075,14.039549855802633,-0.6811829892153213,-20.916181250947652
2024-06-24,CSI 300 Benchmark,-8.247653565045997,14.041074078353896,-0.6842328075758931,-20.916181250947652
2024-06-25,CSI 300 Benchmark,-9.483426197401258,14.024749701467707,-0.7818452215846434,-20.916181250947652
2024-06-26,CSI 300 Benchmark,-9.290216599231915,14.033567233071063,-0.7660781011315607,-20.916181250947652
2024-06-27,CSI 300 Benchmark,-10.152736298297494,14.049795748760296,-0.8330071658903541,-20.916181250947652
2024-06-28,CSI 300 Benchmark,-10.433640965235924,14.040479675560169,-0.8559460086632468,-20.916181250947652
2024-07-01,CSI 300 Benchmark,-9.985499024971368,14.049995364575057,-0.8197625863317511,-20.916181250947652
2024-07-02,CSI 300 Benchmark,-11.558118016294438,13.955203098160387,-0.9525141586628308,-20.916181250947652
2024-07-03,CSI 300 Benchmark,-12.613996611255264,13.919703856814808,-1.0415385044930605,-20.916181250947652
2024-07-04,CSI 300 Benchmark,-12.340539972577702,13.90594466402009,-1.0202499636519973,-20.916181250947652
2024-07-05,CSI 300 Benchmark,-12.567469518958829,13.910607628956061,-1.0384863784054044,-20.916181250947652
2024-07-08,CSI 300 Benchmark,-11.96346232336387,13.854232612807785,-0.99361320996496,-20.916181250947652
2024-07-09,CSI 300 Benchmark,-9.709048542681643,13.8355461170868,-0.8124715456031506,-20.916181250947652
2024-07-10,CSI 300 Benchmark,-10.83019318455577,13.803620434936933,-0.9051493118711107,-20.916181250947652
2024-07-11,CSI 300 Benchmark,-9.701882955100238,13.85414040012744,-0.8106249982792052,-20.916181250947652
2024-07-12,CSI 300 Benchmark,-9.143290713311647,13.84743611284254,-0.7665647598235551,-20.916181250947652
2024-07-15,CSI 300 Benchmark,-9.530505604996486,13.83624485694963,-0.7981527251208117,-20.916181250947652
2024-07-16,CSI 300 Benchmark,-10.136437389926256,13.786401421363562,-0.850257451509329,-20.916181250947652
2024-07-17,CSI 300 Benchmark,-10.193088019749453,13.785644041061074,-0.8548842914346774,-20.916181250947652
2024-07-18,CSI 300 Benchmark,-8.991781743175341,13.77840797112123,-0.7590020240315302,-20.916181250947652
2024-07-19,CSI 300 Benchmark,-7.904205526700925,13.774205991054409,-0.6730591617429058,-20.916181250947652
2024-07-22,CSI 300 Benchmark,-8.123327239944956,13.78340327439869,-0.6897953537841306,-20.916181250947652
2024-07-23,CSI 300 Benchmark,-10.520674219302585,13.93328052144265,-0.8705589842496952,-20.916181250947652
2024-07-24,CSI 300 Benchmark,-11.66356227569244,13.928234169230794,-0.9631778425760095,-20.916181250947652
2024-07-25,CSI 300 Benchmark,-11.556464795776133,13.923304203334673,-0.9548699320114671,-20.916181250947652
2024-07-26,CSI 300 Benchmark,-12.546867374645132,13.848581634651822,-1.0420401827942116,-20.916181250947652
2024-07-29,CSI 300 Benchmark,-13.037893180980543,13.857243604238334,-1.0819142656500345,-20.916181250947652
2024-07-30,CSI 300 Benchmark,-12.872263765488533,13.848027749540401,-1.068993202913279,-20.916181250947652
2024-07-31,CSI 300 Benchmark,-10.709768255696373,14.020347418331028,-0.8793874481236533,-20.916181250947652
2024-08-01,CSI 300 Benchmark,-11.207863451630452,14.033992303906478,-0.9182395329108229,-20.916181250947652
2024-08-02,CSI 300 Benchmark,-11.488962302598605,14.052395184445315,-0.9394066537941764,-20.916181250947652
2024-08-05,CSI 300 Benchmark,-12.52226304651558,14.100937901401455,-1.0189247437636892,-20.916181250947652
2024-08-06,CSI 300 Benchmark,-12.147578994190889,14.09561937866999,-0.9890551925025528,-20.916181250947652
2024-08-07,CSI 300 Benchmark,-14.651584213796232,13.784086008177814,-1.2241581000004076,-20.916181250947652
2024-08-08,CSI 300 Benchmark,-14.437526931237244,13.783662947039616,-1.2060375824543421,-20.916181250947652
2024-08-09,CSI 300 Benchmark,-14.625011202257433,13.786378102542535,-1.2216750050476997,-20.916181250947652
2024-08-12,CSI 300 Benchmark,-16.702154912668444,13.578952415838147,-1.42365875849635,-20.916181250947652
2024-08-13,CSI 300 Benchmark,-16.944025107557138,13.568764858892948,-1.4462447202887276,-20.916181250947652
2024-08-14,CSI 300 Benchmark,-17.227665046067475,13.58168219797994,-1.46990956252698,-20.916181250947652
2024-08-15,CSI 300 Benchmark,-15.817600290353829,13.608014820732395,-1.3427582772892466,-20.916181250947652
2024-08-16,CSI 300 Benchmark,-16.463238140083025,13.575826763952877,-1.4029351485675223,-20.916181250947652
2024-08-19,CSI 300 Benchmark,-16.50537374005614,13.574209319561906,-1.4068326256390375,-20.31314379479773
2024-08-20,CSI 300 Benchmark,-16.476806958015477,13.572521736601853,-1.4045058028240722,-20.10448467219186
2024-08-21,CSI 300 Benchmark,-16.536221834340548,13.57372203352545,-1.409608616616385,-20.02378778391841
2024-08-22,CSI 300 Benchmark,-16.494490060790955,13.572937315068492,-1.406017584478683,-20.02378778391841
2024-08-23,CSI 300 Benchmark,-16.312185448731174,13.579121711281722,-1.3892669893620488,-18.14058241293772
2024-08-26,CSI 300 Benchmark,-14.417978038259093,13.39272235427947,-1.2434869548902234,-17.538771295114298
2024-08-27,CSI 300 Benchmark,-14.278678842137339,13.38556041434525,-1.2320811402366607,-17.389778688161538
2024-08-28,CSI 300 Benchmark,-14.559600807759033,13.394096696674932,-1.2557036072606902,-17.389778688161538
2024-08-29,CSI 300 Benchmark,-14.159389197734873,13.378657267620273,-1.2223976749590653,-17.389778688161538
2024-08-30,CSI 300 Benchmark,-13.303451860355375,13.44528408557176,-1.141930615991168,-17.389778688161538
2024-09-02,CSI 300 Benchmark,-13.715445083979683,13.49461305424398,-1.1725384399248828,-17.389778688161538
2024-09-03,CSI 300 Benchmark,-12.2300643432541,13.42640106357039,-1.0521235341570159,-17.389778688161538
2024-09-04,CSI 300 Benchmark,-13.465455285598505,13.414663975610303,-1.1587756925015338,-17.389778688161538
2024-09-05,CSI 300 Benchmark,-11.872321797025265,13.321745303520336,-1.0309250946558788,-17.389778688161538
2024-09-06,CSI 300 Benchmark,-13.215875081713335,13.32096477228151,-1.1462627368992002,-17.389778688161538
2024-09-09,CSI 300 Benchmark,-13.916936002252456,13.365256403163706,-1.2026742363287795,-17.389778688161538
2024-09-10,CSI 300 Benchmark,-14.839350959608865,13.309115738399838,-1.2892026694536938,-17.389778688161538
2024-09-11,CSI 300 Benchmark,-15.935619219275832,13.268675897945853,-1.3911185773156753,-17.389778688161538
2024-09-12,CSI 300 Benchmark,-16.260620439385743,13.273622635462326,-1.4197140490996687,-17.575621482508165
2024-09-13,CSI 300 Benchmark,-16.09502989042437,13.266951158355877,-1.4056143205342322,-17.919291577224417
2024-09-18,CSI 300 Benchmark,-16.365095917844297,13.252197454440934,-1.431636496757406,-17.919291577224417
2024-09-19,CSI 300 Benchmark,-16.963481009901326,13.184827688014916,-1.4940389062436827,-17.304074411852145
2024-09-20,CSI 300 Benchmark,-16.20985402932901,13.169383855581735,-1.427387396719092,-17.124255594185065
2024-09-23,CSI 300 Benchmark,-15.720359921787496,13.175606937141726,-1.3824706235479676,-16.145565416021245
2024-09-24,CSI 300 Benchmark,-10.817312792638678,13.822388164294102,-0.9028124799916247,-16.145565416021245
2024-09-25,CSI 300 Benchmark,-9.049746539460335,13.898404602373892,-0.755972346366909,-16.145565416021245
2024-09-26,CSI 300 Benchmark,-5.898197497908475,14.517215901300847,-0.48329890426059824,-15.990990518755954
2024-09-27,CSI 300 Benchmark,-1.5135886955916833,15.193694158170928,-0.1556761978614141,-15.50404624457531
2024-09-30,CSI 300 Benchmark,7.525534868368644,17.3890537221914,0.3884216225847392,-15.50404624457531
2024-10-08,CSI 300 Benchmark,13.997246846339051,18.360539061868945,0.6954037906492224,-15.50404624457531
2024-10-09,CSI 300 Benchmark,6.665462464121474,19.67680584497653,0.3241911574593971,-15.50404624457531
2024-10-10,CSI 300 Benchmark,7.245107823338648,19.69767909791474,0.3515766719298365,-15.50404624457531
2024-10-11,CSI 300 Benchmark,4.479628869842323,19.894832016257077,0.2187290879576609,-15.50404624457531
2024-10-14,CSI 300 Benchmark,6.8989140560669515,19.979074811646235,0.3332444832783616,-15.50404624457531
2024-10-15,CSI 300 Benchmark,4.998029113043367,20.138640110828653,0.2430979169916421,-15.50404624457531
2024-10-16,CSI 300 Benchmark,2.478142286094176,20.069536944834717,0.1221888909907272,-14.950635130330259
2024-10-17,CSI 300 Benchmark,1.981847542618076,20.091377544196423,0.09810837796715235,-14.669893696149948
2024-10-18,CSI 300 Benchmark,6.291570539076519,20.40223555769029,0.3025356434363978,-14.669893696149948
2024-10-21,CSI 300 Benchmark,6.342452796333609,20.402701514515794,0.30487984434616194,-14.669893696149948
2024-10-22,CSI 300 Benchmark,7.2708179555341035,20.40716727822883,0.3474651021041766,-14.669893696149948
2024-10-23,CSI 300 Benchmark,7.829112885245437,20.409546195059526,0.3728919981488403,-14.669893696149948
2024-10-24,CSI 300 Benchmark,7.42952962922574,20.427093830539867,0.3545664166460327,-14.669893696149948
2024-10-25,CSI 300 Benchmark,7.876445519939246,20.436445190648865,0.3748183889383942,-14.669893696149948
2024-10-28,CSI 300 Benchmark,7.070426757918624,20.41657775196006,0.3382393732134581,-14.405873847758455
2024-10-29,CSI 300 Benchmark,7.131015399427154,20.413658943580206,0.3410306051074765,-14.405873847758455
2024-10-30,CSI 300 Benchmark,7.247876219240079,20.40841850244936,0.3464094222263385,-14.405873847758455
2024-10-31,CSI 300 Benchmark,6.914256307592104,20.405935162428047,0.33115348099453357,-14.405873847758455
2024-11-01,CSI 300 Benchmark,7.739577749261328,20.389149380848,0.36898692149725704,-14.405873847758455
2024-11-04,CSI 300 Benchmark,11.637526947058486,20.317910984731338,0.5445479345933405,-14.405873847758455
2024-11-05,CSI 300 Benchmark,15.21065003586941,20.456061046437362,0.6963183395694612,-14.405873847758455
2024-11-06,CSI 300 Benchmark,15.831908157330933,20.43420773310811,0.7231787331810142,-14.405873847758455
2024-11-07,CSI 300 Benchmark,18.88558088252641,20.64402994657808,0.8440047561970779,-14.405873847758455
2024-11-08,CSI 300 Benchmark,17.10932930889242,20.66795884310024,0.7703784676009375,-14.405873847758455
2024-11-11,CSI 300 Benchmark,17.55722189501674,20.67534203227941,0.7886527070038103,-14.405873847758455
2024-11-12,CSI 300 Benchmark,14.691215756928333,20.667015137308322,0.6693869613040107,-14.405873847758455
2024-11-13,CSI 300 Benchmark,14.708471822898495,20.667415963267622,0.6701063396895582,-14.405873847758455
2024-11-14,CSI 300 Benchmark,13.075228485421064,20.742024854040693,0.5992675039903522,-14.405873847758455
2024-11-15,CSI 300 Benchmark,11.1397587800538,20.820606095501475,0.5148296074004676,-14.405873847758455
2024-11-18,CSI 300 Benchmark,11.147170071119007,20.820440120708277,0.5151524847603429,-14.405873847758455
2024-11-19,CSI 300 Benchmark,10.95813767544007,20.814594191690084,0.5070574215758872,-14.405873847758455
2024-11-20,CSI 300 Benchmark,9.7220528337423,20.77423431997995,0.45369270014067603,-14.405873847758455
2024-11-21,CSI 300 Benchmark,10.208923097795797,20.770413795147675,0.4750641734586904,-14.405873847758455
2024-11-22,CSI 300 Benchmark,7.051269910301317,21.00540481323018,0.3336761906903223,-14.405873847758455
2024-11-25,CSI 300 Benchmark,6.511922833171102,21.011141239178787,0.3095946758882978,-14.405873847758455
2024-11-26,CSI 300 Benchmark,7.073637393042498,20.998581164527863,0.33471144583138407,-14.405873847758455
2024-11-27,CSI 300 Benchmark,9.153186663168512,21.066338165851636,0.42564594716902004,-14.405873847758455
2024-11-28,CSI 300 Benchmark,8.10963774612663,21.08666643466463,0.37986347850691826,-14.405873847758455
2024-11-29,CSI 300 Benchmark,8.575454431278008,21.10483019029782,0.40009601526519606,-14.405873847758455
2024-12-02,CSI 300 Benchmark,10.504746207622183,21.09377962649814,0.48372978397711314,-14.405873847758455
2024-12-03,CSI 300 Benchmark,10.757153032111466,21.093182639365367,0.49455919670075166,-14.405873847758455
2024-12-04,CSI 300 Benchmark,9.90495989593445,21.100595328416375,0.45783648810025407,-14.405873847758455
2024-12-05,CSI 300 Benchmark,9.508912999132857,21.10219609970992,0.4407024945671232,-14.405873847758455
2024-12-06,CSI 300 Benchmark,12.095762893076234,21.112889266664215,0.5512197461463562,-14.405873847758455
2024-12-09,CSI 300 Benchmark,11.372960034211243,21.109627643600724,0.5206118102854512,-14.405873847758455
2024-12-10,CSI 300 Benchmark,12.934623551049661,21.10844016468858,0.586630625729586,-14.405873847758455
2024-12-11,CSI 300 Benchmark,13.579047742015105,21.09465120177665,0.6138651138681147,-14.405873847758455
2024-12-12,CSI 300 Benchmark,14.494192963599106,21.11501017062171,0.6515040414769416,-14.405873847758455
2024-12-13,CSI 300 Benchmark,12.753275785768237,21.234514310457307,0.5768459444327635,-14.405873847758455
2024-12-16,CSI 300 Benchmark,11.888290586043526,21.242257668991087,0.5404396576332484,-14.405873847758455
2024-12-17,CSI 300 Benchmark,12.608872315694718,21.238772308887167,0.5707356002359216,-14.405873847758455
2024-12-18,CSI 300 Benchmark,13.922910778563026,21.231558177134104,0.6255315013238231,-14.405873847758455
2024-12-19,CSI 300 Benchmark,16.239379591955938,21.13975544900546,0.722603366857086,-14.405873847758455
2024-12-20,CSI 300 Benchmark,15.535542906938659,21.145893824283142,0.6937138521494524,-14.405873847758455
2024-12-23,CSI 300 Benchmark,15.990688962473264,21.143748628661776,0.7123703902518481,-14.405873847758455
2024-12-24,CSI 300 Benchmark,17.185847484166562,21.17746225976479,0.7600087897484246,-14.405873847758455
2024-12-25,CSI 300 Benchmark,16.557440485214347,21.171125467542968,0.7347580782058489,-14.405873847758455
2024-12-26,CSI 300 Benchmark,16.36151817086653,21.170634855572416,0.7268182351147878,-14.405873847758455
2024-12-27,CSI 300 Benchmark,18.1453199554533,21.09993539302018,0.8006943219160501,-14.405873847758455
2024-12-30,CSI 300 Benchmark,19.30482898392729,21.09472122713227,0.8471733885253256,-14.405873847758455
2024-12-31,CSI 300 Benchmark,17.756993128795195,21.158244272835738,0.783502508441592,-14.405873847758455
2025-01-02,CSI 300 Benchmark,14.74843716196097,21.363325390689006,0.6568251527031674,-14.405873847758455
2025-01-03,CSI 300 Benchmark,13.23089620004576,21.39955850811499,0.5938261977305684,-14.405873847758455
2025-01-06,CSI 300 Benchmark,14.297714106115777,21.369364996024586,0.6382713976070014,-14.405873847758455
2025-01-07,CSI 300 Benchmark,13.967391908072479,21.35832759908989,0.6249332210147164,-14.405873847758455
2025-01-08,CSI 300 Benchmark,13.5437893745048,21.35929726581148,0.6074699602947726,-14.405873847758455
2025-01-09,CSI 300 Benchmark,12.918082543731302,21.360032727424905,0.5815708534021682,-14.405873847758455
2025-01-10,CSI 300 Benchmark,12.26213752735017,21.387715697689565,0.5538413559175164,-14.405873847758455
2025-01-13,CSI 300 Benchmark,11.574172710739372,21.388097257514026,0.5250794087370846,-14.405873847758455
2025-01-14,CSI 300 Benchmark,11.890301852081864,21.421221152878122,0.5378042820140003,-14.405873847758455
2025-01-15,CSI 300 Benchmark,10.635510306283336,21.428060639200126,0.48504317012119047,-14.405873847758455
2025-01-16,CSI 300 Benchmark,12.226470507013198,21.385009701008695,0.5523867244927902,-14.405873847758455
2025-01-17,CSI 300 Benchmark,12.848064310833628,21.384557730848762,0.5782374654467982,-14.405873847758455
2025-01-20,CSI 300 Benchmark,14.419390405860156,21.36545737526258,0.6433234833484485,-14.405873847758455
2025-01-21,CSI 300 Benchmark,15.124248149248132,21.357011888239157,0.6722676625887514,-14.405873847758455
2025-01-22,CSI 300 Benchmark,15.549342646324549,21.336842693498294,0.6899850026298776,-14.405873847758455
2025-01-23,CSI 300 Benchmark,15.527548862840046,21.33673564814789,0.6891027617555447,-14.405873847758455
2025-01-24,CSI 300 Benchmark,16.95797301984079,21.34141559002393,0.7466979120839473,-14.405873847758455
2025-01-27,CSI 300 Benchmark,15.821007521455499,21.341054179444253,0.700901433275692,-14.405873847758455
2025-02-05,CSI 300 Benchmark,15.557007761228148,21.346710829029544,0.6900750930655845,-14.405873847758455
2025-02-06,CSI 300 Benchmark,17.12665793232755,21.37927463483625,0.7524962720565144,-14.405873847758455
2025-02-07,CSI 300 Benchmark,17.929377630994825,21.40774850295603,0.7837039219547087,-14.405873847758455
2025-02-10,CSI 300 Benchmark,20.810240850969073,21.288695824588217,0.9003405196784732,-14.405873847758455
2025-02-11,CSI 300 Benchmark,18.578839200056585,21.253611071334984,0.8136939837631281,-14.405873847758455
2025-02-12,CSI 300 Benchmark,19.88164654871141,21.27011610825304,0.8646383671996417,-14.405873847758455
2025-02-13,CSI 300 Benchmark,21.319016941245515,21.21159628633217,0.922669571766157,-14.405873847758455
2025-02-14,CSI 300 Benchmark,21.877792179797595,21.223623268050257,0.9439360192632714,-14.405873847758455
2025-02-17,CSI 300 Benchmark,20.453680593817914,21.183208802367282,0.8898054415571017,-14.405873847758455
2025-02-18,CSI 300 Benchmark,17.04689759669058,21.116278878662428,0.7559970463412402,-14.405873847758455
2025-02-19,CSI 300 Benchmark,18.187503244721338,21.122776184330565,0.8017733234587805,-14.405873847758455
2025-02-20,CSI 300 Benchmark,18.91473864035744,21.10343255878556,0.8314045789997485,-14.405873847758455
2025-02-21,CSI 300 Benchmark,22.600817487085333,21.053454786776154,0.9779856403861761,-14.405873847758455
2025-02-24,CSI 300 Benchmark,23.461354186485185,21.031619005087926,1.0120693255634448,-14.405873847758455
2025-02-25,CSI 300 Benchmark,22.001341755302704,21.065957271393458,0.9542420599743746,-14.405873847758455
2025-02-26,CSI 300 Benchmark,24.54104001089601,21.041754235119807,1.0531004789040819,-14.405873847758455
2025-02-27,CSI 300 Benchmark,23.987278089615316,21.034592823865577,1.0321821603008656,-14.405873847758455
2025-02-28,CSI 300 Benchmark,17.464076609259614,20.859381392004366,0.7798614520861169,-14.405873847758455
2025-03-03,CSI 300 Benchmark,16.294967955086605,20.840435344749242,0.7323521898419486,-14.405873847758455
2025-03-04,CSI 300 Benchmark,15.462167737602694,20.83315422130004,0.698015591278967,-14.405873847758455
2025-03-05,CSI 300 Benchmark,14.653083036602709,20.807969486290524,0.6647950186153744,-14.405873847758455
2025-03-06,CSI 300 Benchmark,15.98962243069817,20.848849433394566,0.7195203989510603,-14.405873847758455
2025-03-07,CSI 300 Benchmark,14.09202062734851,20.812408102544662,0.6411122824540059,-14.405873847758455
2025-03-10,CSI 300 Benchmark,12.680480391967098,20.80157666062109,0.5814573413987316,-14.405873847758455
2025-03-11,CSI 300 Benchmark,12.942908883839731,20.8032438565237,0.5926157741077769,-14.405873847758455
2025-03-12,CSI 300 Benchmark,13.722090269247866,20.77820972256882,0.6261861650118185,-14.405873847758455
2025-03-13,CSI 300 Benchmark,11.926100208779665,20.751608937912945,0.54997188392152,-14.405873847758455
2025-03-14,CSI 300 Benchmark,16.12333272200912,20.843918459633713,0.7251527821536218,-14.405873847758455
2025-03-17,CSI 300 Benchmark,13.671605553331268,20.764132633817624,0.6243185636790659,-14.405873847758455
2025-03-18,CSI 300 Benchmark,13.282789648429748,20.75769045334145,0.6079322018194591,-14.405873847758455
2025-03-19,CSI 300 Benchmark,13.25379171862835,20.757670706252224,0.606698537625102,-14.405873847758455
2025-03-20,CSI 300 Benchmark,11.484387415175368,20.768722445692944,0.5306266907270499,-14.405873847758455
2025-03-21,CSI 300 Benchmark,10.24056654436938,20.822940985524127,0.47588255995517,-14.405873847758455
2025-03-24,CSI 300 Benchmark,11.477655402654175,20.817976087150132,0.5295762861785407,-14.405873847758455
2025-03-25,CSI 300 Benchmark,10.927926994183101,20.814820560869368,0.5058633789897463,-14.405873847758455
2025-03-26,CSI 300 Benchmark,9.19667959010515,20.78319753851806,0.43059940345564207,-14.405873847758455
2025-03-27,CSI 300 Benchmark,9.309752265522198,20.78438886850318,0.4355682295622202,-14.405873847758455
2025-03-28,CSI 300 Benchmark,9.596038569733478,20.776687899363594,0.4482472618877772,-14.405873847758455
2025-03-31,CSI 300 Benchmark,9.125836974072232,20.787882803694746,0.4274258973793815,-14.405873847758455
2025-04-01,CSI 300 Benchmark,8.898926772795402,20.78716593276117,0.4174157982888666,-14.405873847758455
2025-04-02,CSI 300 Benchmark,7.793965683159443,20.768013358974592,0.36848461765263785,-14.405873847758455
2025-04-03,CSI 300 Benchmark,7.93466598464716,20.763675450004186,0.37480274052275525,-14.405873847758455
2025-04-07,CSI 300 Benchmark,0.1131456908947559,21.937978908680563,0.023705258545072397,-15.663544598183933
2025-04-08,CSI 300 Benchmark,1.9454613070113203,22.003197525461573,0.10671623791357779,-15.663544598183933
2025-04-09,CSI 300 Benchmark,3.999769311018553,22.00033289375903,0.19740139764969544,-15.663544598183933
2025-04-10,CSI 300 Benchmark,5.937766643969988,22.03035439260693,0.2812595000317367,-15.663544598183933
2025-04-11,CSI 300 Benchmark,5.83478224697378,22.028444284206618,0.2768483504011663,-15.663544598183933
2025-04-14,CSI 300 Benchmark,7.318616843173609,21.99698399518787,0.3402449382889899,-15.663544598183933
2025-04-15,CSI 300 Benchmark,6.823979898570731,21.99168261506549,0.31926003957408783,-15.663544598183933
2025-04-16,CSI 300 Benchmark,6.652639079730682,21.98908400744326,0.3119692234412547,-15.663544598183933
2025-04-17,CSI 300 Benchmark,4.9108129419692,21.929704823601988,0.23711620853146032,-15.663544598183933
2025-04-18,CSI 300 Benchmark,5.357845388262383,21.925167726859822,0.25651897089464515,-15.663544598183933
2025-04-21,CSI 300 Benchmark,6.084346742107938,21.923672919202367,0.2878759633591623,-15.663544598183933
2025-04-22,CSI 300 Benchmark,6.999885787668125,21.904592753107526,0.32717948892110066,-15.663544598183933
2025-04-23,CSI 300 Benchmark,7.171253882668416,21.904305306804453,0.334489423853609,-15.663544598183933
2025-04-24,CSI 300 Benchmark,7.979231081548321,21.88788250311123,0.3689041395776329,-15.663544598183933
2025-04-25,CSI 300 Benchmark,8.068756633924746,21.887837438308118,0.3726923450056987,-15.663544598183933
2025-04-28,CSI 300 Benchmark,8.797296419425148,21.87194887456225,0.40353557484086905,-15.663544598183933
2025-04-29,CSI 300 Benchmark,6.367876234241243,21.77453887137664,0.30063008455217477,-15.663544598183933
2025-04-30,CSI 300 Benchmark,7.38955862330295,21.746909341329538,0.34470762462507526,-15.663544598183933
2025-05-06,CSI 300 Benchmark,6.819408110690395,21.71602195420258,0.3203716811789358,-15.663544598183933
2025-05-07,CSI 300 Benchmark,7.3344455123385055,21.723348573408526,0.34248635457121857,-15.663544598183933
2025-05-08,CSI 300 Benchmark,8.787805030672335,21.71362138586101,0.4045075810203591,-15.663544598183933
2025-05-09,CSI 300 Benchmark,8.928364800806698,21.71193993746407,0.41047172604823945,-15.663544598183933
2025-05-12,CSI 300 Benchmark,10.962920214783779,21.727501096949247,0.49554131484997876,-15.663544598183933
2025-05-13,CSI 300 Benchmark,10.638176316580772,21.72421169026316,0.4820855923936969,-15.663544598183933
2025-05-14,CSI 300 Benchmark,11.696785901603125,21.754075387167767,0.5255154842724383,-15.663544598183933
2025-05-15,CSI 300 Benchmark,9.00966384691413,21.724789094848816,0.4137938657419753,-15.663544598183933
2025-05-16,CSI 300 Benchmark,7.317310838691826,21.704409914886234,0.3418629435715534,-15.663544598183933
2025-05-19,CSI 300 Benchmark,7.567177737567654,21.69947574874565,0.3526126414565069,-15.663544598183933
2025-05-20,CSI 300 Benchmark,6.569213766552129,21.65688700943061,0.3098314387965694,-15.663544598183933
2025-05-21,CSI 300 Benchmark,7.033956963111687,21.661207857544568,0.3299084016451832,-15.663544598183933
2025-05-22,CSI 300 Benchmark,7.813341051586176,21.64569557333834,0.36352037915929375,-15.663544598183933
2025-05-23,CSI 300 Benchmark,5.9410398550649335,21.642950439017426,0.2825682884234446,-15.663544598183933
2025-05-26,CSI 300 Benchmark,5.286821293185051,21.651345570340876,0.2539237778144253,-15.663544598183933
2025-05-27,CSI 300 Benchmark,4.7672818768695,21.65863093632115,0.23106508794117833,-15.663544598183933
2025-05-28,CSI 300 Benchmark,4.8998890293028285,21.65761544338447,0.23690800473391208,-15.663544598183933
2025-05-29,CSI 300 Benchmark,6.415893242576476,21.646852784129422,0.3032222525576053,-15.663544598183933
2025-05-30,CSI 300 Benchmark,5.490476483838114,21.649858749630283,0.2628541150220569,-15.663544598183933
2025-06-03,CSI 300 Benchmark,4.732042093999422,21.628257131142835,0.2295315074111238,-15.663544598183933
2025-06-04,CSI 300 Benchmark,4.816646348113984,21.629634661690126,0.23326484894000368,-15.663544598183933
2025-06-05,CSI 300 Benchmark,5.478394446801538,21.62625636260178,0.2623773789993108,-15.663544598183933
2025-06-06,CSI 300 Benchmark,5.1441340695844495,21.625711500069897,0.2476971202528661,-15.663544598183933
2025-06-09,CSI 300 Benchmark,6.685011623224724,21.594381491469843,0.31513518757991604,-15.663544598183933
2025-06-10,CSI 300 Benchmark,7.330045601275126,21.570902558907722,0.3431971120248516,-15.663544598183933
2025-06-11,CSI 300 Benchmark,7.121509538914639,21.56345563532734,0.33421964382088715,-15.663544598183933
2025-06-12,CSI 300 Benchmark,7.841875031676637,21.549966464658716,0.3654064833418902,-15.663544598183933
2025-06-13,CSI 300 Benchmark,6.936719990114915,21.56315970170045,0.326211490305472,-15.663544598183933
2025-06-16,CSI 300 Benchmark,7.775702589171707,21.556663993110398,0.3625115400269797,-15.663544598183933
2025-06-17,CSI 300 Benchmark,8.113408321370198,21.55253958078756,0.3770612011417365,-15.663544598183933
2025-06-18,CSI 300 Benchmark,7.975553215311337,21.55168981449345,0.37114502532452953,-15.663544598183933
2025-06-19,CSI 300 Benchmark,6.289835945130218,21.557018194473105,0.29808795465200655,-15.663544598183933
2025-06-20,CSI 300 Benchmark,7.005984455798853,21.54836907220445,0.32929482682471345,-15.663544598183933
2025-06-23,CSI 300 Benchmark,7.39526781897466,21.54962491062712,0.34614544303775996,-15.663544598183933
2025-06-24,CSI 300 Benchmark,9.230814660317366,21.5737516885414,0.4245820844805445,-15.663544598183933
2025-06-25,CSI 300 Benchmark,11.77543073908176,21.598651476614474,0.5310074786106183,-15.663544598183933
2025-06-26,CSI 300 Benchmark,11.339815054673474,21.602499837519932,0.5128658509578543,-15.663544598183933
2025-06-27,CSI 300 Benchmark,11.219866549322276,21.60555255236912,0.507832393334622,-15.663544598183933
2025-06-30,CSI 300 Benchmark,11.140541808518755,21.604388335543508,0.5045440441400179,-15.663544598183933
2025-07-01,CSI 300 Benchmark,11.497187757837635,21.60376041244626,0.5193900620894724,-15.663544598183933
2025-07-02,CSI 300 Benchmark,11.227881335929958,21.60271830628638,0.5082045836237093,-15.663544598183933
2025-07-03,CSI 300 Benchmark,12.449696998195137,21.60363526450677,0.5587884776882786,-15.663544598183933
2025-07-04,CSI 300 Benchmark,13.670658043745343,21.591577119355613,0.609025009581097,-15.663544598183933
2025-07-07,CSI 300 Benchmark,13.432660199514967,21.59529537909732,0.5992459577335718,-15.663544598183933
2025-07-08,CSI 300 Benchmark,15.003477370597086,21.60097061946894,0.6628518557902915,-15.663544598183933
2025-07-09,CSI 300 Benchmark,15.428377579028062,21.59370219928744,0.6800918770877168,-15.663544598183933
2025-07-10,CSI 300 Benchmark,15.221814233501686,21.58959116477242,0.6718788860464959,-15.663544598183933
2025-07-11,CSI 300 Benchmark,16.23249520020884,21.574073455566886,0.7127148006450756,-15.663544598183933
2025-07-14,CSI 300 Benchmark,16.061982374341266,21.573552221632305,0.7059171946062717,-15.663544598183933
2025-07-15,CSI 300 Benchmark,15.550695747086497,21.56966557277764,0.6855233527889336,-15.663544598183933
2025-07-16,CSI 300 Benchmark,15.421922627204765,21.571249120379967,0.680316257073947,-15.663544598183933
2025-07-17,CSI 300 Benchmark,16.488838941632046,21.577772233926524,0.7228459125851244,-15.663544598183933
2025-07-18,CSI 300 Benchmark,17.782036110721332,21.57633842939743,0.7740845146936743,-15.663544598183933
2025-07-21,CSI 300 Benchmark,19.07709243282998,21.57852807163143,0.824742929773017,-15.663544598183933
2025-07-22,CSI 300 Benchmark,21.083133483900784,21.57070681460094,0.9024743430664791,-15.663544598183933
2025-07-23,CSI 300 Benchmark,19.76728521014619,21.54582571136256,0.8525142042850491,-15.663544598183933
2025-07-24,CSI 300 Benchmark,20.999656146362057,21.551311539353886,0.899891843082142,-15.663544598183933
2025-07-25,CSI 300 Benchmark,19.001217104005153,21.533674025327535,0.8230532068582771,-15.663544598183933
2025-07-28,CSI 300 Benchmark,19.10558827238176,21.534032586927395,0.8271173729345608,-15.663544598183933
2025-07-29,CSI 300 Benchmark,19.439872633759236,21.536287348061986,0.840077269103428,-15.663544598183933
2025-07-30,CSI 300 Benchmark,18.665018850104076,21.529313035116747,0.8100255420849317,-15.663544598183933
2025-07-31,CSI 300 Benchmark,16.392798267815145,21.61291768991214,0.7182124914690188,-15.663544598183933
2025-08-01,CSI 300 Benchmark,15.166373186685345,21.615111687288532,0.6691221711564025,-15.663544598183933
2025-08-04,CSI 300 Benchmark,15.0235747926023,21.612875275115343,0.6634249390452807,-15.663544598183933
2025-08-05,CSI 300 Benchmark,16.74360311570091,21.612473278204316,0.7321564384740962,-15.663544598183933
2025-08-06,CSI 300 Benchmark,19.582301167410865,21.49935125657918,0.8466935232018269,-15.663544598183933
2025-08-07,CSI 300 Benchmark,20.376413084304534,21.48755693619144,0.8778681316820777,-15.663544598183933
2025-08-08,CSI 300 Benchmark,20.76019153694668,21.48048079077036,0.8929173722325598,-15.663544598183933
2025-08-11,CSI 300 Benchmark,20.91980551450032,21.482196142488956,0.8990169503102314,-15.663544598183933
2025-08-12,CSI 300 Benchmark,22.20998202645199,21.477228527777,0.9486336393746732,-15.663544598183933
2025-08-13,CSI 300 Benchmark,23.95678076468213,21.47647791622849,1.0148013816324128,-15.663544598183933
2025-08-14,CSI 300 Benchmark,21.24377549887766,21.376962430828033,0.9149318349262353,-15.663544598183933
2025-08-15,CSI 300 Benchmark,22.902182313563422,21.37238684695672,0.9787032497479418,-15.663544598183933
2025-08-18,CSI 300 Benchmark,25.26364006966968,21.357759131815985,1.0684191783019916,-15.663544598183933
2025-08-19,CSI 300 Benchmark,26.322739823274667,21.32255062108056,1.1093548742053818,-15.663544598183933
2025-08-20,CSI 300 Benchmark,27.77214196327027,21.347353489275413,1.1618085808363379,-15.663544598183933
2025-08-21,CSI 300 Benchmark,28.32813852445104,21.34869881480074,1.1821091149822487,-15.663544598183933
2025-08-22,CSI 300 Benchmark,30.96261697026892,21.44104430599205,1.2728066820122175,-15.663544598183933
2025-08-25,CSI 300 Benchmark,34.145301512616236,21.52613020754338,1.3802901950102773,-15.663544598183933
2025-08-26,CSI 300 Benchmark,33.877686894138506,21.529825958886704,1.3708032530474208,-15.663544598183933
2025-08-27,CSI 300 Benchmark,31.542086476475095,21.590071609147326,1.2859663443739353,-15.663544598183933
2025-08-28,CSI 300 Benchmark,34.88847801460049,21.635231553947005,1.3999797684837338,-15.663544598183933
2025-08-29,CSI 300 Benchmark,34.55482632260005,21.62669690005549,1.388981757168364,-15.663544598183933
2025-09-01,CSI 300 Benchmark,35.21237119113994,21.631845449811575,1.4112668996649393,-15.663544598183933
2025-09-02,CSI 300 Benchmark,33.76514704050062,21.648043521873525,1.360600898285591,-15.663544598183933
2025-09-03,CSI 300 Benchmark,33.82017716177279,21.646476612193748,1.3625861608060335,-15.663544598183933
2025-09-04,CSI 300 Benchmark,31.41746525177622,21.758090703854933,1.273350444167327,-15.663544598183933
2025-09-05,CSI 300 Benchmark,34.625482784258054,21.852140033537886,1.379293625966523,-15.663544598183933
2025-09-08,CSI 300 Benchmark,34.27464810809584,21.850138960748716,1.367442628884903,-15.663544598183933
2025-09-09,CSI 300 Benchmark,33.45248701020485,21.864758523423873,1.3385494027127114,-15.663544598183933
2025-09-10,CSI 300 Benchmark,34.49064917400453,21.853851441063608,1.3746119553801022,-15.663544598183933
2025-09-11,CSI 300 Benchmark,38.38553389333386,21.951137077122148,1.4996984596436496,-15.663544598183933
2025-09-12,CSI 300 Benchmark,37.96332617705198,21.9589044633786,1.48531132399528,-15.663544598183933
2025-09-15,CSI 300 Benchmark,36.478942423715345,21.926251354962783,1.437798050912666,-15.663544598183933
2025-09-16,CSI 300 Benchmark,38.53970702155425,21.851876439777147,1.5106172942612224,-15.663544598183933
2025-09-17,CSI 300 Benchmark,39.02925927369287,21.856683978170395,1.5264941148121776,-15.663544598183933
2025-09-18,CSI 300 Benchmark,38.31122066621704,21.88130906194163,1.5013264685852263,-15.663544598183933
2025-09-19,CSI 300 Benchmark,38.19073473452046,21.88134790902297,1.497335840470609,-15.663544598183933
2025-09-22,CSI 300 Benchmark,39.960510331666654,21.862922552060915,1.556700362494698,-15.663544598183933
2025-09-23,CSI 300 Benchmark,41.554856488319494,21.823058103044843,1.6111227077327503,-15.663544598183933
2025-09-24,CSI 300 Benchmark,42.8792401715618,21.840575244714923,1.6527057120769486,-15.663544598183933
2025-09-25,CSI 300 Benchmark,44.1713797751623,21.840440180224928,1.693998708665481,-15.663544598183933
2025-09-26,CSI 300 Benchmark,43.4226925418435,21.860415811531997,1.6687971434990807,-15.663544598183933
2025-09-29,CSI 300 Benchmark,46.239047497865315,21.896694769854903,1.7553373632856022,-15.663544598183933
2025-09-30,CSI 300 Benchmark,46.34747633330916,21.897544485045106,1.7586678491868075,-15.663544598183933
2025-10-09,CSI 300 Benchmark,47.35385812262602,21.928464295631116,1.7877950746326272,-15.663544598183933
2025-10-10,CSI 300 Benchmark,44.22875124318158,22.03173755936755,1.6830018677406196,-15.663544598183933
2025-10-13,CSI 300 Benchmark,42.991472389146715,22.04028301729942,1.6432845909264817,-15.663544598183933
2025-10-14,CSI 300 Benchmark,35.41728885603208,21.67802244659981,1.4158163429155772,-15.663544598183933
2025-10-15,CSI 300 Benchmark,35.41799476275271,21.678055547808885,1.4158385835988416,-15.663544598183933
2025-10-16,CSI 300 Benchmark,30.26810421734907,21.28467119451726,1.2557822584016172,-15.663544598183933
2025-10-17,CSI 300 Benchmark,21.88494699232104,20.963590322655985,0.95432820209072,-15.663544598183933
2025-10-20,CSI 300 Benchmark,12.951327759872822,19.20039376495704,0.62784423119427,-15.663544598183933
2025-10-21,CSI 300 Benchmark,8.26520862656739,18.333974955357785,0.41780658480435995,-13.417641356605392
2025-10-22,CSI 300 Benchmark,16.091724044665632,16.900582298175962,0.8508188184461926,-13.417641356605392
2025-10-23,CSI 300 Benchmark,15.222335910442041,16.87291464615138,0.8073613686592046,-13.417641356605392
2025-10-24,CSI 300 Benchmark,19.899232662600298,16.668909625641298,1.054012761276265,-13.417641356605392
2025-10-27,CSI 300 Benchmark,19.051019242887858,16.604885905667384,1.014659513934764,-13.417641356605392
2025-10-28,CSI 300 Benchmark,21.679955985240063,16.38724550789924,1.1593054764956725,-13.417641356605392
2025-10-29,CSI 300 Benchmark,23.913021155299163,16.408681462512,1.2689260565851181,-13.417641356605392
2025-10-30,CSI 300 Benchmark,24.33039157308108,16.387140851181762,1.2909156425820998,-13.417641356605392
2025-10-31,CSI 300 Benchmark,18.226517767302376,16.07512610232305,0.9995228254952687,-13.417641356605392
2025-11-03,CSI 300 Benchmark,18.25080722946799,16.075373691969528,1.0007887076381634,-13.417641356605392
2025-11-04,CSI 300 Benchmark,16.699364367795578,16.08815000506941,0.9179757434716309,-13.417641356605392
2025-11-05,CSI 300 Benchmark,16.4614540154848,16.085319976367916,0.9054137861965769,-13.417641356605392
2025-11-06,CSI 300 Benchmark,19.46047584648256,16.098920178229783,1.062818454440473,-13.417641356605392
2025-11-07,CSI 300 Benchmark,18.25825144242725,16.091225713385757,1.0003454521551023,-13.417641356605392
2025-11-10,CSI 300 Benchmark,18.437556421414225,16.093116130024963,1.0096678810184851,-13.417641356605392
2025-11-11,CSI 300 Benchmark,18.53710637671866,16.08778091567152,1.0151752779078034,-13.417641356605392
2025-11-12,CSI 300 Benchmark,19.449005009704614,16.05969052157827,1.0644234668792838,-13.417641356605392
2025-11-13,CSI 300 Benchmark,20.84363477750564,16.099576337982093,1.134336772508865,-13.417641356605392
2025-11-14,CSI 300 Benchmark,18.97469232775679,16.18387266036862,1.032890446729822,-13.417641356605392
2025-11-17,CSI 300 Benchmark,16.56096066370154,16.1444566261424,0.907979797737505,-13.417641356605392
2025-11-18,CSI 300 Benchmark,12.946242350045845,15.969368000023207,0.718828413370525,-13.417641356605392
2025-11-19,CSI 300 Benchmark,14.015141259282116,15.964269565268923,0.7780416392497499,-13.417641356605392
2025-11-20,CSI 300 Benchmark,10.112971256814053,15.695042684357313,0.566746369594277,-13.112401894069736
2025-11-21,CSI 300 Benchmark,8.517457837020626,15.855907238422356,0.4705304054698205,-13.112401894069736
2025-11-24,CSI 300 Benchmark,7.671421113225696,15.84439236207708,0.4213420943781492,-12.68458671746977
2025-11-25,CSI 300 Benchmark,9.90423436996235,15.829877903891159,0.5512900677421873,-12.68458671746977
2025-11-26,CSI 300 Benchmark,9.894092185324798,15.829543194648307,0.5507151630840462,-11.144080986828131
2025-11-27,CSI 300 Benchmark,11.777928352342858,15.729088956525535,0.661327460906196,-10.898937578488555
2025-11-28,CSI 300 Benchmark,14.055288905705687,15.62594738256718,0.7937933719029899,-10.898937578488555
2025-12-01,CSI 300 Benchmark,15.849227934424803,15.65184911634881,0.8925034580991023,-10.898937578488555
2025-12-02,CSI 300 Benchmark,14.519967088213415,15.649438168777552,0.8188296169988111,-10.898937578488555
2025-12-03,CSI 300 Benchmark,13.680551719944711,15.658919372858444,0.7714198007126984,-10.898937578488555
2025-12-04,CSI 300 Benchmark,13.969081508917892,15.661511528864263,0.7875122678456506,-10.898937578488555
2025-12-05,CSI 300 Benchmark,18.59528357127218,15.356934526751695,1.0592635811300473,-10.898937578488555
2025-12-08,CSI 300 Benchmark,20.105121176479646,15.36548521718529,1.1411513020347475,-10.898937578488555
2025-12-09,CSI 300 Benchmark,19.739630209855918,15.374097280950577,1.1207591019562815,-10.898937578488555
2025-12-10,CSI 300 Benchmark,17.52686282281548,15.284392060314428,1.004325353694891,-10.898937578488555
2025-12-11,CSI 300 Benchmark,17.550038055797202,15.28318273932728,1.005683680169307,-10.898937578488555
2025-12-12,CSI 300 Benchmark,16.962912285516076,15.256059621136874,0.9743603414732183,-10.898937578488555
2025-12-15,CSI 300 Benchmark,15.311137952042397,15.254465024720783,0.8811507607906266,-10.898937578488555
2025-12-16,CSI 300 Benchmark,13.807644191775248,15.306209028080165,0.792895121170898,-10.898937578488555
2025-12-17,CSI 300 Benchmark,16.51974522860762,15.396815694303381,0.9421695206336658,-10.898937578488555
2025-12-18,CSI 300 Benchmark,16.09562903854398,15.408047004643274,0.9179135069957001,-10.898937578488555
2025-12-19,CSI 300 Benchmark,14.976498745329092,15.359337101966739,0.857238133037703,-10.898937578488555
2025-12-22,CSI 300 Benchmark,16.262218904882353,15.38343808328361,0.9284664705419323,-10.898937578488555
2025-12-23,CSI 300 Benchmark,15.644486855240757,15.369400350670222,0.8944907509932332,-10.898937578488555
2025-12-24,CSI 300 Benchmark,16.175854393728507,15.369271180675856,0.9243436006158062,-10.898937578488555
2025-12-25,CSI 300 Benchmark,15.24214539073565,15.341347262154548,0.8731169585757426,-10.491515792095695
2025-12-26,CSI 300 Benchmark,18.408990363222365,15.148560735336927,1.061339010542582,-10.491515792095695
2025-12-29,CSI 300 Benchmark,18.598149573525568,15.14292524952294,1.072226283524592,-10.491515792095695
2025-12-30,CSI 300 Benchmark,18.593621433839115,15.142877956396672,1.0719768401177396,-10.491515792095695
2025-12-31,CSI 300 Benchmark,17.45480327211211,15.145862231589236,1.0080432020663286,-10.491515792095695
2026-01-05,CSI 300 Benchmark,19.5739198057828,15.255776227029253,1.1191509502962493,-10.491515792095695
2026-01-06,CSI 300 Benchmark,21.970610112705515,15.317239097579701,1.2449288896325834,-10.491515792095695
2026-01-07,CSI 300 Benchmark,21.43328400510869,15.321717188525486,1.21576989268129,-10.491515792095695
2026-01-08,CSI 300 Benchmark,18.92630483358775,15.301009889600964,1.0807710459180655,-10.491515792095695
2026-01-09,CSI 300 Benchmark,19.402020888964543,15.305592761157918,1.1065950026430325,-10.491515792095695
2026-01-12,CSI 300 Benchmark,20.123861312717217,15.316403576727891,1.1453027712484904,-10.491515792095695
2026-01-13,CSI 300 Benchmark,19.592947660954874,15.329672982578504,1.1155268922840613,-10.491515792095695
2026-01-14,CSI 300 Benchmark,18.576271160510416,15.332371483889482,1.0596338263169542,-10.491515792095695
2026-01-15,CSI 300 Benchmark,20.750609261486375,15.24020619357554,1.1844322335741162,-10.491515792095695
2026-01-16,CSI 300 Benchmark,23.858191184170252,14.950150014361746,1.3745446328127744,-10.491515792095695
2026-01-19,CSI 300 Benchmark,25.410556102365845,14.895444903195553,1.462739153048898,-10.491515792095695
2026-01-20,CSI 300 Benchmark,25.203387793870526,14.899230023664867,1.4512984515066885,-10.491515792095695
2026-01-21,CSI 300 Benchmark,24.418795479169162,14.885955115401126,1.4101925808084868,-10.491515792095695
2026-01-22,CSI 300 Benchmark,24.66192185207643,14.883645793671828,1.4235167079154118,-10.491515792095695
2026-01-23,CSI 300 Benchmark,24.408697857983853,14.889648859463511,1.4093341394447692,-10.491515792095695
2026-01-26,CSI 300 Benchmark,26.108185648685666,14.828284976789078,1.5061359757345905,-10.491515792095695
2026-01-27,CSI 300 Benchmark,26.41168352913319,14.824319166118489,1.5227299958286913,-10.491515792095695
2026-01-28,CSI 300 Benchmark,23.49017592664091,14.605086970254064,1.3831804290608318,-10.491515792095695
2026-01-29,CSI 300 Benchmark,25.232789245455734,14.602061374807265,1.4794864168465331,-10.491515792095695
2026-01-30,CSI 300 Benchmark,23.838541332491346,14.642918863385807,1.399239362940049,-10.491515792095695
2026-02-02,CSI 300 Benchmark,20.817552940182082,14.808624831529071,1.2183315241786612,-10.491515792095695
2026-02-03,CSI 300 Benchmark,21.68409025132332,14.84443681841763,1.263928277744307,-10.491515792095695
2026-02-04,CSI 300 Benchmark,22.597321109551082,14.863141459640495,1.3128699955506442,-10.491515792095695
2026-02-05,CSI 300 Benchmark,23.002314356209318,14.844313825946687,1.3365823907136027,-10.491515792095695
2026-02-06,CSI 300 Benchmark,22.079601522109705,14.858724795416725,1.2847105471577878,-10.491515792095695
2026-02-09,CSI 300 Benchmark,23.120877290558116,14.923046334654092,1.336767173044444,-10.491515792095695
2026-02-10,CSI 300 Benchmark,23.767248196277514,14.914657064198716,1.3725736618595603,-10.491515792095695
2026-02-11,CSI 300 Benchmark,24.208502438390745,14.902989259735774,1.3974330987578008,-10.491515792095695
2026-02-12,CSI 300 Benchmark,22.815106380978122,14.856856910845966,1.3253137309017544,-10.491515792095695
2026-02-13,CSI 300 Benchmark,19.72157450450336,14.867013606091314,1.1527839360397718,-10.491515792095695
2026-02-24,CSI 300 Benchmark,20.6733895222905,14.895805931665715,1.2040426375225466,-10.491515792095695
2026-02-25,CSI 300 Benchmark,21.96035048884808,14.895099263389389,1.2753703165093289,-10.491515792095695
2026-02-26,CSI 300 Benchmark,20.587759141331908,14.872356808209164,1.2009315465137398,-10.491515792095695
2026-02-27,CSI 300 Benchmark,20.626831615254737,14.871401822525263,1.2031792749278583,-10.491515792095695
2026-03-02,CSI 300 Benchmark,20.047172217544794,14.853490498899053,1.1719976165384893,-10.491515792095695
2026-03-03,CSI 300 Benchmark,17.94846507892991,14.940445727661702,1.047913612978743,-10.491515792095695
2026-03-04,CSI 300 Benchmark,17.630452018509256,14.959829281669018,1.0286909143303977,-10.491515792095695
2026-03-05,CSI 300 Benchmark,17.95691899964598,14.974263702915117,1.046363198407979,-10.491515792095695
2026-03-06,CSI 300 Benchmark,18.619545485818833,14.971373197888003,1.0839797557298305,-10.491515792095695
2026-03-09,CSI 300 Benchmark,16.011550369106665,14.959408793806626,0.936020711445756,-10.491515792095695
2026-03-10,CSI 300 Benchmark,17.760430132175653,15.006412288438206,1.0333258985516411,-10.491515792095695
2026-03-11,CSI 300 Benchmark,19.83989323865414,14.970174520307927,1.1524751724559015,-10.491515792095695
2026-03-12,CSI 300 Benchmark,18.374471102636768,14.955037847016186,1.0711612117506595,-10.491515792095695
2026-03-13,CSI 300 Benchmark,17.666409210365018,14.961615498893483,1.0306285082067004,-10.491515792095695
2026-03-16,CSI 300 Benchmark,20.089976745272043,14.821285509504484,1.176621248595723,-10.491515792095695
2026-03-17,CSI 300 Benchmark,19.2611524551902,14.84281934795478,1.1284345021887456,-10.491515792095695
2026-03-18,CSI 300 Benchmark,19.89876821469434,14.84672318450127,1.1641181860270156,-10.491515792095695
2026-03-19,CSI 300 Benchmark,17.441837137650417,14.937609361542336,1.0192406357328136,-10.491515792095695
2026-03-20,CSI 300 Benchmark,15.438420859186897,14.885721627062761,0.906619161643548,-10.491515792095695
2026-03-23,CSI 300 Benchmark,12.017763863572494,15.24820760169679,0.6913368270782081,-10.491515792095695
2026-03-24,CSI 300 Benchmark,13.895333976107871,15.29169347681522,0.7985589353135609,-10.491515792095695
2026-03-25,CSI 300 Benchmark,15.122724857638058,15.348596102924667,0.8660353281075676,-10.491515792095695
2026-03-26,CSI 300 Benchmark,14.012475933335944,15.405003322619336,0.8004861929422915,-10.491515792095695
2026-03-27,CSI 300 Benchmark,15.108733494637416,15.406351235675253,0.8625783132357895,-10.491515792095695
2026-03-30,CSI 300 Benchmark,12.114963368824384,15.224590580271997,0.6978982065865889,-10.491515792095695
2026-03-31,CSI 300 Benchmark,11.340640252583324,15.253502974766917,0.6514075801751187,-10.491515792095695
2026-04-01,CSI 300 Benchmark,12.933616970929451,15.342082109829333,0.7411566031641708,-10.491515792095695
2026-04-02,CSI 300 Benchmark,11.688929745279886,15.38108905688779,0.6675777263891964,-9.699421694343046
2026-04-03,CSI 300 Benchmark,11.71818077415432,15.379542142393088,0.6693328297213604,-8.778177982308776
2026-04-07,CSI 300 Benchmark,13.434511684042928,15.299121380586142,0.771745786458656,-8.778177982308776
2026-04-08,CSI 300 Benchmark,16.791167480973137,15.673471440375469,0.9430826807078293,-8.721648471606358
2026-04-09,CSI 300 Benchmark,16.12107426666862,15.68877840097301,0.9056153448572976,-8.721648471606358
2026-04-10,CSI 300 Benchmark,18.29913937701746,15.752984988755134,1.0206009510872633,-8.721648471606358
2026-04-13,CSI 300 Benchmark,18.15024953144828,15.751386992639823,1.0126875474166441,-8.319585848955224
2026-04-14,CSI 300 Benchmark,20.07876789680736,15.782392117041919,1.1136673282250944,-7.779599462863973
2026-04-15,CSI 300 Benchmark,20.52682532492147,15.768134023578332,1.138169896016277,-7.779599462863973
2026-04-16,CSI 300 Benchmark,21.836219375841416,15.800735894031956,1.204583988342967,-7.779599462863973
2026-04-17,CSI 300 Benchmark,21.735365511101357,15.801836405798033,1.1992660204375676,-7.779599462863973
2026-04-20,CSI 300 Benchmark,23.2017960207761,15.796070572611578,1.2755143356298497,-7.779599462863973
2026-04-21,CSI 300 Benchmark,32.83397534343568,14.079644844432224,1.94717230192268,-7.779599462863973
2026-04-22,CSI 300 Benchmark,31.469280970588255,13.999596856575009,1.8836667749901512,-7.779599462863973
2026-04-23,CSI 300 Benchmark,29.82354077146654,13.97736880949863,1.7962188595127633,-7.779599462863973
2026-04-24,CSI 300 Benchmark,27.689999097255537,13.932571394423565,1.6824932597416447,-7.779599462863973
2026-04-27,CSI 300 Benchmark,27.207713246891796,13.92922069675279,1.6556704760491892,-7.779599462863973
2026-04-28,CSI 300 Benchmark,26.57695934158113,13.933407607275258,1.6195042948578213,-7.779599462863973
2026-04-29,CSI 300 Benchmark,27.892743711850887,13.969054172900048,1.6898284715497212,-7.779599462863973
2026-04-30,CSI 300 Benchmark,27.419435627481814,13.968477270189734,1.6633225664168128,-7.779599462863973
2026-05-06,CSI 300 Benchmark,29.289649375447556,14.03319012971631,1.7602278764597836,-7.779599462863973
2026-05-07,CSI 300 Benchmark,29.900050813526423,14.037825231081902,1.7932812987476399,-7.779599462863973
2026-05-08,CSI 300 Benchmark,28.720352908179247,14.053061731867064,1.7265018061486488,-7.779599462863973
2026-05-11,CSI 300 Benchmark,30.864127980439626,14.136149770321893,1.8341401218329456,-7.779599462863973
2026-05-12,CSI 300 Benchmark,30.662783239439783,14.137352562539778,1.8230925732361234,-7.779599462863973
2026-05-13,CSI 300 Benchmark,32.07899363709983,14.165217411538272,1.8959713558727818,-7.779599462863973
2026-05-14,CSI 300 Benchmark,29.775673152598614,14.277803664551577,1.7587954038290559,-7.779599462863973
2026-05-15,CSI 300 Benchmark,28.50560662242616,14.328301550176059,1.6843909501395442,-7.779599462863973
2026-05-18,CSI 300 Benchmark,28.037747468023987,14.339951142606594,1.6576775070982606,-7.779599462863973
2026-05-19,CSI 300 Benchmark,28.70420228158521,14.341310958055404,1.6937717572006885,-7.779599462863973
2026-05-20,CSI 300 Benchmark,27.363672237428418,14.31337975587824,1.6235759728545736,-7.779599462863973
2026-05-21,CSI 300 Benchmark,24.8320113366594,14.381931222036021,1.476788418334559,-7.779599462863973
2026-05-22,CSI 300 Benchmark,25.752023170505133,14.42491187526419,1.5237639336763322,-7.779599462863973
2026-05-25,CSI 300 Benchmark,27.961426317516924,14.498388886850917,1.6370121981975652,-7.779599462863973
2026-05-26,CSI 300 Benchmark,27.174125828446627,14.46629764860653,1.5976212451437573,-7.779599462863973
2026-05-27,CSI 300 Benchmark,25.971393188777725,14.49427586917367,1.5291936390645353,-7.779599462863973
2026-05-28,CSI 300 Benchmark,24.624653388476926,14.451462635137311,1.4588549266097621,-7.779599462863973
2026-05-29,CSI 300 Benchmark,25.207867886373727,14.426511892988758,1.4935204449842359,-7.779599462863973
2026-06-01,CSI 300 Benchmark,24.56026669910456,14.455623306251589,1.454898693499539,-7.779599462863973
2026-06-02,CSI 300 Benchmark,26.757144670526568,14.513796359913957,1.5702135331683833,-7.779599462863973
2026-06-03,CSI 300 Benchmark,26.69555273948834,14.512378064595799,1.567000622555812,-7.779599462863973
2026-06-04,CSI 300 Benchmark,25.236675137108545,14.528942577343287,1.485589425870918,-7.779599462863973
2026-06-05,CSI 300 Benchmark,23.07321204396029,14.64982644198697,1.3554872844823707,-7.779599462863973
2026-06-08,CSI 300 Benchmark,21.414286312535324,14.792049765756007,1.2520655186587244,-7.779599462863973
2026-06-09,CSI 300 Benchmark,24.39578831657783,14.885160825075733,1.4082640898762564,-7.779599462863973
2026-06-10,CSI 300 Benchmark,23.68069397939383,14.920302319280616,1.3666256236401852,-7.779599462863973
2026-06-11,CSI 300 Benchmark,23.10011653551671,14.933068602065042,1.3340484794419334,-7.779599462863973
2026-06-12,CSI 300 Benchmark,23.806472465779382,14.963540662426327,1.3699032818789514,-7.779599462863973
2026-06-15,CSI 300 Benchmark,27.380629738770047,15.128994151459468,1.5448269216055146,-7.779599462863973
2026-06-16,CSI 300 Benchmark,26.7968733870652,15.129688731181545,1.5143731552630324,-7.779599462863973
2026-06-17,CSI 300 Benchmark,27.46738825042996,15.15082163556273,1.547315520298923,-7.779599462863973
2026-06-18,CSI 300 Benchmark,27.441058654543514,15.150661673517765,1.5459653820220642,-7.779599462863973
2026-06-22,CSI 300 Benchmark,30.606050396647653,15.321155360397992,1.690708360607215,-7.779599462863973
2026-06-23,CSI 300 Benchmark,26.617094275995544,15.588866764770653,1.4651826721365258,-7.779599462863973
2026-06-24,CSI 300 Benchmark,27.876437755273464,15.581548087917746,1.5293782958873812,-7.779599462863973
2026-06-25,CSI 300 Benchmark,28.89823974974073,15.636071310239668,1.5755340950545547,-7.779599462863973
2026-06-26,CSI 300 Benchmark,25.07633351604026,15.945732903816031,1.359106764970366,-7.779599462863973
2026-06-29,CSI 300 Benchmark,27.50228347494421,15.963340072114656,1.4782349655764089,-7.779599462863973
2026-06-30,CSI 300 Benchmark,28.541449384320927,15.991791611864329,1.5266965112197777,-7.779599462863973
2026-07-01,CSI 300 Benchmark,28.126402190662137,15.998951643814236,1.5058491330150237,-7.779599462863973
2026-07-02,CSI 300 Benchmark,24.189200853451908,16.289192310666614,1.2901472989686205,-7.779599462863973
2026-07-03,CSI 300 Benchmark,25.996835385533522,16.271829760579248,1.3802400708737173,-7.779599462863973
2026-07-06,CSI 300 Benchmark,25.875885669041043,16.27214027791114,1.3743089771874606,-7.779599462863973
2026-07-07,CSI 300 Benchmark,24.21939453296702,16.30965705492768,1.2902248889181356,-7.779599462863973
2026-07-08,CSI 300 Benchmark,21.8107515834596,16.294282991262193,1.1710190299394638,-7.779599462863973
2026-07-09,CSI 300 Benchmark,23.137136545945623,16.42319616035488,1.2290807017646181,-7.779599462863973
2026-07-10,CSI 300 Benchmark,21.15465606289757,16.544516313247186,1.123101220378926,-7.779599462863973
2026-07-13,CSI 300 Benchmark,19.726482863507112,16.635260096453116,1.0465488583312836,-7.779599462863973
2026-07-14,CSI 300 Benchmark,21.859890169692562,16.76202078915142,1.145328519960563,-7.779599462863973
2026-07-15,CSI 300 Benchmark,21.406832451097223,16.76424514277861,1.1229615948497587,-7.779599462863973
2026-07-16,CSI 300 Benchmark,19.138171438535068,16.87469690781213,1.0048490088220179,-7.779599462863973
2026-07-17,CSI 300 Benchmark,14.138554395782155,17.26208074079947,0.7376915131609567,-10.486139293482966
2026-07-20,CSI 300 Benchmark,15.471763371952285,17.322084452666314,0.8028083167465719,-10.486139293482966
2026-07-21,CSI 300 Benchmark,19.52130446515177,17.572932507858276,0.9900607342688424,-10.486139293482966
2026-07-22,CSI 300 Benchmark,17.976733899984975,17.564489603026132,0.916344728810908,-10.486139293482966
2026-07-23,CSI 300 Benchmark,18.454697216136175,17.563410213142127,0.9394272673561379,-10.486139293482966
2026-07-24,CSI 300 Benchmark,15.939231741443493,17.64483998013347,0.8141796966230302,-10.486139293482966
2026-07-27,CSI 300 Benchmark,17.127096438455535,17.677801242064717,0.8706880596305004,-10.486139293482966
2026-07-28,CSI 300 Benchmark,13.735714387861432,17.913315580004316,0.6974875983279004,-10.486139293482966
2026-07-29,CSI 300 Benchmark,14.46101991927149,17.923860746908943,0.7326685164217037,-10.486139293482966
2026-07-30,CSI 300 Benchmark,13.538572059540122,17.957823394242762,0.68653762715695,-10.486139293482966
2026-07-31,CSI 300 Benchmark,13.724297348943892,17.964325008320827,0.695456937914464,-10.486139293482966
2026-08-03,CSI 300 Benchmark,11.940949956230739,17.98606570622019,0.6069104628152174,-10.486139293482966
2026-08-04,CSI 300 Benchmark,12.613130263496108,18.016966292457088,0.6394202150897117,-10.486139293482966
2026-08-05,CSI 300 Benchmark,13.090601967935855,18.04018995602961,0.6622916106265073,-10.486139293482966
2026-08-06,CSI 300 Benchmark,12.902206337219368,18.041289489381143,0.653015709820592,-10.486139293482966
2026-08-07,CSI 300 Benchmark,13.14520567587223,18.050500165637306,0.664690969883903,-10.486139293482966
2026-08-10,CSI 300 Benchmark,13.928718941191253,18.04131747327615,0.7032101996309024,-10.486139293482966
2026-08-11,CSI 300 Benchmark,12.765633551579182,18.061678092140802,0.6457765110464609,-10.486139293482966
2026-08-12,CSI 300 Benchmark,12.97900396857714,18.066240813475474,0.6561278898233963,-10.486139293482966
2026-08-13,CSI 300 Benchmark,12.350847077475112,18.077071072174746,0.6249837386199861,-10.486139293482966
2026-08-14,CSI 300 Benchmark,14.483533531297631,17.978801720023117,0.7320578238164175,-10.486139293482966
2026-08-17,CSI 300 Benchmark,16.921854164731354,18.03648508725515,0.847203232118904,-10.486139293482966
2026-08-18,CSI 300 Benchmark,16.093309173128702,18.03782257193798,0.8077017280706988,-10.486139293482966
2026-08-19,CSI 300 Benchmark,11.825295806330294,18.264701446755815,0.5947669330185795,-10.486139293482966
2026-08-20,CSI 300 Benchmark,11.651064205408069,18.263707190269848,0.586247488006774,-10.486139293482966
2026-08-21,CSI 300 Benchmark,12.254427530558187,18.271062141632534,0.6155968588360334,-10.486139293482966
2026-08-24,CSI 300 Benchmark,11.16109538404908,18.312242003698252,0.5611507023504648,-10.486139293482966
2026-08-25,CSI 300 Benchmark,10.418932074785303,18.31059426334403,0.5245830541511172,-10.486139293482966
2026-08-26,CSI 300 Benchmark,10.786359400906132,18.322284468241413,0.542503609700858,-10.486139293482966
2026-08-27,CSI 300 Benchmark,10.862936781812405,18.325253425307405,0.5462174644833875,-10.486139293482966
2026-08-28,CSI 300 Benchmark,10.444049679343781,18.331742399555598,0.525428857336574,-10.486139293482966
2026-08-31,CSI 300 Benchmark,10.05942313782986,18.32261487383843,0.5065515225798414,-10.486139293482966
2026-09-01,CSI 300 Benchmark,8.775426129023911,18.306417620625133,0.44270925256594057,-10.486139293482966
2026-09-02,CSI 300 Benchmark,7.685357977696228,18.356475921061772,0.387115941673398,-10.486139293482966
2026-09-03,CSI 300 Benchmark,6.582911566046024,18.323297998024508,0.3313092142386901,-10.486139293482966
2026-09-04,CSI 300 Benchmark,6.062839063802938,18.320225020652188,0.30462625080727435,-10.486139293482966
2026-09-07,CSI 300 Benchmark,4.500377546482026,18.211257121469593,0.2238604636019713,-10.486139293482966
2026-09-08,CSI 300 Benchmark,2.002922158605225,18.097295305441243,0.09046000710916711,-10.486139293482966
