snapshot_date,factor_column,number_of_stocks,size_correlation_before,size_correlation_after,mean_absolute_industry_score_before,mean_absolute_industry_score_after
2019-07-31,momentum_20,300,0.09568775,-0.00000000,0.53196575,0.00000000
2019-07-31,momentum_60,300,0.09323666,0.00000000,0.51017584,0.00000000
2019-07-31,momentum_120,300,0.07500371,-0.00000000,0.56102240,0.00000000
2019-07-31,momentum_12_1,300,0.00000000,0.00000000,0.00000000,0.00000000
2019-07-31,reversal_5_score,300,0.02101021,0.00000000,0.41210775,0.00000000
2019-07-31,volatility_20,300,0.29483722,-0.00000000,0.51892071,0.00000000
2019-07-31,downside_volatility_60,300,0.34780116,-0.00000000,0.54628758,0.00000000
2019-07-31,drawdown_60,300,0.26499254,0.00000000,0.50593722,0.00000000
2019-07-31,trend_60,300,0.10091908,-0.00000000,0.55769993,0.00000000
2019-07-31,liquidity_amount_20,300,0.53176957,0.00000000,0.62172667,0.00000000
2019-07-31,turnover_20,300,-0.44171496,0.00000000,0.44458768,0.00000000
2019-07-31,turnover_stability_20,300,0.44415801,0.00000000,0.44831165,0.00000000
2019-07-31,amihud_liquidity_score_20,300,0.54176235,0.00000000,0.66598895,0.00000000
2019-07-31,value_pe_score,300,0.19775723,0.00000000,0.60640733,0.00000000
2019-07-31,value_pb_score,300,0.08303252,0.00000000,0.70265036,0.00000000
2019-07-31,value_ps_score,300,0.09030869,-0.00000000,0.67697871,0.00000000
2019-07-31,value_pcf_score,300,0.00522138,0.00000000,0.47826564,0.00000000
2019-08-31,momentum_20,300,0.05496464,0.00000000,0.57470942,0.00000000
2019-08-31,momentum_60,300,0.10470890,0.00000000,0.56747501,0.00000000
2019-08-31,momentum_120,300,0.30311710,0.00000000,0.55320435,0.00000000
2019-08-31,momentum_12_1,300,0.00000000,0.00000000,0.00000000,0.00000000
2019-08-31,reversal_5_score,300,0.03744175,-0.00000000,0.50909525,0.00000000
2019-08-31,volatility_20,300,0.24370718,0.00000000,0.50200056,0.00000000
2019-08-31,downside_volatility_60,300,0.36122454,0.00000000,0.51728490,0.00000000
2019-08-31,drawdown_60,300,0.26989290,0.00000000,0.61069598,0.00000000
2019-08-31,trend_60,300,0.09562872,-0.00000000,0.60430985,0.00000000
2019-08-31,liquidity_amount_20,300,0.50502624,0.00000000,0.62028012,0.00000000
2019-08-31,turnover_20,300,-0.42651852,-0.00000000,0.47315707,0.00000000
2019-08-31,turnover_stability_20,300,0.45292495,-0.00000000,0.45309002,0.00000000
2019-08-31,amihud_liquidity_score_20,300,0.53555107,0.00000000,0.63067271,0.00000000
2019-08-31,value_pe_score,300,0.19886924,0.00000000,0.58557155,0.00000000
2019-08-31,value_pb_score,300,0.04762856,-0.00000000,0.70446291,0.00000000
2019-08-31,value_ps_score,300,0.07318244,-0.00000000,0.68846862,0.00000000
2019-08-31,value_pcf_score,300,0.09512944,-0.00000000,0.50624029,0.00000000
2019-09-30,momentum_20,300,-0.05903705,-0.00000000,0.51412226,0.00000000
2019-09-30,momentum_60,300,0.08103278,-0.00000000,0.53886127,0.00000000
2019-09-30,momentum_120,300,0.27306953,-0.00000000,0.53196975,0.00000000
2019-09-30,momentum_12_1,300,0.00000000,0.00000000,0.00000000,0.00000000
2019-09-30,reversal_5_score,300,-0.21030309,0.00000000,0.56389991,0.00000000
2019-09-30,volatility_20,300,0.23643879,0.00000000,0.55168442,0.00000000
2019-09-30,downside_volatility_60,300,0.33032101,0.00000000,0.53604862,0.00000000
2019-09-30,drawdown_60,300,0.24185105,-0.00000000,0.58288682,0.00000000
2019-09-30,trend_60,300,0.04281032,-0.00000000,0.52068374,0.00000000
2019-09-30,liquidity_amount_20,300,0.48773836,0.00000000,0.58673120,0.00000000
2019-09-30,turnover_20,300,-0.43615445,0.00000000,0.45739325,0.00000000
2019-09-30,turnover_stability_20,300,0.43597194,-0.00000000,0.45971949,0.00000000
2019-09-30,amihud_liquidity_score_20,300,0.54212587,0.00000000,0.61626541,0.00000000
2019-09-30,value_pe_score,300,0.18414398,0.00000000,0.58513171,0.00000000
2019-09-30,value_pb_score,300,0.03773316,0.00000000,0.69819160,0.00000000
2019-09-30,value_ps_score,300,0.06485183,-0.00000000,0.68707479,0.00000000
2019-09-30,value_pcf_score,300,0.11585609,0.00000000,0.54358373,0.00000000
2019-10-31,momentum_20,300,0.17702516,-0.00000000,0.59532541,0.00000000
2019-10-31,momentum_60,300,0.14196155,-0.00000000,0.61822472,0.00000000
2019-10-31,momentum_120,300,0.19155295,0.00000000,0.56130167,0.00000000
2019-10-31,momentum_12_1,300,0.00000000,0.00000000,0.00000000,0.00000000
2019-10-31,reversal_5_score,300,-0.09524562,0.00000000,0.58171461,0.00000000
2019-10-31,volatility_20,300,0.20088638,0.00000000,0.62370008,0.00000000
2019-10-31,downside_volatility_60,300,0.32589451,0.00000000,0.52197031,0.00000000
2019-10-31,drawdown_60,300,0.34304995,-0.00000000,0.61287663,0.00000000
2019-10-31,trend_60,300,0.19452867,-0.00000000,0.60917654,0.00000000
2019-10-31,liquidity_amount_20,300,0.54857086,-0.00000000,0.57642618,0.00000000
2019-10-31,turnover_20,300,-0.40530479,-0.00000000,0.48024258,0.00000000
2019-10-31,turnover_stability_20,300,0.38920994,0.00000000,0.47308875,0.00000000
2019-10-31,amihud_liquidity_score_20,300,0.56712552,-0.00000000,0.61916004,0.00000000
2019-10-31,value_pe_score,300,0.19131266,-0.00000000,0.62611664,0.00000000
2019-10-31,value_pb_score,300,0.02715303,0.00000000,0.70885376,0.00000000
2019-10-31,value_ps_score,300,0.05244437,-0.00000000,0.68943305,0.00000000
2019-10-31,value_pcf_score,300,0.15200182,0.00000000,0.51892622,0.00000000
2019-11-30,momentum_20,300,-0.07659604,-0.00000000,0.46815773,0.00000000
2019-11-30,momentum_60,300,0.10766133,-0.00000000,0.50844196,0.00000000
2019-11-30,momentum_120,300,0.16191374,-0.00000000,0.53008239,0.00000000
2019-11-30,momentum_12_1,300,0.00000000,0.00000000,0.00000000,0.00000000
2019-11-30,reversal_5_score,300,0.05288077,-0.00000000,0.52226260,0.00000000
2019-11-30,volatility_20,300,0.21942574,0.00000000,0.45855661,0.00000000
2019-11-30,downside_volatility_60,300,0.27037221,0.00000000,0.54378610,0.00000000
2019-11-30,drawdown_60,300,0.23383372,-0.00000000,0.44812351,0.00000000
2019-11-30,trend_60,300,0.09854157,-0.00000000,0.47692292,0.00000000
2019-11-30,liquidity_amount_20,300,0.56440683,-0.00000000,0.58440827,0.00000000
2019-11-30,turnover_20,300,-0.36288959,-0.00000000,0.46300417,0.00000000
2019-11-30,turnover_stability_20,300,0.38214156,0.00000000,0.44536061,0.00000000
2019-11-30,amihud_liquidity_score_20,300,0.56844289,-0.00000000,0.59930009,0.00000000
2019-11-30,value_pe_score,300,0.18172421,-0.00000000,0.61557322,0.00000000
2019-11-30,value_pb_score,300,0.01534742,0.00000000,0.69856729,0.00000000
2019-11-30,value_ps_score,300,0.03610362,-0.00000000,0.68885525,0.00000000
2019-11-30,value_pcf_score,300,0.15257331,0.00000000,0.51002918,0.00000000
2019-12-31,momentum_20,300,-0.10198987,0.00000000,0.53150289,0.00000000
2019-12-31,momentum_60,300,0.04278051,0.00000000,0.44608935,0.00000000
2019-12-31,momentum_120,300,0.04757810,-0.00000000,0.48319312,0.00000000
2019-12-31,momentum_12_1,300,0.00000000,0.00000000,0.00000000,0.00000000
2019-12-31,reversal_5_score,300,0.06290654,-0.00000000,0.47993623,0.00000000
2019-12-31,volatility_20,300,0.27009583,-0.00000000,0.52461817,0.00000000
2019-12-31,downside_volatility_60,300,0.34201599,-0.00000000,0.53225252,0.00000000
2019-12-31,drawdown_60,300,0.16984568,-0.00000000,0.48319934,0.00000000
2019-12-31,trend_60,300,-0.05225052,0.00000000,0.52115545,0.00000000
2019-12-31,liquidity_amount_20,300,0.43362912,0.00000000,0.58856552,0.00000000
2019-12-31,turnover_20,300,-0.46159500,0.00000000,0.49680079,0.00000000
2019-12-31,turnover_stability_20,300,0.46329242,-0.00000000,0.51426479,0.00000000
2019-12-31,amihud_liquidity_score_20,300,0.53584443,0.00000000,0.60856068,0.00000000
2019-12-31,value_pe_score,300,0.19445333,-0.00000000,0.61277699,0.00000000
2019-12-31,value_pb_score,300,0.08711926,0.00000000,0.75307595,0.00000000
2019-12-31,value_ps_score,300,0.09169442,-0.00000000,0.66675231,0.00000000
2019-12-31,value_pcf_score,300,0.12461208,0.00000000,0.51272528,0.00000000
2020-01-31,momentum_20,300,-0.11512200,-0.00000000,0.55669478,0.00000000
2020-01-31,momentum_60,300,-0.07819014,0.00000000,0.52812414,0.00000000
2020-01-31,momentum_120,300,0.00640518,0.00000000,0.53686707,0.00000000
2020-01-31,momentum_12_1,300,0.10256801,0.00000000,0.68953102,0.00000000
2020-01-31,reversal_5_score,300,0.08765229,0.00000000,0.63875053,0.00000000
2020-01-31,volatility_20,300,0.18510266,-0.00000000,0.59422106,0.00000000
2020-01-31,downside_volatility_60,300,0.27080225,-0.00000000,0.60827239,0.00000000
2020-01-31,drawdown_60,300,-0.00783108,-0.00000000,0.66977216,0.00000000
2020-01-31,trend_60,300,-0.12848088,0.00000000,0.56212314,0.00000000
2020-01-31,liquidity_amount_20,300,0.46709348,-0.00000000,0.54798836,0.00000000
2020-01-31,turnover_20,300,-0.45939755,0.00000000,0.49116995,0.00000000
2020-01-31,turnover_stability_20,300,0.48192938,-0.00000000,0.54975681,0.00000000
2020-01-31,amihud_liquidity_score_20,300,0.52939774,0.00000000,0.62306767,0.00000000
2020-01-31,value_pe_score,300,0.17988298,-0.00000000,0.59787225,0.00000000
2020-01-31,value_pb_score,300,0.07551494,0.00000000,0.72826130,0.00000000
2020-01-31,value_ps_score,300,0.09090522,-0.00000000,0.66921818,0.00000000
2020-01-31,value_pcf_score,300,0.11853729,0.00000000,0.51419426,0.00000000
2020-02-29,momentum_20,300,-0.00347451,-0.00000000,0.61730791,0.00000000
2020-02-29,momentum_60,300,-0.03688578,0.00000000,0.52877613,0.00000000
2020-02-29,momentum_120,300,0.03892889,-0.00000000,0.54587870,0.00000000
2020-02-29,momentum_12_1,300,0.11657947,-0.00000000,0.56259078,0.00000000
2020-02-29,reversal_5_score,300,-0.07964667,0.00000000,0.58000663,0.00000000
2020-02-29,volatility_20,300,0.31642101,0.00000000,0.59299213,0.00000000
2020-02-29,downside_volatility_60,300,0.37306454,-0.00000000,0.57182794,0.00000000
2020-02-29,drawdown_60,300,0.12804634,0.00000000,0.61376071,0.00000000
2020-02-29,trend_60,300,-0.01602741,-0.00000000,0.62658973,0.00000000
2020-02-29,liquidity_amount_20,300,0.45508236,-0.00000000,0.55864435,0.00000000
2020-02-29,turnover_20,300,-0.38083572,0.00000000,0.49393336,0.00000000
2020-02-29,turnover_stability_20,300,0.39529857,-0.00000000,0.47127115,0.00000000
2020-02-29,amihud_liquidity_score_20,300,0.57774942,-0.00000000,0.57456463,0.00000000
2020-02-29,value_pe_score,300,0.13216438,-0.00000000,0.58143477,0.00000000
2020-02-29,value_pb_score,300,0.01038441,0.00000000,0.73298699,0.00000000
2020-02-29,value_ps_score,300,0.04364292,-0.00000000,0.67607576,0.00000000
2020-02-29,value_pcf_score,300,0.09154706,0.00000000,0.51548757,0.00000000
2020-03-31,momentum_20,300,0.11022122,0.00000000,0.58674413,0.00000000
2020-03-31,momentum_60,300,0.04247587,0.00000000,0.63574047,0.00000000
2020-03-31,momentum_120,300,0.07488132,-0.00000000,0.59640504,0.00000000
2020-03-31,momentum_12_1,300,0.16936599,-0.00000000,0.56869007,0.00000000
2020-03-31,reversal_5_score,300,-0.12979806,0.00000000,0.61791167,0.00000000
2020-03-31,volatility_20,300,0.11745271,-0.00000000,0.54439100,0.00000000
2020-03-31,downside_volatility_60,300,0.30545858,-0.00000000,0.53970442,0.00000000
2020-03-31,drawdown_60,300,0.18189562,0.00000000,0.56204802,0.00000000
2020-03-31,trend_60,300,0.11238083,0.00000000,0.57783516,0.00000000
2020-03-31,liquidity_amount_20,300,0.49652205,0.00000000,0.57191038,0.00000000
2020-03-31,turnover_20,300,-0.34321823,-0.00000000,0.45720562,0.00000000
2020-03-31,turnover_stability_20,300,0.37159745,-0.00000000,0.46513697,0.00000000
2020-03-31,amihud_liquidity_score_20,300,0.54671086,0.00000000,0.59528167,0.00000000
2020-03-31,value_pe_score,300,0.15342674,-0.00000000,0.59725525,0.00000000
2020-03-31,value_pb_score,300,0.01150808,-0.00000000,0.73857828,0.00000000
2020-03-31,value_ps_score,300,0.04492716,-0.00000000,0.67925447,0.00000000
2020-03-31,value_pcf_score,300,0.01487662,0.00000000,0.61013616,0.00000000
2020-04-30,momentum_20,299,0.07106463,-0.00000000,0.54544378,0.00000000
2020-04-30,momentum_60,299,0.07165520,-0.00000000,0.50498072,0.00000000
2020-04-30,momentum_120,299,0.01120495,0.00000000,0.53916819,0.00000000
2020-04-30,momentum_12_1,299,0.20966624,-0.00000000,0.66267854,0.00000000
2020-04-30,reversal_5_score,299,-0.13455802,0.00000000,0.64059250,0.00000000
2020-04-30,volatility_20,299,0.22331163,0.00000000,0.54906384,0.00000000
2020-04-30,downside_volatility_60,299,0.23781458,-0.00000000,0.54849239,0.00000000
2020-04-30,drawdown_60,299,0.26751985,-0.00000000,0.51937773,0.00000000
2020-04-30,trend_60,299,0.19211589,-0.00000000,0.53915206,0.00000000
2020-04-30,liquidity_amount_20,299,0.48034208,0.00000000,0.57636194,0.00000000
2020-04-30,turnover_20,299,-0.30679716,0.00000000,0.46388445,0.00000000
2020-04-30,turnover_stability_20,299,0.33762508,-0.00000000,0.49929298,0.00000000
2020-04-30,amihud_liquidity_score_20,299,0.57124816,0.00000000,0.59436226,0.00000000
2020-04-30,value_pe_score,299,0.12315533,-0.00000000,0.60116449,0.00000000
2020-04-30,value_pb_score,299,-0.01438577,0.00000000,0.75277946,0.00000000
2020-04-30,value_ps_score,299,0.01887577,-0.00000000,0.69443406,0.00000000
2020-04-30,value_pcf_score,299,0.03513979,0.00000000,0.56557977,0.00000000
2020-05-31,momentum_20,299,-0.17535391,-0.00000000,0.63889034,0.00000000
2020-05-31,momentum_60,299,0.10515886,-0.00000000,0.66255935,0.00000000
2020-05-31,momentum_120,299,0.02929035,0.00000000,0.61445559,0.00000000
2020-05-31,momentum_12_1,299,0.21407267,0.00000000,0.63368176,0.00000000
2020-05-31,reversal_5_score,299,0.07802529,0.00000000,0.59178548,0.00000000
2020-05-31,volatility_20,299,0.15781828,0.00000000,0.52943220,0.00000000
2020-05-31,downside_volatility_60,299,0.16315838,-0.00000000,0.51370388,0.00000000
2020-05-31,drawdown_60,299,0.16369666,-0.00000000,0.62158575,0.00000000
2020-05-31,trend_60,299,0.05458588,-0.00000000,0.65267243,0.00000000
2020-05-31,liquidity_amount_20,299,0.49459943,-0.00000000,0.52473708,0.00000000
2020-05-31,turnover_20,299,-0.29392999,0.00000000,0.43466725,0.00000000
2020-05-31,turnover_stability_20,299,0.34211862,-0.00000000,0.43640144,0.00000000
2020-05-31,amihud_liquidity_score_20,299,0.57615588,0.00000000,0.56119497,0.00000000
2020-05-31,value_pe_score,299,0.11077277,-0.00000000,0.61497127,0.00000000
2020-05-31,value_pb_score,299,-0.04616651,0.00000000,0.75964419,0.00000000
2020-05-31,value_ps_score,299,-0.00914353,-0.00000000,0.69183423,0.00000000
2020-05-31,value_pcf_score,299,0.02130173,0.00000000,0.56854026,0.00000000
2020-06-30,momentum_20,299,0.09972474,0.00000000,0.60395441,0.00000000
2020-06-30,momentum_60,299,0.11781520,0.00000000,0.57817164,0.00000000
2020-06-30,momentum_120,299,0.12183332,0.00000000,0.64358708,0.00000000
2020-06-30,momentum_12_1,299,0.12211056,0.00000000,0.61175485,0.00000000
2020-06-30,reversal_5_score,299,-0.10983545,-0.00000000,0.56166940,0.00000000
2020-06-30,volatility_20,299,0.02216852,-0.00000000,0.53943867,0.00000000
2020-06-30,downside_volatility_60,299,0.10474978,-0.00000000,0.53720631,0.00000000
2020-06-30,drawdown_60,299,0.08902907,-0.00000000,0.56867444,0.00000000
2020-06-30,trend_60,299,0.10115654,0.00000000,0.54208892,0.00000000
2020-06-30,liquidity_amount_20,299,0.51955236,0.00000000,0.56818451,0.00000000
2020-06-30,turnover_20,299,-0.27480791,0.00000000,0.47976414,0.00000000
2020-06-30,turnover_stability_20,299,0.31574950,-0.00000000,0.45772905,0.00000000
2020-06-30,amihud_liquidity_score_20,299,0.53764925,0.00000000,0.58433691,0.00000000
2020-06-30,value_pe_score,299,0.04332680,-0.00000000,0.62805385,0.00000000
2020-06-30,value_pb_score,299,-0.07643126,-0.00000000,0.73886337,0.00000000
2020-06-30,value_ps_score,299,-0.02264472,-0.00000000,0.70601389,0.00000000
2020-06-30,value_pcf_score,299,0.01402411,-0.00000000,0.53436949,0.00000000
2020-07-31,momentum_20,300,0.01003699,-0.00000000,0.50341564,0.00000000
2020-07-31,momentum_60,300,0.09414519,-0.00000000,0.48257286,0.00000000
2020-07-31,momentum_120,300,0.12005516,-0.00000000,0.58160438,0.00000000
2020-07-31,momentum_12_1,300,0.15512589,0.00000000,0.56786981,0.00000000
2020-07-31,reversal_5_score,300,-0.03670536,-0.00000000,0.50505066,0.00000000
2020-07-31,volatility_20,300,0.06325665,-0.00000000,0.55194662,0.00000000
2020-07-31,downside_volatility_60,300,0.04612000,-0.00000000,0.51965560,0.00000000
2020-07-31,drawdown_60,300,0.03629279,0.00000000,0.54864102,0.00000000
2020-07-31,trend_60,300,0.07088160,-0.00000000,0.49719387,0.00000000
2020-07-31,liquidity_amount_20,300,0.57266386,0.00000000,0.57393619,0.00000000
2020-07-31,turnover_20,300,-0.35507890,0.00000000,0.48827060,0.00000000
2020-07-31,turnover_stability_20,300,0.43519572,-0.00000000,0.47605781,0.00000000
2020-07-31,amihud_liquidity_score_20,300,0.61111162,0.00000000,0.57793295,0.00000000
2020-07-31,value_pe_score,300,0.01027059,-0.00000000,0.60825784,0.00000000
2020-07-31,value_pb_score,300,-0.10898499,-0.00000000,0.73500579,0.00000000
2020-07-31,value_ps_score,300,-0.05971478,-0.00000000,0.69117629,0.00000000
2020-07-31,value_pcf_score,300,-0.00168313,-0.00000000,0.52933003,0.00000000
2020-08-31,momentum_20,300,0.14721739,-0.00000000,0.57255228,0.00000000
2020-08-31,momentum_60,300,0.18516265,-0.00000000,0.52613822,0.00000000
2020-08-31,momentum_120,300,0.24594853,0.00000000,0.55204197,0.00000000
2020-08-31,momentum_12_1,300,0.14500449,0.00000000,0.52236395,0.00000000
2020-08-31,reversal_5_score,300,-0.17753357,0.00000000,0.54975212,0.00000000
2020-08-31,volatility_20,300,0.01480106,-0.00000000,0.50965836,0.00000000
2020-08-31,downside_volatility_60,300,0.07116471,-0.00000000,0.55269449,0.00000000
2020-08-31,drawdown_60,300,0.16526572,0.00000000,0.49429980,0.00000000
2020-08-31,trend_60,300,0.18861836,0.00000000,0.57826607,0.00000000
2020-08-31,liquidity_amount_20,300,0.58381102,0.00000000,0.55265090,0.00000000
2020-08-31,turnover_20,300,-0.30291473,0.00000000,0.48309722,0.00000000
2020-08-31,turnover_stability_20,300,0.36056262,0.00000000,0.52283010,0.00000000
2020-08-31,amihud_liquidity_score_20,300,0.58761321,-0.00000000,0.52213787,0.00000000
2020-08-31,value_pe_score,300,-0.01801127,-0.00000000,0.70431804,0.00000000
2020-08-31,value_pb_score,300,-0.13459049,-0.00000000,0.74725690,0.00000000
2020-08-31,value_ps_score,300,-0.06483853,-0.00000000,0.70436696,0.00000000
2020-08-31,value_pcf_score,300,-0.06321588,-0.00000000,0.53120624,0.00000000
2020-09-30,momentum_20,300,0.06914358,-0.00000000,0.57402490,0.00000000
2020-09-30,momentum_60,300,0.16837116,-0.00000000,0.53722759,0.00000000
2020-09-30,momentum_120,300,0.24003939,-0.00000000,0.54611226,0.00000000
2020-09-30,momentum_12_1,300,0.22352415,0.00000000,0.57683662,0.00000000
2020-09-30,reversal_5_score,300,-0.19612189,-0.00000000,0.52253007,0.00000000
2020-09-30,volatility_20,300,0.04818195,-0.00000000,0.46858245,0.00000000
2020-09-30,downside_volatility_60,300,0.07468354,-0.00000000,0.53856714,0.00000000
2020-09-30,drawdown_60,300,0.21923513,-0.00000000,0.48178731,0.00000000
2020-09-30,trend_60,300,0.20603873,-0.00000000,0.47367538,0.00000000
2020-09-30,liquidity_amount_20,300,0.61998977,0.00000000,0.53588816,0.00000000
2020-09-30,turnover_20,300,-0.28212720,0.00000000,0.46097929,0.00000000
2020-09-30,turnover_stability_20,300,0.32702934,-0.00000000,0.43383936,0.00000000
2020-09-30,amihud_liquidity_score_20,300,0.61705308,0.00000000,0.53053107,0.00000000
2020-09-30,value_pe_score,300,-0.02062309,-0.00000000,0.70678193,0.00000000
2020-09-30,value_pb_score,300,-0.14055802,-0.00000000,0.74187748,0.00000000
2020-09-30,value_ps_score,300,-0.06826507,-0.00000000,0.70302384,0.00000000
2020-09-30,value_pcf_score,300,-0.07398192,-0.00000000,0.53116554,0.00000000
2020-10-31,momentum_20,300,0.24505398,0.00000000,0.60834258,0.00000000
2020-10-31,momentum_60,300,0.26818082,-0.00000000,0.62441688,0.00000000
2020-10-31,momentum_120,300,0.27540461,-0.00000000,0.61804978,0.00000000
2020-10-31,momentum_12_1,300,0.22577675,0.00000000,0.51822614,0.00000000
2020-10-31,reversal_5_score,300,-0.16444892,-0.00000000,0.58924501,0.00000000
2020-10-31,volatility_20,300,-0.04605080,-0.00000000,0.56249561,0.00000000
2020-10-31,downside_volatility_60,300,0.07886626,-0.00000000,0.54083591,0.00000000
2020-10-31,drawdown_60,300,0.26089382,-0.00000000,0.62494384,0.00000000
2020-10-31,trend_60,300,0.27440848,-0.00000000,0.61584317,0.00000000
2020-10-31,liquidity_amount_20,300,0.63747356,0.00000000,0.52671335,0.00000000
2020-10-31,turnover_20,300,-0.22061563,0.00000000,0.44812304,0.00000000
2020-10-31,turnover_stability_20,300,0.26104885,-0.00000000,0.45317553,0.00000000
2020-10-31,amihud_liquidity_score_20,300,0.62271226,0.00000000,0.50192813,0.00000000
2020-10-31,value_pe_score,300,-0.01313805,0.00000000,0.72089533,0.00000000
2020-10-31,value_pb_score,300,-0.17260778,-0.00000000,0.72445266,0.00000000
2020-10-31,value_ps_score,300,-0.09116638,-0.00000000,0.71924305,0.00000000
2020-10-31,value_pcf_score,300,0.00362456,-0.00000000,0.63077965,0.00000000
2020-11-30,momentum_20,300,-0.07285087,-0.00000000,0.65093776,0.00000000
2020-11-30,momentum_60,300,0.19039439,-0.00000000,0.52768640,0.00000000
2020-11-30,momentum_120,300,0.26222475,-0.00000000,0.54544127,0.00000000
2020-11-30,momentum_12_1,300,0.26136734,0.00000000,0.55800664,0.00000000
2020-11-30,reversal_5_score,300,0.05445548,0.00000000,0.58571283,0.00000000
2020-11-30,volatility_20,300,-0.06290836,-0.00000000,0.53690460,0.00000000
2020-11-30,downside_volatility_60,300,0.02768916,-0.00000000,0.59353616,0.00000000
2020-11-30,drawdown_60,300,0.09622791,-0.00000000,0.58800867,0.00000000
2020-11-30,trend_60,300,0.13488540,0.00000000,0.52491023,0.00000000
2020-11-30,liquidity_amount_20,300,0.64068084,0.00000000,0.52759310,0.00000000
2020-11-30,turnover_20,300,-0.25356389,0.00000000,0.50564957,0.00000000
2020-11-30,turnover_stability_20,300,0.33037830,-0.00000000,0.52016768,0.00000000
2020-11-30,amihud_liquidity_score_20,300,0.62042118,0.00000000,0.52174831,0.00000000
2020-11-30,value_pe_score,300,-0.00574948,-0.00000000,0.71397675,0.00000000
2020-11-30,value_pb_score,300,-0.16905273,-0.00000000,0.70274813,0.00000000
2020-11-30,value_ps_score,300,-0.08059283,-0.00000000,0.70451571,0.00000000
2020-11-30,value_pcf_score,300,-0.01800400,-0.00000000,0.63764860,0.00000000
2020-12-31,momentum_20,300,0.20595315,-0.00000000,0.60208292,0.00000000
2020-12-31,momentum_60,300,0.25312296,0.00000000,0.59558283,0.00000000
2020-12-31,momentum_120,300,0.27614380,0.00000000,0.64655260,0.00000000
2020-12-31,momentum_12_1,300,0.18115778,-0.00000000,0.60675390,0.00000000
2020-12-31,reversal_5_score,300,-0.07862127,-0.00000000,0.50528097,0.00000000
2020-12-31,volatility_20,300,0.08892248,0.00000000,0.58132857,0.00000000
2020-12-31,downside_volatility_60,300,0.15306586,0.00000000,0.60204965,0.00000000
2020-12-31,drawdown_60,300,0.20835800,0.00000000,0.51542369,0.00000000
2020-12-31,trend_60,300,0.22089405,0.00000000,0.55108581,0.00000000
2020-12-31,liquidity_amount_20,300,0.57305854,-0.00000000,0.60629676,0.00000000
2020-12-31,turnover_20,300,-0.32585475,-0.00000000,0.53235754,0.00000000
2020-12-31,turnover_stability_20,300,0.35376050,0.00000000,0.55062615,0.00000000
2020-12-31,amihud_liquidity_score_20,300,0.60770172,-0.00000000,0.61020565,0.00000000
2020-12-31,value_pe_score,300,0.06205527,0.00000000,0.74846213,0.00000000
2020-12-31,value_pb_score,300,-0.04328931,0.00000000,0.72046983,0.00000000
2020-12-31,value_ps_score,300,0.02809999,0.00000000,0.72818045,0.00000000
2020-12-31,value_pcf_score,300,-0.00011381,0.00000000,0.66873584,0.00000000
2021-01-31,momentum_20,300,0.18060080,-0.00000000,0.50645742,0.00000000
2021-01-31,momentum_60,300,0.26256462,-0.00000000,0.55120104,0.00000000
2021-01-31,momentum_120,300,0.37181871,-0.00000000,0.57914393,0.00000000
2021-01-31,momentum_12_1,300,0.30837414,0.00000000,0.64156658,0.00000000
2021-01-31,reversal_5_score,300,-0.03711123,-0.00000000,0.65833481,0.00000000
2021-01-31,volatility_20,300,-0.02754829,0.00000000,0.66387704,0.00000000
2021-01-31,downside_volatility_60,300,0.05597637,0.00000000,0.65017605,0.00000000
2021-01-31,drawdown_60,300,0.21943511,0.00000000,0.63662027,0.00000000
2021-01-31,trend_60,300,0.24765574,0.00000000,0.51273607,0.00000000
2021-01-31,liquidity_amount_20,300,0.61835218,-0.00000000,0.55395578,0.00000000
2021-01-31,turnover_20,300,-0.27957568,-0.00000000,0.54283987,0.00000000
2021-01-31,turnover_stability_20,300,0.36704611,0.00000000,0.57476467,0.00000000
2021-01-31,amihud_liquidity_score_20,300,0.61734739,-0.00000000,0.55597422,0.00000000
2021-01-31,value_pe_score,300,0.01096037,0.00000000,0.73111620,0.00000000
2021-01-31,value_pb_score,300,-0.10866527,0.00000000,0.72647923,0.00000000
2021-01-31,value_ps_score,300,-0.01704191,0.00000000,0.72563704,0.00000000
2021-01-31,value_pcf_score,300,-0.04511565,0.00000000,0.66934541,0.00000000
2021-02-28,momentum_20,300,0.05550214,0.00000000,0.76060198,0.00000000
2021-02-28,momentum_60,300,0.31289886,-0.00000000,0.55721068,0.00000000
2021-02-28,momentum_120,300,0.37461623,-0.00000000,0.58092585,0.00000000
2021-02-28,momentum_12_1,300,0.36008857,-0.00000000,0.67105453,0.00000000
2021-02-28,reversal_5_score,300,0.19682967,-0.00000000,0.68107363,0.00000000
2021-02-28,volatility_20,300,-0.10523422,0.00000000,0.63221665,0.00000000
2021-02-28,downside_volatility_60,300,-0.00132084,0.00000000,0.64714384,0.00000000
2021-02-28,drawdown_60,300,0.11014092,0.00000000,0.58312690,0.00000000
2021-02-28,trend_60,300,0.19273423,0.00000000,0.64224578,0.00000000
2021-02-28,liquidity_amount_20,300,0.66274199,-0.00000000,0.54688472,0.00000000
2021-02-28,turnover_20,300,-0.24846579,-0.00000000,0.62177347,0.00000000
2021-02-28,turnover_stability_20,300,0.28669419,0.00000000,0.64075482,0.00000000
2021-02-28,amihud_liquidity_score_20,300,0.64434968,-0.00000000,0.53113712,0.00000000
2021-02-28,value_pe_score,300,0.00704400,0.00000000,0.70986827,0.00000000
2021-02-28,value_pb_score,300,-0.12545394,0.00000000,0.72775806,0.00000000
2021-02-28,value_ps_score,300,-0.03461405,-0.00000000,0.71033146,0.00000000
2021-02-28,value_pcf_score,300,-0.06539406,0.00000000,0.66387151,0.00000000
2021-03-31,momentum_20,300,-0.03075667,0.00000000,0.60373509,0.00000000
2021-03-31,momentum_60,300,0.18476004,0.00000000,0.53432075,0.00000000
2021-03-31,momentum_120,300,0.30985704,-0.00000000,0.56319436,0.00000000
2021-03-31,momentum_12_1,300,0.35334608,-0.00000000,0.58498090,0.00000000
2021-03-31,reversal_5_score,300,-0.16233262,0.00000000,0.58554796,0.00000000
2021-03-31,volatility_20,300,-0.09787971,0.00000000,0.64700941,0.00000000
2021-03-31,downside_volatility_60,300,-0.01992961,0.00000000,0.66790694,0.00000000
2021-03-31,drawdown_60,300,0.06876505,0.00000000,0.65636013,0.00000000
2021-03-31,trend_60,300,0.06135030,0.00000000,0.56766174,0.00000000
2021-03-31,liquidity_amount_20,300,0.67128786,-0.00000000,0.50191894,0.00000000
2021-03-31,turnover_20,300,-0.22832258,-0.00000000,0.56274886,0.00000000
2021-03-31,turnover_stability_20,300,0.27642724,0.00000000,0.51714907,0.00000000
2021-03-31,amihud_liquidity_score_20,300,0.65831110,-0.00000000,0.49212552,0.00000000
2021-03-31,value_pe_score,300,0.06938691,0.00000000,0.70207488,0.00000000
2021-03-31,value_pb_score,300,-0.03739654,0.00000000,0.72645204,0.00000000
2021-03-31,value_ps_score,300,0.02273314,-0.00000000,0.71950213,0.00000000
2021-03-31,value_pcf_score,300,-0.00346293,0.00000000,0.63327389,0.00000000
2021-04-30,momentum_20,300,0.10137108,-0.00000000,0.49081522,0.00000000
2021-04-30,momentum_60,300,0.12953913,0.00000000,0.55105960,0.00000000
2021-04-30,momentum_120,300,0.29361198,0.00000000,0.59072121,0.00000000
2021-04-30,momentum_12_1,300,0.37392421,-0.00000000,0.58015774,0.00000000
2021-04-30,reversal_5_score,300,-0.14282971,-0.00000000,0.50021585,0.00000000
2021-04-30,volatility_20,300,0.04328372,0.00000000,0.62824979,0.00000000
2021-04-30,downside_volatility_60,300,-0.04366665,0.00000000,0.62992393,0.00000000
2021-04-30,drawdown_60,300,0.05978253,0.00000000,0.60760166,0.00000000
2021-04-30,trend_60,300,0.12934817,0.00000000,0.53212295,0.00000000
2021-04-30,liquidity_amount_20,300,0.61936245,-0.00000000,0.52919391,0.00000000
2021-04-30,turnover_20,300,-0.25445270,-0.00000000,0.54691632,0.00000000
2021-04-30,turnover_stability_20,300,0.31088555,0.00000000,0.55281775,0.00000000
2021-04-30,amihud_liquidity_score_20,300,0.62506210,-0.00000000,0.50672688,0.00000000
2021-04-30,value_pe_score,300,0.06765263,0.00000000,0.65391428,0.00000000
2021-04-30,value_pb_score,300,-0.06810147,0.00000000,0.72509323,0.00000000
2021-04-30,value_ps_score,300,0.00044518,-0.00000000,0.71717322,0.00000000
2021-04-30,value_pcf_score,300,0.01407567,0.00000000,0.58299374,0.00000000
2021-05-31,momentum_20,300,0.04315973,0.00000000,0.66194105,0.00000000
2021-05-31,momentum_60,300,0.13973879,0.00000000,0.62563382,0.00000000
2021-05-31,momentum_120,300,0.31655929,0.00000000,0.57933568,0.00000000
2021-05-31,momentum_12_1,300,0.37310440,0.00000000,0.58477047,0.00000000
2021-05-31,reversal_5_score,300,0.00483938,-0.00000000,0.60201571,0.00000000
2021-05-31,volatility_20,300,0.02441000,0.00000000,0.58993285,0.00000000
2021-05-31,downside_volatility_60,300,-0.04468962,0.00000000,0.64597116,0.00000000
2021-05-31,drawdown_60,300,0.14056417,0.00000000,0.64956788,0.00000000
2021-05-31,trend_60,300,0.14648488,0.00000000,0.66735782,0.00000000
2021-05-31,liquidity_amount_20,300,0.61519610,-0.00000000,0.54970096,0.00000000
2021-05-31,turnover_20,300,-0.26026986,0.00000000,0.53914677,0.00000000
2021-05-31,turnover_stability_20,300,0.31169552,-0.00000000,0.50380769,0.00000000
2021-05-31,amihud_liquidity_score_20,300,0.62579352,-0.00000000,0.54483374,0.00000000
2021-05-31,value_pe_score,300,0.02780334,-0.00000000,0.65049151,0.00000000
2021-05-31,value_pb_score,300,-0.10040247,0.00000000,0.70857206,0.00000000
2021-05-31,value_ps_score,300,-0.02968776,0.00000000,0.70753508,0.00000000
2021-05-31,value_pcf_score,300,-0.00283532,0.00000000,0.57667777,0.00000000
2021-06-30,momentum_20,299,0.03170601,-0.00000000,0.58966501,0.00000000
2021-06-30,momentum_60,299,0.15755773,-0.00000000,0.62489400,0.00000000
2021-06-30,momentum_120,299,0.25195925,-0.00000000,0.55649110,0.00000000
2021-06-30,momentum_12_1,299,0.41220467,0.00000000,0.62579806,0.00000000
2021-06-30,reversal_5_score,299,-0.07923678,-0.00000000,0.55238180,0.00000000
2021-06-30,volatility_20,299,-0.02938745,0.00000000,0.60715138,0.00000000
2021-06-30,downside_volatility_60,299,0.01113287,0.00000000,0.64093435,0.00000000
2021-06-30,drawdown_60,299,0.09206954,0.00000000,0.63208722,0.00000000
2021-06-30,trend_60,299,0.09965727,-0.00000000,0.63241797,0.00000000
2021-06-30,liquidity_amount_20,299,0.62621249,-0.00000000,0.55502282,0.00000000
2021-06-30,turnover_20,299,-0.23136493,-0.00000000,0.50941941,0.00000000
2021-06-30,turnover_stability_20,299,0.29853234,0.00000000,0.50049961,0.00000000
2021-06-30,amihud_liquidity_score_20,299,0.63386075,-0.00000000,0.56476359,0.00000000
2021-06-30,value_pe_score,299,-0.01192729,0.00000000,0.64191449,0.00000000
2021-06-30,value_pb_score,299,-0.12915878,0.00000000,0.69026283,0.00000000
2021-06-30,value_ps_score,299,-0.06790690,-0.00000000,0.69626053,0.00000000
2021-06-30,value_pcf_score,299,0.00037672,0.00000000,0.57363954,0.00000000
2021-07-31,momentum_20,300,0.06593609,0.00000000,0.62165559,0.00000000
2021-07-31,momentum_60,300,0.10057397,-0.00000000,0.56261156,0.00000000
2021-07-31,momentum_120,300,0.16311463,0.00000000,0.55140657,0.00000000
2021-07-31,momentum_12_1,300,0.34444087,-0.00000000,0.57707696,0.00000000
2021-07-31,reversal_5_score,300,0.05280924,0.00000000,0.54023596,0.00000000
2021-07-31,volatility_20,300,-0.03064018,0.00000000,0.61078434,0.00000000
2021-07-31,downside_volatility_60,300,0.02514376,0.00000000,0.60834639,0.00000000
2021-07-31,drawdown_60,300,0.08202564,-0.00000000,0.69285984,0.00000000
2021-07-31,trend_60,300,0.06921407,-0.00000000,0.59778700,0.00000000
2021-07-31,liquidity_amount_20,300,0.56314088,-0.00000000,0.54266110,0.00000000
2021-07-31,turnover_20,300,-0.21015565,-0.00000000,0.50980062,0.00000000
2021-07-31,turnover_stability_20,300,0.26707963,0.00000000,0.44663023,0.00000000
2021-07-31,amihud_liquidity_score_20,300,0.56986519,0.00000000,0.55092978,0.00000000
2021-07-31,value_pe_score,300,0.03942940,0.00000000,0.52795886,0.00000000
2021-07-31,value_pb_score,300,-0.05048617,0.00000000,0.67425744,0.00000000
2021-07-31,value_ps_score,300,-0.00944666,0.00000000,0.63545497,0.00000000
2021-07-31,value_pcf_score,300,0.02963835,0.00000000,0.58963615,0.00000000
2021-08-31,momentum_20,300,0.03921609,0.00000000,0.70998792,0.00000000
2021-08-31,momentum_60,300,0.15614390,0.00000000,0.64770545,0.00000000
2021-08-31,momentum_120,300,0.22115601,-0.00000000,0.56853609,0.00000000
2021-08-31,momentum_12_1,300,0.35328760,-0.00000000,0.59315245,0.00000000
2021-08-31,reversal_5_score,300,-0.08727066,-0.00000000,0.69088143,0.00000000
2021-08-31,volatility_20,300,-0.00990638,-0.00000000,0.63894353,0.00000000
2021-08-31,downside_volatility_60,300,0.01223295,0.00000000,0.61268942,0.00000000
2021-08-31,drawdown_60,300,0.11628210,0.00000000,0.75971570,0.00000000
2021-08-31,trend_60,300,0.11307082,0.00000000,0.66209928,0.00000000
2021-08-31,liquidity_amount_20,300,0.56577643,-0.00000000,0.57147098,0.00000000
2021-08-31,turnover_20,300,-0.22671081,-0.00000000,0.58285445,0.00000000
2021-08-31,turnover_stability_20,300,0.30869560,-0.00000000,0.55932755,0.00000000
2021-08-31,amihud_liquidity_score_20,300,0.58199457,-0.00000000,0.58880841,0.00000000
2021-08-31,value_pe_score,300,0.06918602,0.00000000,0.53422419,0.00000000
2021-08-31,value_pb_score,300,-0.04810245,0.00000000,0.67380433,0.00000000
2021-08-31,value_ps_score,300,0.00930246,-0.00000000,0.62403345,0.00000000
2021-08-31,value_pcf_score,300,0.03081128,0.00000000,0.49922195,0.00000000
2021-09-30,momentum_20,300,0.03608265,-0.00000000,0.65794624,0.00000000
2021-09-30,momentum_60,300,0.20258268,0.00000000,0.60336199,0.00000000
2021-09-30,momentum_120,300,0.26232264,0.00000000,0.62945380,0.00000000
2021-09-30,momentum_12_1,300,0.32409280,0.00000000,0.61164191,0.00000000
2021-09-30,reversal_5_score,300,-0.10488097,-0.00000000,0.70116788,0.00000000
2021-09-30,volatility_20,300,-0.04286352,-0.00000000,0.59652471,0.00000000
2021-09-30,downside_volatility_60,300,0.03682806,0.00000000,0.57773948,0.00000000
2021-09-30,drawdown_60,300,0.18303877,-0.00000000,0.59172626,0.00000000
2021-09-30,trend_60,300,0.15024628,0.00000000,0.60185752,0.00000000
2021-09-30,liquidity_amount_20,300,0.63018070,0.00000000,0.55984016,0.00000000
2021-09-30,turnover_20,300,-0.27725718,0.00000000,0.58982325,0.00000000
2021-09-30,turnover_stability_20,300,0.31787886,-0.00000000,0.59081666,0.00000000
2021-09-30,amihud_liquidity_score_20,300,0.62013455,0.00000000,0.54709972,0.00000000
2021-09-30,value_pe_score,300,0.09980941,0.00000000,0.54223402,0.00000000
2021-09-30,value_pb_score,300,0.01030289,0.00000000,0.67254149,0.00000000
2021-09-30,value_ps_score,300,0.05345997,0.00000000,0.62118331,0.00000000
2021-09-30,value_pcf_score,300,0.06235794,0.00000000,0.48907134,0.00000000
2021-10-31,momentum_20,300,0.24113030,-0.00000000,0.59125511,0.00000000
2021-10-31,momentum_60,300,0.20497373,-0.00000000,0.52578670,0.00000000
2021-10-31,momentum_120,300,0.25816673,-0.00000000,0.58054981,0.00000000
2021-10-31,momentum_12_1,300,0.32161021,0.00000000,0.63009094,0.00000000
2021-10-31,reversal_5_score,300,-0.03597720,0.00000000,0.50619480,0.00000000
2021-10-31,volatility_20,300,0.05710606,-0.00000000,0.60516943,0.00000000
2021-10-31,downside_volatility_60,300,0.04227876,-0.00000000,0.57157188,0.00000000
2021-10-31,drawdown_60,300,0.25451004,-0.00000000,0.60091840,0.00000000
2021-10-31,trend_60,300,0.24513081,0.00000000,0.61297025,0.00000000
2021-10-31,liquidity_amount_20,300,0.64443071,0.00000000,0.53182639,0.00000000
2021-10-31,turnover_20,300,-0.26829552,-0.00000000,0.55518578,0.00000000
2021-10-31,turnover_stability_20,300,0.34893733,-0.00000000,0.53569857,0.00000000
2021-10-31,amihud_liquidity_score_20,300,0.62159583,-0.00000000,0.51611046,0.00000000
2021-10-31,value_pe_score,300,0.08234899,0.00000000,0.56591941,0.00000000
2021-10-31,value_pb_score,300,-0.02325222,0.00000000,0.66941591,0.00000000
2021-10-31,value_ps_score,300,0.03069721,-0.00000000,0.62623310,0.00000000
2021-10-31,value_pcf_score,300,0.02900796,0.00000000,0.52952524,0.00000000
2021-11-30,momentum_20,300,-0.12135807,-0.00000000,0.50404066,0.00000000
2021-11-30,momentum_60,300,0.08623521,-0.00000000,0.54083428,0.00000000
2021-11-30,momentum_120,300,0.17980013,-0.00000000,0.59374859,0.00000000
2021-11-30,momentum_12_1,300,0.34024137,-0.00000000,0.54204094,0.00000000
2021-11-30,reversal_5_score,300,-0.00376803,-0.00000000,0.55256006,0.00000000
2021-11-30,volatility_20,300,0.02772523,0.00000000,0.53157017,0.00000000
2021-11-30,downside_volatility_60,300,0.04350509,0.00000000,0.58847416,0.00000000
2021-11-30,drawdown_60,300,0.08722465,-0.00000000,0.65889475,0.00000000
2021-11-30,trend_60,300,0.01851942,-0.00000000,0.56364070,0.00000000
2021-11-30,liquidity_amount_20,300,0.57024272,-0.00000000,0.52215865,0.00000000
2021-11-30,turnover_20,300,-0.25313922,-0.00000000,0.56557100,0.00000000
2021-11-30,turnover_stability_20,300,0.28087006,0.00000000,0.55834055,0.00000000
2021-11-30,amihud_liquidity_score_20,300,0.62377314,-0.00000000,0.55089965,0.00000000
2021-11-30,value_pe_score,300,0.09536786,0.00000000,0.61179577,0.00000000
2021-11-30,value_pb_score,300,-0.02059074,0.00000000,0.67585177,0.00000000
2021-11-30,value_ps_score,300,0.03118535,-0.00000000,0.63467717,0.00000000
2021-11-30,value_pcf_score,300,0.02171952,0.00000000,0.52612807,0.00000000
2021-12-31,momentum_20,300,-0.11919132,-0.00000000,0.66463773,0.00000000
2021-12-31,momentum_60,300,0.01788269,-0.00000000,0.56178925,0.00000000
2021-12-31,momentum_120,300,0.15366016,-0.00000000,0.57985094,0.00000000
2021-12-31,momentum_12_1,300,0.30731637,-0.00000000,0.54576461,0.00000000
2021-12-31,reversal_5_score,300,0.17641743,-0.00000000,0.47901417,0.00000000
2021-12-31,volatility_20,300,0.11748722,0.00000000,0.59818563,0.00000000
2021-12-31,downside_volatility_60,300,0.06209983,0.00000000,0.63504625,0.00000000
2021-12-31,drawdown_60,300,-0.01594597,-0.00000000,0.61702218,0.00000000
2021-12-31,trend_60,300,-0.09510496,-0.00000000,0.56927350,0.00000000
2021-12-31,liquidity_amount_20,300,0.58714674,0.00000000,0.53006169,0.00000000
2021-12-31,turnover_20,300,-0.34323538,-0.00000000,0.54796718,0.00000000
2021-12-31,turnover_stability_20,300,0.38158924,0.00000000,0.54181043,0.00000000
2021-12-31,amihud_liquidity_score_20,300,0.61226788,0.00000000,0.54288011,0.00000000
2021-12-31,value_pe_score,300,0.12721045,0.00000000,0.61554018,0.00000000
2021-12-31,value_pb_score,300,0.00188077,0.00000000,0.68153915,0.00000000
2021-12-31,value_ps_score,300,0.06326369,0.00000000,0.64010547,0.00000000
2021-12-31,value_pcf_score,300,0.03195761,0.00000000,0.52515364,0.00000000
2022-01-31,momentum_20,298,0.15828326,0.00000000,0.60443720,0.00000000
2022-01-31,momentum_60,298,0.14263936,0.00000000,0.68250301,0.00000000
2022-01-31,momentum_120,298,0.23113782,-0.00000000,0.65980656,0.00000000
2022-01-31,momentum_12_1,298,0.16655305,0.00000000,0.50688370,0.00000000
2022-01-31,reversal_5_score,298,-0.11241495,-0.00000000,0.48889009,0.00000000
2022-01-31,volatility_20,298,0.11918671,0.00000000,0.58546678,0.00000000
2022-01-31,downside_volatility_60,298,0.13913164,0.00000000,0.54911647,0.00000000
2022-01-31,drawdown_60,298,0.18368085,0.00000000,0.65048145,0.00000000
2022-01-31,trend_60,298,0.16419217,0.00000000,0.65762718,0.00000000
2022-01-31,liquidity_amount_20,298,0.61686191,-0.00000000,0.47701099,0.00000000
2022-01-31,turnover_20,298,-0.38871953,0.00000000,0.65887149,0.00000000
2022-01-31,turnover_stability_20,298,0.40015376,-0.00000000,0.61284588,0.00000000
2022-01-31,amihud_liquidity_score_20,298,0.64692610,-0.00000000,0.52281446,0.00000000
2022-01-31,value_pe_score,298,0.17083729,0.00000000,0.64934980,0.00000000
2022-01-31,value_pb_score,298,0.09373455,0.00000000,0.69864926,0.00000000
2022-01-31,value_ps_score,298,0.10895080,0.00000000,0.61123227,0.00000000
2022-01-31,value_pcf_score,298,0.05114651,0.00000000,0.49666831,0.00000000
2022-02-28,momentum_20,299,0.14267161,-0.00000000,0.66311526,0.00000000
2022-02-28,momentum_60,299,0.23507304,0.00000000,0.71175263,0.00000000
2022-02-28,momentum_120,299,0.31250511,-0.00000000,0.66421684,0.00000000
2022-02-28,momentum_12_1,299,0.21059514,0.00000000,0.58117961,0.00000000
2022-02-28,reversal_5_score,299,-0.00761768,-0.00000000,0.61725745,0.00000000
2022-02-28,volatility_20,299,0.07514236,-0.00000000,0.58527522,0.00000000
2022-02-28,downside_volatility_60,299,0.15737206,0.00000000,0.58984350,0.00000000
2022-02-28,drawdown_60,299,0.25760876,0.00000000,0.72554367,0.00000000
2022-02-28,trend_60,299,0.22227395,0.00000000,0.70062608,0.00000000
2022-02-28,liquidity_amount_20,299,0.65469747,-0.00000000,0.47950221,0.00000000
2022-02-28,turnover_20,299,-0.30562233,-0.00000000,0.60526770,0.00000000
2022-02-28,turnover_stability_20,299,0.32336976,-0.00000000,0.67198984,0.00000000
2022-02-28,amihud_liquidity_score_20,299,0.66243168,0.00000000,0.54408711,0.00000000
2022-02-28,value_pe_score,299,0.17909503,0.00000000,0.60778770,0.00000000
2022-02-28,value_pb_score,299,0.09798665,0.00000000,0.67633934,0.00000000
2022-02-28,value_ps_score,299,0.10980544,-0.00000000,0.60028472,0.00000000
2022-02-28,value_pcf_score,299,0.00000000,0.00000000,0.00000000,0.00000000
2022-03-31,momentum_20,300,0.08542777,0.00000000,0.61304859,0.00000000
2022-03-31,momentum_60,300,0.25179194,0.00000000,0.64956302,0.00000000
2022-03-31,momentum_120,300,0.25664933,0.00000000,0.58918287,0.00000000
2022-03-31,momentum_12_1,300,0.25931854,-0.00000000,0.53659473,0.00000000
2022-03-31,reversal_5_score,300,-0.05869537,-0.00000000,0.55931971,0.00000000
2022-03-31,volatility_20,300,0.05814840,-0.00000000,0.59021688,0.00000000
2022-03-31,downside_volatility_60,300,0.14805659,0.00000000,0.58153873,0.00000000
2022-03-31,drawdown_60,300,0.28396340,0.00000000,0.61709980,0.00000000
2022-03-31,trend_60,300,0.20891749,0.00000000,0.58042224,0.00000000
2022-03-31,liquidity_amount_20,300,0.65510273,-0.00000000,0.46038887,0.00000000
2022-03-31,turnover_20,300,-0.32017548,0.00000000,0.61769096,0.00000000
2022-03-31,turnover_stability_20,300,0.31257922,-0.00000000,0.62128641,0.00000000
2022-03-31,amihud_liquidity_score_20,300,0.65911235,0.00000000,0.47957748,0.00000000
2022-03-31,value_pe_score,300,0.16972287,0.00000000,0.63478916,0.00000000
2022-03-31,value_pb_score,300,0.09250546,0.00000000,0.66971890,0.00000000
2022-03-31,value_ps_score,300,0.09108414,-0.00000000,0.59475033,0.00000000
2022-03-31,value_pcf_score,300,0.05641317,0.00000000,0.60323517,0.00000000
2022-04-30,momentum_20,300,0.24405777,0.00000000,0.56667156,0.00000000
2022-04-30,momentum_60,300,0.30661337,0.00000000,0.58259734,0.00000000
2022-04-30,momentum_120,300,0.31804328,0.00000000,0.63290533,0.00000000
2022-04-30,momentum_12_1,300,0.27946876,0.00000000,0.53388419,0.00000000
2022-04-30,reversal_5_score,300,-0.11422646,0.00000000,0.55981303,0.00000000
2022-04-30,volatility_20,300,0.25511940,0.00000000,0.61451420,0.00000000
2022-04-30,downside_volatility_60,300,0.22779954,0.00000000,0.61564275,0.00000000
2022-04-30,drawdown_60,300,0.31006200,0.00000000,0.60559542,0.00000000
2022-04-30,trend_60,300,0.28862756,0.00000000,0.57889612,0.00000000
2022-04-30,liquidity_amount_20,300,0.66366271,0.00000000,0.54411061,0.00000000
2022-04-30,turnover_20,300,-0.35543902,0.00000000,0.57713467,0.00000000
2022-04-30,turnover_stability_20,300,0.35128715,-0.00000000,0.61063082,0.00000000
2022-04-30,amihud_liquidity_score_20,300,0.68829604,0.00000000,0.58435909,0.00000000
2022-04-30,value_pe_score,300,0.18945795,0.00000000,0.61759163,0.00000000
2022-04-30,value_pb_score,300,0.11422317,0.00000000,0.67698970,0.00000000
2022-04-30,value_ps_score,300,0.10412219,0.00000000,0.62007106,0.00000000
2022-04-30,value_pcf_score,300,0.08414930,0.00000000,0.62884801,0.00000000
2022-05-31,momentum_20,299,-0.23312813,-0.00000000,0.55557370,0.00000000
2022-05-31,momentum_60,299,0.20692727,0.00000000,0.55112956,0.00000000
2022-05-31,momentum_120,299,0.30178618,0.00000000,0.70926898,0.00000000
2022-05-31,momentum_12_1,299,0.36095926,0.00000000,0.59669034,0.00000000
2022-05-31,reversal_5_score,299,0.11249809,0.00000000,0.60038009,0.00000000
2022-05-31,volatility_20,299,0.23188632,0.00000000,0.66120236,0.00000000
2022-05-31,downside_volatility_60,299,0.24478400,0.00000000,0.61165749,0.00000000
2022-05-31,drawdown_60,299,0.23331866,0.00000000,0.52048114,0.00000000
2022-05-31,trend_60,299,0.07769978,-0.00000000,0.53788024,0.00000000
2022-05-31,liquidity_amount_20,299,0.63521667,-0.00000000,0.53559810,0.00000000
2022-05-31,turnover_20,299,-0.36063834,-0.00000000,0.55613867,0.00000000
2022-05-31,turnover_stability_20,299,0.37180518,-0.00000000,0.57976406,0.00000000
2022-05-31,amihud_liquidity_score_20,299,0.65424757,0.00000000,0.59252227,0.00000000
2022-05-31,value_pe_score,299,0.19634612,0.00000000,0.59951544,0.00000000
2022-05-31,value_pb_score,299,0.12358574,0.00000000,0.68146074,0.00000000
2022-05-31,value_ps_score,299,0.12187158,0.00000000,0.61638669,0.00000000
2022-05-31,value_pcf_score,299,0.07977107,0.00000000,0.58588199,0.00000000
2022-06-30,momentum_20,298,0.03847773,0.00000000,0.63361971,0.00000000
2022-06-30,momentum_60,298,0.12902154,0.00000000,0.56146663,0.00000000
2022-06-30,momentum_120,298,0.24431936,0.00000000,0.50649160,0.00000000
2022-06-30,momentum_12_1,298,0.20552594,0.00000000,0.54091377,0.00000000
2022-06-30,reversal_5_score,298,0.00979926,0.00000000,0.78362780,0.00000000
2022-06-30,volatility_20,298,0.10847492,0.00000000,0.57311781,0.00000000
2022-06-30,downside_volatility_60,298,0.22153028,0.00000000,0.58224404,0.00000000
2022-06-30,drawdown_60,298,0.08499422,-0.00000000,0.60255136,0.00000000
2022-06-30,trend_60,298,0.02104245,0.00000000,0.60273552,0.00000000
2022-06-30,liquidity_amount_20,298,0.60263823,0.00000000,0.51483929,0.00000000
2022-06-30,turnover_20,298,-0.30516761,-0.00000000,0.57863826,0.00000000
2022-06-30,turnover_stability_20,298,0.30558457,0.00000000,0.56463852,0.00000000
2022-06-30,amihud_liquidity_score_20,298,0.64838377,0.00000000,0.68772470,0.00000000
2022-06-30,value_pe_score,298,0.16337210,0.00000000,0.58775460,0.00000000
2022-06-30,value_pb_score,298,0.09789608,0.00000000,0.71842442,0.00000000
2022-06-30,value_ps_score,298,0.10984521,0.00000000,0.60542110,0.00000000
2022-06-30,value_pcf_score,298,0.06961529,0.00000000,0.59371706,0.00000000
2022-07-31,momentum_20,300,0.03255612,0.00000000,0.56569011,0.00000000
2022-07-31,momentum_60,300,0.02750017,0.00000000,0.47490821,0.00000000
2022-07-31,momentum_120,300,0.21225839,0.00000000,0.53554994,0.00000000
2022-07-31,momentum_12_1,300,0.25505286,0.00000000,0.55106701,0.00000000
2022-07-31,reversal_5_score,300,-0.03782516,-0.00000000,0.51615689,0.00000000
2022-07-31,volatility_20,300,0.11999788,-0.00000000,0.58706116,0.00000000
2022-07-31,downside_volatility_60,300,0.14157590,0.00000000,0.59579979,0.00000000
2022-07-31,drawdown_60,300,0.12771635,0.00000000,0.59491716,0.00000000
2022-07-31,trend_60,300,0.08980246,0.00000000,0.48760494,0.00000000
2022-07-31,liquidity_amount_20,300,0.57328435,-0.00000000,0.55449668,0.00000000
2022-07-31,turnover_20,300,-0.30024667,-0.00000000,0.54379737,0.00000000
2022-07-31,turnover_stability_20,300,0.30381621,0.00000000,0.54541984,0.00000000
2022-07-31,amihud_liquidity_score_20,300,0.64242284,-0.00000000,0.59597637,0.00000000
2022-07-31,value_pe_score,300,0.12356652,0.00000000,0.57085461,0.00000000
2022-07-31,value_pb_score,300,0.06302941,0.00000000,0.70510639,0.00000000
2022-07-31,value_ps_score,300,0.07509130,0.00000000,0.58904442,0.00000000
2022-07-31,value_pcf_score,300,0.03622208,0.00000000,0.58242798,0.00000000
2022-08-31,momentum_20,300,0.11716436,0.00000000,0.61736958,0.00000000
2022-08-31,momentum_60,300,0.22286619,-0.00000000,0.58451072,0.00000000
2022-08-31,momentum_120,300,0.25231575,-0.00000000,0.44901828,0.00000000
2022-08-31,momentum_12_1,300,0.27201779,-0.00000000,0.60822835,0.00000000
2022-08-31,reversal_5_score,300,-0.03161950,-0.00000000,0.62816824,0.00000000
2022-08-31,volatility_20,300,0.14083498,0.00000000,0.50403332,0.00000000
2022-08-31,downside_volatility_60,300,0.15321939,0.00000000,0.57160153,0.00000000
2022-08-31,drawdown_60,300,0.22572801,-0.00000000,0.66353061,0.00000000
2022-08-31,trend_60,300,0.19814383,0.00000000,0.64022935,0.00000000
2022-08-31,liquidity_amount_20,300,0.54601676,-0.00000000,0.52854737,0.00000000
2022-08-31,turnover_20,300,-0.31250391,-0.00000000,0.54889008,0.00000000
2022-08-31,turnover_stability_20,300,0.33271869,0.00000000,0.48379173,0.00000000
2022-08-31,amihud_liquidity_score_20,300,0.64185958,-0.00000000,0.60484181,0.00000000
2022-08-31,value_pe_score,300,0.14909098,0.00000000,0.59342135,0.00000000
2022-08-31,value_pb_score,300,0.06157477,0.00000000,0.72149578,0.00000000
2022-08-31,value_ps_score,300,0.07046351,0.00000000,0.61346825,0.00000000
2022-08-31,value_pcf_score,300,0.00468758,-0.00000000,0.61179429,0.00000000
2022-09-30,momentum_20,300,0.28305508,0.00000000,0.66070681,0.00000000
2022-09-30,momentum_60,300,0.28322535,0.00000000,0.66925730,0.00000000
2022-09-30,momentum_120,300,0.26023374,0.00000000,0.58082961,0.00000000
2022-09-30,momentum_12_1,300,0.30665372,-0.00000000,0.66303104,0.00000000
2022-09-30,reversal_5_score,300,-0.04277585,-0.00000000,0.70754982,0.00000000
2022-09-30,volatility_20,300,0.17098134,-0.00000000,0.58473363,0.00000000
2022-09-30,downside_volatility_60,300,0.22768899,0.00000000,0.56720688,0.00000000
2022-09-30,drawdown_60,300,0.34966540,0.00000000,0.63892478,0.00000000
2022-09-30,trend_60,300,0.31270755,0.00000000,0.66385597,0.00000000
2022-09-30,liquidity_amount_20,300,0.62308442,-0.00000000,0.51579911,0.00000000
2022-09-30,turnover_20,300,-0.37240102,0.00000000,0.56912536,0.00000000
2022-09-30,turnover_stability_20,300,0.35958022,-0.00000000,0.54206906,0.00000000
2022-09-30,amihud_liquidity_score_20,300,0.69622533,-0.00000000,0.61590494,0.00000000
2022-09-30,value_pe_score,300,0.16868601,0.00000000,0.60439916,0.00000000
2022-09-30,value_pb_score,300,0.08301978,0.00000000,0.71776852,0.00000000
2022-09-30,value_ps_score,300,0.07930679,0.00000000,0.60282071,0.00000000
2022-09-30,value_pcf_score,300,0.02984814,0.00000000,0.60997115,0.00000000
2022-10-31,momentum_20,300,-0.19011365,-0.00000000,0.57989093,0.00000000
2022-10-31,momentum_60,300,0.06203199,0.00000000,0.64827479,0.00000000
2022-10-31,momentum_120,300,0.04944182,0.00000000,0.57177822,0.00000000
2022-10-31,momentum_12_1,300,0.34241227,-0.00000000,0.64520153,0.00000000
2022-10-31,reversal_5_score,300,0.18844632,0.00000000,0.51750382,0.00000000
2022-10-31,volatility_20,300,0.21574424,0.00000000,0.58460825,0.00000000
2022-10-31,downside_volatility_60,300,0.18115204,0.00000000,0.52884848,0.00000000
2022-10-31,drawdown_60,300,0.08628425,0.00000000,0.63169191,0.00000000
2022-10-31,trend_60,300,-0.04949612,0.00000000,0.57859666,0.00000000
2022-10-31,liquidity_amount_20,300,0.58739957,-0.00000000,0.51346500,0.00000000
2022-10-31,turnover_20,300,-0.40496121,-0.00000000,0.62872777,0.00000000
2022-10-31,turnover_stability_20,300,0.38023353,0.00000000,0.64645398,0.00000000
2022-10-31,amihud_liquidity_score_20,300,0.68126876,0.00000000,0.54844016,0.00000000
2022-10-31,value_pe_score,300,0.22404800,0.00000000,0.58379882,0.00000000
2022-10-31,value_pb_score,300,0.11531262,0.00000000,0.70400276,0.00000000
2022-10-31,value_ps_score,300,0.10823521,0.00000000,0.60392795,0.00000000
2022-10-31,value_pcf_score,300,0.05406367,0.00000000,0.57534801,0.00000000
2022-11-30,momentum_20,300,0.08309191,0.00000000,0.58354523,0.00000000
2022-11-30,momentum_60,300,0.07149758,-0.00000000,0.64956284,0.00000000
2022-11-30,momentum_120,300,0.20313156,0.00000000,0.67586501,0.00000000
2022-11-30,momentum_12_1,300,0.25334535,-0.00000000,0.66023027,0.00000000
2022-11-30,reversal_5_score,300,-0.10267298,-0.00000000,0.65968879,0.00000000
2022-11-30,volatility_20,300,0.07116129,0.00000000,0.60627408,0.00000000
2022-11-30,downside_volatility_60,300,0.14831824,0.00000000,0.54941436,0.00000000
2022-11-30,drawdown_60,300,0.11374243,0.00000000,0.61587125,0.00000000
2022-11-30,trend_60,300,0.00623578,0.00000000,0.58750498,0.00000000
2022-11-30,liquidity_amount_20,300,0.56698181,-0.00000000,0.52052072,0.00000000
2022-11-30,turnover_20,300,-0.40312465,-0.00000000,0.61505336,0.00000000
2022-11-30,turnover_stability_20,300,0.35085331,0.00000000,0.66093291,0.00000000
2022-11-30,amihud_liquidity_score_20,300,0.63003236,0.00000000,0.58011326,0.00000000
2022-11-30,value_pe_score,300,0.21509974,0.00000000,0.58690684,0.00000000
2022-11-30,value_pb_score,300,0.10348179,0.00000000,0.72021764,0.00000000
2022-11-30,value_ps_score,300,0.10042190,-0.00000000,0.62089113,0.00000000
2022-11-30,value_pcf_score,300,0.04977591,-0.00000000,0.58929727,0.00000000
2022-12-31,momentum_20,300,0.16153326,0.00000000,0.70600464,0.00000000
2022-12-31,momentum_60,300,-0.04883261,-0.00000000,0.57147780,0.00000000
2022-12-31,momentum_120,300,0.20216677,-0.00000000,0.61334724,0.00000000
2022-12-31,momentum_12_1,300,0.29146500,0.00000000,0.69087851,0.00000000
2022-12-31,reversal_5_score,300,0.03651474,-0.00000000,0.59251081,0.00000000
2022-12-31,volatility_20,300,0.15670218,-0.00000000,0.59440792,0.00000000
2022-12-31,downside_volatility_60,300,0.13842137,-0.00000000,0.59833319,0.00000000
2022-12-31,drawdown_60,300,0.20820351,-0.00000000,0.59133049,0.00000000
2022-12-31,trend_60,300,0.14092934,0.00000000,0.64754041,0.00000000
2022-12-31,liquidity_amount_20,300,0.60006467,-0.00000000,0.53735680,0.00000000
2022-12-31,turnover_20,300,-0.41922307,0.00000000,0.57773121,0.00000000
2022-12-31,turnover_stability_20,300,0.40329959,-0.00000000,0.53791984,0.00000000
2022-12-31,amihud_liquidity_score_20,300,0.63737879,-0.00000000,0.58638722,0.00000000
2022-12-31,value_pe_score,300,0.21887151,0.00000000,0.61181004,0.00000000
2022-12-31,value_pb_score,300,0.10243513,0.00000000,0.74682926,0.00000000
2022-12-31,value_ps_score,300,0.10267216,0.00000000,0.63410205,0.00000000
2022-12-31,value_pcf_score,300,0.04513787,-0.00000000,0.59696357,0.00000000
2023-01-31,momentum_20,300,-0.06757416,-0.00000000,0.63648829,0.00000000
2023-01-31,momentum_60,300,0.10571307,-0.00000000,0.69454150,0.00000000
2023-01-31,momentum_120,300,0.15857428,0.00000000,0.61834010,0.00000000
2023-01-31,momentum_12_1,300,0.30625846,0.00000000,0.63032976,0.00000000
2023-01-31,reversal_5_score,300,0.06242294,0.00000000,0.69162831,0.00000000
2023-01-31,volatility_20,300,0.14837604,0.00000000,0.63046512,0.00000000
2023-01-31,downside_volatility_60,300,0.13391947,0.00000000,0.62030412,0.00000000
2023-01-31,drawdown_60,300,0.11259807,0.00000000,0.54027627,0.00000000
2023-01-31,trend_60,300,0.05384640,-0.00000000,0.63125005,0.00000000
2023-01-31,liquidity_amount_20,300,0.58815845,-0.00000000,0.54732625,0.00000000
2023-01-31,turnover_20,300,-0.38371382,-0.00000000,0.59532785,0.00000000
2023-01-31,turnover_stability_20,300,0.35447177,0.00000000,0.54322376,0.00000000
2023-01-31,amihud_liquidity_score_20,300,0.65155191,0.00000000,0.60086105,0.00000000
2023-01-31,value_pe_score,300,0.21108106,0.00000000,0.59895523,0.00000000
2023-01-31,value_pb_score,300,0.09641594,0.00000000,0.74679937,0.00000000
2023-01-31,value_ps_score,300,0.09439762,0.00000000,0.64153943,0.00000000
2023-01-31,value_pcf_score,300,0.04149245,0.00000000,0.59482108,0.00000000
2023-02-28,momentum_20,300,-0.10565281,-0.00000000,0.49044697,0.00000000
2023-02-28,momentum_60,300,0.00168610,-0.00000000,0.57904486,0.00000000
2023-02-28,momentum_120,300,0.03648732,0.00000000,0.56839611,0.00000000
2023-02-28,momentum_12_1,300,0.27636090,0.00000000,0.56913478,0.00000000
2023-02-28,reversal_5_score,300,0.04278437,0.00000000,0.52852257,0.00000000
2023-02-28,volatility_20,300,0.24047767,0.00000000,0.59409287,0.00000000
2023-02-28,downside_volatility_60,300,0.20854463,0.00000000,0.62398065,0.00000000
2023-02-28,drawdown_60,300,0.06691260,0.00000000,0.57455818,0.00000000
2023-02-28,trend_60,300,-0.08184735,-0.00000000,0.48458645,0.00000000
2023-02-28,liquidity_amount_20,300,0.52352696,-0.00000000,0.56655870,0.00000000
2023-02-28,turnover_20,300,-0.41321571,-0.00000000,0.59728649,0.00000000
2023-02-28,turnover_stability_20,300,0.40436966,0.00000000,0.59354984,0.00000000
2023-02-28,amihud_liquidity_score_20,300,0.63675946,-0.00000000,0.59993450,0.00000000
2023-02-28,value_pe_score,300,0.21004591,0.00000000,0.59339505,0.00000000
2023-02-28,value_pb_score,300,0.09643606,0.00000000,0.73789657,0.00000000
2023-02-28,value_ps_score,300,0.09310976,0.00000000,0.64794605,0.00000000
2023-02-28,value_pcf_score,300,0.03938383,-0.00000000,0.58675719,0.00000000
2023-03-31,momentum_20,300,0.07198529,-0.00000000,0.62246373,0.00000000
2023-03-31,momentum_60,300,0.05034290,-0.00000000,0.63636744,0.00000000
2023-03-31,momentum_120,300,0.07733150,-0.00000000,0.53404826,0.00000000
2023-03-31,momentum_12_1,300,0.23838087,0.00000000,0.63286552,0.00000000
2023-03-31,reversal_5_score,300,-0.07024963,-0.00000000,0.62343438,0.00000000
2023-03-31,volatility_20,300,0.11012123,0.00000000,0.62180439,0.00000000
2023-03-31,downside_volatility_60,300,0.20297656,0.00000000,0.57979644,0.00000000
2023-03-31,drawdown_60,300,0.20162273,-0.00000000,0.66001029,0.00000000
2023-03-31,trend_60,300,0.10372733,-0.00000000,0.65388810,0.00000000
2023-03-31,liquidity_amount_20,300,0.51126945,-0.00000000,0.65519577,0.00000000
2023-03-31,turnover_20,300,-0.33068789,-0.00000000,0.63907761,0.00000000
2023-03-31,turnover_stability_20,300,0.32647044,0.00000000,0.58103915,0.00000000
2023-03-31,amihud_liquidity_score_20,300,0.58588427,-0.00000000,0.62348110,0.00000000
2023-03-31,value_pe_score,300,0.18329503,0.00000000,0.58131549,0.00000000
2023-03-31,value_pb_score,300,0.13871156,0.00000000,0.68098611,0.00000000
2023-03-31,value_ps_score,300,0.10332661,0.00000000,0.64614688,0.00000000
2023-03-31,value_pcf_score,300,0.09189515,0.00000000,0.55820784,0.00000000
2023-04-30,momentum_20,300,0.26056321,0.00000000,0.62906112,0.00000000
2023-04-30,momentum_60,300,0.26004699,-0.00000000,0.65899265,0.00000000
2023-04-30,momentum_120,300,0.27552673,-0.00000000,0.62132518,0.00000000
2023-04-30,momentum_12_1,300,0.16990152,0.00000000,0.66550147,0.00000000
2023-04-30,reversal_5_score,300,-0.18872972,-0.00000000,0.57966314,0.00000000
2023-04-30,volatility_20,300,0.13735348,0.00000000,0.59447142,0.00000000
2023-04-30,downside_volatility_60,300,0.21835803,0.00000000,0.58835493,0.00000000
2023-04-30,drawdown_60,300,0.34323047,0.00000000,0.70542661,0.00000000
2023-04-30,trend_60,300,0.31656733,0.00000000,0.68472615,0.00000000
2023-04-30,liquidity_amount_20,300,0.50562883,-0.00000000,0.66972620,0.00000000
2023-04-30,turnover_20,300,-0.30177576,-0.00000000,0.60545260,0.00000000
2023-04-30,turnover_stability_20,300,0.31292079,0.00000000,0.52674621,0.00000000
2023-04-30,amihud_liquidity_score_20,300,0.61632538,-0.00000000,0.63182688,0.00000000
2023-04-30,value_pe_score,300,0.16220751,0.00000000,0.56944521,0.00000000
2023-04-30,value_pb_score,300,0.12372765,0.00000000,0.67327828,0.00000000
2023-04-30,value_ps_score,300,0.08949415,0.00000000,0.64923644,0.00000000
2023-04-30,value_pcf_score,300,0.09449007,0.00000000,0.54141787,0.00000000
2023-05-31,momentum_20,300,0.00503949,-0.00000000,0.55397474,0.00000000
2023-05-31,momentum_60,300,0.26521392,-0.00000000,0.68556432,0.00000000
2023-05-31,momentum_120,300,0.23104730,-0.00000000,0.60948451,0.00000000
2023-05-31,momentum_12_1,300,0.28521668,-0.00000000,0.69123326,0.00000000
2023-05-31,reversal_5_score,300,-0.05549043,0.00000000,0.64750929,0.00000000
2023-05-31,volatility_20,300,-0.04136794,0.00000000,0.57889618,0.00000000
2023-05-31,downside_volatility_60,300,0.17789417,0.00000000,0.58384539,0.00000000
2023-05-31,drawdown_60,300,0.22042028,-0.00000000,0.54507581,0.00000000
2023-05-31,trend_60,300,0.21434494,-0.00000000,0.62054012,0.00000000
2023-05-31,liquidity_amount_20,300,0.61763704,-0.00000000,0.68695601,0.00000000
2023-05-31,turnover_20,300,-0.31782019,-0.00000000,0.63335357,0.00000000
2023-05-31,turnover_stability_20,300,0.25285315,0.00000000,0.61622767,0.00000000
2023-05-31,amihud_liquidity_score_20,300,0.61539425,-0.00000000,0.72331060,0.00000000
2023-05-31,value_pe_score,300,0.18565751,0.00000000,0.55637171,0.00000000
2023-05-31,value_pb_score,300,0.15500758,0.00000000,0.66367111,0.00000000
2023-05-31,value_ps_score,300,0.09392015,0.00000000,0.65226183,0.00000000
2023-05-31,value_pcf_score,300,0.15633223,0.00000000,0.48374010,0.00000000
2023-06-30,momentum_20,300,0.02374158,-0.00000000,0.56610865,0.00000000
2023-06-30,momentum_60,300,0.24237068,0.00000000,0.55396978,0.00000000
2023-06-30,momentum_120,300,0.23122185,-0.00000000,0.67518881,0.00000000
2023-06-30,momentum_12_1,300,0.30929019,-0.00000000,0.66533074,0.00000000
2023-06-30,reversal_5_score,300,0.13360858,-0.00000000,0.75817484,0.00000000
2023-06-30,volatility_20,300,0.18173224,0.00000000,0.66815029,0.00000000
2023-06-30,downside_volatility_60,300,0.13525691,0.00000000,0.59685992,0.00000000
2023-06-30,drawdown_60,300,0.13195540,0.00000000,0.62721144,0.00000000
2023-06-30,trend_60,300,0.08646272,-0.00000000,0.55706244,0.00000000
2023-06-30,liquidity_amount_20,300,0.51625643,-0.00000000,0.62753741,0.00000000
2023-06-30,turnover_20,300,-0.36069962,-0.00000000,0.63302457,0.00000000
2023-06-30,turnover_stability_20,300,0.36794469,0.00000000,0.63526048,0.00000000
2023-06-30,amihud_liquidity_score_20,300,0.59846051,-0.00000000,0.73542494,0.00000000
2023-06-30,value_pe_score,300,0.15474099,0.00000000,0.56372121,0.00000000
2023-06-30,value_pb_score,300,0.11785034,0.00000000,0.65938201,0.00000000
2023-06-30,value_ps_score,300,0.05378612,0.00000000,0.67187334,0.00000000
2023-06-30,value_pcf_score,300,0.15026555,0.00000000,0.49670571,0.00000000
2023-07-31,momentum_20,300,0.08875097,0.00000000,0.63674159,0.00000000
2023-07-31,momentum_60,300,0.10252994,-0.00000000,0.52773003,0.00000000
2023-07-31,momentum_120,300,0.33391573,-0.00000000,0.62966067,0.00000000
2023-07-31,momentum_12_1,300,0.30307263,0.00000000,0.66194442,0.00000000
2023-07-31,reversal_5_score,300,-0.06365408,-0.00000000,0.68361737,0.00000000
2023-07-31,volatility_20,300,0.06911359,0.00000000,0.61834715,0.00000000
2023-07-31,downside_volatility_60,300,0.08347964,0.00000000,0.51279947,0.00000000
2023-07-31,drawdown_60,300,0.11714460,0.00000000,0.54900903,0.00000000
2023-07-31,trend_60,300,0.11908719,0.00000000,0.60735481,0.00000000
2023-07-31,liquidity_amount_20,300,0.53539842,-0.00000000,0.62446341,0.00000000
2023-07-31,turnover_20,300,-0.38410490,-0.00000000,0.57550106,0.00000000
2023-07-31,turnover_stability_20,300,0.33947246,0.00000000,0.53231858,0.00000000
2023-07-31,amihud_liquidity_score_20,300,0.61935619,-0.00000000,0.65560154,0.00000000
2023-07-31,value_pe_score,300,0.15588551,0.00000000,0.57506121,0.00000000
2023-07-31,value_pb_score,300,0.11322125,0.00000000,0.67421378,0.00000000
2023-07-31,value_ps_score,300,0.06167282,0.00000000,0.67771598,0.00000000
2023-07-31,value_pcf_score,300,0.14644880,0.00000000,0.49756223,0.00000000
2023-08-31,momentum_20,300,0.17484572,-0.00000000,0.55282924,0.00000000
2023-08-31,momentum_60,300,0.18925412,-0.00000000,0.54019765,0.00000000
2023-08-31,momentum_120,300,0.35646775,-0.00000000,0.57961744,0.00000000
2023-08-31,momentum_12_1,300,0.35525957,-0.00000000,0.61242810,0.00000000
2023-08-31,reversal_5_score,300,0.07846868,0.00000000,0.50091600,0.00000000
2023-08-31,volatility_20,300,0.21743209,0.00000000,0.58931723,0.00000000
2023-08-31,downside_volatility_60,300,0.18322620,0.00000000,0.58868425,0.00000000
2023-08-31,drawdown_60,300,0.24378599,0.00000000,0.56057187,0.00000000
2023-08-31,trend_60,300,0.19747793,0.00000000,0.56459078,0.00000000
2023-08-31,liquidity_amount_20,300,0.57242490,-0.00000000,0.62078162,0.00000000
2023-08-31,turnover_20,300,-0.35626372,-0.00000000,0.57110029,0.00000000
2023-08-31,turnover_stability_20,300,0.32761250,0.00000000,0.56330628,0.00000000
2023-08-31,amihud_liquidity_score_20,300,0.63469899,-0.00000000,0.62683397,0.00000000
2023-08-31,value_pe_score,300,0.20077799,0.00000000,0.49178385,0.00000000
2023-08-31,value_pb_score,300,0.11831008,0.00000000,0.65225838,0.00000000
2023-08-31,value_ps_score,300,0.05351171,0.00000000,0.65232260,0.00000000
2023-08-31,value_pcf_score,300,0.13032173,0.00000000,0.49536209,0.00000000
2023-09-30,momentum_20,300,0.19142761,0.00000000,0.54320038,0.00000000
2023-09-30,momentum_60,300,0.29291387,0.00000000,0.58323628,0.00000000
2023-09-30,momentum_120,300,0.39086188,-0.00000000,0.66912746,0.00000000
2023-09-30,momentum_12_1,300,0.32260139,-0.00000000,0.61001526,0.00000000
2023-09-30,reversal_5_score,300,0.12802555,0.00000000,0.63770289,0.00000000
2023-09-30,volatility_20,300,0.11280370,0.00000000,0.55452603,0.00000000
2023-09-30,downside_volatility_60,300,0.23541997,0.00000000,0.55245030,0.00000000
2023-09-30,drawdown_60,300,0.31481200,0.00000000,0.54360983,0.00000000
2023-09-30,trend_60,300,0.26170703,0.00000000,0.56253454,0.00000000
2023-09-30,liquidity_amount_20,300,0.60126713,-0.00000000,0.59919680,0.00000000
2023-09-30,turnover_20,300,-0.41456880,-0.00000000,0.56801981,0.00000000
2023-09-30,turnover_stability_20,300,0.35566636,0.00000000,0.51439554,0.00000000
2023-09-30,amihud_liquidity_score_20,300,0.64651990,0.00000000,0.66832101,0.00000000
2023-09-30,value_pe_score,300,0.20256534,0.00000000,0.48844378,0.00000000
2023-09-30,value_pb_score,300,0.11753033,0.00000000,0.64441612,0.00000000
2023-09-30,value_ps_score,300,0.04909969,-0.00000000,0.64432601,0.00000000
2023-09-30,value_pcf_score,300,0.12066877,0.00000000,0.50107576,0.00000000
2023-10-31,momentum_20,300,-0.04255255,-0.00000000,0.47050156,0.00000000
2023-10-31,momentum_60,300,0.20679959,-0.00000000,0.54960181,0.00000000
2023-10-31,momentum_120,300,0.22662603,-0.00000000,0.52790836,0.00000000
2023-10-31,momentum_12_1,300,0.36043183,-0.00000000,0.59799955,0.00000000
2023-10-31,reversal_5_score,300,0.05767339,0.00000000,0.63312967,0.00000000
2023-10-31,volatility_20,300,0.24924235,0.00000000,0.52744845,0.00000000
2023-10-31,downside_volatility_60,300,0.24681024,0.00000000,0.54719437,0.00000000
2023-10-31,drawdown_60,300,0.24747839,0.00000000,0.55234610,0.00000000
2023-10-31,trend_60,300,0.12387751,0.00000000,0.50106943,0.00000000
2023-10-31,liquidity_amount_20,300,0.55842182,-0.00000000,0.66417182,0.00000000
2023-10-31,turnover_20,300,-0.41092913,-0.00000000,0.59309118,0.00000000
2023-10-31,turnover_stability_20,300,0.35436862,0.00000000,0.55073047,0.00000000
2023-10-31,amihud_liquidity_score_20,300,0.61294899,-0.00000000,0.74387283,0.00000000
2023-10-31,value_pe_score,300,0.20315793,0.00000000,0.53067694,0.00000000
2023-10-31,value_pb_score,300,0.11739105,0.00000000,0.64002726,0.00000000
2023-10-31,value_ps_score,300,0.04171053,0.00000000,0.63320477,0.00000000
2023-10-31,value_pcf_score,300,0.07282875,0.00000000,0.60497634,0.00000000
2023-11-30,momentum_20,300,-0.01125343,-0.00000000,0.49803316,0.00000000
2023-11-30,momentum_60,300,0.18086599,-0.00000000,0.53045373,0.00000000
2023-11-30,momentum_120,300,0.26714326,0.00000000,0.54101523,0.00000000
2023-11-30,momentum_12_1,300,0.43969531,-0.00000000,0.58528734,0.00000000
2023-11-30,reversal_5_score,300,-0.16867534,-0.00000000,0.56314643,0.00000000
2023-11-30,volatility_20,300,0.26884226,0.00000000,0.63773699,0.00000000
2023-11-30,downside_volatility_60,300,0.23858845,0.00000000,0.53387906,0.00000000
2023-11-30,drawdown_60,300,0.19519210,0.00000000,0.60243820,0.00000000
2023-11-30,trend_60,300,0.12875816,-0.00000000,0.53019472,0.00000000
2023-11-30,liquidity_amount_20,300,0.53410861,-0.00000000,0.64560455,0.00000000
2023-11-30,turnover_20,300,-0.41043717,-0.00000000,0.60296306,0.00000000
2023-11-30,turnover_stability_20,300,0.38983122,0.00000000,0.64723482,0.00000000
2023-11-30,amihud_liquidity_score_20,300,0.65697382,-0.00000000,0.69326915,0.00000000
2023-11-30,value_pe_score,300,0.18553866,-0.00000000,0.53630590,0.00000000
2023-11-30,value_pb_score,300,0.09988465,0.00000000,0.63623284,0.00000000
2023-11-30,value_ps_score,300,0.02115029,0.00000000,0.62856552,0.00000000
2023-11-30,value_pcf_score,300,0.06777034,0.00000000,0.60517301,0.00000000
2023-12-31,momentum_20,300,0.05123597,-0.00000000,0.60380605,0.00000000
2023-12-31,momentum_60,300,0.10602213,-0.00000000,0.52864402,0.00000000
2023-12-31,momentum_120,300,0.28266662,0.00000000,0.55793763,0.00000000
2023-12-31,momentum_12_1,300,0.28083935,-0.00000000,0.58762011,0.00000000
2023-12-31,reversal_5_score,300,0.17236245,0.00000000,0.51665933,0.00000000
2023-12-31,volatility_20,300,0.29010690,0.00000000,0.57555235,0.00000000
2023-12-31,downside_volatility_60,300,0.27954340,0.00000000,0.50630036,0.00000000
2023-12-31,drawdown_60,300,0.18805449,0.00000000,0.65069640,0.00000000
2023-12-31,trend_60,300,0.07912832,0.00000000,0.58960413,0.00000000
2023-12-31,liquidity_amount_20,300,0.51484190,-0.00000000,0.63229417,0.00000000
2023-12-31,turnover_20,300,-0.42282871,-0.00000000,0.60531589,0.00000000
2023-12-31,turnover_stability_20,300,0.37865669,0.00000000,0.59695730,0.00000000
2023-12-31,amihud_liquidity_score_20,300,0.62716078,0.00000000,0.70484194,0.00000000
2023-12-31,value_pe_score,300,0.20074718,0.00000000,0.52393259,0.00000000
2023-12-31,value_pb_score,300,0.12445139,0.00000000,0.63218725,0.00000000
2023-12-31,value_ps_score,300,0.06642257,0.00000000,0.62618504,0.00000000
2023-12-31,value_pcf_score,300,0.07918858,0.00000000,0.58331197,0.00000000
2024-01-31,momentum_20,300,0.39853607,0.00000000,0.65651102,0.00000000
2024-01-31,momentum_60,300,0.35639592,0.00000000,0.66887233,0.00000000
2024-01-31,momentum_120,300,0.38501571,0.00000000,0.66235538,0.00000000
2024-01-31,momentum_12_1,300,0.28938358,-0.00000000,0.60306740,0.00000000
2024-01-31,reversal_5_score,300,-0.37764119,-0.00000000,0.65085566,0.00000000
2024-01-31,volatility_20,300,0.36841777,0.00000000,0.56436358,0.00000000
2024-01-31,downside_volatility_60,300,0.39341757,0.00000000,0.62828322,0.00000000
2024-01-31,drawdown_60,300,0.39104591,0.00000000,0.70825204,0.00000000
2024-01-31,trend_60,300,0.39344840,0.00000000,0.68396697,0.00000000
2024-01-31,liquidity_amount_20,300,0.60168314,-0.00000000,0.64548947,0.00000000
2024-01-31,turnover_20,300,-0.41244083,-0.00000000,0.60386037,0.00000000
2024-01-31,turnover_stability_20,300,0.34168492,0.00000000,0.58144147,0.00000000
2024-01-31,amihud_liquidity_score_20,300,0.65137243,-0.00000000,0.66419602,0.00000000
2024-01-31,value_pe_score,300,0.21130070,0.00000000,0.50678909,0.00000000
2024-01-31,value_pb_score,300,0.10437044,0.00000000,0.62226184,0.00000000
2024-01-31,value_ps_score,300,0.05936624,0.00000000,0.61872312,0.00000000
2024-01-31,value_pcf_score,300,0.06966907,0.00000000,0.59069075,0.00000000
2024-02-29,momentum_20,300,0.20228829,-0.00000000,0.40418121,0.00000000
2024-02-29,momentum_60,300,0.32393610,0.00000000,0.55409005,0.00000000
2024-02-29,momentum_120,300,0.30362676,-0.00000000,0.56661017,0.00000000
2024-02-29,momentum_12_1,300,0.42626146,-0.00000000,0.64570552,0.00000000
2024-02-29,reversal_5_score,300,0.34350101,0.00000000,0.60355237,0.00000000
2024-02-29,volatility_20,300,0.36751738,0.00000000,0.57553486,0.00000000
2024-02-29,downside_volatility_60,300,0.43332126,0.00000000,0.62357209,0.00000000
2024-02-29,drawdown_60,300,0.35567262,0.00000000,0.57067585,0.00000000
2024-02-29,trend_60,300,0.27598489,-0.00000000,0.47857385,0.00000000
2024-02-29,liquidity_amount_20,300,0.60453059,-0.00000000,0.65570954,0.00000000
2024-02-29,turnover_20,300,-0.43282059,-0.00000000,0.59916186,0.00000000
2024-02-29,turnover_stability_20,300,0.42550543,0.00000000,0.61130514,0.00000000
2024-02-29,amihud_liquidity_score_20,300,0.67144491,0.00000000,0.69798588,0.00000000
2024-02-29,value_pe_score,300,0.25993321,0.00000000,0.48090543,0.00000000
2024-02-29,value_pb_score,300,0.13863146,0.00000000,0.62045774,0.00000000
2024-02-29,value_ps_score,300,0.08417239,0.00000000,0.62120869,0.00000000
2024-02-29,value_pcf_score,300,0.09004248,0.00000000,0.55320383,0.00000000
2024-03-31,momentum_20,300,0.19184748,0.00000000,0.62275965,0.00000000
2024-03-31,momentum_60,300,0.31399659,-0.00000000,0.55914087,0.00000000
2024-03-31,momentum_120,300,0.31585540,-0.00000000,0.62975816,0.00000000
2024-03-31,momentum_12_1,300,0.41859710,-0.00000000,0.62247173,0.00000000
2024-03-31,reversal_5_score,300,-0.19705307,-0.00000000,0.62289138,0.00000000
2024-03-31,volatility_20,300,0.26851378,0.00000000,0.58622421,0.00000000
2024-03-31,downside_volatility_60,300,0.40552747,0.00000000,0.59354196,0.00000000
2024-03-31,drawdown_60,300,0.33751661,0.00000000,0.65385352,0.00000000
2024-03-31,trend_60,300,0.24250297,-0.00000000,0.57688232,0.00000000
2024-03-31,liquidity_amount_20,300,0.50742612,-0.00000000,0.62928956,0.00000000
2024-03-31,turnover_20,300,-0.40057782,-0.00000000,0.59196874,0.00000000
2024-03-31,turnover_stability_20,300,0.37878543,0.00000000,0.57788377,0.00000000
2024-03-31,amihud_liquidity_score_20,300,0.63873502,-0.00000000,0.71276845,0.00000000
2024-03-31,value_pe_score,300,0.22542469,0.00000000,0.52959795,0.00000000
2024-03-31,value_pb_score,300,0.09448730,0.00000000,0.61113909,0.00000000
2024-03-31,value_ps_score,300,0.05282514,0.00000000,0.61030929,0.00000000
2024-03-31,value_pcf_score,300,0.04943392,0.00000000,0.46076894,0.00000000
2024-04-30,momentum_20,300,0.12215888,-0.00000000,0.44049516,0.00000000
2024-04-30,momentum_60,300,0.28526797,-0.00000000,0.50196763,0.00000000
2024-04-30,momentum_120,300,0.35174188,-0.00000000,0.54410632,0.00000000
2024-04-30,momentum_12_1,300,0.46795453,-0.00000000,0.64068652,0.00000000
2024-04-30,reversal_5_score,300,0.21505405,0.00000000,0.59925058,0.00000000
2024-04-30,volatility_20,300,0.39697181,0.00000000,0.67021231,0.00000000
2024-04-30,downside_volatility_60,300,0.43271178,0.00000000,0.59555938,0.00000000
2024-04-30,drawdown_60,300,0.33835588,0.00000000,0.50033487,0.00000000
2024-04-30,trend_60,300,0.16503241,-0.00000000,0.47009805,0.00000000
2024-04-30,liquidity_amount_20,300,0.59800525,-0.00000000,0.54979895,0.00000000
2024-04-30,turnover_20,300,-0.45547178,-0.00000000,0.58673908,0.00000000
2024-04-30,turnover_stability_20,300,0.45089098,0.00000000,0.54623119,0.00000000
2024-04-30,amihud_liquidity_score_20,300,0.64944599,0.00000000,0.55964324,0.00000000
2024-04-30,value_pe_score,300,0.28477239,0.00000000,0.46787497,0.00000000
2024-04-30,value_pb_score,300,0.10203294,0.00000000,0.60885682,0.00000000
2024-04-30,value_ps_score,300,0.06832022,0.00000000,0.60599868,0.00000000
2024-04-30,value_pcf_score,300,0.16764855,0.00000000,0.64073577,0.00000000
2024-05-31,momentum_20,300,0.05186155,0.00000000,0.53247553,0.00000000
2024-05-31,momentum_60,300,0.28492762,0.00000000,0.56723982,0.00000000
2024-05-31,momentum_120,300,0.40904544,0.00000000,0.62498491,0.00000000
2024-05-31,momentum_12_1,300,0.43289665,-0.00000000,0.61758657,0.00000000
2024-05-31,reversal_5_score,300,0.00932475,0.00000000,0.56146422,0.00000000
2024-05-31,volatility_20,300,0.35239490,0.00000000,0.55482185,0.00000000
2024-05-31,downside_volatility_60,300,0.40459343,0.00000000,0.63772868,0.00000000
2024-05-31,drawdown_60,300,0.36743709,0.00000000,0.54376274,0.00000000
2024-05-31,trend_60,300,0.19619221,0.00000000,0.51099889,0.00000000
2024-05-31,liquidity_amount_20,300,0.56955912,-0.00000000,0.58809786,0.00000000
2024-05-31,turnover_20,300,-0.46987464,-0.00000000,0.56160063,0.00000000
2024-05-31,turnover_stability_20,300,0.46260342,0.00000000,0.52118069,0.00000000
2024-05-31,amihud_liquidity_score_20,300,0.61679595,-0.00000000,0.63319332,0.00000000
2024-05-31,value_pe_score,300,0.29795745,0.00000000,0.45806381,0.00000000
2024-05-31,value_pb_score,300,0.08823206,0.00000000,0.60973590,0.00000000
2024-05-31,value_ps_score,300,0.06172354,0.00000000,0.59859911,0.00000000
2024-05-31,value_pcf_score,300,0.15202432,0.00000000,0.64814739,0.00000000
2024-06-30,momentum_20,300,0.26679185,-0.00000000,0.57549624,0.00000000
2024-06-30,momentum_60,300,0.29161137,-0.00000000,0.51666983,0.00000000
2024-06-30,momentum_120,300,0.39336565,-0.00000000,0.55797381,0.00000000
2024-06-30,momentum_12_1,300,0.43470566,0.00000000,0.66727791,0.00000000
2024-06-30,reversal_5_score,300,-0.35769956,0.00000000,0.61614253,0.00000000
2024-06-30,volatility_20,300,0.32894784,0.00000000,0.57759299,0.00000000
2024-06-30,downside_volatility_60,300,0.41712480,0.00000000,0.61045409,0.00000000
2024-06-30,drawdown_60,300,0.36596734,-0.00000000,0.62496712,0.00000000
2024-06-30,trend_60,300,0.28940964,-0.00000000,0.56068518,0.00000000
2024-06-30,liquidity_amount_20,300,0.57796462,-0.00000000,0.51629672,0.00000000
2024-06-30,turnover_20,300,-0.47969504,-0.00000000,0.52596047,0.00000000
2024-06-30,turnover_stability_20,300,0.44832333,0.00000000,0.51170892,0.00000000
2024-06-30,amihud_liquidity_score_20,300,0.62873425,-0.00000000,0.58500190,0.00000000
2024-06-30,value_pe_score,300,0.24255607,0.00000000,0.44251089,0.00000000
2024-06-30,value_pb_score,300,0.10536589,0.00000000,0.61608024,0.00000000
2024-06-30,value_ps_score,300,0.07206854,0.00000000,0.60693729,0.00000000
2024-06-30,value_pcf_score,300,0.15047774,0.00000000,0.66582296,0.00000000
2024-07-31,momentum_20,300,-0.13317130,0.00000000,0.62970689,0.00000000
2024-07-31,momentum_60,300,0.26713885,-0.00000000,0.61152452,0.00000000
2024-07-31,momentum_120,300,0.29705517,-0.00000000,0.46633152,0.00000000
2024-07-31,momentum_12_1,300,0.48374945,-0.00000000,0.63122041,0.00000000
2024-07-31,reversal_5_score,300,0.41119447,-0.00000000,0.61180401,0.00000000
2024-07-31,volatility_20,300,0.31441200,0.00000000,0.65703234,0.00000000
2024-07-31,downside_volatility_60,300,0.37966143,0.00000000,0.63820744,0.00000000
2024-07-31,drawdown_60,300,0.28270124,-0.00000000,0.68844844,0.00000000
2024-07-31,trend_60,300,0.15326912,-0.00000000,0.61655655,0.00000000
2024-07-31,liquidity_amount_20,300,0.63064664,-0.00000000,0.54775858,0.00000000
2024-07-31,turnover_20,300,-0.43588599,-0.00000000,0.56175916,0.00000000
2024-07-31,turnover_stability_20,300,0.40354288,0.00000000,0.57523487,0.00000000
2024-07-31,amihud_liquidity_score_20,300,0.64804949,-0.00000000,0.56652704,0.00000000
2024-07-31,value_pe_score,300,0.23282563,0.00000000,0.44411994,0.00000000
2024-07-31,value_pb_score,300,0.11495396,0.00000000,0.62168141,0.00000000
2024-07-31,value_ps_score,300,0.07219753,0.00000000,0.61556310,0.00000000
2024-07-31,value_pcf_score,300,0.15141251,0.00000000,0.66291589,0.00000000
2024-08-31,momentum_20,300,0.29537056,-0.00000000,0.57068933,0.00000000
2024-08-31,momentum_60,300,0.35691224,0.00000000,0.53539943,0.00000000
2024-08-31,momentum_120,300,0.40258757,-0.00000000,0.52735292,0.00000000
2024-08-31,momentum_12_1,300,0.44989317,-0.00000000,0.64143287,0.00000000
2024-08-31,reversal_5_score,300,0.26129850,-0.00000000,0.64644148,0.00000000
2024-08-31,volatility_20,300,0.29358331,0.00000000,0.49976333,0.00000000
2024-08-31,downside_volatility_60,300,0.34660451,0.00000000,0.55661103,0.00000000
2024-08-31,drawdown_60,300,0.34868546,0.00000000,0.51767395,0.00000000
2024-08-31,trend_60,300,0.28864065,0.00000000,0.51446233,0.00000000
2024-08-31,liquidity_amount_20,300,0.62426646,-0.00000000,0.55358666,0.00000000
2024-08-31,turnover_20,300,-0.50368686,-0.00000000,0.56971864,0.00000000
2024-08-31,turnover_stability_20,300,0.47891579,0.00000000,0.53206367,0.00000000
2024-08-31,amihud_liquidity_score_20,300,0.62784909,-0.00000000,0.61637923,0.00000000
2024-08-31,value_pe_score,300,0.28134994,0.00000000,0.43766289,0.00000000
2024-08-31,value_pb_score,300,0.09762133,0.00000000,0.61026856,0.00000000
2024-08-31,value_ps_score,300,0.05339440,0.00000000,0.61844462,0.00000000
2024-08-31,value_pcf_score,300,0.17535678,0.00000000,0.52898853,0.00000000
2024-09-30,momentum_20,298,-0.29433216,0.00000000,0.83826732,0.00000000
2024-09-30,momentum_60,298,-0.13237716,0.00000000,0.74308715,0.00000000
2024-09-30,momentum_120,298,0.26910617,-0.00000000,0.54603120,0.00000000
2024-09-30,momentum_12_1,298,0.46879643,0.00000000,0.60995519,0.00000000
2024-09-30,reversal_5_score,298,0.38621826,0.00000000,0.73350363,0.00000000
2024-09-30,volatility_20,298,0.38049037,0.00000000,0.63771343,0.00000000
2024-09-30,downside_volatility_60,298,0.22309087,0.00000000,0.55918729,0.00000000
2024-09-30,drawdown_60,298,-0.10965731,0.00000000,0.46118141,0.00000000
2024-09-30,trend_60,298,-0.22407961,0.00000000,0.80534900,0.00000000
2024-09-30,liquidity_amount_20,298,0.66250809,-0.00000000,0.59955916,0.00000000
2024-09-30,turnover_20,298,-0.48683023,-0.00000000,0.61530397,0.00000000
2024-09-30,turnover_stability_20,298,0.47605503,0.00000000,0.62005007,0.00000000
2024-09-30,amihud_liquidity_score_20,298,0.64347567,-0.00000000,0.63066013,0.00000000
2024-09-30,value_pe_score,298,0.31888507,0.00000000,0.44168883,0.00000000
2024-09-30,value_pb_score,298,0.12538133,0.00000000,0.63279488,0.00000000
2024-09-30,value_ps_score,298,0.07881653,0.00000000,0.60962703,0.00000000
2024-09-30,value_pcf_score,298,0.18176910,0.00000000,0.47841607,0.00000000
2024-10-31,momentum_20,300,-0.27787993,-0.00000000,0.63868750,0.00000000
2024-10-31,momentum_60,300,-0.10885062,-0.00000000,0.75351187,0.00000000
2024-10-31,momentum_120,300,0.14179382,-0.00000000,0.57501432,0.00000000
2024-10-31,momentum_12_1,300,0.46974842,-0.00000000,0.54223796,0.00000000
2024-10-31,reversal_5_score,300,0.26257638,0.00000000,0.53930655,0.00000000
2024-10-31,volatility_20,300,0.35255318,0.00000000,0.60965302,0.00000000
2024-10-31,downside_volatility_60,300,0.34106240,0.00000000,0.55091786,0.00000000
2024-10-31,drawdown_60,300,0.06807939,-0.00000000,0.48772225,0.00000000
2024-10-31,trend_60,300,-0.20803695,-0.00000000,0.71364191,0.00000000
2024-10-31,liquidity_amount_20,300,0.54899361,-0.00000000,0.67276083,0.00000000
2024-10-31,turnover_20,300,-0.45216117,-0.00000000,0.64217359,0.00000000
2024-10-31,turnover_stability_20,300,0.40038772,0.00000000,0.62730645,0.00000000
2024-10-31,amihud_liquidity_score_20,300,0.61299330,-0.00000000,0.65071234,0.00000000
2024-10-31,value_pe_score,300,0.30271764,0.00000000,0.53446944,0.00000000
2024-10-31,value_pb_score,300,0.13551644,0.00000000,0.63166976,0.00000000
2024-10-31,value_ps_score,300,0.06488093,0.00000000,0.62910086,0.00000000
2024-10-31,value_pcf_score,300,0.20812005,0.00000000,0.43986071,0.00000000
2024-11-30,momentum_20,300,-0.13555135,0.00000000,0.62671958,0.00000000
2024-11-30,momentum_60,300,-0.19184168,-0.00000000,0.69007643,0.00000000
2024-11-30,momentum_120,300,0.10575747,-0.00000000,0.64393908,0.00000000
2024-11-30,momentum_12_1,300,0.43658430,-0.00000000,0.52442013,0.00000000
2024-11-30,reversal_5_score,300,0.12809154,-0.00000000,0.71651906,0.00000000
2024-11-30,volatility_20,300,0.23238838,0.00000000,0.69927353,0.00000000
2024-11-30,downside_volatility_60,300,0.33573573,0.00000000,0.60317147,0.00000000
2024-11-30,drawdown_60,300,0.11159635,0.00000000,0.60145793,0.00000000
2024-11-30,trend_60,300,-0.17031174,-0.00000000,0.64639195,0.00000000
2024-11-30,liquidity_amount_20,300,0.48227236,-0.00000000,0.65318169,0.00000000
2024-11-30,turnover_20,300,-0.39305432,-0.00000000,0.60144262,0.00000000
2024-11-30,turnover_stability_20,300,0.36682131,0.00000000,0.57552469,0.00000000
2024-11-30,amihud_liquidity_score_20,300,0.62942019,-0.00000000,0.68901453,0.00000000
2024-11-30,value_pe_score,300,0.28110942,0.00000000,0.54429272,0.00000000
2024-11-30,value_pb_score,300,0.12144941,0.00000000,0.64648592,0.00000000
2024-11-30,value_ps_score,300,0.04957394,0.00000000,0.63985936,0.00000000
2024-11-30,value_pcf_score,300,0.21344172,0.00000000,0.43411179,0.00000000
2024-12-31,momentum_20,300,0.28053017,-0.00000000,0.55097165,0.00000000
2024-12-31,momentum_60,300,0.20714568,0.00000000,0.58468390,0.00000000
2024-12-31,momentum_120,300,0.12341523,-0.00000000,0.64954155,0.00000000
2024-12-31,momentum_12_1,300,0.28384005,0.00000000,0.46882141,0.00000000
2024-12-31,reversal_5_score,300,-0.23567076,0.00000000,0.61386652,0.00000000
2024-12-31,volatility_20,300,0.19632780,0.00000000,0.52121035,0.00000000
2024-12-31,downside_volatility_60,300,0.34699429,0.00000000,0.64117468,0.00000000
2024-12-31,drawdown_60,300,0.32780161,0.00000000,0.60631906,0.00000000
2024-12-31,trend_60,300,0.24965430,-0.00000000,0.57860648,0.00000000
2024-12-31,liquidity_amount_20,300,0.53137288,-0.00000000,0.61231201,0.00000000
2024-12-31,turnover_20,300,-0.38350083,-0.00000000,0.56357690,0.00000000
2024-12-31,turnover_stability_20,300,0.38307540,0.00000000,0.52908858,0.00000000
2024-12-31,amihud_liquidity_score_20,300,0.57621604,-0.00000000,0.69092079,0.00000000
2024-12-31,value_pe_score,300,0.21285847,0.00000000,0.55946675,0.00000000
2024-12-31,value_pb_score,300,0.08920292,0.00000000,0.62037878,0.00000000
2024-12-31,value_ps_score,300,0.02692615,0.00000000,0.63468325,0.00000000
2024-12-31,value_pcf_score,300,0.16220630,0.00000000,0.48861222,0.00000000
2025-01-31,momentum_20,300,0.10873701,-0.00000000,0.45497016,0.00000000
2025-01-31,momentum_60,300,0.16708507,-0.00000000,0.59190460,0.00000000
2025-01-31,momentum_120,300,0.14277354,0.00000000,0.59610809,0.00000000
2025-01-31,momentum_12_1,300,0.31352516,0.00000000,0.51565627,0.00000000
2025-01-31,reversal_5_score,300,-0.13163313,-0.00000000,0.50092882,0.00000000
2025-01-31,volatility_20,300,0.17508218,0.00000000,0.55182986,0.00000000
2025-01-31,downside_volatility_60,300,0.27772566,-0.00000000,0.64699545,0.00000000
2025-01-31,drawdown_60,300,0.29560426,0.00000000,0.52831357,0.00000000
2025-01-31,trend_60,300,0.21631759,-0.00000000,0.47232728,0.00000000
2025-01-31,liquidity_amount_20,300,0.55249071,-0.00000000,0.55549814,0.00000000
2025-01-31,turnover_20,300,-0.33116527,-0.00000000,0.56786723,0.00000000
2025-01-31,turnover_stability_20,300,0.32161303,0.00000000,0.58129658,0.00000000
2025-01-31,amihud_liquidity_score_20,300,0.60953480,-0.00000000,0.64482052,0.00000000
2025-01-31,value_pe_score,300,0.22762320,0.00000000,0.55855921,0.00000000
2025-01-31,value_pb_score,300,0.08475794,0.00000000,0.61873882,0.00000000
2025-01-31,value_ps_score,300,0.02894432,-0.00000000,0.63032457,0.00000000
2025-01-31,value_pcf_score,300,0.16559213,0.00000000,0.48808665,0.00000000
2025-02-28,momentum_20,299,-0.06249995,0.00000000,0.53541759,0.00000000
2025-02-28,momentum_60,299,0.18436713,-0.00000000,0.51832809,0.00000000
2025-02-28,momentum_120,299,-0.01566835,-0.00000000,0.66314331,0.00000000
2025-02-28,momentum_12_1,299,0.15832156,-0.00000000,0.46756549,0.00000000
2025-02-28,reversal_5_score,299,0.05968060,-0.00000000,0.62831269,0.00000000
2025-02-28,volatility_20,299,0.16971293,0.00000000,0.59254926,0.00000000
2025-02-28,downside_volatility_60,299,0.21750737,0.00000000,0.56064947,0.00000000
2025-02-28,drawdown_60,299,0.21120640,0.00000000,0.48128323,0.00000000
2025-02-28,trend_60,299,0.03782930,-0.00000000,0.52204653,0.00000000
2025-02-28,liquidity_amount_20,299,0.47647000,-0.00000000,0.61986627,0.00000000
2025-02-28,turnover_20,299,-0.28004650,-0.00000000,0.61664967,0.00000000
2025-02-28,turnover_stability_20,299,0.28783153,0.00000000,0.61274300,0.00000000
2025-02-28,amihud_liquidity_score_20,299,0.55249461,-0.00000000,0.62891350,0.00000000
2025-02-28,value_pe_score,299,0.22987918,0.00000000,0.55091045,0.00000000
2025-02-28,value_pb_score,299,0.07642506,0.00000000,0.61580485,0.00000000
2025-02-28,value_ps_score,299,0.02980519,0.00000000,0.63491342,0.00000000
2025-02-28,value_pcf_score,299,0.16211951,0.00000000,0.55027625,0.00000000
2025-03-31,momentum_20,300,0.11870849,0.00000000,0.52957458,0.00000000
2025-03-31,momentum_60,300,0.08048765,0.00000000,0.49351489,0.00000000
2025-03-31,momentum_120,300,0.00837231,-0.00000000,0.57996801,0.00000000
2025-03-31,momentum_12_1,300,0.24576581,-0.00000000,0.53137832,0.00000000
2025-03-31,reversal_5_score,300,-0.14128540,-0.00000000,0.61239750,0.00000000
2025-03-31,volatility_20,300,0.16982936,0.00000000,0.53549406,0.00000000
2025-03-31,downside_volatility_60,300,0.20851337,0.00000000,0.54755621,0.00000000
2025-03-31,drawdown_60,300,0.14294380,0.00000000,0.50985136,0.00000000
2025-03-31,trend_60,300,0.07731289,0.00000000,0.48771800,0.00000000
2025-03-31,liquidity_amount_20,300,0.51250412,-0.00000000,0.60038589,0.00000000
2025-03-31,turnover_20,300,-0.38317723,-0.00000000,0.57115441,0.00000000
2025-03-31,turnover_stability_20,300,0.34244592,0.00000000,0.53483080,0.00000000
2025-03-31,amihud_liquidity_score_20,300,0.52666258,-0.00000000,0.65248157,0.00000000
2025-03-31,value_pe_score,300,0.25056061,0.00000000,0.56771949,0.00000000
2025-03-31,value_pb_score,300,0.07558554,0.00000000,0.61811223,0.00000000
2025-03-31,value_ps_score,300,0.02180158,0.00000000,0.62650317,0.00000000
2025-03-31,value_pcf_score,300,0.11163466,0.00000000,0.61560053,0.00000000
2025-04-30,momentum_20,300,0.30563868,0.00000000,0.52383510,0.00000000
2025-04-30,momentum_60,300,0.17584484,0.00000000,0.50487876,0.00000000
2025-04-30,momentum_120,300,0.22659701,0.00000000,0.53901078,0.00000000
2025-04-30,momentum_12_1,300,0.17559855,-0.00000000,0.57451637,0.00000000
2025-04-30,reversal_5_score,300,-0.08347425,0.00000000,0.41120445,0.00000000
2025-04-30,volatility_20,300,0.30652414,0.00000000,0.60524461,0.00000000
2025-04-30,downside_volatility_60,300,0.33223215,0.00000000,0.60196930,0.00000000
2025-04-30,drawdown_60,300,0.33514155,0.00000000,0.58706635,0.00000000
2025-04-30,trend_60,300,0.28081028,0.00000000,0.53775473,0.00000000
2025-04-30,liquidity_amount_20,300,0.58072690,-0.00000000,0.59239451,0.00000000
2025-04-30,turnover_20,300,-0.38706526,-0.00000000,0.59510530,0.00000000
2025-04-30,turnover_stability_20,300,0.34270620,0.00000000,0.60285994,0.00000000
2025-04-30,amihud_liquidity_score_20,300,0.55096018,-0.00000000,0.63913098,0.00000000
2025-04-30,value_pe_score,300,0.25839123,0.00000000,0.54352116,0.00000000
2025-04-30,value_pb_score,300,0.08461490,0.00000000,0.61922485,0.00000000
2025-04-30,value_ps_score,300,0.02550344,0.00000000,0.61047051,0.00000000
2025-04-30,value_pcf_score,300,0.15000870,0.00000000,0.56483516,0.00000000
2025-05-31,momentum_20,300,0.06318489,0.00000000,0.47675725,0.00000000
2025-05-31,momentum_60,300,0.28574252,0.00000000,0.58020441,0.00000000
2025-05-31,momentum_120,300,0.33339193,-0.00000000,0.51396693,0.00000000
2025-05-31,momentum_12_1,300,0.30809393,-0.00000000,0.59407136,0.00000000
2025-05-31,reversal_5_score,300,0.06185067,0.00000000,0.51605881,0.00000000
2025-05-31,volatility_20,300,0.20128802,0.00000000,0.55813257,0.00000000
2025-05-31,downside_volatility_60,300,0.32655552,0.00000000,0.64572114,0.00000000
2025-05-31,drawdown_60,300,0.33903861,0.00000000,0.61165247,0.00000000
2025-05-31,trend_60,300,0.25496625,0.00000000,0.55485983,0.00000000
2025-05-31,liquidity_amount_20,300,0.57424205,-0.00000000,0.56245644,0.00000000
2025-05-31,turnover_20,300,-0.40338780,-0.00000000,0.57981274,0.00000000
2025-05-31,turnover_stability_20,300,0.36963338,0.00000000,0.55577105,0.00000000
2025-05-31,amihud_liquidity_score_20,300,0.58725821,-0.00000000,0.58199192,0.00000000
2025-05-31,value_pe_score,300,0.26300948,0.00000000,0.54661910,0.00000000
2025-05-31,value_pb_score,300,0.07657388,0.00000000,0.61091392,0.00000000
2025-05-31,value_ps_score,300,0.02117829,0.00000000,0.60859895,0.00000000
2025-05-31,value_pcf_score,300,0.15596974,0.00000000,0.57274556,0.00000000
2025-06-30,momentum_20,299,-0.01691384,-0.00000000,0.54642224,0.00000000
2025-06-30,momentum_60,299,0.22804097,0.00000000,0.44447271,0.00000000
2025-06-30,momentum_120,299,0.24333526,0.00000000,0.49635403,0.00000000
2025-06-30,momentum_12_1,299,0.28934090,-0.00000000,0.58521262,0.00000000
2025-06-30,reversal_5_score,299,0.26291689,0.00000000,0.65799131,0.00000000
2025-06-30,volatility_20,299,0.20031354,-0.00000000,0.56221843,0.00000000
2025-06-30,downside_volatility_60,299,0.31323378,0.00000000,0.67761314,0.00000000
2025-06-30,drawdown_60,299,0.22322193,0.00000000,0.53371961,0.00000000
2025-06-30,trend_60,299,0.08445009,-0.00000000,0.54777419,0.00000000
2025-06-30,liquidity_amount_20,299,0.56061476,-0.00000000,0.60848842,0.00000000
2025-06-30,turnover_20,299,-0.36890453,-0.00000000,0.58687799,0.00000000
2025-06-30,turnover_stability_20,299,0.36015824,-0.00000000,0.57559334,0.00000000
2025-06-30,amihud_liquidity_score_20,299,0.58127270,-0.00000000,0.60951074,0.00000000
2025-06-30,value_pe_score,299,0.27177333,0.00000000,0.55859960,0.00000000
2025-06-30,value_pb_score,299,0.08694420,0.00000000,0.59346095,0.00000000
2025-06-30,value_ps_score,299,0.02169470,0.00000000,0.60484058,0.00000000
2025-06-30,value_pcf_score,299,0.15995461,0.00000000,0.57102482,0.00000000
2025-07-31,momentum_20,300,-0.03525125,0.00000000,0.52147746,0.00000000
2025-07-31,momentum_60,300,0.08006362,-0.00000000,0.54217410,0.00000000
2025-07-31,momentum_120,300,0.20403612,-0.00000000,0.50521702,0.00000000
2025-07-31,momentum_12_1,300,0.17038295,0.00000000,0.58781628,0.00000000
2025-07-31,reversal_5_score,300,-0.12284910,-0.00000000,0.60737178,0.00000000
2025-07-31,volatility_20,300,0.15760105,-0.00000000,0.54308983,0.00000000
2025-07-31,downside_volatility_60,300,0.23177208,-0.00000000,0.50901470,0.00000000
2025-07-31,drawdown_60,300,0.13352842,0.00000000,0.60593354,0.00000000
2025-07-31,trend_60,300,-0.01779898,0.00000000,0.53448924,0.00000000
2025-07-31,liquidity_amount_20,300,0.53031887,0.00000000,0.59969188,0.00000000
2025-07-31,turnover_20,300,-0.39438259,0.00000000,0.57910910,0.00000000
2025-07-31,turnover_stability_20,300,0.37692832,-0.00000000,0.57536785,0.00000000
2025-07-31,amihud_liquidity_score_20,300,0.54741708,0.00000000,0.70780599,0.00000000
2025-07-31,value_pe_score,300,0.26343227,-0.00000000,0.58514103,0.00000000
2025-07-31,value_pb_score,300,0.08963037,-0.00000000,0.59915052,0.00000000
2025-07-31,value_ps_score,300,0.02386941,-0.00000000,0.60399548,0.00000000
2025-07-31,value_pcf_score,300,0.18197509,-0.00000000,0.56428457,0.00000000
2025-08-31,momentum_20,299,0.02117146,0.00000000,0.52474231,0.00000000
2025-08-31,momentum_60,299,0.04187561,0.00000000,0.53865046,0.00000000
2025-08-31,momentum_120,299,0.18737546,-0.00000000,0.55396909,0.00000000
2025-08-31,momentum_12_1,299,0.21758613,-0.00000000,0.65846695,0.00000000
2025-08-31,reversal_5_score,299,-0.01806202,-0.00000000,0.49131437,0.00000000
2025-08-31,volatility_20,299,0.04057859,-0.00000000,0.57602413,0.00000000
2025-08-31,downside_volatility_60,299,0.09799393,0.00000000,0.56484322,0.00000000
2025-08-31,drawdown_60,299,-0.02060924,0.00000000,0.55352471,0.00000000
2025-08-31,trend_60,299,0.00572131,0.00000000,0.52510501,0.00000000
2025-08-31,liquidity_amount_20,299,0.50757054,0.00000000,0.65503707,0.00000000
2025-08-31,turnover_20,299,-0.29302065,0.00000000,0.60659600,0.00000000
2025-08-31,turnover_stability_20,299,0.32174891,-0.00000000,0.56405934,0.00000000
2025-08-31,amihud_liquidity_score_20,299,0.53390369,0.00000000,0.70506783,0.00000000
2025-08-31,value_pe_score,299,0.19460796,-0.00000000,0.59016602,0.00000000
2025-08-31,value_pb_score,299,0.03654402,-0.00000000,0.59132491,0.00000000
2025-08-31,value_ps_score,299,-0.01319500,-0.00000000,0.61600329,0.00000000
2025-08-31,value_pcf_score,299,0.18503102,-0.00000000,0.53752492,0.00000000
2025-09-30,momentum_20,300,-0.06234829,0.00000000,0.52211911,0.00000000
2025-09-30,momentum_60,300,0.06536999,0.00000000,0.55836286,0.00000000
2025-09-30,momentum_120,300,0.14318274,0.00000000,0.55776263,0.00000000
2025-09-30,momentum_12_1,300,0.22283693,0.00000000,0.58412794,0.00000000
2025-09-30,reversal_5_score,300,0.14094549,-0.00000000,0.55881671,0.00000000
2025-09-30,volatility_20,300,0.01820081,-0.00000000,0.58165538,0.00000000
2025-09-30,downside_volatility_60,300,-0.01568447,-0.00000000,0.57085204,0.00000000
2025-09-30,drawdown_60,300,-0.07866684,0.00000000,0.47080999,0.00000000
2025-09-30,trend_60,300,0.03773107,0.00000000,0.55787683,0.00000000
2025-09-30,liquidity_amount_20,300,0.51533688,0.00000000,0.65197428,0.00000000
2025-09-30,turnover_20,300,-0.18449667,0.00000000,0.60230523,0.00000000
2025-09-30,turnover_stability_20,300,0.22409528,-0.00000000,0.56091311,0.00000000
2025-09-30,amihud_liquidity_score_20,300,0.56065262,0.00000000,0.73924653,0.00000000
2025-09-30,value_pe_score,300,0.14958356,-0.00000000,0.58619460,0.00000000
2025-09-30,value_pb_score,300,-0.03112560,-0.00000000,0.58962264,0.00000000
2025-09-30,value_ps_score,300,-0.03898345,-0.00000000,0.61150538,0.00000000
2025-09-30,value_pcf_score,300,0.14402778,-0.00000000,0.53406060,0.00000000
2025-10-31,momentum_20,300,0.06619768,-0.00000000,0.49177539,0.00000000
2025-10-31,momentum_60,300,0.12518268,0.00000000,0.50233840,0.00000000
2025-10-31,momentum_120,300,0.15875067,0.00000000,0.52448517,0.00000000
2025-10-31,momentum_12_1,300,0.23024524,0.00000000,0.54264359,0.00000000
2025-10-31,reversal_5_score,300,0.20768687,0.00000000,0.44521908,0.00000000
2025-10-31,volatility_20,300,-0.00579845,-0.00000000,0.66674296,0.00000000
2025-10-31,downside_volatility_60,300,-0.02422261,-0.00000000,0.63301255,0.00000000
2025-10-31,drawdown_60,300,0.04653765,-0.00000000,0.51098302,0.00000000
2025-10-31,trend_60,300,0.10193016,0.00000000,0.47666647,0.00000000
2025-10-31,liquidity_amount_20,300,0.57158479,0.00000000,0.65000960,0.00000000
2025-10-31,turnover_20,300,-0.16402607,0.00000000,0.62494510,0.00000000
2025-10-31,turnover_stability_20,300,0.23395901,-0.00000000,0.61053708,0.00000000
2025-10-31,amihud_liquidity_score_20,300,0.57376403,0.00000000,0.73136119,0.00000000
2025-10-31,value_pe_score,300,0.16843988,-0.00000000,0.54105014,0.00000000
2025-10-31,value_pb_score,300,-0.02964770,-0.00000000,0.59812260,0.00000000
2025-10-31,value_ps_score,300,-0.03282354,-0.00000000,0.60454238,0.00000000
2025-10-31,value_pcf_score,300,0.08407257,-0.00000000,0.56699371,0.00000000
2025-11-30,momentum_20,300,0.17270566,-0.00000000,0.46070762,0.00000000
2025-11-30,momentum_60,300,0.17426073,-0.00000000,0.49818865,0.00000000
2025-11-30,momentum_120,300,0.18044592,0.00000000,0.49909038,0.00000000
2025-11-30,momentum_12_1,300,0.28028371,0.00000000,0.52366509,0.00000000
2025-11-30,reversal_5_score,300,-0.03659636,-0.00000000,0.59906556,0.00000000
2025-11-30,volatility_20,300,0.01546378,-0.00000000,0.54346427,0.00000000
2025-11-30,downside_volatility_60,300,0.03737399,-0.00000000,0.65216433,0.00000000
2025-11-30,drawdown_60,300,0.20876269,-0.00000000,0.57266497,0.00000000
2025-11-30,trend_60,300,0.21097202,-0.00000000,0.50481390,0.00000000
2025-11-30,liquidity_amount_20,300,0.55057288,0.00000000,0.61665668,0.00000000
2025-11-30,turnover_20,300,-0.22708617,0.00000000,0.59386557,0.00000000
2025-11-30,turnover_stability_20,300,0.25563289,-0.00000000,0.54226378,0.00000000
2025-11-30,amihud_liquidity_score_20,300,0.55639912,0.00000000,0.68257577,0.00000000
2025-11-30,value_pe_score,300,0.18390661,-0.00000000,0.53369876,0.00000000
2025-11-30,value_pb_score,300,-0.02014118,-0.00000000,0.60556241,0.00000000
2025-11-30,value_ps_score,300,-0.02437840,-0.00000000,0.59473550,0.00000000
2025-11-30,value_pcf_score,300,0.08214013,-0.00000000,0.56969138,0.00000000
2025-12-31,momentum_20,299,0.11166095,0.00000000,0.61923362,0.00000000
2025-12-31,momentum_60,299,0.24142095,-0.00000000,0.56854772,0.00000000
2025-12-31,momentum_120,299,0.19929298,0.00000000,0.51171191,0.00000000
2025-12-31,momentum_12_1,299,0.28168101,0.00000000,0.54012390,0.00000000
2025-12-31,reversal_5_score,299,-0.04607976,0.00000000,0.52976221,0.00000000
2025-12-31,volatility_20,299,-0.02750756,-0.00000000,0.59075707,0.00000000
2025-12-31,downside_volatility_60,299,0.06455801,-0.00000000,0.66525167,0.00000000
2025-12-31,drawdown_60,299,0.22101588,-0.00000000,0.57597679,0.00000000
2025-12-31,trend_60,299,0.19121914,0.00000000,0.55618403,0.00000000
2025-12-31,liquidity_amount_20,299,0.56585546,0.00000000,0.62729957,0.00000000
2025-12-31,turnover_20,299,-0.16732911,0.00000000,0.62735896,0.00000000
2025-12-31,turnover_stability_20,299,0.23432312,-0.00000000,0.62215539,0.00000000
2025-12-31,amihud_liquidity_score_20,299,0.57504815,0.00000000,0.65908058,0.00000000
2025-12-31,value_pe_score,299,0.15563033,-0.00000000,0.56528123,0.00000000
2025-12-31,value_pb_score,299,-0.03510128,-0.00000000,0.57906998,0.00000000
2025-12-31,value_ps_score,299,-0.00891876,-0.00000000,0.61128277,0.00000000
2025-12-31,value_pcf_score,299,0.06284769,-0.00000000,0.55127978,0.00000000
2026-01-31,momentum_20,300,-0.08490885,0.00000000,0.58988715,0.00000000
2026-01-31,momentum_60,300,0.09614221,-0.00000000,0.56374002,0.00000000
2026-01-31,momentum_120,300,0.18468228,0.00000000,0.55534565,0.00000000
2026-01-31,momentum_12_1,300,0.30192542,0.00000000,0.59620413,0.00000000
2026-01-31,reversal_5_score,300,-0.15765048,0.00000000,0.56605191,0.00000000
2026-01-31,volatility_20,300,0.01164949,-0.00000000,0.62147154,0.00000000
2026-01-31,downside_volatility_60,300,0.01849000,-0.00000000,0.57711824,0.00000000
2026-01-31,drawdown_60,300,0.03534243,0.00000000,0.51598043,0.00000000
2026-01-31,trend_60,300,0.01565651,0.00000000,0.60244499,0.00000000
2026-01-31,liquidity_amount_20,300,0.57204795,0.00000000,0.66027094,0.00000000
2026-01-31,turnover_20,300,-0.17883781,0.00000000,0.64261332,0.00000000
2026-01-31,turnover_stability_20,300,0.25215738,-0.00000000,0.62544645,0.00000000
2026-01-31,amihud_liquidity_score_20,300,0.55328762,0.00000000,0.67730265,0.00000000
2026-01-31,value_pe_score,300,0.12660313,-0.00000000,0.56932783,0.00000000
2026-01-31,value_pb_score,300,-0.06615759,-0.00000000,0.57230133,0.00000000
2026-01-31,value_ps_score,300,-0.03398255,0.00000000,0.60837134,0.00000000
2026-01-31,value_pcf_score,300,0.05095268,-0.00000000,0.55811321,0.00000000
2026-02-28,momentum_20,300,-0.06302297,-0.00000000,0.50777263,0.00000000
2026-02-28,momentum_60,300,0.02639619,0.00000000,0.56575724,0.00000000
2026-02-28,momentum_120,300,0.13608992,-0.00000000,0.56359042,0.00000000
2026-02-28,momentum_12_1,300,0.27367632,0.00000000,0.56647611,0.00000000
2026-02-28,reversal_5_score,300,0.11526651,-0.00000000,0.64850282,0.00000000
2026-02-28,volatility_20,300,0.01913942,-0.00000000,0.65015301,0.00000000
2026-02-28,downside_volatility_60,300,0.00686629,-0.00000000,0.66315874,0.00000000
2026-02-28,drawdown_60,300,-0.07215656,-0.00000000,0.65701315,0.00000000
2026-02-28,trend_60,300,-0.05821277,-0.00000000,0.59881278,0.00000000
2026-02-28,liquidity_amount_20,300,0.58937433,0.00000000,0.62661764,0.00000000
2026-02-28,turnover_20,300,-0.15794422,0.00000000,0.64419600,0.00000000
2026-02-28,turnover_stability_20,300,0.21605251,-0.00000000,0.60906949,0.00000000
2026-02-28,amihud_liquidity_score_20,300,0.56374334,0.00000000,0.65616344,0.00000000
2026-02-28,value_pe_score,300,0.14178710,-0.00000000,0.55568684,0.00000000
2026-02-28,value_pb_score,300,-0.05267661,-0.00000000,0.56571227,0.00000000
2026-02-28,value_ps_score,300,-0.02599044,-0.00000000,0.60330858,0.00000000
2026-02-28,value_pcf_score,300,0.06156598,-0.00000000,0.55611909,0.00000000
2026-03-31,momentum_20,300,0.11272085,-0.00000000,0.60017235,0.00000000
2026-03-31,momentum_60,300,0.11055923,-0.00000000,0.51783965,0.00000000
2026-03-31,momentum_120,300,0.21613950,-0.00000000,0.55795563,0.00000000
2026-03-31,momentum_12_1,300,0.28510166,0.00000000,0.58617412,0.00000000
2026-03-31,reversal_5_score,300,-0.08248252,-0.00000000,0.51768198,0.00000000
2026-03-31,volatility_20,300,0.03106968,-0.00000000,0.51236518,0.00000000
2026-03-31,downside_volatility_60,300,0.06954287,-0.00000000,0.65087734,0.00000000
2026-03-31,drawdown_60,300,0.14491996,-0.00000000,0.72872816,0.00000000
2026-03-31,trend_60,300,0.17611651,-0.00000000,0.62675923,0.00000000
2026-03-31,liquidity_amount_20,300,0.59300872,0.00000000,0.53127805,0.00000000
2026-03-31,turnover_20,300,-0.14402021,0.00000000,0.50048835,0.00000000
2026-03-31,turnover_stability_20,300,0.17436204,-0.00000000,0.52894256,0.00000000
2026-03-31,amihud_liquidity_score_20,300,0.60718693,-0.00000000,0.59042953,0.00000000
2026-03-31,value_pe_score,300,0.17257782,-0.00000000,0.53401955,0.00000000
2026-03-31,value_pb_score,300,-0.05609230,-0.00000000,0.55805917,0.00000000
2026-03-31,value_ps_score,300,-0.02429279,-0.00000000,0.59754083,0.00000000
2026-03-31,value_pcf_score,300,0.16108067,-0.00000000,0.54555189,0.00000000
2026-04-30,momentum_20,300,0.17756330,0.00000000,0.47172599,0.00000000
2026-04-30,momentum_60,300,0.26787126,0.00000000,0.50086582,0.00000000
2026-04-30,momentum_120,300,0.25484424,0.00000000,0.48532996,0.00000000
2026-04-30,momentum_12_1,300,0.30875129,0.00000000,0.56674628,0.00000000
2026-04-30,reversal_5_score,300,-0.04998040,-0.00000000,0.42260434,0.00000000
2026-04-30,volatility_20,300,-0.03802261,-0.00000000,0.54325533,0.00000000
2026-04-30,downside_volatility_60,300,0.05696514,-0.00000000,0.62489216,0.00000000
2026-04-30,drawdown_60,300,0.24040750,0.00000000,0.73066732,0.00000000
2026-04-30,trend_60,300,0.26036986,0.00000000,0.46407920,0.00000000
2026-04-30,liquidity_amount_20,300,0.59110653,0.00000000,0.54655214,0.00000000
2026-04-30,turnover_20,300,-0.07632193,0.00000000,0.54725500,0.00000000
2026-04-30,turnover_stability_20,300,0.12028733,-0.00000000,0.58382815,0.00000000
2026-04-30,amihud_liquidity_score_20,300,0.59846719,0.00000000,0.57867826,0.00000000
2026-04-30,value_pe_score,300,0.16500575,-0.00000000,0.56992725,0.00000000
2026-04-30,value_pb_score,300,-0.08819694,-0.00000000,0.54820930,0.00000000
2026-04-30,value_ps_score,300,-0.05526897,-0.00000000,0.61776946,0.00000000
2026-04-30,value_pcf_score,300,0.02389865,-0.00000000,0.53368064,0.00000000
2026-05-31,momentum_20,300,0.21552576,0.00000000,0.47313312,0.00000000
2026-05-31,momentum_60,300,0.33609228,0.00000000,0.47670093,0.00000000
2026-05-31,momentum_120,300,0.30136784,0.00000000,0.46913679,0.00000000
2026-05-31,momentum_12_1,300,0.34305315,0.00000000,0.53156742,0.00000000
2026-05-31,reversal_5_score,300,-0.17467510,-0.00000000,0.38199521,0.00000000
2026-05-31,volatility_20,300,-0.08283981,-0.00000000,0.50281095,0.00000000
2026-05-31,downside_volatility_60,300,0.03126026,-0.00000000,0.53775184,0.00000000
2026-05-31,drawdown_60,300,0.25595232,0.00000000,0.61271396,0.00000000
2026-05-31,trend_60,300,0.29755329,0.00000000,0.47075196,0.00000000
2026-05-31,liquidity_amount_20,300,0.61653674,0.00000000,0.59563662,0.00000000
2026-05-31,turnover_20,300,-0.02988190,0.00000000,0.55022445,0.00000000
2026-05-31,turnover_stability_20,300,0.10097479,-0.00000000,0.55218145,0.00000000
2026-05-31,amihud_liquidity_score_20,300,0.64004235,0.00000000,0.64981928,0.00000000
2026-05-31,value_pe_score,300,0.07327664,-0.00000000,0.55331944,0.00000000
2026-05-31,value_pb_score,300,-0.16641932,-0.00000000,0.51260557,0.00000000
2026-05-31,value_ps_score,300,-0.11882892,-0.00000000,0.62121983,0.00000000
2026-05-31,value_pcf_score,300,-0.01563247,-0.00000000,0.53171342,0.00000000
2026-06-30,momentum_20,300,0.28266793,0.00000000,0.56446108,0.00000000
2026-06-30,momentum_60,300,0.34909893,0.00000000,0.58096850,0.00000000
2026-06-30,momentum_120,300,0.35309084,0.00000000,0.54120025,0.00000000
2026-06-30,momentum_12_1,300,0.34026991,0.00000000,0.58110059,0.00000000
2026-06-30,reversal_5_score,300,-0.16950262,-0.00000000,0.52911959,0.00000000
2026-06-30,volatility_20,300,-0.13372805,-0.00000000,0.59263406,0.00000000
2026-06-30,downside_volatility_60,300,-0.02008231,-0.00000000,0.59719622,0.00000000
2026-06-30,drawdown_60,300,0.32852633,0.00000000,0.59867304,0.00000000
2026-06-30,trend_60,300,0.32933889,0.00000000,0.57479188,0.00000000
2026-06-30,liquidity_amount_20,300,0.64170118,0.00000000,0.62092875,0.00000000
2026-06-30,turnover_20,300,0.00089355,0.00000000,0.61890777,0.00000000
2026-06-30,turnover_stability_20,300,0.09430610,-0.00000000,0.58591781,0.00000000
2026-06-30,amihud_liquidity_score_20,300,0.64379007,-0.00000000,0.63689272,0.00000000
2026-06-30,value_pe_score,300,0.00264318,-0.00000000,0.55719677,0.00000000
2026-06-30,value_pb_score,300,-0.18624727,-0.00000000,0.54905515,0.00000000
2026-06-30,value_ps_score,300,-0.16933268,-0.00000000,0.63924263,0.00000000
2026-06-30,value_pcf_score,300,-0.07269716,-0.00000000,0.55778339,0.00000000
2026-07-31,momentum_20,300,-0.05951008,-0.00000000,0.57442431,0.00000000
2026-07-31,momentum_60,300,0.31392174,0.00000000,0.45783380,0.00000000
2026-07-31,momentum_120,300,0.42901004,0.00000000,0.53489082,0.00000000
2026-07-31,momentum_12_1,300,0.30268702,0.00000000,0.58772574,0.00000000
2026-07-31,reversal_5_score,300,0.36055692,0.00000000,0.48269888,0.00000000
2026-07-31,volatility_20,300,-0.09302728,-0.00000000,0.56084883,0.00000000
2026-07-31,downside_volatility_60,300,-0.05362325,-0.00000000,0.58681096,0.00000000
2026-07-31,drawdown_60,300,0.06036888,-0.00000000,0.57339149,0.00000000
2026-07-31,trend_60,300,0.02393805,-0.00000000,0.54265088,0.00000000
2026-07-31,liquidity_amount_20,300,0.62499939,0.00000000,0.56780556,0.00000000
2026-07-31,turnover_20,300,-0.05095748,0.00000000,0.58826211,0.00000000
2026-07-31,turnover_stability_20,300,0.11390132,-0.00000000,0.58453446,0.00000000
2026-07-31,amihud_liquidity_score_20,300,0.66116928,0.00000000,0.57507989,0.00000000
2026-07-31,value_pe_score,300,0.08128290,-0.00000000,0.54769250,0.00000000
2026-07-31,value_pb_score,300,-0.14629505,-0.00000000,0.56277352,0.00000000
2026-07-31,value_ps_score,300,-0.14323619,0.00000000,0.63964226,0.00000000
2026-07-31,value_pcf_score,300,-0.04984831,-0.00000000,0.58494100,0.00000000
2026-08-31,momentum_20,300,0.19551157,0.00000000,0.66621970,0.00000000
2026-08-31,momentum_60,300,0.16802231,-0.00000000,0.56631888,0.00000000
2026-08-31,momentum_120,300,0.41501942,0.00000000,0.50340233,0.00000000
2026-08-31,momentum_12_1,300,0.35343168,0.00000000,0.58374497,0.00000000
2026-08-31,reversal_5_score,300,-0.01859623,-0.00000000,0.58945270,0.00000000
2026-08-31,volatility_20,300,-0.09417816,-0.00000000,0.55298677,0.00000000
2026-08-31,downside_volatility_60,300,-0.08539807,-0.00000000,0.57131582,0.00000000
2026-08-31,drawdown_60,300,-0.00915994,-0.00000000,0.55230404,0.00000000
2026-08-31,trend_60,300,0.04920537,-0.00000000,0.57959216,0.00000000
2026-08-31,liquidity_amount_20,300,0.60607202,0.00000000,0.60801037,0.00000000
2026-08-31,turnover_20,300,-0.08569027,0.00000000,0.63689862,0.00000000
2026-08-31,turnover_stability_20,300,0.14143764,-0.00000000,0.64017498,0.00000000
2026-08-31,amihud_liquidity_score_20,300,0.62733881,0.00000000,0.61098055,0.00000000
2026-08-31,value_pe_score,300,0.13522497,-0.00000000,0.53874152,0.00000000
2026-08-31,value_pb_score,300,-0.13592050,-0.00000000,0.56831693,0.00000000
2026-08-31,value_ps_score,300,-0.13085339,-0.00000000,0.63605052,0.00000000
2026-08-31,value_pcf_score,300,-0.00262092,-0.00000000,0.45514705,0.00000000
2026-09-08,momentum_20,300,0.09487304,-0.00000000,0.54985116,0.00000000
2026-09-08,momentum_60,300,0.06579782,0.00000000,0.59039101,0.00000000
2026-09-08,momentum_120,300,0.42066317,0.00000000,0.47972602,0.00000000
2026-09-08,momentum_12_1,300,0.32370408,0.00000000,0.61832625,0.00000000
2026-09-08,reversal_5_score,300,0.10141674,0.00000000,0.64811305,0.00000000
2026-09-08,volatility_20,300,-0.01904731,-0.00000000,0.53102034,0.00000000
2026-09-08,downside_volatility_60,300,-0.09385566,-0.00000000,0.55698511,0.00000000
2026-09-08,drawdown_60,300,-0.03580101,-0.00000000,0.56315554,0.00000000
2026-09-08,trend_60,300,-0.00664720,0.00000000,0.59439028,0.00000000
2026-09-08,liquidity_amount_20,300,0.60654559,0.00000000,0.60572820,0.00000000
2026-09-08,turnover_20,300,-0.12345874,0.00000000,0.62365707,0.00000000
2026-09-08,turnover_stability_20,300,0.20218669,-0.00000000,0.63994082,0.00000000
2026-09-08,amihud_liquidity_score_20,300,0.63805367,-0.00000000,0.57120584,0.00000000
2026-09-08,value_pe_score,300,0.14853112,-0.00000000,0.54071531,0.00000000
2026-09-08,value_pb_score,300,-0.12488335,-0.00000000,0.57874151,0.00000000
2026-09-08,value_ps_score,300,-0.12161456,-0.00000000,0.63930497,0.00000000
2026-09-08,value_pcf_score,300,0.00646755,-0.00000000,0.45643518,0.00000000
