snapshot_date,target_snapshot_date,horizon_months,signal_column,base_factor,factor_name,category,signal_variant,number_of_stocks,rank_ic
2019-07-31,2019-08-31,1,momentum_20_zscore,momentum_20,20-Day Momentum,Momentum,standardized,300,0.1473070028
2019-08-31,2019-09-30,1,momentum_20_zscore,momentum_20,20-Day Momentum,Momentum,standardized,300,-0.2195112493
2019-09-30,2019-10-31,1,momentum_20_zscore,momentum_20,20-Day Momentum,Momentum,standardized,300,0.1342526938
2019-10-31,2019-11-30,1,momentum_20_zscore,momentum_20,20-Day Momentum,Momentum,standardized,300,0.0070056630
2019-11-30,2019-12-31,1,momentum_20_zscore,momentum_20,20-Day Momentum,Momentum,standardized,300,0.0344933143
2019-12-31,2020-01-31,1,momentum_20_zscore,momentum_20,20-Day Momentum,Momentum,standardized,300,-0.1239329601
2020-01-31,2020-02-29,1,momentum_20_zscore,momentum_20,20-Day Momentum,Momentum,standardized,300,0.2178898191
2020-02-29,2020-03-31,1,momentum_20_zscore,momentum_20,20-Day Momentum,Momentum,standardized,300,-0.0793580987
2020-03-31,2020-04-30,1,momentum_20_zscore,momentum_20,20-Day Momentum,Momentum,standardized,299,-0.2426855594
2020-04-30,2020-05-31,1,momentum_20_zscore,momentum_20,20-Day Momentum,Momentum,standardized,299,0.1349891288
2020-05-31,2020-06-30,1,momentum_20_zscore,momentum_20,20-Day Momentum,Momentum,standardized,299,-0.0733519629
2020-06-30,2020-07-31,1,momentum_20_zscore,momentum_20,20-Day Momentum,Momentum,standardized,299,0.0394530529
2020-07-31,2020-08-31,1,momentum_20_zscore,momentum_20,20-Day Momentum,Momentum,standardized,300,-0.0469613920
2020-08-31,2020-09-30,1,momentum_20_zscore,momentum_20,20-Day Momentum,Momentum,standardized,300,0.0327417117
2020-09-30,2020-10-31,1,momentum_20_zscore,momentum_20,20-Day Momentum,Momentum,standardized,300,0.0930314626
2020-10-31,2020-11-30,1,momentum_20_zscore,momentum_20,20-Day Momentum,Momentum,standardized,300,-0.0572082484
2020-11-30,2020-12-31,1,momentum_20_zscore,momentum_20,20-Day Momentum,Momentum,standardized,300,-0.1059663356
2020-12-31,2021-01-31,1,momentum_20_zscore,momentum_20,20-Day Momentum,Momentum,standardized,300,0.3354367230
2021-01-31,2021-02-28,1,momentum_20_zscore,momentum_20,20-Day Momentum,Momentum,standardized,300,-0.1228239456
2021-02-28,2021-03-31,1,momentum_20_zscore,momentum_20,20-Day Momentum,Momentum,standardized,300,0.1371737616
2021-03-31,2021-04-30,1,momentum_20_zscore,momentum_20,20-Day Momentum,Momentum,standardized,300,-0.1289970462
2021-04-30,2021-05-31,1,momentum_20_zscore,momentum_20,20-Day Momentum,Momentum,standardized,300,0.0347217616
2021-05-31,2021-06-30,1,momentum_20_zscore,momentum_20,20-Day Momentum,Momentum,standardized,299,0.1155175227
2021-06-30,2021-07-31,1,momentum_20_zscore,momentum_20,20-Day Momentum,Momentum,standardized,299,0.2489901605
2021-07-31,2021-08-31,1,momentum_20_zscore,momentum_20,20-Day Momentum,Momentum,standardized,300,0.1214124879
2021-08-31,2021-09-30,1,momentum_20_zscore,momentum_20,20-Day Momentum,Momentum,standardized,300,-0.1337468343
2021-09-30,2021-10-31,1,momentum_20_zscore,momentum_20,20-Day Momentum,Momentum,standardized,300,-0.2595695389
2021-10-31,2021-11-30,1,momentum_20_zscore,momentum_20,20-Day Momentum,Momentum,standardized,300,-0.1747364356
2021-11-30,2021-12-31,1,momentum_20_zscore,momentum_20,20-Day Momentum,Momentum,standardized,300,-0.1699974766
2021-12-31,2022-01-31,1,momentum_20_zscore,momentum_20,20-Day Momentum,Momentum,standardized,300,0.1003331148
2022-01-31,2022-02-28,1,momentum_20_zscore,momentum_20,20-Day Momentum,Momentum,standardized,298,-0.1603389064
2022-02-28,2022-03-31,1,momentum_20_zscore,momentum_20,20-Day Momentum,Momentum,standardized,299,-0.0240560257
2022-03-31,2022-04-30,1,momentum_20_zscore,momentum_20,20-Day Momentum,Momentum,standardized,300,0.0355403988
2022-04-30,2022-05-31,1,momentum_20_zscore,momentum_20,20-Day Momentum,Momentum,standardized,300,-0.2810573451
2022-05-31,2022-06-30,1,momentum_20_zscore,momentum_20,20-Day Momentum,Momentum,standardized,299,0.0500451281
2022-06-30,2022-07-31,1,momentum_20_zscore,momentum_20,20-Day Momentum,Momentum,standardized,298,-0.2757084013
2022-07-31,2022-08-31,1,momentum_20_zscore,momentum_20,20-Day Momentum,Momentum,standardized,300,-0.0618424787
2022-08-31,2022-09-30,1,momentum_20_zscore,momentum_20,20-Day Momentum,Momentum,standardized,300,0.1901608007
2022-09-30,2022-10-31,1,momentum_20_zscore,momentum_20,20-Day Momentum,Momentum,standardized,300,-0.2364231764
2022-10-31,2022-11-30,1,momentum_20_zscore,momentum_20,20-Day Momentum,Momentum,standardized,300,-0.3879218160
2022-11-30,2022-12-31,1,momentum_20_zscore,momentum_20,20-Day Momentum,Momentum,standardized,300,0.0426704836
2022-12-31,2023-01-31,1,momentum_20_zscore,momentum_20,20-Day Momentum,Momentum,standardized,300,-0.3496979742
2023-01-31,2023-02-28,1,momentum_20_zscore,momentum_20,20-Day Momentum,Momentum,standardized,300,-0.1538705986
2023-02-28,2023-03-31,1,momentum_20_zscore,momentum_20,20-Day Momentum,Momentum,standardized,300,0.2253150731
2023-03-31,2023-04-30,1,momentum_20_zscore,momentum_20,20-Day Momentum,Momentum,standardized,300,0.0254559374
2023-04-30,2023-05-31,1,momentum_20_zscore,momentum_20,20-Day Momentum,Momentum,standardized,300,0.1261454156
2023-05-31,2023-06-30,1,momentum_20_zscore,momentum_20,20-Day Momentum,Momentum,standardized,300,-0.0864243128
2023-06-30,2023-07-31,1,momentum_20_zscore,momentum_20,20-Day Momentum,Momentum,standardized,300,-0.2064944091
2023-07-31,2023-08-31,1,momentum_20_zscore,momentum_20,20-Day Momentum,Momentum,standardized,300,0.0578819765
2023-08-31,2023-09-30,1,momentum_20_zscore,momentum_20,20-Day Momentum,Momentum,standardized,300,0.1174367034
2023-09-30,2023-10-31,1,momentum_20_zscore,momentum_20,20-Day Momentum,Momentum,standardized,300,0.1579509539
2023-10-31,2023-11-30,1,momentum_20_zscore,momentum_20,20-Day Momentum,Momentum,standardized,300,0.0753101868
2023-11-30,2023-12-31,1,momentum_20_zscore,momentum_20,20-Day Momentum,Momentum,standardized,300,-0.0359677689
2023-12-31,2024-01-31,1,momentum_20_zscore,momentum_20,20-Day Momentum,Momentum,standardized,300,0.1281557174
2024-01-31,2024-02-29,1,momentum_20_zscore,momentum_20,20-Day Momentum,Momentum,standardized,300,-0.6699972966
2024-02-29,2024-03-31,1,momentum_20_zscore,momentum_20,20-Day Momentum,Momentum,standardized,300,0.2866047719
2024-03-31,2024-04-30,1,momentum_20_zscore,momentum_20,20-Day Momentum,Momentum,standardized,300,0.1582786419
2024-04-30,2024-05-31,1,momentum_20_zscore,momentum_20,20-Day Momentum,Momentum,standardized,300,0.0784549240
2024-05-31,2024-06-30,1,momentum_20_zscore,momentum_20,20-Day Momentum,Momentum,standardized,300,0.1845718286
2024-06-30,2024-07-31,1,momentum_20_zscore,momentum_20,20-Day Momentum,Momentum,standardized,300,-0.0180290892
2024-07-31,2024-08-31,1,momentum_20_zscore,momentum_20,20-Day Momentum,Momentum,standardized,300,-0.0753404262
2024-08-31,2024-09-30,1,momentum_20_zscore,momentum_20,20-Day Momentum,Momentum,standardized,298,-0.1259541613
2024-09-30,2024-10-31,1,momentum_20_zscore,momentum_20,20-Day Momentum,Momentum,standardized,298,0.1790399444
2024-10-31,2024-11-30,1,momentum_20_zscore,momentum_20,20-Day Momentum,Momentum,standardized,300,-0.0225345001
2024-11-30,2024-12-31,1,momentum_20_zscore,momentum_20,20-Day Momentum,Momentum,standardized,300,-0.1563900224
2024-12-31,2025-01-31,1,momentum_20_zscore,momentum_20,20-Day Momentum,Momentum,standardized,300,0.1396242336
2025-01-31,2025-02-28,1,momentum_20_zscore,momentum_20,20-Day Momentum,Momentum,standardized,299,-0.3009664554
2025-02-28,2025-03-31,1,momentum_20_zscore,momentum_20,20-Day Momentum,Momentum,standardized,299,-0.3137728253
2025-03-31,2025-04-30,1,momentum_20_zscore,momentum_20,20-Day Momentum,Momentum,standardized,300,0.1248905127
2025-04-30,2025-05-31,1,momentum_20_zscore,momentum_20,20-Day Momentum,Momentum,standardized,300,0.0556124081
2025-05-31,2025-06-30,1,momentum_20_zscore,momentum_20,20-Day Momentum,Momentum,standardized,300,0.0060914044
2025-06-30,2025-07-31,1,momentum_20_zscore,momentum_20,20-Day Momentum,Momentum,standardized,299,0.1849040464
2025-07-31,2025-08-31,1,momentum_20_zscore,momentum_20,20-Day Momentum,Momentum,standardized,299,0.1351329936
2025-08-31,2025-09-30,1,momentum_20_zscore,momentum_20,20-Day Momentum,Momentum,standardized,299,0.3743976369
2025-09-30,2025-10-31,1,momentum_20_zscore,momentum_20,20-Day Momentum,Momentum,standardized,300,-0.2603000100
2025-10-31,2025-11-30,1,momentum_20_zscore,momentum_20,20-Day Momentum,Momentum,standardized,300,0.2932453234
2025-11-30,2025-12-31,1,momentum_20_zscore,momentum_20,20-Day Momentum,Momentum,standardized,300,-0.0300607785
2025-12-31,2026-01-31,1,momentum_20_zscore,momentum_20,20-Day Momentum,Momentum,standardized,299,0.2006427251
2026-01-31,2026-02-28,1,momentum_20_zscore,momentum_20,20-Day Momentum,Momentum,standardized,300,0.0616694380
2026-02-28,2026-03-31,1,momentum_20_zscore,momentum_20,20-Day Momentum,Momentum,standardized,300,0.1217558361
2026-03-31,2026-04-30,1,momentum_20_zscore,momentum_20,20-Day Momentum,Momentum,standardized,300,-0.1447703557
2026-04-30,2026-05-31,1,momentum_20_zscore,momentum_20,20-Day Momentum,Momentum,standardized,300,0.1981769727
2026-05-31,2026-06-30,1,momentum_20_zscore,momentum_20,20-Day Momentum,Momentum,standardized,300,0.2626497927
2026-06-30,2026-07-31,1,momentum_20_zscore,momentum_20,20-Day Momentum,Momentum,standardized,300,-0.6414168433
2026-07-31,2026-08-31,1,momentum_20_zscore,momentum_20,20-Day Momentum,Momentum,standardized,300,-0.2996162512
2026-08-31,2026-09-08,1,momentum_20_zscore,momentum_20,20-Day Momentum,Momentum,standardized,300,-0.4014746409
2019-07-31,2019-10-31,3,momentum_20_zscore,momentum_20,20-Day Momentum,Momentum,standardized,300,0.1151321809
2019-08-31,2019-11-30,3,momentum_20_zscore,momentum_20,20-Day Momentum,Momentum,standardized,300,-0.1028700776
2019-09-30,2019-12-31,3,momentum_20_zscore,momentum_20,20-Day Momentum,Momentum,standardized,300,0.3100092946
2019-10-31,2020-01-31,3,momentum_20_zscore,momentum_20,20-Day Momentum,Momentum,standardized,300,-0.0806903484
2019-11-30,2020-02-29,3,momentum_20_zscore,momentum_20,20-Day Momentum,Momentum,standardized,300,0.0988952087
2019-12-31,2020-03-31,3,momentum_20_zscore,momentum_20,20-Day Momentum,Momentum,standardized,300,-0.1954706381
2020-01-31,2020-04-30,3,momentum_20_zscore,momentum_20,20-Day Momentum,Momentum,standardized,299,0.1694802223
2020-02-29,2020-05-31,3,momentum_20_zscore,momentum_20,20-Day Momentum,Momentum,standardized,299,-0.0534004445
2020-03-31,2020-06-30,3,momentum_20_zscore,momentum_20,20-Day Momentum,Momentum,standardized,300,-0.2320250741
2020-04-30,2020-07-31,3,momentum_20_zscore,momentum_20,20-Day Momentum,Momentum,standardized,299,0.2926668641
2020-05-31,2020-08-31,3,momentum_20_zscore,momentum_20,20-Day Momentum,Momentum,standardized,299,0.0459074076
2020-06-30,2020-09-30,3,momentum_20_zscore,momentum_20,20-Day Momentum,Momentum,standardized,299,-0.0518108210
2020-07-31,2020-10-31,3,momentum_20_zscore,momentum_20,20-Day Momentum,Momentum,standardized,300,-0.0172224806
2020-08-31,2020-11-30,3,momentum_20_zscore,momentum_20,20-Day Momentum,Momentum,standardized,300,0.1146213245
2020-09-30,2020-12-31,3,momentum_20_zscore,momentum_20,20-Day Momentum,Momentum,standardized,300,0.1915790175
2020-10-31,2021-01-31,3,momentum_20_zscore,momentum_20,20-Day Momentum,Momentum,standardized,300,0.3416488590
2020-11-30,2021-02-28,3,momentum_20_zscore,momentum_20,20-Day Momentum,Momentum,standardized,300,0.0802809099
2020-12-31,2021-03-31,3,momentum_20_zscore,momentum_20,20-Day Momentum,Momentum,standardized,300,-0.1148748746
2021-01-31,2021-04-30,3,momentum_20_zscore,momentum_20,20-Day Momentum,Momentum,standardized,300,0.0129010322
2021-02-28,2021-05-31,3,momentum_20_zscore,momentum_20,20-Day Momentum,Momentum,standardized,300,-0.1513379374
2021-03-31,2021-06-30,3,momentum_20_zscore,momentum_20,20-Day Momentum,Momentum,standardized,299,-0.1457049224
2021-04-30,2021-07-31,3,momentum_20_zscore,momentum_20,20-Day Momentum,Momentum,standardized,300,0.0340459376
2021-05-31,2021-08-31,3,momentum_20_zscore,momentum_20,20-Day Momentum,Momentum,standardized,300,0.0878583291
2021-06-30,2021-09-30,3,momentum_20_zscore,momentum_20,20-Day Momentum,Momentum,standardized,298,0.0531097632
2021-07-31,2021-10-31,3,momentum_20_zscore,momentum_20,20-Day Momentum,Momentum,standardized,300,-0.1511567286
2021-08-31,2021-11-30,3,momentum_20_zscore,momentum_20,20-Day Momentum,Momentum,standardized,300,-0.2195437727
2021-09-30,2021-12-31,3,momentum_20_zscore,momentum_20,20-Day Momentum,Momentum,standardized,300,-0.0586207881
2021-10-31,2022-01-31,3,momentum_20_zscore,momentum_20,20-Day Momentum,Momentum,standardized,300,-0.1608615216
2021-11-30,2022-02-28,3,momentum_20_zscore,momentum_20,20-Day Momentum,Momentum,standardized,300,-0.2242077463
2021-12-31,2022-03-31,3,momentum_20_zscore,momentum_20,20-Day Momentum,Momentum,standardized,300,-0.0928290314
2022-01-31,2022-04-30,3,momentum_20_zscore,momentum_20,20-Day Momentum,Momentum,standardized,298,0.2732192750
2022-02-28,2022-05-31,3,momentum_20_zscore,momentum_20,20-Day Momentum,Momentum,standardized,299,0.0599681264
2022-03-31,2022-06-30,3,momentum_20_zscore,momentum_20,20-Day Momentum,Momentum,standardized,300,-0.2745976481
2022-04-30,2022-07-31,3,momentum_20_zscore,momentum_20,20-Day Momentum,Momentum,standardized,300,-0.3281983133
2022-05-31,2022-08-31,3,momentum_20_zscore,momentum_20,20-Day Momentum,Momentum,standardized,299,-0.0278739005
2022-06-30,2022-09-30,3,momentum_20_zscore,momentum_20,20-Day Momentum,Momentum,standardized,298,-0.2605393095
2022-07-31,2022-10-31,3,momentum_20_zscore,momentum_20,20-Day Momentum,Momentum,standardized,300,0.1212818190
2022-08-31,2022-11-30,3,momentum_20_zscore,momentum_20,20-Day Momentum,Momentum,standardized,300,0.1759288632
2022-09-30,2022-12-31,3,momentum_20_zscore,momentum_20,20-Day Momentum,Momentum,standardized,300,-0.0946734964
2022-10-31,2023-01-31,3,momentum_20_zscore,momentum_20,20-Day Momentum,Momentum,standardized,300,-0.3461835559
2022-11-30,2023-02-28,3,momentum_20_zscore,momentum_20,20-Day Momentum,Momentum,standardized,300,-0.0074467519
2022-12-31,2023-03-31,3,momentum_20_zscore,momentum_20,20-Day Momentum,Momentum,standardized,300,-0.1691373066
2023-01-31,2023-04-30,3,momentum_20_zscore,momentum_20,20-Day Momentum,Momentum,standardized,300,-0.1716628153
2023-02-28,2023-05-31,3,momentum_20_zscore,momentum_20,20-Day Momentum,Momentum,standardized,300,0.1955422596
2023-03-31,2023-06-30,3,momentum_20_zscore,momentum_20,20-Day Momentum,Momentum,standardized,300,0.1653038129
2023-04-30,2023-07-31,3,momentum_20_zscore,momentum_20,20-Day Momentum,Momentum,standardized,300,-0.0403835598
2023-05-31,2023-08-31,3,momentum_20_zscore,momentum_20,20-Day Momentum,Momentum,standardized,300,-0.0569306452
2023-06-30,2023-09-30,3,momentum_20_zscore,momentum_20,20-Day Momentum,Momentum,standardized,300,-0.1711824416
2023-07-31,2023-10-31,3,momentum_20_zscore,momentum_20,20-Day Momentum,Momentum,standardized,300,0.1610622340
2023-08-31,2023-11-30,3,momentum_20_zscore,momentum_20,20-Day Momentum,Momentum,standardized,300,0.1760788453
2023-09-30,2023-12-31,3,momentum_20_zscore,momentum_20,20-Day Momentum,Momentum,standardized,300,0.1625205627
2023-10-31,2024-01-31,3,momentum_20_zscore,momentum_20,20-Day Momentum,Momentum,standardized,300,-0.1129686011
2023-11-30,2024-02-29,3,momentum_20_zscore,momentum_20,20-Day Momentum,Momentum,standardized,300,-0.0752991007
2023-12-31,2024-03-31,3,momentum_20_zscore,momentum_20,20-Day Momentum,Momentum,standardized,300,0.1949827192
2024-01-31,2024-04-30,3,momentum_20_zscore,momentum_20,20-Day Momentum,Momentum,standardized,300,-0.0680607714
2024-02-29,2024-05-31,3,momentum_20_zscore,momentum_20,20-Day Momentum,Momentum,standardized,300,0.2663107664
2024-03-31,2024-06-30,3,momentum_20_zscore,momentum_20,20-Day Momentum,Momentum,standardized,300,0.2517255196
2024-04-30,2024-07-31,3,momentum_20_zscore,momentum_20,20-Day Momentum,Momentum,standardized,300,0.1689526566
2024-05-31,2024-08-31,3,momentum_20_zscore,momentum_20,20-Day Momentum,Momentum,standardized,300,0.1737277081
2024-06-30,2024-09-30,3,momentum_20_zscore,momentum_20,20-Day Momentum,Momentum,standardized,298,-0.4051602652
2024-07-31,2024-10-31,3,momentum_20_zscore,momentum_20,20-Day Momentum,Momentum,standardized,300,0.2427441384
2024-08-31,2024-11-30,3,momentum_20_zscore,momentum_20,20-Day Momentum,Momentum,standardized,300,-0.1795019945
2024-09-30,2024-12-31,3,momentum_20_zscore,momentum_20,20-Day Momentum,Momentum,standardized,298,-0.0998215982
2024-10-31,2025-01-31,3,momentum_20_zscore,momentum_20,20-Day Momentum,Momentum,standardized,300,-0.3033876269
2024-11-30,2025-02-28,3,momentum_20_zscore,momentum_20,20-Day Momentum,Momentum,standardized,299,-0.0171917372
2024-12-31,2025-03-31,3,momentum_20_zscore,momentum_20,20-Day Momentum,Momentum,standardized,299,-0.0310165912
2025-01-31,2025-04-30,3,momentum_20_zscore,momentum_20,20-Day Momentum,Momentum,standardized,299,-0.0495524286
2025-02-28,2025-05-31,3,momentum_20_zscore,momentum_20,20-Day Momentum,Momentum,standardized,299,-0.4008232366
2025-03-31,2025-06-30,3,momentum_20_zscore,momentum_20,20-Day Momentum,Momentum,standardized,300,0.1888096744
2025-04-30,2025-07-31,3,momentum_20_zscore,momentum_20,20-Day Momentum,Momentum,standardized,300,-0.3176093068
2025-05-31,2025-08-31,3,momentum_20_zscore,momentum_20,20-Day Momentum,Momentum,standardized,299,-0.1842105381
2025-06-30,2025-09-30,3,momentum_20_zscore,momentum_20,20-Day Momentum,Momentum,standardized,298,0.2704664402
2025-07-31,2025-10-31,3,momentum_20_zscore,momentum_20,20-Day Momentum,Momentum,standardized,299,0.0822034871
2025-08-31,2025-11-30,3,momentum_20_zscore,momentum_20,20-Day Momentum,Momentum,standardized,299,-0.0424450189
2025-09-30,2025-12-31,3,momentum_20_zscore,momentum_20,20-Day Momentum,Momentum,standardized,300,-0.1760749622
2025-10-31,2026-01-31,3,momentum_20_zscore,momentum_20,20-Day Momentum,Momentum,standardized,300,0.2341450981
2025-11-30,2026-02-28,3,momentum_20_zscore,momentum_20,20-Day Momentum,Momentum,standardized,300,-0.1174764164
2025-12-31,2026-03-31,3,momentum_20_zscore,momentum_20,20-Day Momentum,Momentum,standardized,299,-0.0505102245
2026-01-31,2026-04-30,3,momentum_20_zscore,momentum_20,20-Day Momentum,Momentum,standardized,300,-0.0379299444
2026-02-28,2026-05-31,3,momentum_20_zscore,momentum_20,20-Day Momentum,Momentum,standardized,300,0.0105359932
2026-03-31,2026-06-30,3,momentum_20_zscore,momentum_20,20-Day Momentum,Momentum,standardized,300,-0.0609046835
2026-04-30,2026-07-31,3,momentum_20_zscore,momentum_20,20-Day Momentum,Momentum,standardized,300,0.0017909158
2026-05-31,2026-08-31,3,momentum_20_zscore,momentum_20,20-Day Momentum,Momentum,standardized,300,-0.1783869946
2026-06-30,2026-09-08,3,momentum_20_zscore,momentum_20,20-Day Momentum,Momentum,standardized,300,-0.5434033062
2019-07-31,2019-08-31,1,momentum_20_neutral,momentum_20,20-Day Momentum,Momentum,neutralized,300,0.1260336366
2019-08-31,2019-09-30,1,momentum_20_neutral,momentum_20,20-Day Momentum,Momentum,neutralized,300,-0.1199583684
2019-09-30,2019-10-31,1,momentum_20_neutral,momentum_20,20-Day Momentum,Momentum,neutralized,300,0.1579747495
2019-10-31,2019-11-30,1,momentum_20_neutral,momentum_20,20-Day Momentum,Momentum,neutralized,300,0.0748659513
2019-11-30,2019-12-31,1,momentum_20_neutral,momentum_20,20-Day Momentum,Momentum,neutralized,300,0.0114663509
2019-12-31,2020-01-31,1,momentum_20_neutral,momentum_20,20-Day Momentum,Momentum,neutralized,300,-0.1163739856
2020-01-31,2020-02-29,1,momentum_20_neutral,momentum_20,20-Day Momentum,Momentum,neutralized,300,0.0291707783
2020-02-29,2020-03-31,1,momentum_20_neutral,momentum_20,20-Day Momentum,Momentum,neutralized,300,0.0607304526
2020-03-31,2020-04-30,1,momentum_20_neutral,momentum_20,20-Day Momentum,Momentum,neutralized,299,-0.1951002877
2020-04-30,2020-05-31,1,momentum_20_neutral,momentum_20,20-Day Momentum,Momentum,neutralized,299,0.0612219703
2020-05-31,2020-06-30,1,momentum_20_neutral,momentum_20,20-Day Momentum,Momentum,neutralized,299,-0.0844928948
2020-06-30,2020-07-31,1,momentum_20_neutral,momentum_20,20-Day Momentum,Momentum,neutralized,299,0.0597486027
2020-07-31,2020-08-31,1,momentum_20_neutral,momentum_20,20-Day Momentum,Momentum,neutralized,300,-0.0690421388
2020-08-31,2020-09-30,1,momentum_20_neutral,momentum_20,20-Day Momentum,Momentum,neutralized,300,-0.0483889821
2020-09-30,2020-10-31,1,momentum_20_neutral,momentum_20,20-Day Momentum,Momentum,neutralized,300,0.0972368520
2020-10-31,2020-11-30,1,momentum_20_neutral,momentum_20,20-Day Momentum,Momentum,neutralized,300,0.0422393629
2020-11-30,2020-12-31,1,momentum_20_neutral,momentum_20,20-Day Momentum,Momentum,neutralized,300,-0.0392480004
2020-12-31,2021-01-31,1,momentum_20_neutral,momentum_20,20-Day Momentum,Momentum,neutralized,300,0.2256365321
2021-01-31,2021-02-28,1,momentum_20_neutral,momentum_20,20-Day Momentum,Momentum,neutralized,300,-0.1407963875
2021-02-28,2021-03-31,1,momentum_20_neutral,momentum_20,20-Day Momentum,Momentum,neutralized,300,0.0735897147
2021-03-31,2021-04-30,1,momentum_20_neutral,momentum_20,20-Day Momentum,Momentum,neutralized,300,-0.0354310761
2021-04-30,2021-05-31,1,momentum_20_neutral,momentum_20,20-Day Momentum,Momentum,neutralized,300,0.0232013947
2021-05-31,2021-06-30,1,momentum_20_neutral,momentum_20,20-Day Momentum,Momentum,neutralized,299,0.1243646747
2021-06-30,2021-07-31,1,momentum_20_neutral,momentum_20,20-Day Momentum,Momentum,neutralized,299,0.1020798635
2021-07-31,2021-08-31,1,momentum_20_neutral,momentum_20,20-Day Momentum,Momentum,neutralized,300,0.0180855363
2021-08-31,2021-09-30,1,momentum_20_neutral,momentum_20,20-Day Momentum,Momentum,neutralized,300,-0.0681603280
2021-09-30,2021-10-31,1,momentum_20_neutral,momentum_20,20-Day Momentum,Momentum,neutralized,300,-0.2048806125
2021-10-31,2021-11-30,1,momentum_20_neutral,momentum_20,20-Day Momentum,Momentum,neutralized,300,-0.1576591552
2021-11-30,2021-12-31,1,momentum_20_neutral,momentum_20,20-Day Momentum,Momentum,neutralized,300,-0.1232573832
2021-12-31,2022-01-31,1,momentum_20_neutral,momentum_20,20-Day Momentum,Momentum,neutralized,300,0.1343628263
2022-01-31,2022-02-28,1,momentum_20_neutral,momentum_20,20-Day Momentum,Momentum,neutralized,298,-0.1790819874
2022-02-28,2022-03-31,1,momentum_20_neutral,momentum_20,20-Day Momentum,Momentum,neutralized,299,0.0522336199
2022-03-31,2022-04-30,1,momentum_20_neutral,momentum_20,20-Day Momentum,Momentum,neutralized,300,0.0428235869
2022-04-30,2022-05-31,1,momentum_20_neutral,momentum_20,20-Day Momentum,Momentum,neutralized,300,-0.1709856966
2022-05-31,2022-06-30,1,momentum_20_neutral,momentum_20,20-Day Momentum,Momentum,neutralized,299,0.0072586490
2022-06-30,2022-07-31,1,momentum_20_neutral,momentum_20,20-Day Momentum,Momentum,neutralized,298,-0.1162143307
2022-07-31,2022-08-31,1,momentum_20_neutral,momentum_20,20-Day Momentum,Momentum,neutralized,300,-0.0119910235
2022-08-31,2022-09-30,1,momentum_20_neutral,momentum_20,20-Day Momentum,Momentum,neutralized,300,0.0127585890
2022-09-30,2022-10-31,1,momentum_20_neutral,momentum_20,20-Day Momentum,Momentum,neutralized,300,-0.0374688774
2022-10-31,2022-11-30,1,momentum_20_neutral,momentum_20,20-Day Momentum,Momentum,neutralized,300,-0.2456147563
2022-11-30,2022-12-31,1,momentum_20_neutral,momentum_20,20-Day Momentum,Momentum,neutralized,300,0.0919147991
2022-12-31,2023-01-31,1,momentum_20_neutral,momentum_20,20-Day Momentum,Momentum,neutralized,300,-0.1864212653
2023-01-31,2023-02-28,1,momentum_20_neutral,momentum_20,20-Day Momentum,Momentum,neutralized,300,-0.1193573262
2023-02-28,2023-03-31,1,momentum_20_neutral,momentum_20,20-Day Momentum,Momentum,neutralized,300,0.1196368981
2023-03-31,2023-04-30,1,momentum_20_neutral,momentum_20,20-Day Momentum,Momentum,neutralized,300,0.1356112846
2023-04-30,2023-05-31,1,momentum_20_neutral,momentum_20,20-Day Momentum,Momentum,neutralized,300,0.1098658996
2023-05-31,2023-06-30,1,momentum_20_neutral,momentum_20,20-Day Momentum,Momentum,neutralized,300,-0.0402391182
2023-06-30,2023-07-31,1,momentum_20_neutral,momentum_20,20-Day Momentum,Momentum,neutralized,300,-0.0937792642
2023-07-31,2023-08-31,1,momentum_20_neutral,momentum_20,20-Day Momentum,Momentum,neutralized,300,0.0309294582
2023-08-31,2023-09-30,1,momentum_20_neutral,momentum_20,20-Day Momentum,Momentum,neutralized,300,-0.0221913725
2023-09-30,2023-10-31,1,momentum_20_neutral,momentum_20,20-Day Momentum,Momentum,neutralized,300,0.1037709308
2023-10-31,2023-11-30,1,momentum_20_neutral,momentum_20,20-Day Momentum,Momentum,neutralized,300,0.0278460903
2023-11-30,2023-12-31,1,momentum_20_neutral,momentum_20,20-Day Momentum,Momentum,neutralized,300,0.0250247364
2023-12-31,2024-01-31,1,momentum_20_neutral,momentum_20,20-Day Momentum,Momentum,neutralized,300,0.0451231730
2024-01-31,2024-02-29,1,momentum_20_neutral,momentum_20,20-Day Momentum,Momentum,neutralized,300,-0.1795580150
2024-02-29,2024-03-31,1,momentum_20_neutral,momentum_20,20-Day Momentum,Momentum,neutralized,300,0.2284158713
2024-03-31,2024-04-30,1,momentum_20_neutral,momentum_20,20-Day Momentum,Momentum,neutralized,300,0.0958473404
2024-04-30,2024-05-31,1,momentum_20_neutral,momentum_20,20-Day Momentum,Momentum,neutralized,300,0.0925994836
2024-05-31,2024-06-30,1,momentum_20_neutral,momentum_20,20-Day Momentum,Momentum,neutralized,300,0.1414100157
2024-06-30,2024-07-31,1,momentum_20_neutral,momentum_20,20-Day Momentum,Momentum,neutralized,300,-0.1117425997
2024-07-31,2024-08-31,1,momentum_20_neutral,momentum_20,20-Day Momentum,Momentum,neutralized,300,-0.0071694130
2024-08-31,2024-09-30,1,momentum_20_neutral,momentum_20,20-Day Momentum,Momentum,neutralized,298,-0.2091506069
2024-09-30,2024-10-31,1,momentum_20_neutral,momentum_20,20-Day Momentum,Momentum,neutralized,298,0.0272789324
2024-10-31,2024-11-30,1,momentum_20_neutral,momentum_20,20-Day Momentum,Momentum,neutralized,300,-0.0177677747
2024-11-30,2024-12-31,1,momentum_20_neutral,momentum_20,20-Day Momentum,Momentum,neutralized,300,-0.1012469027
2024-12-31,2025-01-31,1,momentum_20_neutral,momentum_20,20-Day Momentum,Momentum,neutralized,300,0.1346237180
2025-01-31,2025-02-28,1,momentum_20_neutral,momentum_20,20-Day Momentum,Momentum,neutralized,299,-0.2319811622
2025-02-28,2025-03-31,1,momentum_20_neutral,momentum_20,20-Day Momentum,Momentum,neutralized,299,-0.1421788672
2025-03-31,2025-04-30,1,momentum_20_neutral,momentum_20,20-Day Momentum,Momentum,neutralized,300,0.0020522453
2025-04-30,2025-05-31,1,momentum_20_neutral,momentum_20,20-Day Momentum,Momentum,neutralized,300,-0.0080249798
2025-05-31,2025-06-30,1,momentum_20_neutral,momentum_20,20-Day Momentum,Momentum,neutralized,300,-0.0156537312
2025-06-30,2025-07-31,1,momentum_20_neutral,momentum_20,20-Day Momentum,Momentum,neutralized,299,0.1173414738
2025-07-31,2025-08-31,1,momentum_20_neutral,momentum_20,20-Day Momentum,Momentum,neutralized,299,-0.0686052710
2025-08-31,2025-09-30,1,momentum_20_neutral,momentum_20,20-Day Momentum,Momentum,neutralized,299,0.1260021099
2025-09-30,2025-10-31,1,momentum_20_neutral,momentum_20,20-Day Momentum,Momentum,neutralized,300,-0.1387827484
2025-10-31,2025-11-30,1,momentum_20_neutral,momentum_20,20-Day Momentum,Momentum,neutralized,300,0.0850151668
2025-11-30,2025-12-31,1,momentum_20_neutral,momentum_20,20-Day Momentum,Momentum,neutralized,300,0.0151859465
2025-12-31,2026-01-31,1,momentum_20_neutral,momentum_20,20-Day Momentum,Momentum,neutralized,299,0.0023622392
2026-01-31,2026-02-28,1,momentum_20_neutral,momentum_20,20-Day Momentum,Momentum,neutralized,300,-0.0196722186
2026-02-28,2026-03-31,1,momentum_20_neutral,momentum_20,20-Day Momentum,Momentum,neutralized,300,0.0095398848
2026-03-31,2026-04-30,1,momentum_20_neutral,momentum_20,20-Day Momentum,Momentum,neutralized,300,-0.0747759752
2026-04-30,2026-05-31,1,momentum_20_neutral,momentum_20,20-Day Momentum,Momentum,neutralized,300,0.0706356816
2026-05-31,2026-06-30,1,momentum_20_neutral,momentum_20,20-Day Momentum,Momentum,neutralized,300,0.1039689445
2026-06-30,2026-07-31,1,momentum_20_neutral,momentum_20,20-Day Momentum,Momentum,neutralized,300,-0.3351290570
2026-07-31,2026-08-31,1,momentum_20_neutral,momentum_20,20-Day Momentum,Momentum,neutralized,300,-0.2575115565
2026-08-31,2026-09-08,1,momentum_20_neutral,momentum_20,20-Day Momentum,Momentum,neutralized,300,-0.0968240723
2019-07-31,2019-10-31,3,momentum_20_neutral,momentum_20,20-Day Momentum,Momentum,neutralized,300,0.0757950644
2019-08-31,2019-11-30,3,momentum_20_neutral,momentum_20,20-Day Momentum,Momentum,neutralized,300,-0.0755977289
2019-09-30,2019-12-31,3,momentum_20_neutral,momentum_20,20-Day Momentum,Momentum,neutralized,300,0.1864567384
2019-10-31,2020-01-31,3,momentum_20_neutral,momentum_20,20-Day Momentum,Momentum,neutralized,300,0.0003760042
2019-11-30,2020-02-29,3,momentum_20_neutral,momentum_20,20-Day Momentum,Momentum,neutralized,300,0.0599864443
2019-12-31,2020-03-31,3,momentum_20_neutral,momentum_20,20-Day Momentum,Momentum,neutralized,300,-0.1325017092
2020-01-31,2020-04-30,3,momentum_20_neutral,momentum_20,20-Day Momentum,Momentum,neutralized,299,0.0785964665
2020-02-29,2020-05-31,3,momentum_20_neutral,momentum_20,20-Day Momentum,Momentum,neutralized,299,0.0609427398
2020-03-31,2020-06-30,3,momentum_20_neutral,momentum_20,20-Day Momentum,Momentum,neutralized,300,-0.2195211302
2020-04-30,2020-07-31,3,momentum_20_neutral,momentum_20,20-Day Momentum,Momentum,neutralized,299,0.2033103634
2020-05-31,2020-08-31,3,momentum_20_neutral,momentum_20,20-Day Momentum,Momentum,neutralized,299,-0.0147972020
2020-06-30,2020-09-30,3,momentum_20_neutral,momentum_20,20-Day Momentum,Momentum,neutralized,299,0.0880967880
2020-07-31,2020-10-31,3,momentum_20_neutral,momentum_20,20-Day Momentum,Momentum,neutralized,300,-0.0248029450
2020-08-31,2020-11-30,3,momentum_20_neutral,momentum_20,20-Day Momentum,Momentum,neutralized,300,0.0127552528
2020-09-30,2020-12-31,3,momentum_20_neutral,momentum_20,20-Day Momentum,Momentum,neutralized,300,0.1343774931
2020-10-31,2021-01-31,3,momentum_20_neutral,momentum_20,20-Day Momentum,Momentum,neutralized,300,0.2199673773
2020-11-30,2021-02-28,3,momentum_20_neutral,momentum_20,20-Day Momentum,Momentum,neutralized,300,0.0474858610
2020-12-31,2021-03-31,3,momentum_20_neutral,momentum_20,20-Day Momentum,Momentum,neutralized,300,-0.0850867326
2021-01-31,2021-04-30,3,momentum_20_neutral,momentum_20,20-Day Momentum,Momentum,neutralized,300,-0.0178997544
2021-02-28,2021-05-31,3,momentum_20_neutral,momentum_20,20-Day Momentum,Momentum,neutralized,300,-0.0948988533
2021-03-31,2021-06-30,3,momentum_20_neutral,momentum_20,20-Day Momentum,Momentum,neutralized,299,-0.0930977980
2021-04-30,2021-07-31,3,momentum_20_neutral,momentum_20,20-Day Momentum,Momentum,neutralized,300,0.0308118979
2021-05-31,2021-08-31,3,momentum_20_neutral,momentum_20,20-Day Momentum,Momentum,neutralized,300,0.0630142627
2021-06-30,2021-09-30,3,momentum_20_neutral,momentum_20,20-Day Momentum,Momentum,neutralized,298,-0.0191937557
2021-07-31,2021-10-31,3,momentum_20_neutral,momentum_20,20-Day Momentum,Momentum,neutralized,300,-0.0029331444
2021-08-31,2021-11-30,3,momentum_20_neutral,momentum_20,20-Day Momentum,Momentum,neutralized,300,-0.0471583070
2021-09-30,2021-12-31,3,momentum_20_neutral,momentum_20,20-Day Momentum,Momentum,neutralized,300,-0.0589369491
2021-10-31,2022-01-31,3,momentum_20_neutral,momentum_20,20-Day Momentum,Momentum,neutralized,300,-0.1137043745
2021-11-30,2022-02-28,3,momentum_20_neutral,momentum_20,20-Day Momentum,Momentum,neutralized,300,-0.0814429140
2021-12-31,2022-03-31,3,momentum_20_neutral,momentum_20,20-Day Momentum,Momentum,neutralized,300,-0.0703505595
2022-01-31,2022-04-30,3,momentum_20_neutral,momentum_20,20-Day Momentum,Momentum,neutralized,298,0.0085551718
2022-02-28,2022-05-31,3,momentum_20_neutral,momentum_20,20-Day Momentum,Momentum,neutralized,299,0.0299741869
2022-03-31,2022-06-30,3,momentum_20_neutral,momentum_20,20-Day Momentum,Momentum,neutralized,300,-0.0752297582
2022-04-30,2022-07-31,3,momentum_20_neutral,momentum_20,20-Day Momentum,Momentum,neutralized,300,-0.2009031435
2022-05-31,2022-08-31,3,momentum_20_neutral,momentum_20,20-Day Momentum,Momentum,neutralized,299,0.0192929473
2022-06-30,2022-09-30,3,momentum_20_neutral,momentum_20,20-Day Momentum,Momentum,neutralized,298,-0.1351416796
2022-07-31,2022-10-31,3,momentum_20_neutral,momentum_20,20-Day Momentum,Momentum,neutralized,300,0.0806813499
2022-08-31,2022-11-30,3,momentum_20_neutral,momentum_20,20-Day Momentum,Momentum,neutralized,300,0.0787244478
2022-09-30,2022-12-31,3,momentum_20_neutral,momentum_20,20-Day Momentum,Momentum,neutralized,300,-0.0791786575
2022-10-31,2023-01-31,3,momentum_20_neutral,momentum_20,20-Day Momentum,Momentum,neutralized,300,-0.3368906696
2022-11-30,2023-02-28,3,momentum_20_neutral,momentum_20,20-Day Momentum,Momentum,neutralized,300,0.0924401485
2022-12-31,2023-03-31,3,momentum_20_neutral,momentum_20,20-Day Momentum,Momentum,neutralized,300,-0.0222680277
2023-01-31,2023-04-30,3,momentum_20_neutral,momentum_20,20-Day Momentum,Momentum,neutralized,300,-0.1192933387
2023-02-28,2023-05-31,3,momentum_20_neutral,momentum_20,20-Day Momentum,Momentum,neutralized,300,0.1428918099
2023-03-31,2023-06-30,3,momentum_20_neutral,momentum_20,20-Day Momentum,Momentum,neutralized,300,0.2280923121
2023-04-30,2023-07-31,3,momentum_20_neutral,momentum_20,20-Day Momentum,Momentum,neutralized,300,-0.0302518917
2023-05-31,2023-08-31,3,momentum_20_neutral,momentum_20,20-Day Momentum,Momentum,neutralized,300,-0.0356648447
2023-06-30,2023-09-30,3,momentum_20_neutral,momentum_20,20-Day Momentum,Momentum,neutralized,300,-0.0776075290
2023-07-31,2023-10-31,3,momentum_20_neutral,momentum_20,20-Day Momentum,Momentum,neutralized,300,0.1405149102
2023-08-31,2023-11-30,3,momentum_20_neutral,momentum_20,20-Day Momentum,Momentum,neutralized,300,0.0475140888
2023-09-30,2023-12-31,3,momentum_20_neutral,momentum_20,20-Day Momentum,Momentum,neutralized,300,0.0749168324
2023-10-31,2024-01-31,3,momentum_20_neutral,momentum_20,20-Day Momentum,Momentum,neutralized,300,-0.0770799676
2023-11-30,2024-02-29,3,momentum_20_neutral,momentum_20,20-Day Momentum,Momentum,neutralized,300,0.0151043917
2023-12-31,2024-03-31,3,momentum_20_neutral,momentum_20,20-Day Momentum,Momentum,neutralized,300,0.0548206152
2024-01-31,2024-04-30,3,momentum_20_neutral,momentum_20,20-Day Momentum,Momentum,neutralized,300,0.1243465204
2024-02-29,2024-05-31,3,momentum_20_neutral,momentum_20,20-Day Momentum,Momentum,neutralized,300,0.1901461127
2024-03-31,2024-06-30,3,momentum_20_neutral,momentum_20,20-Day Momentum,Momentum,neutralized,300,0.1295614540
2024-04-30,2024-07-31,3,momentum_20_neutral,momentum_20,20-Day Momentum,Momentum,neutralized,300,0.1199484572
2024-05-31,2024-08-31,3,momentum_20_neutral,momentum_20,20-Day Momentum,Momentum,neutralized,300,0.1189568773
2024-06-30,2024-09-30,3,momentum_20_neutral,momentum_20,20-Day Momentum,Momentum,neutralized,298,-0.2331202645
2024-07-31,2024-10-31,3,momentum_20_neutral,momentum_20,20-Day Momentum,Momentum,neutralized,300,0.0261909577
2024-08-31,2024-11-30,3,momentum_20_neutral,momentum_20,20-Day Momentum,Momentum,neutralized,300,-0.1720485783
2024-09-30,2024-12-31,3,momentum_20_neutral,momentum_20,20-Day Momentum,Momentum,neutralized,298,-0.0920815178
2024-10-31,2025-01-31,3,momentum_20_neutral,momentum_20,20-Day Momentum,Momentum,neutralized,300,-0.2130046126
2024-11-30,2025-02-28,3,momentum_20_neutral,momentum_20,20-Day Momentum,Momentum,neutralized,299,-0.0962476820
2024-12-31,2025-03-31,3,momentum_20_neutral,momentum_20,20-Day Momentum,Momentum,neutralized,299,0.0616367758
2025-01-31,2025-04-30,3,momentum_20_neutral,momentum_20,20-Day Momentum,Momentum,neutralized,299,-0.0864808968
2025-02-28,2025-05-31,3,momentum_20_neutral,momentum_20,20-Day Momentum,Momentum,neutralized,299,-0.1940724550
2025-03-31,2025-06-30,3,momentum_20_neutral,momentum_20,20-Day Momentum,Momentum,neutralized,300,0.0812631342
2025-04-30,2025-07-31,3,momentum_20_neutral,momentum_20,20-Day Momentum,Momentum,neutralized,300,-0.2248927210
2025-05-31,2025-08-31,3,momentum_20_neutral,momentum_20,20-Day Momentum,Momentum,neutralized,299,-0.1147197594
2025-06-30,2025-09-30,3,momentum_20_neutral,momentum_20,20-Day Momentum,Momentum,neutralized,298,0.0564580509
2025-07-31,2025-10-31,3,momentum_20_neutral,momentum_20,20-Day Momentum,Momentum,neutralized,299,-0.0549074095
2025-08-31,2025-11-30,3,momentum_20_neutral,momentum_20,20-Day Momentum,Momentum,neutralized,299,0.0600318736
2025-09-30,2025-12-31,3,momentum_20_neutral,momentum_20,20-Day Momentum,Momentum,neutralized,300,-0.1012642363
2025-10-31,2026-01-31,3,momentum_20_neutral,momentum_20,20-Day Momentum,Momentum,neutralized,300,0.1462909588
2025-11-30,2026-02-28,3,momentum_20_neutral,momentum_20,20-Day Momentum,Momentum,neutralized,300,-0.0238455983
2025-12-31,2026-03-31,3,momentum_20_neutral,momentum_20,20-Day Momentum,Momentum,neutralized,299,0.0576835537
2026-01-31,2026-04-30,3,momentum_20_neutral,momentum_20,20-Day Momentum,Momentum,neutralized,300,0.0687056523
2026-02-28,2026-05-31,3,momentum_20_neutral,momentum_20,20-Day Momentum,Momentum,neutralized,300,0.0173761931
2026-03-31,2026-06-30,3,momentum_20_neutral,momentum_20,20-Day Momentum,Momentum,neutralized,300,-0.0950046112
2026-04-30,2026-07-31,3,momentum_20_neutral,momentum_20,20-Day Momentum,Momentum,neutralized,300,-0.0295861098
2026-05-31,2026-08-31,3,momentum_20_neutral,momentum_20,20-Day Momentum,Momentum,neutralized,300,-0.0120216905
2026-06-30,2026-09-08,3,momentum_20_neutral,momentum_20,20-Day Momentum,Momentum,neutralized,300,-0.2995726619
2019-07-31,2019-08-31,1,momentum_60_zscore,momentum_60,60-Day Momentum,Momentum,standardized,300,0.2335250651
2019-08-31,2019-09-30,1,momentum_60_zscore,momentum_60,60-Day Momentum,Momentum,standardized,300,-0.1747772387
2019-09-30,2019-10-31,1,momentum_60_zscore,momentum_60,60-Day Momentum,Momentum,standardized,300,0.1495925658
2019-10-31,2019-11-30,1,momentum_60_zscore,momentum_60,60-Day Momentum,Momentum,standardized,300,0.0066707489
2019-11-30,2019-12-31,1,momentum_60_zscore,momentum_60,60-Day Momentum,Momentum,standardized,300,0.0590911076
2019-12-31,2020-01-31,1,momentum_60_zscore,momentum_60,60-Day Momentum,Momentum,standardized,300,0.0295981428
2020-01-31,2020-02-29,1,momentum_60_zscore,momentum_60,60-Day Momentum,Momentum,standardized,300,0.2131665462
2020-02-29,2020-03-31,1,momentum_60_zscore,momentum_60,60-Day Momentum,Momentum,standardized,300,-0.2231703070
2020-03-31,2020-04-30,1,momentum_60_zscore,momentum_60,60-Day Momentum,Momentum,standardized,299,0.0211341853
2020-04-30,2020-05-31,1,momentum_60_zscore,momentum_60,60-Day Momentum,Momentum,standardized,299,-0.0246129846
2020-05-31,2020-06-30,1,momentum_60_zscore,momentum_60,60-Day Momentum,Momentum,standardized,299,-0.0432892931
2020-06-30,2020-07-31,1,momentum_60_zscore,momentum_60,60-Day Momentum,Momentum,standardized,299,0.1014085095
2020-07-31,2020-08-31,1,momentum_60_zscore,momentum_60,60-Day Momentum,Momentum,standardized,300,-0.0499552994
2020-08-31,2020-09-30,1,momentum_60_zscore,momentum_60,60-Day Momentum,Momentum,standardized,300,-0.0100730019
2020-09-30,2020-10-31,1,momentum_60_zscore,momentum_60,60-Day Momentum,Momentum,standardized,300,0.1716432538
2020-10-31,2020-11-30,1,momentum_60_zscore,momentum_60,60-Day Momentum,Momentum,standardized,300,0.0770849003
2020-11-30,2020-12-31,1,momentum_60_zscore,momentum_60,60-Day Momentum,Momentum,standardized,300,0.1904566770
2020-12-31,2021-01-31,1,momentum_60_zscore,momentum_60,60-Day Momentum,Momentum,standardized,300,0.3583553753
2021-01-31,2021-02-28,1,momentum_60_zscore,momentum_60,60-Day Momentum,Momentum,standardized,300,-0.2435763374
2021-02-28,2021-03-31,1,momentum_60_zscore,momentum_60,60-Day Momentum,Momentum,standardized,300,-0.1024558051
2021-03-31,2021-04-30,1,momentum_60_zscore,momentum_60,60-Day Momentum,Momentum,standardized,300,-0.0321123711
2021-04-30,2021-05-31,1,momentum_60_zscore,momentum_60,60-Day Momentum,Momentum,standardized,300,-0.2071689765
2021-05-31,2021-06-30,1,momentum_60_zscore,momentum_60,60-Day Momentum,Momentum,standardized,299,0.0477295684
2021-06-30,2021-07-31,1,momentum_60_zscore,momentum_60,60-Day Momentum,Momentum,standardized,299,0.1733302806
2021-07-31,2021-08-31,1,momentum_60_zscore,momentum_60,60-Day Momentum,Momentum,standardized,300,-0.0093800392
2021-08-31,2021-09-30,1,momentum_60_zscore,momentum_60,60-Day Momentum,Momentum,standardized,300,-0.3762770193
2021-09-30,2021-10-31,1,momentum_60_zscore,momentum_60,60-Day Momentum,Momentum,standardized,300,-0.1819673960
2021-10-31,2021-11-30,1,momentum_60_zscore,momentum_60,60-Day Momentum,Momentum,standardized,300,-0.1756907164
2021-11-30,2021-12-31,1,momentum_60_zscore,momentum_60,60-Day Momentum,Momentum,standardized,300,-0.0395931462
2021-12-31,2022-01-31,1,momentum_60_zscore,momentum_60,60-Day Momentum,Momentum,standardized,300,-0.1211306792
2022-01-31,2022-02-28,1,momentum_60_zscore,momentum_60,60-Day Momentum,Momentum,standardized,298,-0.2667535948
2022-02-28,2022-03-31,1,momentum_60_zscore,momentum_60,60-Day Momentum,Momentum,standardized,299,0.2096096608
2022-03-31,2022-04-30,1,momentum_60_zscore,momentum_60,60-Day Momentum,Momentum,standardized,300,0.1023095812
2022-04-30,2022-05-31,1,momentum_60_zscore,momentum_60,60-Day Momentum,Momentum,standardized,300,-0.4294972166
2022-05-31,2022-06-30,1,momentum_60_zscore,momentum_60,60-Day Momentum,Momentum,standardized,299,-0.3146766980
2022-06-30,2022-07-31,1,momentum_60_zscore,momentum_60,60-Day Momentum,Momentum,standardized,298,-0.1794119054
2022-07-31,2022-08-31,1,momentum_60_zscore,momentum_60,60-Day Momentum,Momentum,standardized,300,-0.2957395316
2022-08-31,2022-09-30,1,momentum_60_zscore,momentum_60,60-Day Momentum,Momentum,standardized,300,0.2273421068
2022-09-30,2022-10-31,1,momentum_60_zscore,momentum_60,60-Day Momentum,Momentum,standardized,300,-0.0946966498
2022-10-31,2022-11-30,1,momentum_60_zscore,momentum_60,60-Day Momentum,Momentum,standardized,300,-0.3228400674
2022-11-30,2022-12-31,1,momentum_60_zscore,momentum_60,60-Day Momentum,Momentum,standardized,300,0.0824315917
2022-12-31,2023-01-31,1,momentum_60_zscore,momentum_60,60-Day Momentum,Momentum,standardized,300,-0.0930957424
2023-01-31,2023-02-28,1,momentum_60_zscore,momentum_60,60-Day Momentum,Momentum,standardized,300,-0.0334430383
2023-02-28,2023-03-31,1,momentum_60_zscore,momentum_60,60-Day Momentum,Momentum,standardized,300,0.0645471688
2023-03-31,2023-04-30,1,momentum_60_zscore,momentum_60,60-Day Momentum,Momentum,standardized,300,0.0961060838
2023-04-30,2023-05-31,1,momentum_60_zscore,momentum_60,60-Day Momentum,Momentum,standardized,300,0.1448390231
2023-05-31,2023-06-30,1,momentum_60_zscore,momentum_60,60-Day Momentum,Momentum,standardized,300,-0.1499532384
2023-06-30,2023-07-31,1,momentum_60_zscore,momentum_60,60-Day Momentum,Momentum,standardized,300,-0.2550526117
2023-07-31,2023-08-31,1,momentum_60_zscore,momentum_60,60-Day Momentum,Momentum,standardized,300,0.0870447546
2023-08-31,2023-09-30,1,momentum_60_zscore,momentum_60,60-Day Momentum,Momentum,standardized,300,0.1226314307
2023-09-30,2023-10-31,1,momentum_60_zscore,momentum_60,60-Day Momentum,Momentum,standardized,300,0.1566426294
2023-10-31,2023-11-30,1,momentum_60_zscore,momentum_60,60-Day Momentum,Momentum,standardized,300,0.2059498668
2023-11-30,2023-12-31,1,momentum_60_zscore,momentum_60,60-Day Momentum,Momentum,standardized,300,-0.0170093114
2023-12-31,2024-01-31,1,momentum_60_zscore,momentum_60,60-Day Momentum,Momentum,standardized,300,0.0017164635
2024-01-31,2024-02-29,1,momentum_60_zscore,momentum_60,60-Day Momentum,Momentum,standardized,300,-0.5868790305
2024-02-29,2024-03-31,1,momentum_60_zscore,momentum_60,60-Day Momentum,Momentum,standardized,300,0.2888547651
2024-03-31,2024-04-30,1,momentum_60_zscore,momentum_60,60-Day Momentum,Momentum,standardized,300,0.2167634419
2024-04-30,2024-05-31,1,momentum_60_zscore,momentum_60,60-Day Momentum,Momentum,standardized,300,-0.0518456929
2024-05-31,2024-06-30,1,momentum_60_zscore,momentum_60,60-Day Momentum,Momentum,standardized,300,0.4383973155
2024-06-30,2024-07-31,1,momentum_60_zscore,momentum_60,60-Day Momentum,Momentum,standardized,300,-0.1552897427
2024-07-31,2024-08-31,1,momentum_60_zscore,momentum_60,60-Day Momentum,Momentum,standardized,300,0.1085940955
2024-08-31,2024-09-30,1,momentum_60_zscore,momentum_60,60-Day Momentum,Momentum,standardized,298,-0.4365885063
2024-09-30,2024-10-31,1,momentum_60_zscore,momentum_60,60-Day Momentum,Momentum,standardized,298,0.1928500244
2024-10-31,2024-11-30,1,momentum_60_zscore,momentum_60,60-Day Momentum,Momentum,standardized,300,0.0209833699
2024-11-30,2024-12-31,1,momentum_60_zscore,momentum_60,60-Day Momentum,Momentum,standardized,300,-0.4850165946
2024-12-31,2025-01-31,1,momentum_60_zscore,momentum_60,60-Day Momentum,Momentum,standardized,300,0.0522179135
2025-01-31,2025-02-28,1,momentum_60_zscore,momentum_60,60-Day Momentum,Momentum,standardized,299,-0.1210637041
2025-02-28,2025-03-31,1,momentum_60_zscore,momentum_60,60-Day Momentum,Momentum,standardized,299,0.0286338807
2025-03-31,2025-04-30,1,momentum_60_zscore,momentum_60,60-Day Momentum,Momentum,standardized,300,0.0485234388
2025-04-30,2025-05-31,1,momentum_60_zscore,momentum_60,60-Day Momentum,Momentum,standardized,300,-0.1004246937
2025-05-31,2025-06-30,1,momentum_60_zscore,momentum_60,60-Day Momentum,Momentum,standardized,300,-0.1789173412
2025-06-30,2025-07-31,1,momentum_60_zscore,momentum_60,60-Day Momentum,Momentum,standardized,299,-0.0899751958
2025-07-31,2025-08-31,1,momentum_60_zscore,momentum_60,60-Day Momentum,Momentum,standardized,299,0.0017380423
2025-08-31,2025-09-30,1,momentum_60_zscore,momentum_60,60-Day Momentum,Momentum,standardized,299,0.2813034227
2025-09-30,2025-10-31,1,momentum_60_zscore,momentum_60,60-Day Momentum,Momentum,standardized,300,-0.3122579584
2025-10-31,2025-11-30,1,momentum_60_zscore,momentum_60,60-Day Momentum,Momentum,standardized,300,-0.1731120913
2025-11-30,2025-12-31,1,momentum_60_zscore,momentum_60,60-Day Momentum,Momentum,standardized,300,0.0832019982
2025-12-31,2026-01-31,1,momentum_60_zscore,momentum_60,60-Day Momentum,Momentum,standardized,299,0.0264375986
2026-01-31,2026-02-28,1,momentum_60_zscore,momentum_60,60-Day Momentum,Momentum,standardized,300,0.0616869152
2026-02-28,2026-03-31,1,momentum_60_zscore,momentum_60,60-Day Momentum,Momentum,standardized,300,-0.3060002949
2026-03-31,2026-04-30,1,momentum_60_zscore,momentum_60,60-Day Momentum,Momentum,standardized,300,-0.0435247348
2026-04-30,2026-05-31,1,momentum_60_zscore,momentum_60,60-Day Momentum,Momentum,standardized,300,0.1420634194
2026-05-31,2026-06-30,1,momentum_60_zscore,momentum_60,60-Day Momentum,Momentum,standardized,300,0.3102101543
2026-06-30,2026-07-31,1,momentum_60_zscore,momentum_60,60-Day Momentum,Momentum,standardized,300,-0.6495941007
2026-07-31,2026-08-31,1,momentum_60_zscore,momentum_60,60-Day Momentum,Momentum,standardized,300,0.0035480414
2026-08-31,2026-09-08,1,momentum_60_zscore,momentum_60,60-Day Momentum,Momentum,standardized,300,0.0352353235
2019-07-31,2019-10-31,3,momentum_60_zscore,momentum_60,60-Day Momentum,Momentum,standardized,300,0.0983539817
2019-08-31,2019-11-30,3,momentum_60_zscore,momentum_60,60-Day Momentum,Momentum,standardized,300,-0.0314234952
2019-09-30,2019-12-31,3,momentum_60_zscore,momentum_60,60-Day Momentum,Momentum,standardized,300,0.1311657453
2019-10-31,2020-01-31,3,momentum_60_zscore,momentum_60,60-Day Momentum,Momentum,standardized,300,0.0678461701
2019-11-30,2020-02-29,3,momentum_60_zscore,momentum_60,60-Day Momentum,Momentum,standardized,300,0.0822418027
2019-12-31,2020-03-31,3,momentum_60_zscore,momentum_60,60-Day Momentum,Momentum,standardized,300,-0.0421794044
2020-01-31,2020-04-30,3,momentum_60_zscore,momentum_60,60-Day Momentum,Momentum,standardized,299,0.1095190108
2020-02-29,2020-05-31,3,momentum_60_zscore,momentum_60,60-Day Momentum,Momentum,standardized,299,-0.0582584136
2020-03-31,2020-06-30,3,momentum_60_zscore,momentum_60,60-Day Momentum,Momentum,standardized,300,0.1171337720
2020-04-30,2020-07-31,3,momentum_60_zscore,momentum_60,60-Day Momentum,Momentum,standardized,299,0.1585573796
2020-05-31,2020-08-31,3,momentum_60_zscore,momentum_60,60-Day Momentum,Momentum,standardized,299,0.1404289624
2020-06-30,2020-09-30,3,momentum_60_zscore,momentum_60,60-Day Momentum,Momentum,standardized,299,0.0591773540
2020-07-31,2020-10-31,3,momentum_60_zscore,momentum_60,60-Day Momentum,Momentum,standardized,300,0.0132379396
2020-08-31,2020-11-30,3,momentum_60_zscore,momentum_60,60-Day Momentum,Momentum,standardized,300,-0.0587026588
2020-09-30,2020-12-31,3,momentum_60_zscore,momentum_60,60-Day Momentum,Momentum,standardized,300,0.3050488583
2020-10-31,2021-01-31,3,momentum_60_zscore,momentum_60,60-Day Momentum,Momentum,standardized,300,0.3226040865
2020-11-30,2021-02-28,3,momentum_60_zscore,momentum_60,60-Day Momentum,Momentum,standardized,300,0.3319110931
2020-12-31,2021-03-31,3,momentum_60_zscore,momentum_60,60-Day Momentum,Momentum,standardized,300,0.0397692632
2021-01-31,2021-04-30,3,momentum_60_zscore,momentum_60,60-Day Momentum,Momentum,standardized,300,-0.0589071055
2021-02-28,2021-05-31,3,momentum_60_zscore,momentum_60,60-Day Momentum,Momentum,standardized,300,0.0443511644
2021-03-31,2021-06-30,3,momentum_60_zscore,momentum_60,60-Day Momentum,Momentum,standardized,299,-0.2401472470
2021-04-30,2021-07-31,3,momentum_60_zscore,momentum_60,60-Day Momentum,Momentum,standardized,300,-0.1112599029
2021-05-31,2021-08-31,3,momentum_60_zscore,momentum_60,60-Day Momentum,Momentum,standardized,300,0.0150001667
2021-06-30,2021-09-30,3,momentum_60_zscore,momentum_60,60-Day Momentum,Momentum,standardized,298,-0.0546538643
2021-07-31,2021-10-31,3,momentum_60_zscore,momentum_60,60-Day Momentum,Momentum,standardized,300,-0.1239932953
2021-08-31,2021-11-30,3,momentum_60_zscore,momentum_60,60-Day Momentum,Momentum,standardized,300,-0.2378255674
2021-09-30,2021-12-31,3,momentum_60_zscore,momentum_60,60-Day Momentum,Momentum,standardized,300,-0.1577738345
2021-10-31,2022-01-31,3,momentum_60_zscore,momentum_60,60-Day Momentum,Momentum,standardized,300,0.0447578356
2021-11-30,2022-02-28,3,momentum_60_zscore,momentum_60,60-Day Momentum,Momentum,standardized,300,-0.1086122043
2021-12-31,2022-03-31,3,momentum_60_zscore,momentum_60,60-Day Momentum,Momentum,standardized,300,-0.2910507895
2022-01-31,2022-04-30,3,momentum_60_zscore,momentum_60,60-Day Momentum,Momentum,standardized,298,0.1897691410
2022-02-28,2022-05-31,3,momentum_60_zscore,momentum_60,60-Day Momentum,Momentum,standardized,299,0.1875118404
2022-03-31,2022-06-30,3,momentum_60_zscore,momentum_60,60-Day Momentum,Momentum,standardized,300,-0.3576787998
2022-04-30,2022-07-31,3,momentum_60_zscore,momentum_60,60-Day Momentum,Momentum,standardized,300,-0.3699854443
2022-05-31,2022-08-31,3,momentum_60_zscore,momentum_60,60-Day Momentum,Momentum,standardized,299,-0.1271652713
2022-06-30,2022-09-30,3,momentum_60_zscore,momentum_60,60-Day Momentum,Momentum,standardized,298,0.0025468485
2022-07-31,2022-10-31,3,momentum_60_zscore,momentum_60,60-Day Momentum,Momentum,standardized,300,-0.1118950599
2022-08-31,2022-11-30,3,momentum_60_zscore,momentum_60,60-Day Momentum,Momentum,standardized,300,-0.0836976059
2022-09-30,2022-12-31,3,momentum_60_zscore,momentum_60,60-Day Momentum,Momentum,standardized,300,-0.0816457961
2022-10-31,2023-01-31,3,momentum_60_zscore,momentum_60,60-Day Momentum,Momentum,standardized,300,-0.4292221502
2022-11-30,2023-02-28,3,momentum_60_zscore,momentum_60,60-Day Momentum,Momentum,standardized,300,-0.0169686368
2022-12-31,2023-03-31,3,momentum_60_zscore,momentum_60,60-Day Momentum,Momentum,standardized,300,0.1053842938
2023-01-31,2023-04-30,3,momentum_60_zscore,momentum_60,60-Day Momentum,Momentum,standardized,300,-0.1344157307
2023-02-28,2023-05-31,3,momentum_60_zscore,momentum_60,60-Day Momentum,Momentum,standardized,300,-0.0835964844
2023-03-31,2023-06-30,3,momentum_60_zscore,momentum_60,60-Day Momentum,Momentum,standardized,300,0.2081945136
2023-04-30,2023-07-31,3,momentum_60_zscore,momentum_60,60-Day Momentum,Momentum,standardized,300,-0.0114814660
2023-05-31,2023-08-31,3,momentum_60_zscore,momentum_60,60-Day Momentum,Momentum,standardized,300,-0.0814058024
2023-06-30,2023-09-30,3,momentum_60_zscore,momentum_60,60-Day Momentum,Momentum,standardized,300,-0.0259016211
2023-07-31,2023-10-31,3,momentum_60_zscore,momentum_60,60-Day Momentum,Momentum,standardized,300,0.1137612767
2023-08-31,2023-11-30,3,momentum_60_zscore,momentum_60,60-Day Momentum,Momentum,standardized,300,0.1752215025
2023-09-30,2023-12-31,3,momentum_60_zscore,momentum_60,60-Day Momentum,Momentum,standardized,300,0.0657798420
2023-10-31,2024-01-31,3,momentum_60_zscore,momentum_60,60-Day Momentum,Momentum,standardized,300,0.2286554295
2023-11-30,2024-02-29,3,momentum_60_zscore,momentum_60,60-Day Momentum,Momentum,standardized,300,0.0469045316
2023-12-31,2024-03-31,3,momentum_60_zscore,momentum_60,60-Day Momentum,Momentum,standardized,300,0.0417929088
2024-01-31,2024-04-30,3,momentum_60_zscore,momentum_60,60-Day Momentum,Momentum,standardized,300,0.0097318881
2024-02-29,2024-05-31,3,momentum_60_zscore,momentum_60,60-Day Momentum,Momentum,standardized,300,0.3415357948
2024-03-31,2024-06-30,3,momentum_60_zscore,momentum_60,60-Day Momentum,Momentum,standardized,300,0.3315346463
2024-04-30,2024-07-31,3,momentum_60_zscore,momentum_60,60-Day Momentum,Momentum,standardized,300,0.1127468208
2024-05-31,2024-08-31,3,momentum_60_zscore,momentum_60,60-Day Momentum,Momentum,standardized,300,0.2777741975
2024-06-30,2024-09-30,3,momentum_60_zscore,momentum_60,60-Day Momentum,Momentum,standardized,298,-0.4598122501
2024-07-31,2024-10-31,3,momentum_60_zscore,momentum_60,60-Day Momentum,Momentum,standardized,300,-0.2583704263
2024-08-31,2024-11-30,3,momentum_60_zscore,momentum_60,60-Day Momentum,Momentum,standardized,300,-0.2465556284
2024-09-30,2024-12-31,3,momentum_60_zscore,momentum_60,60-Day Momentum,Momentum,standardized,298,-0.0364344707
2024-10-31,2025-01-31,3,momentum_60_zscore,momentum_60,60-Day Momentum,Momentum,standardized,300,-0.2370053264
2024-11-30,2025-02-28,3,momentum_60_zscore,momentum_60,60-Day Momentum,Momentum,standardized,299,-0.1790720713
2024-12-31,2025-03-31,3,momentum_60_zscore,momentum_60,60-Day Momentum,Momentum,standardized,299,-0.0544328971
2025-01-31,2025-04-30,3,momentum_60_zscore,momentum_60,60-Day Momentum,Momentum,standardized,299,0.0372575460
2025-02-28,2025-05-31,3,momentum_60_zscore,momentum_60,60-Day Momentum,Momentum,standardized,299,-0.0299487898
2025-03-31,2025-06-30,3,momentum_60_zscore,momentum_60,60-Day Momentum,Momentum,standardized,300,-0.0484065486
2025-04-30,2025-07-31,3,momentum_60_zscore,momentum_60,60-Day Momentum,Momentum,standardized,300,-0.3088700986
2025-05-31,2025-08-31,3,momentum_60_zscore,momentum_60,60-Day Momentum,Momentum,standardized,299,-0.4604094184
2025-06-30,2025-09-30,3,momentum_60_zscore,momentum_60,60-Day Momentum,Momentum,standardized,298,-0.2038190985
2025-07-31,2025-10-31,3,momentum_60_zscore,momentum_60,60-Day Momentum,Momentum,standardized,299,0.0216196682
2025-08-31,2025-11-30,3,momentum_60_zscore,momentum_60,60-Day Momentum,Momentum,standardized,299,-0.0289927812
2025-09-30,2025-12-31,3,momentum_60_zscore,momentum_60,60-Day Momentum,Momentum,standardized,300,-0.2021787199
2025-10-31,2026-01-31,3,momentum_60_zscore,momentum_60,60-Day Momentum,Momentum,standardized,300,0.2191336207
2025-11-30,2026-02-28,3,momentum_60_zscore,momentum_60,60-Day Momentum,Momentum,standardized,300,0.1470624053
2025-12-31,2026-03-31,3,momentum_60_zscore,momentum_60,60-Day Momentum,Momentum,standardized,299,0.2246207969
2026-01-31,2026-04-30,3,momentum_60_zscore,momentum_60,60-Day Momentum,Momentum,standardized,300,-0.0160638795
2026-02-28,2026-05-31,3,momentum_60_zscore,momentum_60,60-Day Momentum,Momentum,standardized,300,0.0040838495
2026-03-31,2026-06-30,3,momentum_60_zscore,momentum_60,60-Day Momentum,Momentum,standardized,300,-0.1230618391
2026-04-30,2026-07-31,3,momentum_60_zscore,momentum_60,60-Day Momentum,Momentum,standardized,300,0.0595544660
2026-05-31,2026-08-31,3,momentum_60_zscore,momentum_60,60-Day Momentum,Momentum,standardized,300,-0.0604943546
2026-06-30,2026-09-08,3,momentum_60_zscore,momentum_60,60-Day Momentum,Momentum,standardized,300,-0.5382150520
2019-07-31,2019-08-31,1,momentum_60_neutral,momentum_60,60-Day Momentum,Momentum,neutralized,300,0.2046629634
2019-08-31,2019-09-30,1,momentum_60_neutral,momentum_60,60-Day Momentum,Momentum,neutralized,300,-0.0550629013
2019-09-30,2019-10-31,1,momentum_60_neutral,momentum_60,60-Day Momentum,Momentum,neutralized,300,0.0802245004
2019-10-31,2019-11-30,1,momentum_60_neutral,momentum_60,60-Day Momentum,Momentum,neutralized,300,0.0281436492
2019-11-30,2019-12-31,1,momentum_60_neutral,momentum_60,60-Day Momentum,Momentum,neutralized,300,0.0470507555
2019-12-31,2020-01-31,1,momentum_60_neutral,momentum_60,60-Day Momentum,Momentum,neutralized,300,-0.0212664656
2020-01-31,2020-02-29,1,momentum_60_neutral,momentum_60,60-Day Momentum,Momentum,neutralized,300,0.0299321170
2020-02-29,2020-03-31,1,momentum_60_neutral,momentum_60,60-Day Momentum,Momentum,neutralized,300,-0.0353941710
2020-03-31,2020-04-30,1,momentum_60_neutral,momentum_60,60-Day Momentum,Momentum,neutralized,299,0.0246129231
2020-04-30,2020-05-31,1,momentum_60_neutral,momentum_60,60-Day Momentum,Momentum,neutralized,299,-0.0395313281
2020-05-31,2020-06-30,1,momentum_60_neutral,momentum_60,60-Day Momentum,Momentum,neutralized,299,-0.0609147162
2020-06-30,2020-07-31,1,momentum_60_neutral,momentum_60,60-Day Momentum,Momentum,neutralized,299,0.0997777828
2020-07-31,2020-08-31,1,momentum_60_neutral,momentum_60,60-Day Momentum,Momentum,neutralized,300,-0.0144588337
2020-08-31,2020-09-30,1,momentum_60_neutral,momentum_60,60-Day Momentum,Momentum,neutralized,300,0.0312301248
2020-09-30,2020-10-31,1,momentum_60_neutral,momentum_60,60-Day Momentum,Momentum,neutralized,300,-0.0180784633
2020-10-31,2020-11-30,1,momentum_60_neutral,momentum_60,60-Day Momentum,Momentum,neutralized,300,0.0608651275
2020-11-30,2020-12-31,1,momentum_60_neutral,momentum_60,60-Day Momentum,Momentum,neutralized,300,0.1431167331
2020-12-31,2021-01-31,1,momentum_60_neutral,momentum_60,60-Day Momentum,Momentum,neutralized,300,0.2551830859
2021-01-31,2021-02-28,1,momentum_60_neutral,momentum_60,60-Day Momentum,Momentum,neutralized,300,-0.2319071082
2021-02-28,2021-03-31,1,momentum_60_neutral,momentum_60,60-Day Momentum,Momentum,neutralized,300,0.0489116546
2021-03-31,2021-04-30,1,momentum_60_neutral,momentum_60,60-Day Momentum,Momentum,neutralized,300,-0.0552419717
2021-04-30,2021-05-31,1,momentum_60_neutral,momentum_60,60-Day Momentum,Momentum,neutralized,300,-0.1152640883
2021-05-31,2021-06-30,1,momentum_60_neutral,momentum_60,60-Day Momentum,Momentum,neutralized,299,0.1189216853
2021-06-30,2021-07-31,1,momentum_60_neutral,momentum_60,60-Day Momentum,Momentum,neutralized,299,0.0665125362
2021-07-31,2021-08-31,1,momentum_60_neutral,momentum_60,60-Day Momentum,Momentum,neutralized,300,-0.0264251825
2021-08-31,2021-09-30,1,momentum_60_neutral,momentum_60,60-Day Momentum,Momentum,neutralized,300,-0.2202260515
2021-09-30,2021-10-31,1,momentum_60_neutral,momentum_60,60-Day Momentum,Momentum,neutralized,300,-0.0502743643
2021-10-31,2021-11-30,1,momentum_60_neutral,momentum_60,60-Day Momentum,Momentum,neutralized,300,-0.0046149427
2021-11-30,2021-12-31,1,momentum_60_neutral,momentum_60,60-Day Momentum,Momentum,neutralized,300,-0.0908025746
2021-12-31,2022-01-31,1,momentum_60_neutral,momentum_60,60-Day Momentum,Momentum,neutralized,300,0.0344781647
2022-01-31,2022-02-28,1,momentum_60_neutral,momentum_60,60-Day Momentum,Momentum,neutralized,298,-0.2055379172
2022-02-28,2022-03-31,1,momentum_60_neutral,momentum_60,60-Day Momentum,Momentum,neutralized,299,0.0255612669
2022-03-31,2022-04-30,1,momentum_60_neutral,momentum_60,60-Day Momentum,Momentum,neutralized,300,0.0001515572
2022-04-30,2022-05-31,1,momentum_60_neutral,momentum_60,60-Day Momentum,Momentum,neutralized,300,-0.2295172169
2022-05-31,2022-06-30,1,momentum_60_neutral,momentum_60,60-Day Momentum,Momentum,neutralized,299,-0.2070631644
2022-06-30,2022-07-31,1,momentum_60_neutral,momentum_60,60-Day Momentum,Momentum,neutralized,298,-0.1070290796
2022-07-31,2022-08-31,1,momentum_60_neutral,momentum_60,60-Day Momentum,Momentum,neutralized,300,-0.1488614483
2022-08-31,2022-09-30,1,momentum_60_neutral,momentum_60,60-Day Momentum,Momentum,neutralized,300,0.0612106937
2022-09-30,2022-10-31,1,momentum_60_neutral,momentum_60,60-Day Momentum,Momentum,neutralized,300,0.0591895729
2022-10-31,2022-11-30,1,momentum_60_neutral,momentum_60,60-Day Momentum,Momentum,neutralized,300,-0.2824266936
2022-11-30,2022-12-31,1,momentum_60_neutral,momentum_60,60-Day Momentum,Momentum,neutralized,300,0.0946854965
2022-12-31,2023-01-31,1,momentum_60_neutral,momentum_60,60-Day Momentum,Momentum,neutralized,300,-0.1370589171
2023-01-31,2023-02-28,1,momentum_60_neutral,momentum_60,60-Day Momentum,Momentum,neutralized,300,-0.0253609513
2023-02-28,2023-03-31,1,momentum_60_neutral,momentum_60,60-Day Momentum,Momentum,neutralized,300,0.0003426705
2023-03-31,2023-04-30,1,momentum_60_neutral,momentum_60,60-Day Momentum,Momentum,neutralized,300,0.1619280214
2023-04-30,2023-05-31,1,momentum_60_neutral,momentum_60,60-Day Momentum,Momentum,neutralized,300,0.0968897648
2023-05-31,2023-06-30,1,momentum_60_neutral,momentum_60,60-Day Momentum,Momentum,neutralized,300,-0.0257638447
2023-06-30,2023-07-31,1,momentum_60_neutral,momentum_60,60-Day Momentum,Momentum,neutralized,300,-0.2098881332
2023-07-31,2023-08-31,1,momentum_60_neutral,momentum_60,60-Day Momentum,Momentum,neutralized,300,0.0695581062
2023-08-31,2023-09-30,1,momentum_60_neutral,momentum_60,60-Day Momentum,Momentum,neutralized,300,0.0802178337
2023-09-30,2023-10-31,1,momentum_60_neutral,momentum_60,60-Day Momentum,Momentum,neutralized,300,0.1016197958
2023-10-31,2023-11-30,1,momentum_60_neutral,momentum_60,60-Day Momentum,Momentum,neutralized,300,0.0462802971
2023-11-30,2023-12-31,1,momentum_60_neutral,momentum_60,60-Day Momentum,Momentum,neutralized,300,-0.0368277671
2023-12-31,2024-01-31,1,momentum_60_neutral,momentum_60,60-Day Momentum,Momentum,neutralized,300,-0.0041889354
2024-01-31,2024-02-29,1,momentum_60_neutral,momentum_60,60-Day Momentum,Momentum,neutralized,300,-0.1971651891
2024-02-29,2024-03-31,1,momentum_60_neutral,momentum_60,60-Day Momentum,Momentum,neutralized,300,0.2030018111
2024-03-31,2024-04-30,1,momentum_60_neutral,momentum_60,60-Day Momentum,Momentum,neutralized,300,0.1563487130
2024-04-30,2024-05-31,1,momentum_60_neutral,momentum_60,60-Day Momentum,Momentum,neutralized,300,-0.0443876043
2024-05-31,2024-06-30,1,momentum_60_neutral,momentum_60,60-Day Momentum,Momentum,neutralized,300,0.3003833376
2024-06-30,2024-07-31,1,momentum_60_neutral,momentum_60,60-Day Momentum,Momentum,neutralized,300,-0.1687894310
2024-07-31,2024-08-31,1,momentum_60_neutral,momentum_60,60-Day Momentum,Momentum,neutralized,300,0.1146288547
2024-08-31,2024-09-30,1,momentum_60_neutral,momentum_60,60-Day Momentum,Momentum,neutralized,298,-0.3678932033
2024-09-30,2024-10-31,1,momentum_60_neutral,momentum_60,60-Day Momentum,Momentum,neutralized,298,0.0739679228
2024-10-31,2024-11-30,1,momentum_60_neutral,momentum_60,60-Day Momentum,Momentum,neutralized,300,0.0033031515
2024-11-30,2024-12-31,1,momentum_60_neutral,momentum_60,60-Day Momentum,Momentum,neutralized,300,-0.3246511628
2024-12-31,2025-01-31,1,momentum_60_neutral,momentum_60,60-Day Momentum,Momentum,neutralized,300,0.0049440549
2025-01-31,2025-02-28,1,momentum_60_neutral,momentum_60,60-Day Momentum,Momentum,neutralized,299,-0.1637619400
2025-02-28,2025-03-31,1,momentum_60_neutral,momentum_60,60-Day Momentum,Momentum,neutralized,299,0.0793984422
2025-03-31,2025-04-30,1,momentum_60_neutral,momentum_60,60-Day Momentum,Momentum,neutralized,300,-0.0183226501
2025-04-30,2025-05-31,1,momentum_60_neutral,momentum_60,60-Day Momentum,Momentum,neutralized,300,-0.0916725945
2025-05-31,2025-06-30,1,momentum_60_neutral,momentum_60,60-Day Momentum,Momentum,neutralized,300,-0.0772999786
2025-06-30,2025-07-31,1,momentum_60_neutral,momentum_60,60-Day Momentum,Momentum,neutralized,299,-0.0541819488
2025-07-31,2025-08-31,1,momentum_60_neutral,momentum_60,60-Day Momentum,Momentum,neutralized,299,-0.0654789629
2025-08-31,2025-09-30,1,momentum_60_neutral,momentum_60,60-Day Momentum,Momentum,neutralized,299,0.0049305291
2025-09-30,2025-10-31,1,momentum_60_neutral,momentum_60,60-Day Momentum,Momentum,neutralized,300,-0.0502009752
2025-10-31,2025-11-30,1,momentum_60_neutral,momentum_60,60-Day Momentum,Momentum,neutralized,300,-0.0265954066
2025-11-30,2025-12-31,1,momentum_60_neutral,momentum_60,60-Day Momentum,Momentum,neutralized,300,0.0158330648
2025-12-31,2026-01-31,1,momentum_60_neutral,momentum_60,60-Day Momentum,Momentum,neutralized,299,0.0226004159
2026-01-31,2026-02-28,1,momentum_60_neutral,momentum_60,60-Day Momentum,Momentum,neutralized,300,-0.0054453938
2026-02-28,2026-03-31,1,momentum_60_neutral,momentum_60,60-Day Momentum,Momentum,neutralized,300,-0.0524259217
2026-03-31,2026-04-30,1,momentum_60_neutral,momentum_60,60-Day Momentum,Momentum,neutralized,300,0.0222904798
2026-04-30,2026-05-31,1,momentum_60_neutral,momentum_60,60-Day Momentum,Momentum,neutralized,300,-0.0453409482
2026-05-31,2026-06-30,1,momentum_60_neutral,momentum_60,60-Day Momentum,Momentum,neutralized,300,0.0333443705
2026-06-30,2026-07-31,1,momentum_60_neutral,momentum_60,60-Day Momentum,Momentum,neutralized,300,-0.3659338437
2026-07-31,2026-08-31,1,momentum_60_neutral,momentum_60,60-Day Momentum,Momentum,neutralized,300,-0.0025891405
2026-08-31,2026-09-08,1,momentum_60_neutral,momentum_60,60-Day Momentum,Momentum,neutralized,300,0.0147484025
2019-07-31,2019-10-31,3,momentum_60_neutral,momentum_60,60-Day Momentum,Momentum,neutralized,300,0.0831538128
2019-08-31,2019-11-30,3,momentum_60_neutral,momentum_60,60-Day Momentum,Momentum,neutralized,300,-0.0057471750
2019-09-30,2019-12-31,3,momentum_60_neutral,momentum_60,60-Day Momentum,Momentum,neutralized,300,0.0842169357
2019-10-31,2020-01-31,3,momentum_60_neutral,momentum_60,60-Day Momentum,Momentum,neutralized,300,-0.0025293617
2019-11-30,2020-02-29,3,momentum_60_neutral,momentum_60,60-Day Momentum,Momentum,neutralized,300,-0.0009415661
2019-12-31,2020-03-31,3,momentum_60_neutral,momentum_60,60-Day Momentum,Momentum,neutralized,300,-0.0470863114
2020-01-31,2020-04-30,3,momentum_60_neutral,momentum_60,60-Day Momentum,Momentum,neutralized,299,0.0650647718
2020-02-29,2020-05-31,3,momentum_60_neutral,momentum_60,60-Day Momentum,Momentum,neutralized,299,0.0709555341
2020-03-31,2020-06-30,3,momentum_60_neutral,momentum_60,60-Day Momentum,Momentum,neutralized,300,-0.0405271170
2020-04-30,2020-07-31,3,momentum_60_neutral,momentum_60,60-Day Momentum,Momentum,neutralized,299,0.0006709166
2020-05-31,2020-08-31,3,momentum_60_neutral,momentum_60,60-Day Momentum,Momentum,neutralized,299,0.0555870800
2020-06-30,2020-09-30,3,momentum_60_neutral,momentum_60,60-Day Momentum,Momentum,neutralized,299,0.1454225494
2020-07-31,2020-10-31,3,momentum_60_neutral,momentum_60,60-Day Momentum,Momentum,neutralized,300,0.0217544639
2020-08-31,2020-11-30,3,momentum_60_neutral,momentum_60,60-Day Momentum,Momentum,neutralized,300,-0.0463071812
2020-09-30,2020-12-31,3,momentum_60_neutral,momentum_60,60-Day Momentum,Momentum,neutralized,300,0.1129012545
2020-10-31,2021-01-31,3,momentum_60_neutral,momentum_60,60-Day Momentum,Momentum,neutralized,300,0.2075267670
2020-11-30,2021-02-28,3,momentum_60_neutral,momentum_60,60-Day Momentum,Momentum,neutralized,300,0.2085645396
2020-12-31,2021-03-31,3,momentum_60_neutral,momentum_60,60-Day Momentum,Momentum,neutralized,300,-0.0153759503
2021-01-31,2021-04-30,3,momentum_60_neutral,momentum_60,60-Day Momentum,Momentum,neutralized,300,-0.1210667054
2021-02-28,2021-05-31,3,momentum_60_neutral,momentum_60,60-Day Momentum,Momentum,neutralized,300,0.0600113401
2021-03-31,2021-06-30,3,momentum_60_neutral,momentum_60,60-Day Momentum,Momentum,neutralized,299,-0.1328863550
2021-04-30,2021-07-31,3,momentum_60_neutral,momentum_60,60-Day Momentum,Momentum,neutralized,300,-0.0533323763
2021-05-31,2021-08-31,3,momentum_60_neutral,momentum_60,60-Day Momentum,Momentum,neutralized,300,0.0795084390
2021-06-30,2021-09-30,3,momentum_60_neutral,momentum_60,60-Day Momentum,Momentum,neutralized,298,-0.0466524689
2021-07-31,2021-10-31,3,momentum_60_neutral,momentum_60,60-Day Momentum,Momentum,neutralized,300,0.0018040202
2021-08-31,2021-11-30,3,momentum_60_neutral,momentum_60,60-Day Momentum,Momentum,neutralized,300,-0.0554964006
2021-09-30,2021-12-31,3,momentum_60_neutral,momentum_60,60-Day Momentum,Momentum,neutralized,300,-0.0425538582
2021-10-31,2022-01-31,3,momentum_60_neutral,momentum_60,60-Day Momentum,Momentum,neutralized,300,0.0069967452
2021-11-30,2022-02-28,3,momentum_60_neutral,momentum_60,60-Day Momentum,Momentum,neutralized,300,-0.0262680726
2021-12-31,2022-03-31,3,momentum_60_neutral,momentum_60,60-Day Momentum,Momentum,neutralized,300,-0.0932883802
2022-01-31,2022-04-30,3,momentum_60_neutral,momentum_60,60-Day Momentum,Momentum,neutralized,298,-0.0097776943
2022-02-28,2022-05-31,3,momentum_60_neutral,momentum_60,60-Day Momentum,Momentum,neutralized,299,-0.0486965500
2022-03-31,2022-06-30,3,momentum_60_neutral,momentum_60,60-Day Momentum,Momentum,neutralized,300,-0.2114682214
2022-04-30,2022-07-31,3,momentum_60_neutral,momentum_60,60-Day Momentum,Momentum,neutralized,300,-0.1680449783
2022-05-31,2022-08-31,3,momentum_60_neutral,momentum_60,60-Day Momentum,Momentum,neutralized,299,-0.0914592265
2022-06-30,2022-09-30,3,momentum_60_neutral,momentum_60,60-Day Momentum,Momentum,neutralized,298,0.0081198508
2022-07-31,2022-10-31,3,momentum_60_neutral,momentum_60,60-Day Momentum,Momentum,neutralized,300,-0.0517770255
2022-08-31,2022-11-30,3,momentum_60_neutral,momentum_60,60-Day Momentum,Momentum,neutralized,300,-0.1163688744
2022-09-30,2022-12-31,3,momentum_60_neutral,momentum_60,60-Day Momentum,Momentum,neutralized,300,-0.0617904643
2022-10-31,2023-01-31,3,momentum_60_neutral,momentum_60,60-Day Momentum,Momentum,neutralized,300,-0.3486629851
2022-11-30,2023-02-28,3,momentum_60_neutral,momentum_60,60-Day Momentum,Momentum,neutralized,300,0.0873174243
2022-12-31,2023-03-31,3,momentum_60_neutral,momentum_60,60-Day Momentum,Momentum,neutralized,300,0.0468647481
2023-01-31,2023-04-30,3,momentum_60_neutral,momentum_60,60-Day Momentum,Momentum,neutralized,300,-0.0486034397
2023-02-28,2023-05-31,3,momentum_60_neutral,momentum_60,60-Day Momentum,Momentum,neutralized,300,0.0341381571
2023-03-31,2023-06-30,3,momentum_60_neutral,momentum_60,60-Day Momentum,Momentum,neutralized,300,0.2404146713
2023-04-30,2023-07-31,3,momentum_60_neutral,momentum_60,60-Day Momentum,Momentum,neutralized,300,0.0380653161
2023-05-31,2023-08-31,3,momentum_60_neutral,momentum_60,60-Day Momentum,Momentum,neutralized,300,-0.0287294335
2023-06-30,2023-09-30,3,momentum_60_neutral,momentum_60,60-Day Momentum,Momentum,neutralized,300,-0.0683943231
2023-07-31,2023-10-31,3,momentum_60_neutral,momentum_60,60-Day Momentum,Momentum,neutralized,300,0.0853605040
2023-08-31,2023-11-30,3,momentum_60_neutral,momentum_60,60-Day Momentum,Momentum,neutralized,300,0.0625471464
2023-09-30,2023-12-31,3,momentum_60_neutral,momentum_60,60-Day Momentum,Momentum,neutralized,300,0.0236793742
2023-10-31,2024-01-31,3,momentum_60_neutral,momentum_60,60-Day Momentum,Momentum,neutralized,300,0.0482552028
2023-11-30,2024-02-29,3,momentum_60_neutral,momentum_60,60-Day Momentum,Momentum,neutralized,300,-0.0547837320
2023-12-31,2024-03-31,3,momentum_60_neutral,momentum_60,60-Day Momentum,Momentum,neutralized,300,0.0126205847
2024-01-31,2024-04-30,3,momentum_60_neutral,momentum_60,60-Day Momentum,Momentum,neutralized,300,0.1266132690
2024-02-29,2024-05-31,3,momentum_60_neutral,momentum_60,60-Day Momentum,Momentum,neutralized,300,0.1885092057
2024-03-31,2024-06-30,3,momentum_60_neutral,momentum_60,60-Day Momentum,Momentum,neutralized,300,0.1436622789
2024-04-30,2024-07-31,3,momentum_60_neutral,momentum_60,60-Day Momentum,Momentum,neutralized,300,0.0662554028
2024-05-31,2024-08-31,3,momentum_60_neutral,momentum_60,60-Day Momentum,Momentum,neutralized,300,0.1927181413
2024-06-30,2024-09-30,3,momentum_60_neutral,momentum_60,60-Day Momentum,Momentum,neutralized,298,-0.2418520055
2024-07-31,2024-10-31,3,momentum_60_neutral,momentum_60,60-Day Momentum,Momentum,neutralized,300,-0.1817622822
2024-08-31,2024-11-30,3,momentum_60_neutral,momentum_60,60-Day Momentum,Momentum,neutralized,300,-0.2216349071
2024-09-30,2024-12-31,3,momentum_60_neutral,momentum_60,60-Day Momentum,Momentum,neutralized,298,-0.0538665368
2024-10-31,2025-01-31,3,momentum_60_neutral,momentum_60,60-Day Momentum,Momentum,neutralized,300,-0.1877718641
2024-11-30,2025-02-28,3,momentum_60_neutral,momentum_60,60-Day Momentum,Momentum,neutralized,299,-0.2594869093
2024-12-31,2025-03-31,3,momentum_60_neutral,momentum_60,60-Day Momentum,Momentum,neutralized,299,-0.0349931539
2025-01-31,2025-04-30,3,momentum_60_neutral,momentum_60,60-Day Momentum,Momentum,neutralized,299,0.0095239164
2025-02-28,2025-05-31,3,momentum_60_neutral,momentum_60,60-Day Momentum,Momentum,neutralized,299,0.0011894235
2025-03-31,2025-06-30,3,momentum_60_neutral,momentum_60,60-Day Momentum,Momentum,neutralized,300,-0.0647138373
2025-04-30,2025-07-31,3,momentum_60_neutral,momentum_60,60-Day Momentum,Momentum,neutralized,300,-0.2182486472
2025-05-31,2025-08-31,3,momentum_60_neutral,momentum_60,60-Day Momentum,Momentum,neutralized,299,-0.1640941842
2025-06-30,2025-09-30,3,momentum_60_neutral,momentum_60,60-Day Momentum,Momentum,neutralized,298,-0.0747378614
2025-07-31,2025-10-31,3,momentum_60_neutral,momentum_60,60-Day Momentum,Momentum,neutralized,299,-0.0613750533
2025-08-31,2025-11-30,3,momentum_60_neutral,momentum_60,60-Day Momentum,Momentum,neutralized,299,0.0257974007
2025-09-30,2025-12-31,3,momentum_60_neutral,momentum_60,60-Day Momentum,Momentum,neutralized,300,-0.0295358837
2025-10-31,2026-01-31,3,momentum_60_neutral,momentum_60,60-Day Momentum,Momentum,neutralized,300,0.0294003267
2025-11-30,2026-02-28,3,momentum_60_neutral,momentum_60,60-Day Momentum,Momentum,neutralized,300,0.0283100923
2025-12-31,2026-03-31,3,momentum_60_neutral,momentum_60,60-Day Momentum,Momentum,neutralized,299,0.1700922538
2026-01-31,2026-04-30,3,momentum_60_neutral,momentum_60,60-Day Momentum,Momentum,neutralized,300,0.0533939266
2026-02-28,2026-05-31,3,momentum_60_neutral,momentum_60,60-Day Momentum,Momentum,neutralized,300,0.0421373571
2026-03-31,2026-06-30,3,momentum_60_neutral,momentum_60,60-Day Momentum,Momentum,neutralized,300,-0.0171406349
2026-04-30,2026-07-31,3,momentum_60_neutral,momentum_60,60-Day Momentum,Momentum,neutralized,300,-0.0958166202
2026-05-31,2026-08-31,3,momentum_60_neutral,momentum_60,60-Day Momentum,Momentum,neutralized,300,-0.0443573817
2026-06-30,2026-09-08,3,momentum_60_neutral,momentum_60,60-Day Momentum,Momentum,neutralized,300,-0.2839382660
2019-07-31,2019-08-31,1,momentum_120_zscore,momentum_120,120-Day Momentum,Momentum,standardized,300,0.2124280339
2019-08-31,2019-09-30,1,momentum_120_zscore,momentum_120,120-Day Momentum,Momentum,standardized,300,-0.2063017472
2019-09-30,2019-10-31,1,momentum_120_zscore,momentum_120,120-Day Momentum,Momentum,standardized,300,0.1919862825
2019-10-31,2019-11-30,1,momentum_120_zscore,momentum_120,120-Day Momentum,Momentum,standardized,300,-0.0925468575
2019-11-30,2019-12-31,1,momentum_120_zscore,momentum_120,120-Day Momentum,Momentum,standardized,300,-0.0152393160
2019-12-31,2020-01-31,1,momentum_120_zscore,momentum_120,120-Day Momentum,Momentum,standardized,300,0.1783041760
2020-01-31,2020-02-29,1,momentum_120_zscore,momentum_120,120-Day Momentum,Momentum,standardized,300,0.2437203973
2020-02-29,2020-03-31,1,momentum_120_zscore,momentum_120,120-Day Momentum,Momentum,standardized,300,-0.2440658403
2020-03-31,2020-04-30,1,momentum_120_zscore,momentum_120,120-Day Momentum,Momentum,standardized,299,0.2163269447
2020-04-30,2020-05-31,1,momentum_120_zscore,momentum_120,120-Day Momentum,Momentum,standardized,299,-0.0334775950
2020-05-31,2020-06-30,1,momentum_120_zscore,momentum_120,120-Day Momentum,Momentum,standardized,299,0.3104938899
2020-06-30,2020-07-31,1,momentum_120_zscore,momentum_120,120-Day Momentum,Momentum,standardized,299,0.0864035419
2020-07-31,2020-08-31,1,momentum_120_zscore,momentum_120,120-Day Momentum,Momentum,standardized,300,-0.0692493216
2020-08-31,2020-09-30,1,momentum_120_zscore,momentum_120,120-Day Momentum,Momentum,standardized,300,0.0296736663
2020-09-30,2020-10-31,1,momentum_120_zscore,momentum_120,120-Day Momentum,Momentum,standardized,300,0.1320470185
2020-10-31,2020-11-30,1,momentum_120_zscore,momentum_120,120-Day Momentum,Momentum,standardized,300,-0.0364673792
2020-11-30,2020-12-31,1,momentum_120_zscore,momentum_120,120-Day Momentum,Momentum,standardized,300,0.4056078253
2020-12-31,2021-01-31,1,momentum_120_zscore,momentum_120,120-Day Momentum,Momentum,standardized,300,0.3965443984
2021-01-31,2021-02-28,1,momentum_120_zscore,momentum_120,120-Day Momentum,Momentum,standardized,300,-0.2141431569
2021-02-28,2021-03-31,1,momentum_120_zscore,momentum_120,120-Day Momentum,Momentum,standardized,300,-0.0016095743
2021-03-31,2021-04-30,1,momentum_120_zscore,momentum_120,120-Day Momentum,Momentum,standardized,300,0.2122746988
2021-04-30,2021-05-31,1,momentum_120_zscore,momentum_120,120-Day Momentum,Momentum,standardized,300,-0.0844745880
2021-05-31,2021-06-30,1,momentum_120_zscore,momentum_120,120-Day Momentum,Momentum,standardized,299,-0.0117160109
2021-06-30,2021-07-31,1,momentum_120_zscore,momentum_120,120-Day Momentum,Momentum,standardized,299,0.2197773338
2021-07-31,2021-08-31,1,momentum_120_zscore,momentum_120,120-Day Momentum,Momentum,standardized,300,0.0959781686
2021-08-31,2021-09-30,1,momentum_120_zscore,momentum_120,120-Day Momentum,Momentum,standardized,300,-0.3512163046
2021-09-30,2021-10-31,1,momentum_120_zscore,momentum_120,120-Day Momentum,Momentum,standardized,300,-0.0210225469
2021-10-31,2021-11-30,1,momentum_120_zscore,momentum_120,120-Day Momentum,Momentum,standardized,300,-0.0065553952
2021-11-30,2021-12-31,1,momentum_120_zscore,momentum_120,120-Day Momentum,Momentum,standardized,300,-0.1760119752
2021-12-31,2022-01-31,1,momentum_120_zscore,momentum_120,120-Day Momentum,Momentum,standardized,300,0.0191415481
2022-01-31,2022-02-28,1,momentum_120_zscore,momentum_120,120-Day Momentum,Momentum,standardized,298,-0.0963526227
2022-02-28,2022-03-31,1,momentum_120_zscore,momentum_120,120-Day Momentum,Momentum,standardized,299,0.1737738771
2022-03-31,2022-04-30,1,momentum_120_zscore,momentum_120,120-Day Momentum,Momentum,standardized,300,0.1715801287
2022-04-30,2022-05-31,1,momentum_120_zscore,momentum_120,120-Day Momentum,Momentum,standardized,300,-0.4752790587
2022-05-31,2022-06-30,1,momentum_120_zscore,momentum_120,120-Day Momentum,Momentum,standardized,299,-0.3961538906
2022-06-30,2022-07-31,1,momentum_120_zscore,momentum_120,120-Day Momentum,Momentum,standardized,298,0.0456693713
2022-07-31,2022-08-31,1,momentum_120_zscore,momentum_120,120-Day Momentum,Momentum,standardized,300,-0.0601459197
2022-08-31,2022-09-30,1,momentum_120_zscore,momentum_120,120-Day Momentum,Momentum,standardized,300,0.2692634662
2022-09-30,2022-10-31,1,momentum_120_zscore,momentum_120,120-Day Momentum,Momentum,standardized,300,-0.1679446074
2022-10-31,2022-11-30,1,momentum_120_zscore,momentum_120,120-Day Momentum,Momentum,standardized,300,-0.5368130757
2022-11-30,2022-12-31,1,momentum_120_zscore,momentum_120,120-Day Momentum,Momentum,standardized,300,-0.0429880332
2022-12-31,2023-01-31,1,momentum_120_zscore,momentum_120,120-Day Momentum,Momentum,standardized,300,-0.4094616204
2023-01-31,2023-02-28,1,momentum_120_zscore,momentum_120,120-Day Momentum,Momentum,standardized,300,0.1337570417
2023-02-28,2023-03-31,1,momentum_120_zscore,momentum_120,120-Day Momentum,Momentum,standardized,300,0.2173464633
2023-03-31,2023-04-30,1,momentum_120_zscore,momentum_120,120-Day Momentum,Momentum,standardized,300,0.1038680631
2023-04-30,2023-05-31,1,momentum_120_zscore,momentum_120,120-Day Momentum,Momentum,standardized,300,0.0396022222
2023-05-31,2023-06-30,1,momentum_120_zscore,momentum_120,120-Day Momentum,Momentum,standardized,300,-0.0662841582
2023-06-30,2023-07-31,1,momentum_120_zscore,momentum_120,120-Day Momentum,Momentum,standardized,300,-0.2366396573
2023-07-31,2023-08-31,1,momentum_120_zscore,momentum_120,120-Day Momentum,Momentum,standardized,300,0.2403275592
2023-08-31,2023-09-30,1,momentum_120_zscore,momentum_120,120-Day Momentum,Momentum,standardized,300,0.1528040049
2023-09-30,2023-10-31,1,momentum_120_zscore,momentum_120,120-Day Momentum,Momentum,standardized,300,0.0713265703
2023-10-31,2023-11-30,1,momentum_120_zscore,momentum_120,120-Day Momentum,Momentum,standardized,300,0.2400775831
2023-11-30,2023-12-31,1,momentum_120_zscore,momentum_120,120-Day Momentum,Momentum,standardized,300,-0.0289298931
2023-12-31,2024-01-31,1,momentum_120_zscore,momentum_120,120-Day Momentum,Momentum,standardized,300,0.3087949866
2024-01-31,2024-02-29,1,momentum_120_zscore,momentum_120,120-Day Momentum,Momentum,standardized,300,-0.5328882024
2024-02-29,2024-03-31,1,momentum_120_zscore,momentum_120,120-Day Momentum,Momentum,standardized,300,0.3093638818
2024-03-31,2024-04-30,1,momentum_120_zscore,momentum_120,120-Day Momentum,Momentum,standardized,300,0.2384854490
2024-04-30,2024-05-31,1,momentum_120_zscore,momentum_120,120-Day Momentum,Momentum,standardized,300,0.0621491350
2024-05-31,2024-06-30,1,momentum_120_zscore,momentum_120,120-Day Momentum,Momentum,standardized,300,0.5453842820
2024-06-30,2024-07-31,1,momentum_120_zscore,momentum_120,120-Day Momentum,Momentum,standardized,300,-0.2600113335
2024-07-31,2024-08-31,1,momentum_120_zscore,momentum_120,120-Day Momentum,Momentum,standardized,300,0.1553972326
2024-08-31,2024-09-30,1,momentum_120_zscore,momentum_120,120-Day Momentum,Momentum,standardized,298,-0.5607562687
2024-09-30,2024-10-31,1,momentum_120_zscore,momentum_120,120-Day Momentum,Momentum,standardized,298,0.0314607236
2024-10-31,2024-11-30,1,momentum_120_zscore,momentum_120,120-Day Momentum,Momentum,standardized,300,-0.1617106611
2024-11-30,2024-12-31,1,momentum_120_zscore,momentum_120,120-Day Momentum,Momentum,standardized,300,-0.1234389792
2024-12-31,2025-01-31,1,momentum_120_zscore,momentum_120,120-Day Momentum,Momentum,standardized,300,-0.0868184134
2025-01-31,2025-02-28,1,momentum_120_zscore,momentum_120,120-Day Momentum,Momentum,standardized,299,0.0553452964
2025-02-28,2025-03-31,1,momentum_120_zscore,momentum_120,120-Day Momentum,Momentum,standardized,299,-0.2956927918
2025-03-31,2025-04-30,1,momentum_120_zscore,momentum_120,120-Day Momentum,Momentum,standardized,300,0.0226989466
2025-04-30,2025-05-31,1,momentum_120_zscore,momentum_120,120-Day Momentum,Momentum,standardized,300,-0.0843027332
2025-05-31,2025-06-30,1,momentum_120_zscore,momentum_120,120-Day Momentum,Momentum,standardized,300,-0.0956535179
2025-06-30,2025-07-31,1,momentum_120_zscore,momentum_120,120-Day Momentum,Momentum,standardized,299,-0.1699315582
2025-07-31,2025-08-31,1,momentum_120_zscore,momentum_120,120-Day Momentum,Momentum,standardized,299,-0.1083276638
2025-08-31,2025-09-30,1,momentum_120_zscore,momentum_120,120-Day Momentum,Momentum,standardized,299,0.0512934934
2025-09-30,2025-10-31,1,momentum_120_zscore,momentum_120,120-Day Momentum,Momentum,standardized,300,-0.1920780209
2025-10-31,2025-11-30,1,momentum_120_zscore,momentum_120,120-Day Momentum,Momentum,standardized,300,-0.2056230456
2025-11-30,2025-12-31,1,momentum_120_zscore,momentum_120,120-Day Momentum,Momentum,standardized,300,0.2933784162
2025-12-31,2026-01-31,1,momentum_120_zscore,momentum_120,120-Day Momentum,Momentum,standardized,299,0.2353594786
2026-01-31,2026-02-28,1,momentum_120_zscore,momentum_120,120-Day Momentum,Momentum,standardized,300,0.0314225459
2026-02-28,2026-03-31,1,momentum_120_zscore,momentum_120,120-Day Momentum,Momentum,standardized,300,-0.1717326412
2026-03-31,2026-04-30,1,momentum_120_zscore,momentum_120,120-Day Momentum,Momentum,standardized,300,-0.0190951117
2026-04-30,2026-05-31,1,momentum_120_zscore,momentum_120,120-Day Momentum,Momentum,standardized,300,0.1011860905
2026-05-31,2026-06-30,1,momentum_120_zscore,momentum_120,120-Day Momentum,Momentum,standardized,300,0.2528789894
2026-06-30,2026-07-31,1,momentum_120_zscore,momentum_120,120-Day Momentum,Momentum,standardized,300,-0.5750012947
2026-07-31,2026-08-31,1,momentum_120_zscore,momentum_120,120-Day Momentum,Momentum,standardized,300,0.2116100243
2026-08-31,2026-09-08,1,momentum_120_zscore,momentum_120,120-Day Momentum,Momentum,standardized,300,-0.1940182370
2019-07-31,2019-10-31,3,momentum_120_zscore,momentum_120,120-Day Momentum,Momentum,standardized,300,0.1376389238
2019-08-31,2019-11-30,3,momentum_120_zscore,momentum_120,120-Day Momentum,Momentum,standardized,300,-0.0313976962
2019-09-30,2019-12-31,3,momentum_120_zscore,momentum_120,120-Day Momentum,Momentum,standardized,300,0.0310610152
2019-10-31,2020-01-31,3,momentum_120_zscore,momentum_120,120-Day Momentum,Momentum,standardized,300,0.0113441323
2019-11-30,2020-02-29,3,momentum_120_zscore,momentum_120,120-Day Momentum,Momentum,standardized,300,0.1844264590
2019-12-31,2020-03-31,3,momentum_120_zscore,momentum_120,120-Day Momentum,Momentum,standardized,300,0.1306372079
2020-01-31,2020-04-30,3,momentum_120_zscore,momentum_120,120-Day Momentum,Momentum,standardized,299,0.2400343263
2020-02-29,2020-05-31,3,momentum_120_zscore,momentum_120,120-Day Momentum,Momentum,standardized,299,-0.0188259626
2020-03-31,2020-06-30,3,momentum_120_zscore,momentum_120,120-Day Momentum,Momentum,standardized,300,0.2652874237
2020-04-30,2020-07-31,3,momentum_120_zscore,momentum_120,120-Day Momentum,Momentum,standardized,299,0.3163727675
2020-05-31,2020-08-31,3,momentum_120_zscore,momentum_120,120-Day Momentum,Momentum,standardized,299,0.3035190046
2020-06-30,2020-09-30,3,momentum_120_zscore,momentum_120,120-Day Momentum,Momentum,standardized,299,-0.0406067511
2020-07-31,2020-10-31,3,momentum_120_zscore,momentum_120,120-Day Momentum,Momentum,standardized,300,-0.0871843989
2020-08-31,2020-11-30,3,momentum_120_zscore,momentum_120,120-Day Momentum,Momentum,standardized,300,-0.0583422103
2020-09-30,2020-12-31,3,momentum_120_zscore,momentum_120,120-Day Momentum,Momentum,standardized,300,0.3219039344
2020-10-31,2021-01-31,3,momentum_120_zscore,momentum_120,120-Day Momentum,Momentum,standardized,300,0.3648350085
2020-11-30,2021-02-28,3,momentum_120_zscore,momentum_120,120-Day Momentum,Momentum,standardized,300,0.3678976076
2020-12-31,2021-03-31,3,momentum_120_zscore,momentum_120,120-Day Momentum,Momentum,standardized,300,0.0920292271
2021-01-31,2021-04-30,3,momentum_120_zscore,momentum_120,120-Day Momentum,Momentum,standardized,300,0.0368479814
2021-02-28,2021-05-31,3,momentum_120_zscore,momentum_120,120-Day Momentum,Momentum,standardized,300,0.1412216633
2021-03-31,2021-06-30,3,momentum_120_zscore,momentum_120,120-Day Momentum,Momentum,standardized,299,0.0433083481
2021-04-30,2021-07-31,3,momentum_120_zscore,momentum_120,120-Day Momentum,Momentum,standardized,300,0.0451369460
2021-05-31,2021-08-31,3,momentum_120_zscore,momentum_120,120-Day Momentum,Momentum,standardized,300,0.0336972633
2021-06-30,2021-09-30,3,momentum_120_zscore,momentum_120,120-Day Momentum,Momentum,standardized,298,0.0755840146
2021-07-31,2021-10-31,3,momentum_120_zscore,momentum_120,120-Day Momentum,Momentum,standardized,300,-0.0585452316
2021-08-31,2021-11-30,3,momentum_120_zscore,momentum_120,120-Day Momentum,Momentum,standardized,300,-0.2355981547
2021-09-30,2021-12-31,3,momentum_120_zscore,momentum_120,120-Day Momentum,Momentum,standardized,300,-0.1791644421
2021-10-31,2022-01-31,3,momentum_120_zscore,momentum_120,120-Day Momentum,Momentum,standardized,300,-0.1469049673
2021-11-30,2022-02-28,3,momentum_120_zscore,momentum_120,120-Day Momentum,Momentum,standardized,300,-0.0848780636
2021-12-31,2022-03-31,3,momentum_120_zscore,momentum_120,120-Day Momentum,Momentum,standardized,300,-0.0375521992
2022-01-31,2022-04-30,3,momentum_120_zscore,momentum_120,120-Day Momentum,Momentum,standardized,298,0.2147272369
2022-02-28,2022-05-31,3,momentum_120_zscore,momentum_120,120-Day Momentum,Momentum,standardized,299,0.2305892124
2022-03-31,2022-06-30,3,momentum_120_zscore,momentum_120,120-Day Momentum,Momentum,standardized,300,-0.2456815057
2022-04-30,2022-07-31,3,momentum_120_zscore,momentum_120,120-Day Momentum,Momentum,standardized,300,-0.4477209747
2022-05-31,2022-08-31,3,momentum_120_zscore,momentum_120,120-Day Momentum,Momentum,standardized,299,-0.0501820386
2022-06-30,2022-09-30,3,momentum_120_zscore,momentum_120,120-Day Momentum,Momentum,standardized,298,0.2911100183
2022-07-31,2022-10-31,3,momentum_120_zscore,momentum_120,120-Day Momentum,Momentum,standardized,300,-0.0177306828
2022-08-31,2022-11-30,3,momentum_120_zscore,momentum_120,120-Day Momentum,Momentum,standardized,300,-0.2544535222
2022-09-30,2022-12-31,3,momentum_120_zscore,momentum_120,120-Day Momentum,Momentum,standardized,300,-0.3106665630
2022-10-31,2023-01-31,3,momentum_120_zscore,momentum_120,120-Day Momentum,Momentum,standardized,300,-0.5103265592
2022-11-30,2023-02-28,3,momentum_120_zscore,momentum_120,120-Day Momentum,Momentum,standardized,300,-0.1561201965
2022-12-31,2023-03-31,3,momentum_120_zscore,momentum_120,120-Day Momentum,Momentum,standardized,300,0.1251951827
2023-01-31,2023-04-30,3,momentum_120_zscore,momentum_120,120-Day Momentum,Momentum,standardized,300,0.2905290382
2023-02-28,2023-05-31,3,momentum_120_zscore,momentum_120,120-Day Momentum,Momentum,standardized,300,0.1649394065
2023-03-31,2023-06-30,3,momentum_120_zscore,momentum_120,120-Day Momentum,Momentum,standardized,300,0.1361367192
2023-04-30,2023-07-31,3,momentum_120_zscore,momentum_120,120-Day Momentum,Momentum,standardized,300,0.1010162335
2023-05-31,2023-08-31,3,momentum_120_zscore,momentum_120,120-Day Momentum,Momentum,standardized,300,0.0499961777
2023-06-30,2023-09-30,3,momentum_120_zscore,momentum_120,120-Day Momentum,Momentum,standardized,300,0.0095801661
2023-07-31,2023-10-31,3,momentum_120_zscore,momentum_120,120-Day Momentum,Momentum,standardized,300,0.2090663230
2023-08-31,2023-11-30,3,momentum_120_zscore,momentum_120,120-Day Momentum,Momentum,standardized,300,0.1855105057
2023-09-30,2023-12-31,3,momentum_120_zscore,momentum_120,120-Day Momentum,Momentum,standardized,300,0.1989257658
2023-10-31,2024-01-31,3,momentum_120_zscore,momentum_120,120-Day Momentum,Momentum,standardized,300,0.2552819476
2023-11-30,2024-02-29,3,momentum_120_zscore,momentum_120,120-Day Momentum,Momentum,standardized,300,0.1166115309
2023-12-31,2024-03-31,3,momentum_120_zscore,momentum_120,120-Day Momentum,Momentum,standardized,300,0.1940079334
2024-01-31,2024-04-30,3,momentum_120_zscore,momentum_120,120-Day Momentum,Momentum,standardized,300,0.0283285433
2024-02-29,2024-05-31,3,momentum_120_zscore,momentum_120,120-Day Momentum,Momentum,standardized,300,0.3212506806
2024-03-31,2024-06-30,3,momentum_120_zscore,momentum_120,120-Day Momentum,Momentum,standardized,300,0.4401167169
2024-04-30,2024-07-31,3,momentum_120_zscore,momentum_120,120-Day Momentum,Momentum,standardized,300,0.2265691841
2024-05-31,2024-08-31,3,momentum_120_zscore,momentum_120,120-Day Momentum,Momentum,standardized,300,0.3481500906
2024-06-30,2024-09-30,3,momentum_120_zscore,momentum_120,120-Day Momentum,Momentum,standardized,298,-0.5023871747
2024-07-31,2024-10-31,3,momentum_120_zscore,momentum_120,120-Day Momentum,Momentum,standardized,300,-0.3367332267
2024-08-31,2024-11-30,3,momentum_120_zscore,momentum_120,120-Day Momentum,Momentum,standardized,300,-0.5046073845
2024-09-30,2024-12-31,3,momentum_120_zscore,momentum_120,120-Day Momentum,Momentum,standardized,298,0.1308202222
2024-10-31,2025-01-31,3,momentum_120_zscore,momentum_120,120-Day Momentum,Momentum,standardized,300,-0.0165670748
2024-11-30,2025-02-28,3,momentum_120_zscore,momentum_120,120-Day Momentum,Momentum,standardized,299,0.0061098660
2024-12-31,2025-03-31,3,momentum_120_zscore,momentum_120,120-Day Momentum,Momentum,standardized,299,-0.0436393714
2025-01-31,2025-04-30,3,momentum_120_zscore,momentum_120,120-Day Momentum,Momentum,standardized,299,0.0004803494
2025-02-28,2025-05-31,3,momentum_120_zscore,momentum_120,120-Day Momentum,Momentum,standardized,299,-0.3587342072
2025-03-31,2025-06-30,3,momentum_120_zscore,momentum_120,120-Day Momentum,Momentum,standardized,300,-0.0151230754
2025-04-30,2025-07-31,3,momentum_120_zscore,momentum_120,120-Day Momentum,Momentum,standardized,300,-0.2791502128
2025-05-31,2025-08-31,3,momentum_120_zscore,momentum_120,120-Day Momentum,Momentum,standardized,299,-0.2719319432
2025-06-30,2025-09-30,3,momentum_120_zscore,momentum_120,120-Day Momentum,Momentum,standardized,298,-0.0788325987
2025-07-31,2025-10-31,3,momentum_120_zscore,momentum_120,120-Day Momentum,Momentum,standardized,299,-0.0933089297
2025-08-31,2025-11-30,3,momentum_120_zscore,momentum_120,120-Day Momentum,Momentum,standardized,299,0.0259969158
2025-09-30,2025-12-31,3,momentum_120_zscore,momentum_120,120-Day Momentum,Momentum,standardized,300,-0.0543272650
2025-10-31,2026-01-31,3,momentum_120_zscore,momentum_120,120-Day Momentum,Momentum,standardized,300,0.2034602675
2025-11-30,2026-02-28,3,momentum_120_zscore,momentum_120,120-Day Momentum,Momentum,standardized,300,0.3348700823
2025-12-31,2026-03-31,3,momentum_120_zscore,momentum_120,120-Day Momentum,Momentum,standardized,299,0.0042362171
2026-01-31,2026-04-30,3,momentum_120_zscore,momentum_120,120-Day Momentum,Momentum,standardized,300,0.0782596908
2026-02-28,2026-05-31,3,momentum_120_zscore,momentum_120,120-Day Momentum,Momentum,standardized,300,0.1119151769
2026-03-31,2026-06-30,3,momentum_120_zscore,momentum_120,120-Day Momentum,Momentum,standardized,300,-0.0709747965
2026-04-30,2026-07-31,3,momentum_120_zscore,momentum_120,120-Day Momentum,Momentum,standardized,300,-0.0502423683
2026-05-31,2026-08-31,3,momentum_120_zscore,momentum_120,120-Day Momentum,Momentum,standardized,300,-0.0885944971
2026-06-30,2026-09-08,3,momentum_120_zscore,momentum_120,120-Day Momentum,Momentum,standardized,300,-0.4409371160
2019-07-31,2019-08-31,1,momentum_120_neutral,momentum_120,120-Day Momentum,Momentum,neutralized,300,0.1595629018
2019-08-31,2019-09-30,1,momentum_120_neutral,momentum_120,120-Day Momentum,Momentum,neutralized,300,-0.0857201683
2019-09-30,2019-10-31,1,momentum_120_neutral,momentum_120,120-Day Momentum,Momentum,neutralized,300,0.0729493036
2019-10-31,2019-11-30,1,momentum_120_neutral,momentum_120,120-Day Momentum,Momentum,neutralized,300,-0.0337199415
2019-11-30,2019-12-31,1,momentum_120_neutral,momentum_120,120-Day Momentum,Momentum,neutralized,300,-0.0061400689
2019-12-31,2020-01-31,1,momentum_120_neutral,momentum_120,120-Day Momentum,Momentum,neutralized,300,-0.0024684721
2020-01-31,2020-02-29,1,momentum_120_neutral,momentum_120,120-Day Momentum,Momentum,neutralized,300,0.0136788217
2020-02-29,2020-03-31,1,momentum_120_neutral,momentum_120,120-Day Momentum,Momentum,neutralized,300,-0.0346550517
2020-03-31,2020-04-30,1,momentum_120_neutral,momentum_120,120-Day Momentum,Momentum,neutralized,299,0.1548702795
2020-04-30,2020-05-31,1,momentum_120_neutral,momentum_120,120-Day Momentum,Momentum,neutralized,299,-0.0805382595
2020-05-31,2020-06-30,1,momentum_120_neutral,momentum_120,120-Day Momentum,Momentum,neutralized,299,-0.0075782853
2020-06-30,2020-07-31,1,momentum_120_neutral,momentum_120,120-Day Momentum,Momentum,neutralized,299,0.0256806806
2020-07-31,2020-08-31,1,momentum_120_neutral,momentum_120,120-Day Momentum,Momentum,neutralized,300,-0.0708505965
2020-08-31,2020-09-30,1,momentum_120_neutral,momentum_120,120-Day Momentum,Momentum,neutralized,300,0.0980477561
2020-09-30,2020-10-31,1,momentum_120_neutral,momentum_120,120-Day Momentum,Momentum,neutralized,300,-0.0011920159
2020-10-31,2020-11-30,1,momentum_120_neutral,momentum_120,120-Day Momentum,Momentum,neutralized,300,-0.0024198049
2020-11-30,2020-12-31,1,momentum_120_neutral,momentum_120,120-Day Momentum,Momentum,neutralized,300,0.2263258984
2020-12-31,2021-01-31,1,momentum_120_neutral,momentum_120,120-Day Momentum,Momentum,neutralized,300,0.2574339715
2021-01-31,2021-02-28,1,momentum_120_neutral,momentum_120,120-Day Momentum,Momentum,neutralized,300,-0.2149672940
2021-02-28,2021-03-31,1,momentum_120_neutral,momentum_120,120-Day Momentum,Momentum,neutralized,300,-0.0095014389
2021-03-31,2021-04-30,1,momentum_120_neutral,momentum_120,120-Day Momentum,Momentum,neutralized,300,0.1061350160
2021-04-30,2021-05-31,1,momentum_120_neutral,momentum_120,120-Day Momentum,Momentum,neutralized,300,-0.0511755144
2021-05-31,2021-06-30,1,momentum_120_neutral,momentum_120,120-Day Momentum,Momentum,neutralized,299,0.0209665351
2021-06-30,2021-07-31,1,momentum_120_neutral,momentum_120,120-Day Momentum,Momentum,neutralized,299,0.1013676574
2021-07-31,2021-08-31,1,momentum_120_neutral,momentum_120,120-Day Momentum,Momentum,neutralized,300,0.0945472727
2021-08-31,2021-09-30,1,momentum_120_neutral,momentum_120,120-Day Momentum,Momentum,neutralized,300,-0.2197811575
2021-09-30,2021-10-31,1,momentum_120_neutral,momentum_120,120-Day Momentum,Momentum,neutralized,300,0.1066061445
2021-10-31,2021-11-30,1,momentum_120_neutral,momentum_120,120-Day Momentum,Momentum,neutralized,300,-0.0129681527
2021-11-30,2021-12-31,1,momentum_120_neutral,momentum_120,120-Day Momentum,Momentum,neutralized,300,-0.1810080313
2021-12-31,2022-01-31,1,momentum_120_neutral,momentum_120,120-Day Momentum,Momentum,neutralized,300,0.0270040808
2022-01-31,2022-02-28,1,momentum_120_neutral,momentum_120,120-Day Momentum,Momentum,neutralized,298,-0.0284820064
2022-02-28,2022-03-31,1,momentum_120_neutral,momentum_120,120-Day Momentum,Momentum,neutralized,299,0.0379430316
2022-03-31,2022-04-30,1,momentum_120_neutral,momentum_120,120-Day Momentum,Momentum,neutralized,300,0.0384506495
2022-04-30,2022-05-31,1,momentum_120_neutral,momentum_120,120-Day Momentum,Momentum,neutralized,300,-0.2531410349
2022-05-31,2022-06-30,1,momentum_120_neutral,momentum_120,120-Day Momentum,Momentum,neutralized,299,-0.2614861913
2022-06-30,2022-07-31,1,momentum_120_neutral,momentum_120,120-Day Momentum,Momentum,neutralized,298,0.0085887267
2022-07-31,2022-08-31,1,momentum_120_neutral,momentum_120,120-Day Momentum,Momentum,neutralized,300,-0.0684867686
2022-08-31,2022-09-30,1,momentum_120_neutral,momentum_120,120-Day Momentum,Momentum,neutralized,300,0.1033676045
2022-09-30,2022-10-31,1,momentum_120_neutral,momentum_120,120-Day Momentum,Momentum,neutralized,300,-0.0670003298
2022-10-31,2022-11-30,1,momentum_120_neutral,momentum_120,120-Day Momentum,Momentum,neutralized,300,-0.4181517572
2022-11-30,2022-12-31,1,momentum_120_neutral,momentum_120,120-Day Momentum,Momentum,neutralized,300,-0.0318767986
2022-12-31,2023-01-31,1,momentum_120_neutral,momentum_120,120-Day Momentum,Momentum,neutralized,300,-0.2592834406
2023-01-31,2023-02-28,1,momentum_120_neutral,momentum_120,120-Day Momentum,Momentum,neutralized,300,0.1908508084
2023-02-28,2023-03-31,1,momentum_120_neutral,momentum_120,120-Day Momentum,Momentum,neutralized,300,0.0708901289
2023-03-31,2023-04-30,1,momentum_120_neutral,momentum_120,120-Day Momentum,Momentum,neutralized,300,0.1211022345
2023-04-30,2023-05-31,1,momentum_120_neutral,momentum_120,120-Day Momentum,Momentum,neutralized,300,0.0307863455
2023-05-31,2023-06-30,1,momentum_120_neutral,momentum_120,120-Day Momentum,Momentum,neutralized,300,0.0271594159
2023-06-30,2023-07-31,1,momentum_120_neutral,momentum_120,120-Day Momentum,Momentum,neutralized,300,-0.1451762797
2023-07-31,2023-08-31,1,momentum_120_neutral,momentum_120,120-Day Momentum,Momentum,neutralized,300,0.1728561428
2023-08-31,2023-09-30,1,momentum_120_neutral,momentum_120,120-Day Momentum,Momentum,neutralized,300,0.0690716947
2023-09-30,2023-10-31,1,momentum_120_neutral,momentum_120,120-Day Momentum,Momentum,neutralized,300,0.0213966822
2023-10-31,2023-11-30,1,momentum_120_neutral,momentum_120,120-Day Momentum,Momentum,neutralized,300,0.1070098676
2023-11-30,2023-12-31,1,momentum_120_neutral,momentum_120,120-Day Momentum,Momentum,neutralized,300,0.0107834591
2023-12-31,2024-01-31,1,momentum_120_neutral,momentum_120,120-Day Momentum,Momentum,neutralized,300,0.1042060467
2024-01-31,2024-02-29,1,momentum_120_neutral,momentum_120,120-Day Momentum,Momentum,neutralized,300,-0.1533330881
2024-02-29,2024-03-31,1,momentum_120_neutral,momentum_120,120-Day Momentum,Momentum,neutralized,300,0.1762991092
2024-03-31,2024-04-30,1,momentum_120_neutral,momentum_120,120-Day Momentum,Momentum,neutralized,300,0.1713335735
2024-04-30,2024-05-31,1,momentum_120_neutral,momentum_120,120-Day Momentum,Momentum,neutralized,300,-0.0649776109
2024-05-31,2024-06-30,1,momentum_120_neutral,momentum_120,120-Day Momentum,Momentum,neutralized,300,0.3670064632
2024-06-30,2024-07-31,1,momentum_120_neutral,momentum_120,120-Day Momentum,Momentum,neutralized,300,-0.2473654152
2024-07-31,2024-08-31,1,momentum_120_neutral,momentum_120,120-Day Momentum,Momentum,neutralized,300,0.1293147702
2024-08-31,2024-09-30,1,momentum_120_neutral,momentum_120,120-Day Momentum,Momentum,neutralized,298,-0.3500925112
2024-09-30,2024-10-31,1,momentum_120_neutral,momentum_120,120-Day Momentum,Momentum,neutralized,298,-0.0356919448
2024-10-31,2024-11-30,1,momentum_120_neutral,momentum_120,120-Day Momentum,Momentum,neutralized,300,-0.1292235794
2024-11-30,2024-12-31,1,momentum_120_neutral,momentum_120,120-Day Momentum,Momentum,neutralized,300,-0.1476514183
2024-12-31,2025-01-31,1,momentum_120_neutral,momentum_120,120-Day Momentum,Momentum,neutralized,300,-0.1106003400
2025-01-31,2025-02-28,1,momentum_120_neutral,momentum_120,120-Day Momentum,Momentum,neutralized,299,-0.0916577639
2025-02-28,2025-03-31,1,momentum_120_neutral,momentum_120,120-Day Momentum,Momentum,neutralized,299,-0.0983825279
2025-03-31,2025-04-30,1,momentum_120_neutral,momentum_120,120-Day Momentum,Momentum,neutralized,300,0.1058978551
2025-04-30,2025-05-31,1,momentum_120_neutral,momentum_120,120-Day Momentum,Momentum,neutralized,300,-0.0657743083
2025-05-31,2025-06-30,1,momentum_120_neutral,momentum_120,120-Day Momentum,Momentum,neutralized,300,-0.0750030639
2025-06-30,2025-07-31,1,momentum_120_neutral,momentum_120,120-Day Momentum,Momentum,neutralized,299,-0.1644425674
2025-07-31,2025-08-31,1,momentum_120_neutral,momentum_120,120-Day Momentum,Momentum,neutralized,299,-0.0455040802
2025-08-31,2025-09-30,1,momentum_120_neutral,momentum_120,120-Day Momentum,Momentum,neutralized,299,-0.0157846064
2025-09-30,2025-10-31,1,momentum_120_neutral,momentum_120,120-Day Momentum,Momentum,neutralized,300,-0.0156209010
2025-10-31,2025-11-30,1,momentum_120_neutral,momentum_120,120-Day Momentum,Momentum,neutralized,300,-0.0845982733
2025-11-30,2025-12-31,1,momentum_120_neutral,momentum_120,120-Day Momentum,Momentum,neutralized,300,0.0169135213
2025-12-31,2026-01-31,1,momentum_120_neutral,momentum_120,120-Day Momentum,Momentum,neutralized,299,0.0115153549
2026-01-31,2026-02-28,1,momentum_120_neutral,momentum_120,120-Day Momentum,Momentum,neutralized,300,0.0008226758
2026-02-28,2026-03-31,1,momentum_120_neutral,momentum_120,120-Day Momentum,Momentum,neutralized,300,0.0383497637
2026-03-31,2026-04-30,1,momentum_120_neutral,momentum_120,120-Day Momentum,Momentum,neutralized,300,0.0302030157
2026-04-30,2026-05-31,1,momentum_120_neutral,momentum_120,120-Day Momentum,Momentum,neutralized,300,0.0060516228
2026-05-31,2026-06-30,1,momentum_120_neutral,momentum_120,120-Day Momentum,Momentum,neutralized,300,0.0709590107
2026-06-30,2026-07-31,1,momentum_120_neutral,momentum_120,120-Day Momentum,Momentum,neutralized,300,-0.3346401627
2026-07-31,2026-08-31,1,momentum_120_neutral,momentum_120,120-Day Momentum,Momentum,neutralized,300,0.1471889851
2026-08-31,2026-09-08,1,momentum_120_neutral,momentum_120,120-Day Momentum,Momentum,neutralized,300,-0.0292221349
2019-07-31,2019-10-31,3,momentum_120_neutral,momentum_120,120-Day Momentum,Momentum,neutralized,300,0.0957423971
2019-08-31,2019-11-30,3,momentum_120_neutral,momentum_120,120-Day Momentum,Momentum,neutralized,300,-0.0498529984
2019-09-30,2019-12-31,3,momentum_120_neutral,momentum_120,120-Day Momentum,Momentum,neutralized,300,-0.0489254325
2019-10-31,2020-01-31,3,momentum_120_neutral,momentum_120,120-Day Momentum,Momentum,neutralized,300,-0.0611989226
2019-11-30,2020-02-29,3,momentum_120_neutral,momentum_120,120-Day Momentum,Momentum,neutralized,300,0.0496232180
2019-12-31,2020-03-31,3,momentum_120_neutral,momentum_120,120-Day Momentum,Momentum,neutralized,300,0.0400853343
2020-01-31,2020-04-30,3,momentum_120_neutral,momentum_120,120-Day Momentum,Momentum,neutralized,299,0.1180667366
2020-02-29,2020-05-31,3,momentum_120_neutral,momentum_120,120-Day Momentum,Momentum,neutralized,299,0.0816892999
2020-03-31,2020-06-30,3,momentum_120_neutral,momentum_120,120-Day Momentum,Momentum,neutralized,300,0.0799815642
2020-04-30,2020-07-31,3,momentum_120_neutral,momentum_120,120-Day Momentum,Momentum,neutralized,299,0.0537271891
2020-05-31,2020-08-31,3,momentum_120_neutral,momentum_120,120-Day Momentum,Momentum,neutralized,299,0.0558164800
2020-06-30,2020-09-30,3,momentum_120_neutral,momentum_120,120-Day Momentum,Momentum,neutralized,299,0.0356185046
2020-07-31,2020-10-31,3,momentum_120_neutral,momentum_120,120-Day Momentum,Momentum,neutralized,300,-0.0668687430
2020-08-31,2020-11-30,3,momentum_120_neutral,momentum_120,120-Day Momentum,Momentum,neutralized,300,0.0065947399
2020-09-30,2020-12-31,3,momentum_120_neutral,momentum_120,120-Day Momentum,Momentum,neutralized,300,0.1418202424
2020-10-31,2021-01-31,3,momentum_120_neutral,momentum_120,120-Day Momentum,Momentum,neutralized,300,0.2341657889
2020-11-30,2021-02-28,3,momentum_120_neutral,momentum_120,120-Day Momentum,Momentum,neutralized,300,0.2502041134
2020-12-31,2021-03-31,3,momentum_120_neutral,momentum_120,120-Day Momentum,Momentum,neutralized,300,0.0181144235
2021-01-31,2021-04-30,3,momentum_120_neutral,momentum_120,120-Day Momentum,Momentum,neutralized,300,-0.0630264781
2021-02-28,2021-05-31,3,momentum_120_neutral,momentum_120,120-Day Momentum,Momentum,neutralized,300,0.0866787505
2021-03-31,2021-06-30,3,momentum_120_neutral,momentum_120,120-Day Momentum,Momentum,neutralized,299,-0.0055094168
2021-04-30,2021-07-31,3,momentum_120_neutral,momentum_120,120-Day Momentum,Momentum,neutralized,300,0.0391257681
2021-05-31,2021-08-31,3,momentum_120_neutral,momentum_120,120-Day Momentum,Momentum,neutralized,300,0.0974090931
2021-06-30,2021-09-30,3,momentum_120_neutral,momentum_120,120-Day Momentum,Momentum,neutralized,298,0.0244418580
2021-07-31,2021-10-31,3,momentum_120_neutral,momentum_120,120-Day Momentum,Momentum,neutralized,300,0.0712330216
2021-08-31,2021-11-30,3,momentum_120_neutral,momentum_120,120-Day Momentum,Momentum,neutralized,300,-0.1243569511
2021-09-30,2021-12-31,3,momentum_120_neutral,momentum_120,120-Day Momentum,Momentum,neutralized,300,-0.0701559842
2021-10-31,2022-01-31,3,momentum_120_neutral,momentum_120,120-Day Momentum,Momentum,neutralized,300,-0.1269116606
2021-11-30,2022-02-28,3,momentum_120_neutral,momentum_120,120-Day Momentum,Momentum,neutralized,300,-0.0114287949
2021-12-31,2022-03-31,3,momentum_120_neutral,momentum_120,120-Day Momentum,Momentum,neutralized,300,-0.0055213953
2022-01-31,2022-04-30,3,momentum_120_neutral,momentum_120,120-Day Momentum,Momentum,neutralized,298,-0.0173948867
2022-02-28,2022-05-31,3,momentum_120_neutral,momentum_120,120-Day Momentum,Momentum,neutralized,299,0.0069363202
2022-03-31,2022-06-30,3,momentum_120_neutral,momentum_120,120-Day Momentum,Momentum,neutralized,300,-0.1738006750
2022-04-30,2022-07-31,3,momentum_120_neutral,momentum_120,120-Day Momentum,Momentum,neutralized,300,-0.2088489872
2022-05-31,2022-08-31,3,momentum_120_neutral,momentum_120,120-Day Momentum,Momentum,neutralized,299,-0.0188916074
2022-06-30,2022-09-30,3,momentum_120_neutral,momentum_120,120-Day Momentum,Momentum,neutralized,298,0.0900366372
2022-07-31,2022-10-31,3,momentum_120_neutral,momentum_120,120-Day Momentum,Momentum,neutralized,300,-0.0207757887
2022-08-31,2022-11-30,3,momentum_120_neutral,momentum_120,120-Day Momentum,Momentum,neutralized,300,-0.2237916226
2022-09-30,2022-12-31,3,momentum_120_neutral,momentum_120,120-Day Momentum,Momentum,neutralized,300,-0.2439515995
2022-10-31,2023-01-31,3,momentum_120_neutral,momentum_120,120-Day Momentum,Momentum,neutralized,300,-0.4104894499
2022-11-30,2023-02-28,3,momentum_120_neutral,momentum_120,120-Day Momentum,Momentum,neutralized,300,-0.0189719907
2022-12-31,2023-03-31,3,momentum_120_neutral,momentum_120,120-Day Momentum,Momentum,neutralized,300,0.1536606133
2023-01-31,2023-04-30,3,momentum_120_neutral,momentum_120,120-Day Momentum,Momentum,neutralized,300,0.2284634781
2023-02-28,2023-05-31,3,momentum_120_neutral,momentum_120,120-Day Momentum,Momentum,neutralized,300,0.1133039256
2023-03-31,2023-06-30,3,momentum_120_neutral,momentum_120,120-Day Momentum,Momentum,neutralized,300,0.1718281314
2023-04-30,2023-07-31,3,momentum_120_neutral,momentum_120,120-Day Momentum,Momentum,neutralized,300,0.1096816631
2023-05-31,2023-08-31,3,momentum_120_neutral,momentum_120,120-Day Momentum,Momentum,neutralized,300,0.0988255535
2023-06-30,2023-09-30,3,momentum_120_neutral,momentum_120,120-Day Momentum,Momentum,neutralized,300,0.0203660041
2023-07-31,2023-10-31,3,momentum_120_neutral,momentum_120,120-Day Momentum,Momentum,neutralized,300,0.1327876976
2023-08-31,2023-11-30,3,momentum_120_neutral,momentum_120,120-Day Momentum,Momentum,neutralized,300,0.0868849654
2023-09-30,2023-12-31,3,momentum_120_neutral,momentum_120,120-Day Momentum,Momentum,neutralized,300,0.1085749842
2023-10-31,2024-01-31,3,momentum_120_neutral,momentum_120,120-Day Momentum,Momentum,neutralized,300,0.1174177491
2023-11-30,2024-02-29,3,momentum_120_neutral,momentum_120,120-Day Momentum,Momentum,neutralized,300,0.0100378904
2023-12-31,2024-03-31,3,momentum_120_neutral,momentum_120,120-Day Momentum,Momentum,neutralized,300,0.0505507839
2024-01-31,2024-04-30,3,momentum_120_neutral,momentum_120,120-Day Momentum,Momentum,neutralized,300,0.0816844995
2024-02-29,2024-05-31,3,momentum_120_neutral,momentum_120,120-Day Momentum,Momentum,neutralized,300,0.1687701350
2024-03-31,2024-06-30,3,momentum_120_neutral,momentum_120,120-Day Momentum,Momentum,neutralized,300,0.2444329925
2024-04-30,2024-07-31,3,momentum_120_neutral,momentum_120,120-Day Momentum,Momentum,neutralized,300,0.0863711819
2024-05-31,2024-08-31,3,momentum_120_neutral,momentum_120,120-Day Momentum,Momentum,neutralized,300,0.2317413446
2024-06-30,2024-09-30,3,momentum_120_neutral,momentum_120,120-Day Momentum,Momentum,neutralized,298,-0.2583603831
2024-07-31,2024-10-31,3,momentum_120_neutral,momentum_120,120-Day Momentum,Momentum,neutralized,300,-0.2236531517
2024-08-31,2024-11-30,3,momentum_120_neutral,momentum_120,120-Day Momentum,Momentum,neutralized,300,-0.3371651171
2024-09-30,2024-12-31,3,momentum_120_neutral,momentum_120,120-Day Momentum,Momentum,neutralized,298,0.0009597445
2024-10-31,2025-01-31,3,momentum_120_neutral,momentum_120,120-Day Momentum,Momentum,neutralized,300,-0.0532450361
2024-11-30,2025-02-28,3,momentum_120_neutral,momentum_120,120-Day Momentum,Momentum,neutralized,299,-0.1345907089
2024-12-31,2025-03-31,3,momentum_120_neutral,momentum_120,120-Day Momentum,Momentum,neutralized,299,-0.0829736706
2025-01-31,2025-04-30,3,momentum_120_neutral,momentum_120,120-Day Momentum,Momentum,neutralized,299,0.0267349809
2025-02-28,2025-05-31,3,momentum_120_neutral,momentum_120,120-Day Momentum,Momentum,neutralized,299,-0.0347460253
2025-03-31,2025-06-30,3,momentum_120_neutral,momentum_120,120-Day Momentum,Momentum,neutralized,300,0.0893647806
2025-04-30,2025-07-31,3,momentum_120_neutral,momentum_120,120-Day Momentum,Momentum,neutralized,300,-0.1859218642
2025-05-31,2025-08-31,3,momentum_120_neutral,momentum_120,120-Day Momentum,Momentum,neutralized,299,-0.1379704159
2025-06-30,2025-09-30,3,momentum_120_neutral,momentum_120,120-Day Momentum,Momentum,neutralized,298,-0.0107422013
2025-07-31,2025-10-31,3,momentum_120_neutral,momentum_120,120-Day Momentum,Momentum,neutralized,299,-0.0262449777
2025-08-31,2025-11-30,3,momentum_120_neutral,momentum_120,120-Day Momentum,Momentum,neutralized,299,0.0229557137
2025-09-30,2025-12-31,3,momentum_120_neutral,momentum_120,120-Day Momentum,Momentum,neutralized,300,-0.0163259592
2025-10-31,2026-01-31,3,momentum_120_neutral,momentum_120,120-Day Momentum,Momentum,neutralized,300,-0.0343261592
2025-11-30,2026-02-28,3,momentum_120_neutral,momentum_120,120-Day Momentum,Momentum,neutralized,300,0.0575179724
2025-12-31,2026-03-31,3,momentum_120_neutral,momentum_120,120-Day Momentum,Momentum,neutralized,299,0.1037687145
2026-01-31,2026-04-30,3,momentum_120_neutral,momentum_120,120-Day Momentum,Momentum,neutralized,300,0.1189595440
2026-02-28,2026-05-31,3,momentum_120_neutral,momentum_120,120-Day Momentum,Momentum,neutralized,300,0.1301272236
2026-03-31,2026-06-30,3,momentum_120_neutral,momentum_120,120-Day Momentum,Momentum,neutralized,300,-0.0240171557
2026-04-30,2026-07-31,3,momentum_120_neutral,momentum_120,120-Day Momentum,Momentum,neutralized,300,-0.1102323359
2026-05-31,2026-08-31,3,momentum_120_neutral,momentum_120,120-Day Momentum,Momentum,neutralized,300,-0.0788990989
2026-06-30,2026-09-08,3,momentum_120_neutral,momentum_120,120-Day Momentum,Momentum,neutralized,300,-0.2383924266
2019-07-31,2019-08-31,1,momentum_12_1_zscore,momentum_12_1,12-1 Momentum,Momentum,standardized,300,
2019-08-31,2019-09-30,1,momentum_12_1_zscore,momentum_12_1,12-1 Momentum,Momentum,standardized,300,
2019-09-30,2019-10-31,1,momentum_12_1_zscore,momentum_12_1,12-1 Momentum,Momentum,standardized,300,
2019-10-31,2019-11-30,1,momentum_12_1_zscore,momentum_12_1,12-1 Momentum,Momentum,standardized,300,
2019-11-30,2019-12-31,1,momentum_12_1_zscore,momentum_12_1,12-1 Momentum,Momentum,standardized,300,
2019-12-31,2020-01-31,1,momentum_12_1_zscore,momentum_12_1,12-1 Momentum,Momentum,standardized,300,
2020-01-31,2020-02-29,1,momentum_12_1_zscore,momentum_12_1,12-1 Momentum,Momentum,standardized,300,0.1927084728
2020-02-29,2020-03-31,1,momentum_12_1_zscore,momentum_12_1,12-1 Momentum,Momentum,standardized,300,-0.1707693424
2020-03-31,2020-04-30,1,momentum_12_1_zscore,momentum_12_1,12-1 Momentum,Momentum,standardized,299,0.4506474670
2020-04-30,2020-05-31,1,momentum_12_1_zscore,momentum_12_1,12-1 Momentum,Momentum,standardized,299,0.0075238399
2020-05-31,2020-06-30,1,momentum_12_1_zscore,momentum_12_1,12-1 Momentum,Momentum,standardized,299,0.4197069520
2020-06-30,2020-07-31,1,momentum_12_1_zscore,momentum_12_1,12-1 Momentum,Momentum,standardized,299,-0.0190308901
2020-07-31,2020-08-31,1,momentum_12_1_zscore,momentum_12_1,12-1 Momentum,Momentum,standardized,300,-0.1066016013
2020-08-31,2020-09-30,1,momentum_12_1_zscore,momentum_12_1,12-1 Momentum,Momentum,standardized,300,-0.0873912138
2020-09-30,2020-10-31,1,momentum_12_1_zscore,momentum_12_1,12-1 Momentum,Momentum,standardized,300,0.0717347821
2020-10-31,2020-11-30,1,momentum_12_1_zscore,momentum_12_1,12-1 Momentum,Momentum,standardized,300,-0.1373573955
2020-11-30,2020-12-31,1,momentum_12_1_zscore,momentum_12_1,12-1 Momentum,Momentum,standardized,300,0.4661892451
2020-12-31,2021-01-31,1,momentum_12_1_zscore,momentum_12_1,12-1 Momentum,Momentum,standardized,300,0.2867525521
2021-01-31,2021-02-28,1,momentum_12_1_zscore,momentum_12_1,12-1 Momentum,Momentum,standardized,300,-0.4125551440
2021-02-28,2021-03-31,1,momentum_12_1_zscore,momentum_12_1,12-1 Momentum,Momentum,standardized,300,-0.1581594891
2021-03-31,2021-04-30,1,momentum_12_1_zscore,momentum_12_1,12-1 Momentum,Momentum,standardized,300,0.3865943316
2021-04-30,2021-05-31,1,momentum_12_1_zscore,momentum_12_1,12-1 Momentum,Momentum,standardized,300,0.0814268765
2021-05-31,2021-06-30,1,momentum_12_1_zscore,momentum_12_1,12-1 Momentum,Momentum,standardized,299,-0.0103378569
2021-06-30,2021-07-31,1,momentum_12_1_zscore,momentum_12_1,12-1 Momentum,Momentum,standardized,299,0.0987545166
2021-07-31,2021-08-31,1,momentum_12_1_zscore,momentum_12_1,12-1 Momentum,Momentum,standardized,300,0.0116615096
2021-08-31,2021-09-30,1,momentum_12_1_zscore,momentum_12_1,12-1 Momentum,Momentum,standardized,300,-0.3360507337
2021-09-30,2021-10-31,1,momentum_12_1_zscore,momentum_12_1,12-1 Momentum,Momentum,standardized,300,0.0957537886
2021-10-31,2021-11-30,1,momentum_12_1_zscore,momentum_12_1,12-1 Momentum,Momentum,standardized,300,-0.1801697836
2021-11-30,2021-12-31,1,momentum_12_1_zscore,momentum_12_1,12-1 Momentum,Momentum,standardized,300,-0.2616247823
2021-12-31,2022-01-31,1,momentum_12_1_zscore,momentum_12_1,12-1 Momentum,Momentum,standardized,300,-0.0543216132
2022-01-31,2022-02-28,1,momentum_12_1_zscore,momentum_12_1,12-1 Momentum,Momentum,standardized,298,0.2757980138
2022-02-28,2022-03-31,1,momentum_12_1_zscore,momentum_12_1,12-1 Momentum,Momentum,standardized,299,0.1282563142
2022-03-31,2022-04-30,1,momentum_12_1_zscore,momentum_12_1,12-1 Momentum,Momentum,standardized,300,0.0783735897
2022-04-30,2022-05-31,1,momentum_12_1_zscore,momentum_12_1,12-1 Momentum,Momentum,standardized,300,0.0040231585
2022-05-31,2022-06-30,1,momentum_12_1_zscore,momentum_12_1,12-1 Momentum,Momentum,standardized,299,-0.2477791446
2022-06-30,2022-07-31,1,momentum_12_1_zscore,momentum_12_1,12-1 Momentum,Momentum,standardized,298,0.3054595986
2022-07-31,2022-08-31,1,momentum_12_1_zscore,momentum_12_1,12-1 Momentum,Momentum,standardized,300,0.1437669787
2022-08-31,2022-09-30,1,momentum_12_1_zscore,momentum_12_1,12-1 Momentum,Momentum,standardized,300,0.3087919784
2022-09-30,2022-10-31,1,momentum_12_1_zscore,momentum_12_1,12-1 Momentum,Momentum,standardized,300,-0.2340782865
2022-10-31,2022-11-30,1,momentum_12_1_zscore,momentum_12_1,12-1 Momentum,Momentum,standardized,300,-0.0669927518
2022-11-30,2022-12-31,1,momentum_12_1_zscore,momentum_12_1,12-1 Momentum,Momentum,standardized,300,-0.1408123095
2022-12-31,2023-01-31,1,momentum_12_1_zscore,momentum_12_1,12-1 Momentum,Momentum,standardized,300,-0.4837696440
2023-01-31,2023-02-28,1,momentum_12_1_zscore,momentum_12_1,12-1 Momentum,Momentum,standardized,300,0.0224469161
2023-02-28,2023-03-31,1,momentum_12_1_zscore,momentum_12_1,12-1 Momentum,Momentum,standardized,300,0.0123352495
2023-03-31,2023-04-30,1,momentum_12_1_zscore,momentum_12_1,12-1 Momentum,Momentum,standardized,300,0.2114939055
2023-04-30,2023-05-31,1,momentum_12_1_zscore,momentum_12_1,12-1 Momentum,Momentum,standardized,300,0.1044267275
2023-05-31,2023-06-30,1,momentum_12_1_zscore,momentum_12_1,12-1 Momentum,Momentum,standardized,300,-0.0410915722
2023-06-30,2023-07-31,1,momentum_12_1_zscore,momentum_12_1,12-1 Momentum,Momentum,standardized,300,-0.1400611118
2023-07-31,2023-08-31,1,momentum_12_1_zscore,momentum_12_1,12-1 Momentum,Momentum,standardized,300,0.2622822767
2023-08-31,2023-09-30,1,momentum_12_1_zscore,momentum_12_1,12-1 Momentum,Momentum,standardized,300,0.1646294945
2023-09-30,2023-10-31,1,momentum_12_1_zscore,momentum_12_1,12-1 Momentum,Momentum,standardized,300,0.0190546583
2023-10-31,2023-11-30,1,momentum_12_1_zscore,momentum_12_1,12-1 Momentum,Momentum,standardized,300,0.1763890906
2023-11-30,2023-12-31,1,momentum_12_1_zscore,momentum_12_1,12-1 Momentum,Momentum,standardized,300,0.1219725341
2023-12-31,2024-01-31,1,momentum_12_1_zscore,momentum_12_1,12-1 Momentum,Momentum,standardized,300,0.2888890519
2024-01-31,2024-02-29,1,momentum_12_1_zscore,momentum_12_1,12-1 Momentum,Momentum,standardized,300,-0.2154597752
2024-02-29,2024-03-31,1,momentum_12_1_zscore,momentum_12_1,12-1 Momentum,Momentum,standardized,300,0.2638807098
2024-03-31,2024-04-30,1,momentum_12_1_zscore,momentum_12_1,12-1 Momentum,Momentum,standardized,300,0.2188494421
2024-04-30,2024-05-31,1,momentum_12_1_zscore,momentum_12_1,12-1 Momentum,Momentum,standardized,300,-0.0027804753
2024-05-31,2024-06-30,1,momentum_12_1_zscore,momentum_12_1,12-1 Momentum,Momentum,standardized,300,0.5230075890
2024-06-30,2024-07-31,1,momentum_12_1_zscore,momentum_12_1,12-1 Momentum,Momentum,standardized,300,-0.2619998291
2024-07-31,2024-08-31,1,momentum_12_1_zscore,momentum_12_1,12-1 Momentum,Momentum,standardized,300,0.3235354086
2024-08-31,2024-09-30,1,momentum_12_1_zscore,momentum_12_1,12-1 Momentum,Momentum,standardized,298,-0.6797913366
2024-09-30,2024-10-31,1,momentum_12_1_zscore,momentum_12_1,12-1 Momentum,Momentum,standardized,298,-0.2377548635
2024-10-31,2024-11-30,1,momentum_12_1_zscore,momentum_12_1,12-1 Momentum,Momentum,standardized,300,-0.1820131135
2024-11-30,2024-12-31,1,momentum_12_1_zscore,momentum_12_1,12-1 Momentum,Momentum,standardized,300,0.5215520172
2024-12-31,2025-01-31,1,momentum_12_1_zscore,momentum_12_1,12-1 Momentum,Momentum,standardized,300,0.1369597440
2025-01-31,2025-02-28,1,momentum_12_1_zscore,momentum_12_1,12-1 Momentum,Momentum,standardized,299,-0.2848175274
2025-02-28,2025-03-31,1,momentum_12_1_zscore,momentum_12_1,12-1 Momentum,Momentum,standardized,299,-0.0215394077
2025-03-31,2025-04-30,1,momentum_12_1_zscore,momentum_12_1,12-1 Momentum,Momentum,standardized,300,0.1318128272
2025-04-30,2025-05-31,1,momentum_12_1_zscore,momentum_12_1,12-1 Momentum,Momentum,standardized,300,0.0338630542
2025-05-31,2025-06-30,1,momentum_12_1_zscore,momentum_12_1,12-1 Momentum,Momentum,standardized,300,0.1577217875
2025-06-30,2025-07-31,1,momentum_12_1_zscore,momentum_12_1,12-1 Momentum,Momentum,standardized,299,-0.2498772194
2025-07-31,2025-08-31,1,momentum_12_1_zscore,momentum_12_1,12-1 Momentum,Momentum,standardized,299,0.2126258166
2025-08-31,2025-09-30,1,momentum_12_1_zscore,momentum_12_1,12-1 Momentum,Momentum,standardized,299,-0.0300898219
2025-09-30,2025-10-31,1,momentum_12_1_zscore,momentum_12_1,12-1 Momentum,Momentum,standardized,300,-0.2734043058
2025-10-31,2025-11-30,1,momentum_12_1_zscore,momentum_12_1,12-1 Momentum,Momentum,standardized,300,-0.1834874333
2025-11-30,2025-12-31,1,momentum_12_1_zscore,momentum_12_1,12-1 Momentum,Momentum,standardized,300,0.3603997630
2025-12-31,2026-01-31,1,momentum_12_1_zscore,momentum_12_1,12-1 Momentum,Momentum,standardized,299,0.0591113168
2026-01-31,2026-02-28,1,momentum_12_1_zscore,momentum_12_1,12-1 Momentum,Momentum,standardized,300,-0.0689760771
2026-02-28,2026-03-31,1,momentum_12_1_zscore,momentum_12_1,12-1 Momentum,Momentum,standardized,300,-0.2120009175
2026-03-31,2026-04-30,1,momentum_12_1_zscore,momentum_12_1,12-1 Momentum,Momentum,standardized,300,0.2927463667
2026-04-30,2026-05-31,1,momentum_12_1_zscore,momentum_12_1,12-1 Momentum,Momentum,standardized,300,0.0285736542
2026-05-31,2026-06-30,1,momentum_12_1_zscore,momentum_12_1,12-1 Momentum,Momentum,standardized,300,0.2499314670
2026-06-30,2026-07-31,1,momentum_12_1_zscore,momentum_12_1,12-1 Momentum,Momentum,standardized,300,-0.5219954031
2026-07-31,2026-08-31,1,momentum_12_1_zscore,momentum_12_1,12-1 Momentum,Momentum,standardized,300,0.5343137357
2026-08-31,2026-09-08,1,momentum_12_1_zscore,momentum_12_1,12-1 Momentum,Momentum,standardized,300,-0.4211668006
2019-07-31,2019-10-31,3,momentum_12_1_zscore,momentum_12_1,12-1 Momentum,Momentum,standardized,300,
2019-08-31,2019-11-30,3,momentum_12_1_zscore,momentum_12_1,12-1 Momentum,Momentum,standardized,300,
2019-09-30,2019-12-31,3,momentum_12_1_zscore,momentum_12_1,12-1 Momentum,Momentum,standardized,300,
2019-10-31,2020-01-31,3,momentum_12_1_zscore,momentum_12_1,12-1 Momentum,Momentum,standardized,300,
2019-11-30,2020-02-29,3,momentum_12_1_zscore,momentum_12_1,12-1 Momentum,Momentum,standardized,300,
2019-12-31,2020-03-31,3,momentum_12_1_zscore,momentum_12_1,12-1 Momentum,Momentum,standardized,300,
2020-01-31,2020-04-30,3,momentum_12_1_zscore,momentum_12_1,12-1 Momentum,Momentum,standardized,299,0.2637690551
2020-02-29,2020-05-31,3,momentum_12_1_zscore,momentum_12_1,12-1 Momentum,Momentum,standardized,299,0.1543012479
2020-03-31,2020-06-30,3,momentum_12_1_zscore,momentum_12_1,12-1 Momentum,Momentum,standardized,300,0.5003761745
2020-04-30,2020-07-31,3,momentum_12_1_zscore,momentum_12_1,12-1 Momentum,Momentum,standardized,299,0.1994420251
2020-05-31,2020-08-31,3,momentum_12_1_zscore,momentum_12_1,12-1 Momentum,Momentum,standardized,299,0.2990967869
2020-06-30,2020-09-30,3,momentum_12_1_zscore,momentum_12_1,12-1 Momentum,Momentum,standardized,299,-0.0431931481
2020-07-31,2020-10-31,3,momentum_12_1_zscore,momentum_12_1,12-1 Momentum,Momentum,standardized,300,-0.0467785028
2020-08-31,2020-11-30,3,momentum_12_1_zscore,momentum_12_1,12-1 Momentum,Momentum,standardized,300,-0.1326407311
2020-09-30,2020-12-31,3,momentum_12_1_zscore,momentum_12_1,12-1 Momentum,Momentum,standardized,300,0.2095200232
2020-10-31,2021-01-31,3,momentum_12_1_zscore,momentum_12_1,12-1 Momentum,Momentum,standardized,300,0.2758136085
2020-11-30,2021-02-28,3,momentum_12_1_zscore,momentum_12_1,12-1 Momentum,Momentum,standardized,300,0.2711537660
2020-12-31,2021-03-31,3,momentum_12_1_zscore,momentum_12_1,12-1 Momentum,Momentum,standardized,300,-0.2092105105
2021-01-31,2021-04-30,3,momentum_12_1_zscore,momentum_12_1,12-1 Momentum,Momentum,standardized,300,-0.1608060749
2021-02-28,2021-05-31,3,momentum_12_1_zscore,momentum_12_1,12-1 Momentum,Momentum,standardized,300,0.2126857040
2021-03-31,2021-06-30,3,momentum_12_1_zscore,momentum_12_1,12-1 Momentum,Momentum,standardized,299,0.2202541639
2021-04-30,2021-07-31,3,momentum_12_1_zscore,momentum_12_1,12-1 Momentum,Momentum,standardized,300,0.0556892860
2021-05-31,2021-08-31,3,momentum_12_1_zscore,momentum_12_1,12-1 Momentum,Momentum,standardized,300,0.0417506309
2021-06-30,2021-09-30,3,momentum_12_1_zscore,momentum_12_1,12-1 Momentum,Momentum,standardized,298,0.0265436494
2021-07-31,2021-10-31,3,momentum_12_1_zscore,momentum_12_1,12-1 Momentum,Momentum,standardized,300,-0.0174007093
2021-08-31,2021-11-30,3,momentum_12_1_zscore,momentum_12_1,12-1 Momentum,Momentum,standardized,300,-0.2246644057
2021-09-30,2021-12-31,3,momentum_12_1_zscore,momentum_12_1,12-1 Momentum,Momentum,standardized,300,-0.1874907290
2021-10-31,2022-01-31,3,momentum_12_1_zscore,momentum_12_1,12-1 Momentum,Momentum,standardized,300,-0.2160297740
2021-11-30,2022-02-28,3,momentum_12_1_zscore,momentum_12_1,12-1 Momentum,Momentum,standardized,300,-0.0016040198
2021-12-31,2022-03-31,3,momentum_12_1_zscore,momentum_12_1,12-1 Momentum,Momentum,standardized,300,0.0824450993
2022-01-31,2022-04-30,3,momentum_12_1_zscore,momentum_12_1,12-1 Momentum,Momentum,standardized,298,0.1938747389
2022-02-28,2022-05-31,3,momentum_12_1_zscore,momentum_12_1,12-1 Momentum,Momentum,standardized,299,0.1544651859
2022-03-31,2022-06-30,3,momentum_12_1_zscore,momentum_12_1,12-1 Momentum,Momentum,standardized,300,0.0218464892
2022-04-30,2022-07-31,3,momentum_12_1_zscore,momentum_12_1,12-1 Momentum,Momentum,standardized,300,-0.0208069117
2022-05-31,2022-08-31,3,momentum_12_1_zscore,momentum_12_1,12-1 Momentum,Momentum,standardized,299,0.0527555292
2022-06-30,2022-09-30,3,momentum_12_1_zscore,momentum_12_1,12-1 Momentum,Momentum,standardized,298,0.2756814125
2022-07-31,2022-10-31,3,momentum_12_1_zscore,momentum_12_1,12-1 Momentum,Momentum,standardized,300,0.0351806248
2022-08-31,2022-11-30,3,momentum_12_1_zscore,momentum_12_1,12-1 Momentum,Momentum,standardized,300,-0.1490928174
2022-09-30,2022-12-31,3,momentum_12_1_zscore,momentum_12_1,12-1 Momentum,Momentum,standardized,300,-0.3012573808
2022-10-31,2023-01-31,3,momentum_12_1_zscore,momentum_12_1,12-1 Momentum,Momentum,standardized,300,-0.3119637231
2022-11-30,2023-02-28,3,momentum_12_1_zscore,momentum_12_1,12-1 Momentum,Momentum,standardized,300,-0.3304003358
2022-12-31,2023-03-31,3,momentum_12_1_zscore,momentum_12_1,12-1 Momentum,Momentum,standardized,300,-0.0857367495
2023-01-31,2023-04-30,3,momentum_12_1_zscore,momentum_12_1,12-1 Momentum,Momentum,standardized,300,0.2031982803
2023-02-28,2023-05-31,3,momentum_12_1_zscore,momentum_12_1,12-1 Momentum,Momentum,standardized,300,0.0593242147
2023-03-31,2023-06-30,3,momentum_12_1_zscore,momentum_12_1,12-1 Momentum,Momentum,standardized,300,0.1857625085
2023-04-30,2023-07-31,3,momentum_12_1_zscore,momentum_12_1,12-1 Momentum,Momentum,standardized,300,-0.0697865532
2023-05-31,2023-08-31,3,momentum_12_1_zscore,momentum_12_1,12-1 Momentum,Momentum,standardized,300,0.0685254357
2023-06-30,2023-09-30,3,momentum_12_1_zscore,momentum_12_1,12-1 Momentum,Momentum,standardized,300,0.0956152846
2023-07-31,2023-10-31,3,momentum_12_1_zscore,momentum_12_1,12-1 Momentum,Momentum,standardized,300,0.1709185848
2023-08-31,2023-11-30,3,momentum_12_1_zscore,momentum_12_1,12-1 Momentum,Momentum,standardized,300,0.1081587693
2023-09-30,2023-12-31,3,momentum_12_1_zscore,momentum_12_1,12-1 Momentum,Momentum,standardized,300,0.1282043276
2023-10-31,2024-01-31,3,momentum_12_1_zscore,momentum_12_1,12-1 Momentum,Momentum,standardized,300,0.4073574151
2023-11-30,2024-02-29,3,momentum_12_1_zscore,momentum_12_1,12-1 Momentum,Momentum,standardized,300,0.3994169268
2023-12-31,2024-03-31,3,momentum_12_1_zscore,momentum_12_1,12-1 Momentum,Momentum,standardized,300,0.3684843984
2024-01-31,2024-04-30,3,momentum_12_1_zscore,momentum_12_1,12-1 Momentum,Momentum,standardized,300,0.1690870462
2024-02-29,2024-05-31,3,momentum_12_1_zscore,momentum_12_1,12-1 Momentum,Momentum,standardized,300,0.2311927910
2024-03-31,2024-06-30,3,momentum_12_1_zscore,momentum_12_1,12-1 Momentum,Momentum,standardized,300,0.3717050602
2024-04-30,2024-07-31,3,momentum_12_1_zscore,momentum_12_1,12-1 Momentum,Momentum,standardized,300,0.2079965333
2024-05-31,2024-08-31,3,momentum_12_1_zscore,momentum_12_1,12-1 Momentum,Momentum,standardized,300,0.3255005056
2024-06-30,2024-09-30,3,momentum_12_1_zscore,momentum_12_1,12-1 Momentum,Momentum,standardized,298,-0.4832791753
2024-07-31,2024-10-31,3,momentum_12_1_zscore,momentum_12_1,12-1 Momentum,Momentum,standardized,300,-0.4992142690
2024-08-31,2024-11-30,3,momentum_12_1_zscore,momentum_12_1,12-1 Momentum,Momentum,standardized,300,-0.6351910577
2024-09-30,2024-12-31,3,momentum_12_1_zscore,momentum_12_1,12-1 Momentum,Momentum,standardized,298,0.0936742796
2024-10-31,2025-01-31,3,momentum_12_1_zscore,momentum_12_1,12-1 Momentum,Momentum,standardized,300,0.3546848298
2024-11-30,2025-02-28,3,momentum_12_1_zscore,momentum_12_1,12-1 Momentum,Momentum,standardized,299,0.2101353741
2024-12-31,2025-03-31,3,momentum_12_1_zscore,momentum_12_1,12-1 Momentum,Momentum,standardized,299,-0.1206729366
2025-01-31,2025-04-30,3,momentum_12_1_zscore,momentum_12_1,12-1 Momentum,Momentum,standardized,299,-0.0662499233
2025-02-28,2025-05-31,3,momentum_12_1_zscore,momentum_12_1,12-1 Momentum,Momentum,standardized,299,0.0693620184
2025-03-31,2025-06-30,3,momentum_12_1_zscore,momentum_12_1,12-1 Momentum,Momentum,standardized,300,0.2218709590
2025-04-30,2025-07-31,3,momentum_12_1_zscore,momentum_12_1,12-1 Momentum,Momentum,standardized,300,0.0600131179
2025-05-31,2025-08-31,3,momentum_12_1_zscore,momentum_12_1,12-1 Momentum,Momentum,standardized,299,0.0392547911
2025-06-30,2025-09-30,3,momentum_12_1_zscore,momentum_12_1,12-1 Momentum,Momentum,standardized,298,-0.1023453089
2025-07-31,2025-10-31,3,momentum_12_1_zscore,momentum_12_1,12-1 Momentum,Momentum,standardized,299,0.0651067462
2025-08-31,2025-11-30,3,momentum_12_1_zscore,momentum_12_1,12-1 Momentum,Momentum,standardized,299,-0.1275813566
2025-09-30,2025-12-31,3,momentum_12_1_zscore,momentum_12_1,12-1 Momentum,Momentum,standardized,300,-0.0999515104
2025-10-31,2026-01-31,3,momentum_12_1_zscore,momentum_12_1,12-1 Momentum,Momentum,standardized,300,0.1039272623
2025-11-30,2026-02-28,3,momentum_12_1_zscore,momentum_12_1,12-1 Momentum,Momentum,standardized,300,0.1926621387
2025-12-31,2026-03-31,3,momentum_12_1_zscore,momentum_12_1,12-1 Momentum,Momentum,standardized,299,0.0433825938
2026-01-31,2026-04-30,3,momentum_12_1_zscore,momentum_12_1,12-1 Momentum,Momentum,standardized,300,0.0848280921
2026-02-28,2026-05-31,3,momentum_12_1_zscore,momentum_12_1,12-1 Momentum,Momentum,standardized,300,0.1269903495
2026-03-31,2026-06-30,3,momentum_12_1_zscore,momentum_12_1,12-1 Momentum,Momentum,standardized,300,0.2125363146
2026-04-30,2026-07-31,3,momentum_12_1_zscore,momentum_12_1,12-1 Momentum,Momentum,standardized,300,-0.1527489966
2026-05-31,2026-08-31,3,momentum_12_1_zscore,momentum_12_1,12-1 Momentum,Momentum,standardized,300,-0.0638453183
2026-06-30,2026-09-08,3,momentum_12_1_zscore,momentum_12_1,12-1 Momentum,Momentum,standardized,300,-0.4075394806
2019-07-31,2019-08-31,1,momentum_12_1_neutral,momentum_12_1,12-1 Momentum,Momentum,neutralized,300,
2019-08-31,2019-09-30,1,momentum_12_1_neutral,momentum_12_1,12-1 Momentum,Momentum,neutralized,300,
2019-09-30,2019-10-31,1,momentum_12_1_neutral,momentum_12_1,12-1 Momentum,Momentum,neutralized,300,
2019-10-31,2019-11-30,1,momentum_12_1_neutral,momentum_12_1,12-1 Momentum,Momentum,neutralized,300,
2019-11-30,2019-12-31,1,momentum_12_1_neutral,momentum_12_1,12-1 Momentum,Momentum,neutralized,300,
2019-12-31,2020-01-31,1,momentum_12_1_neutral,momentum_12_1,12-1 Momentum,Momentum,neutralized,300,
2020-01-31,2020-02-29,1,momentum_12_1_neutral,momentum_12_1,12-1 Momentum,Momentum,neutralized,300,0.0464623095
2020-02-29,2020-03-31,1,momentum_12_1_neutral,momentum_12_1,12-1 Momentum,Momentum,neutralized,300,0.0289634329
2020-03-31,2020-04-30,1,momentum_12_1_neutral,momentum_12_1,12-1 Momentum,Momentum,neutralized,299,0.2806190493
2020-04-30,2020-05-31,1,momentum_12_1_neutral,momentum_12_1,12-1 Momentum,Momentum,neutralized,299,0.0056734991
2020-05-31,2020-06-30,1,momentum_12_1_neutral,momentum_12_1,12-1 Momentum,Momentum,neutralized,299,0.1297462210
2020-06-30,2020-07-31,1,momentum_12_1_neutral,momentum_12_1,12-1 Momentum,Momentum,neutralized,299,0.0303050437
2020-07-31,2020-08-31,1,momentum_12_1_neutral,momentum_12_1,12-1 Momentum,Momentum,neutralized,300,0.0023480271
2020-08-31,2020-09-30,1,momentum_12_1_neutral,momentum_12_1,12-1 Momentum,Momentum,neutralized,300,0.0974850832
2020-09-30,2020-10-31,1,momentum_12_1_neutral,momentum_12_1,12-1 Momentum,Momentum,neutralized,300,-0.0752858927
2020-10-31,2020-11-30,1,momentum_12_1_neutral,momentum_12_1,12-1 Momentum,Momentum,neutralized,300,0.0110001234
2020-11-30,2020-12-31,1,momentum_12_1_neutral,momentum_12_1,12-1 Momentum,Momentum,neutralized,300,0.2491807406
2020-12-31,2021-01-31,1,momentum_12_1_neutral,momentum_12_1,12-1 Momentum,Momentum,neutralized,300,0.2171513017
2021-01-31,2021-02-28,1,momentum_12_1_neutral,momentum_12_1,12-1 Momentum,Momentum,neutralized,300,-0.2589536670
2021-02-28,2021-03-31,1,momentum_12_1_neutral,momentum_12_1,12-1 Momentum,Momentum,neutralized,300,0.0015580175
2021-03-31,2021-04-30,1,momentum_12_1_neutral,momentum_12_1,12-1 Momentum,Momentum,neutralized,300,0.2278168548
2021-04-30,2021-05-31,1,momentum_12_1_neutral,momentum_12_1,12-1 Momentum,Momentum,neutralized,300,0.0776260599
2021-05-31,2021-06-30,1,momentum_12_1_neutral,momentum_12_1,12-1 Momentum,Momentum,neutralized,299,0.0107086261
2021-06-30,2021-07-31,1,momentum_12_1_neutral,momentum_12_1,12-1 Momentum,Momentum,neutralized,299,0.0069197115
2021-07-31,2021-08-31,1,momentum_12_1_neutral,momentum_12_1,12-1 Momentum,Momentum,neutralized,300,0.0566415182
2021-08-31,2021-09-30,1,momentum_12_1_neutral,momentum_12_1,12-1 Momentum,Momentum,neutralized,300,-0.1747279608
2021-09-30,2021-10-31,1,momentum_12_1_neutral,momentum_12_1,12-1 Momentum,Momentum,neutralized,300,0.1765385041
2021-10-31,2021-11-30,1,momentum_12_1_neutral,momentum_12_1,12-1 Momentum,Momentum,neutralized,300,-0.1196169378
2021-11-30,2021-12-31,1,momentum_12_1_neutral,momentum_12_1,12-1 Momentum,Momentum,neutralized,300,-0.2021024903
2021-12-31,2022-01-31,1,momentum_12_1_neutral,momentum_12_1,12-1 Momentum,Momentum,neutralized,300,-0.0790364337
2022-01-31,2022-02-28,1,momentum_12_1_neutral,momentum_12_1,12-1 Momentum,Momentum,neutralized,298,0.2088992081
2022-02-28,2022-03-31,1,momentum_12_1_neutral,momentum_12_1,12-1 Momentum,Momentum,neutralized,299,0.0522843483
2022-03-31,2022-04-30,1,momentum_12_1_neutral,momentum_12_1,12-1 Momentum,Momentum,neutralized,300,-0.0384308757
2022-04-30,2022-05-31,1,momentum_12_1_neutral,momentum_12_1,12-1 Momentum,Momentum,neutralized,300,0.0347350526
2022-05-31,2022-06-30,1,momentum_12_1_neutral,momentum_12_1,12-1 Momentum,Momentum,neutralized,299,-0.0867594637
2022-06-30,2022-07-31,1,momentum_12_1_neutral,momentum_12_1,12-1 Momentum,Momentum,neutralized,298,0.1475256255
2022-07-31,2022-08-31,1,momentum_12_1_neutral,momentum_12_1,12-1 Momentum,Momentum,neutralized,300,0.1020449229
2022-08-31,2022-09-30,1,momentum_12_1_neutral,momentum_12_1,12-1 Momentum,Momentum,neutralized,300,0.0584404336
2022-09-30,2022-10-31,1,momentum_12_1_neutral,momentum_12_1,12-1 Momentum,Momentum,neutralized,300,-0.0675958997
2022-10-31,2022-11-30,1,momentum_12_1_neutral,momentum_12_1,12-1 Momentum,Momentum,neutralized,300,-0.1568012978
2022-11-30,2022-12-31,1,momentum_12_1_neutral,momentum_12_1,12-1 Momentum,Momentum,neutralized,300,-0.1152817254
2022-12-31,2023-01-31,1,momentum_12_1_neutral,momentum_12_1,12-1 Momentum,Momentum,neutralized,300,-0.2055339306
2023-01-31,2023-02-28,1,momentum_12_1_neutral,momentum_12_1,12-1 Momentum,Momentum,neutralized,300,0.0410977900
2023-02-28,2023-03-31,1,momentum_12_1_neutral,momentum_12_1,12-1 Momentum,Momentum,neutralized,300,0.0035344841
2023-03-31,2023-04-30,1,momentum_12_1_neutral,momentum_12_1,12-1 Momentum,Momentum,neutralized,300,0.1698218869
2023-04-30,2023-05-31,1,momentum_12_1_neutral,momentum_12_1,12-1 Momentum,Momentum,neutralized,300,0.1300659041
2023-05-31,2023-06-30,1,momentum_12_1_neutral,momentum_12_1,12-1 Momentum,Momentum,neutralized,300,0.0343068333
2023-06-30,2023-07-31,1,momentum_12_1_neutral,momentum_12_1,12-1 Momentum,Momentum,neutralized,300,-0.0916854632
2023-07-31,2023-08-31,1,momentum_12_1_neutral,momentum_12_1,12-1 Momentum,Momentum,neutralized,300,0.1953612818
2023-08-31,2023-09-30,1,momentum_12_1_neutral,momentum_12_1,12-1 Momentum,Momentum,neutralized,300,0.1169986983
2023-09-30,2023-10-31,1,momentum_12_1_neutral,momentum_12_1,12-1 Momentum,Momentum,neutralized,300,-0.0323363593
2023-10-31,2023-11-30,1,momentum_12_1_neutral,momentum_12_1,12-1 Momentum,Momentum,neutralized,300,0.1245294113
2023-11-30,2023-12-31,1,momentum_12_1_neutral,momentum_12_1,12-1 Momentum,Momentum,neutralized,300,0.0073823092
2023-12-31,2024-01-31,1,momentum_12_1_neutral,momentum_12_1,12-1 Momentum,Momentum,neutralized,300,0.2306061178
2024-01-31,2024-02-29,1,momentum_12_1_neutral,momentum_12_1,12-1 Momentum,Momentum,neutralized,300,-0.1066300974
2024-02-29,2024-03-31,1,momentum_12_1_neutral,momentum_12_1,12-1 Momentum,Momentum,neutralized,300,0.2144321604
2024-03-31,2024-04-30,1,momentum_12_1_neutral,momentum_12_1,12-1 Momentum,Momentum,neutralized,300,0.1284292904
2024-04-30,2024-05-31,1,momentum_12_1_neutral,momentum_12_1,12-1 Momentum,Momentum,neutralized,300,-0.0963524146
2024-05-31,2024-06-30,1,momentum_12_1_neutral,momentum_12_1,12-1 Momentum,Momentum,neutralized,300,0.3110679008
2024-06-30,2024-07-31,1,momentum_12_1_neutral,momentum_12_1,12-1 Momentum,Momentum,neutralized,300,-0.2491507960
2024-07-31,2024-08-31,1,momentum_12_1_neutral,momentum_12_1,12-1 Momentum,Momentum,neutralized,300,0.2030649229
2024-08-31,2024-09-30,1,momentum_12_1_neutral,momentum_12_1,12-1 Momentum,Momentum,neutralized,298,-0.3492353670
2024-09-30,2024-10-31,1,momentum_12_1_neutral,momentum_12_1,12-1 Momentum,Momentum,neutralized,298,-0.1862524081
2024-10-31,2024-11-30,1,momentum_12_1_neutral,momentum_12_1,12-1 Momentum,Momentum,neutralized,300,-0.0919495785
2024-11-30,2024-12-31,1,momentum_12_1_neutral,momentum_12_1,12-1 Momentum,Momentum,neutralized,300,0.3385344282
2024-12-31,2025-01-31,1,momentum_12_1_neutral,momentum_12_1,12-1 Momentum,Momentum,neutralized,300,0.0897129968
2025-01-31,2025-02-28,1,momentum_12_1_neutral,momentum_12_1,12-1 Momentum,Momentum,neutralized,299,-0.2534796677
2025-02-28,2025-03-31,1,momentum_12_1_neutral,momentum_12_1,12-1 Momentum,Momentum,neutralized,299,0.0487957622
2025-03-31,2025-04-30,1,momentum_12_1_neutral,momentum_12_1,12-1 Momentum,Momentum,neutralized,300,0.1690196746
2025-04-30,2025-05-31,1,momentum_12_1_neutral,momentum_12_1,12-1 Momentum,Momentum,neutralized,300,0.0050778359
2025-05-31,2025-06-30,1,momentum_12_1_neutral,momentum_12_1,12-1 Momentum,Momentum,neutralized,300,0.0300994489
2025-06-30,2025-07-31,1,momentum_12_1_neutral,momentum_12_1,12-1 Momentum,Momentum,neutralized,299,-0.2268249871
2025-07-31,2025-08-31,1,momentum_12_1_neutral,momentum_12_1,12-1 Momentum,Momentum,neutralized,299,0.1149443502
2025-08-31,2025-09-30,1,momentum_12_1_neutral,momentum_12_1,12-1 Momentum,Momentum,neutralized,299,-0.0105515028
2025-09-30,2025-10-31,1,momentum_12_1_neutral,momentum_12_1,12-1 Momentum,Momentum,neutralized,300,-0.0651625402
2025-10-31,2025-11-30,1,momentum_12_1_neutral,momentum_12_1,12-1 Momentum,Momentum,neutralized,300,-0.0652456138
2025-11-30,2025-12-31,1,momentum_12_1_neutral,momentum_12_1,12-1 Momentum,Momentum,neutralized,300,0.0818369093
2025-12-31,2026-01-31,1,momentum_12_1_neutral,momentum_12_1,12-1 Momentum,Momentum,neutralized,299,-0.0036338170
2026-01-31,2026-02-28,1,momentum_12_1_neutral,momentum_12_1,12-1 Momentum,Momentum,neutralized,300,0.0528676985
2026-02-28,2026-03-31,1,momentum_12_1_neutral,momentum_12_1,12-1 Momentum,Momentum,neutralized,300,0.0176048642
2026-03-31,2026-04-30,1,momentum_12_1_neutral,momentum_12_1,12-1 Momentum,Momentum,neutralized,300,0.0926197369
2026-04-30,2026-05-31,1,momentum_12_1_neutral,momentum_12_1,12-1 Momentum,Momentum,neutralized,300,0.0451431683
2026-05-31,2026-06-30,1,momentum_12_1_neutral,momentum_12_1,12-1 Momentum,Momentum,neutralized,300,-0.0016773522
2026-06-30,2026-07-31,1,momentum_12_1_neutral,momentum_12_1,12-1 Momentum,Momentum,neutralized,300,-0.3010415671
2026-07-31,2026-08-31,1,momentum_12_1_neutral,momentum_12_1,12-1 Momentum,Momentum,neutralized,300,0.2604115891
2026-08-31,2026-09-08,1,momentum_12_1_neutral,momentum_12_1,12-1 Momentum,Momentum,neutralized,300,-0.0071791989
2019-07-31,2019-10-31,3,momentum_12_1_neutral,momentum_12_1,12-1 Momentum,Momentum,neutralized,300,
2019-08-31,2019-11-30,3,momentum_12_1_neutral,momentum_12_1,12-1 Momentum,Momentum,neutralized,300,
2019-09-30,2019-12-31,3,momentum_12_1_neutral,momentum_12_1,12-1 Momentum,Momentum,neutralized,300,
2019-10-31,2020-01-31,3,momentum_12_1_neutral,momentum_12_1,12-1 Momentum,Momentum,neutralized,300,
2019-11-30,2020-02-29,3,momentum_12_1_neutral,momentum_12_1,12-1 Momentum,Momentum,neutralized,300,
2019-12-31,2020-03-31,3,momentum_12_1_neutral,momentum_12_1,12-1 Momentum,Momentum,neutralized,300,
2020-01-31,2020-04-30,3,momentum_12_1_neutral,momentum_12_1,12-1 Momentum,Momentum,neutralized,299,0.2166003737
2020-02-29,2020-05-31,3,momentum_12_1_neutral,momentum_12_1,12-1 Momentum,Momentum,neutralized,299,0.2223698682
2020-03-31,2020-06-30,3,momentum_12_1_neutral,momentum_12_1,12-1 Momentum,Momentum,neutralized,300,0.2534786224
2020-04-30,2020-07-31,3,momentum_12_1_neutral,momentum_12_1,12-1 Momentum,Momentum,neutralized,299,0.0879302570
2020-05-31,2020-08-31,3,momentum_12_1_neutral,momentum_12_1,12-1 Momentum,Momentum,neutralized,299,0.1680463029
2020-06-30,2020-09-30,3,momentum_12_1_neutral,momentum_12_1,12-1 Momentum,Momentum,neutralized,299,0.0705515028
2020-07-31,2020-10-31,3,momentum_12_1_neutral,momentum_12_1,12-1 Momentum,Momentum,neutralized,300,0.0132085912
2020-08-31,2020-11-30,3,momentum_12_1_neutral,momentum_12_1,12-1 Momentum,Momentum,neutralized,300,-0.0078423094
2020-09-30,2020-12-31,3,momentum_12_1_neutral,momentum_12_1,12-1 Momentum,Momentum,neutralized,300,0.0694629940
2020-10-31,2021-01-31,3,momentum_12_1_neutral,momentum_12_1,12-1 Momentum,Momentum,neutralized,300,0.1691293662
2020-11-30,2021-02-28,3,momentum_12_1_neutral,momentum_12_1,12-1 Momentum,Momentum,neutralized,300,0.1629360507
2020-12-31,2021-03-31,3,momentum_12_1_neutral,momentum_12_1,12-1 Momentum,Momentum,neutralized,300,-0.0824635829
2021-01-31,2021-04-30,3,momentum_12_1_neutral,momentum_12_1,12-1 Momentum,Momentum,neutralized,300,-0.0423302575
2021-02-28,2021-05-31,3,momentum_12_1_neutral,momentum_12_1,12-1 Momentum,Momentum,neutralized,300,0.2173235741
2021-03-31,2021-06-30,3,momentum_12_1_neutral,momentum_12_1,12-1 Momentum,Momentum,neutralized,299,0.2067064712
2021-04-30,2021-07-31,3,momentum_12_1_neutral,momentum_12_1,12-1 Momentum,Momentum,neutralized,300,0.0309563440
2021-05-31,2021-08-31,3,momentum_12_1_neutral,momentum_12_1,12-1 Momentum,Momentum,neutralized,300,0.0275638618
2021-06-30,2021-09-30,3,momentum_12_1_neutral,momentum_12_1,12-1 Momentum,Momentum,neutralized,298,-0.0364650833
2021-07-31,2021-10-31,3,momentum_12_1_neutral,momentum_12_1,12-1 Momentum,Momentum,neutralized,300,0.0537546032
2021-08-31,2021-11-30,3,momentum_12_1_neutral,momentum_12_1,12-1 Momentum,Momentum,neutralized,300,-0.1169941888
2021-09-30,2021-12-31,3,momentum_12_1_neutral,momentum_12_1,12-1 Momentum,Momentum,neutralized,300,-0.0416396247
2021-10-31,2022-01-31,3,momentum_12_1_neutral,momentum_12_1,12-1 Momentum,Momentum,neutralized,300,-0.2035093723
2021-11-30,2022-02-28,3,momentum_12_1_neutral,momentum_12_1,12-1 Momentum,Momentum,neutralized,300,-0.0443540533
2021-12-31,2022-03-31,3,momentum_12_1_neutral,momentum_12_1,12-1 Momentum,Momentum,neutralized,300,0.0428884765
2022-01-31,2022-04-30,3,momentum_12_1_neutral,momentum_12_1,12-1 Momentum,Momentum,neutralized,298,0.0899563852
2022-02-28,2022-05-31,3,momentum_12_1_neutral,momentum_12_1,12-1 Momentum,Momentum,neutralized,299,0.0553810240
2022-03-31,2022-06-30,3,momentum_12_1_neutral,momentum_12_1,12-1 Momentum,Momentum,neutralized,300,-0.0026151416
2022-04-30,2022-07-31,3,momentum_12_1_neutral,momentum_12_1,12-1 Momentum,Momentum,neutralized,300,0.0353257258
2022-05-31,2022-08-31,3,momentum_12_1_neutral,momentum_12_1,12-1 Momentum,Momentum,neutralized,299,0.0862146850
2022-06-30,2022-09-30,3,momentum_12_1_neutral,momentum_12_1,12-1 Momentum,Momentum,neutralized,298,0.1348129224
2022-07-31,2022-10-31,3,momentum_12_1_neutral,momentum_12_1,12-1 Momentum,Momentum,neutralized,300,0.0292887731
2022-08-31,2022-11-30,3,momentum_12_1_neutral,momentum_12_1,12-1 Momentum,Momentum,neutralized,300,-0.2103065823
2022-09-30,2022-12-31,3,momentum_12_1_neutral,momentum_12_1,12-1 Momentum,Momentum,neutralized,300,-0.2060389789
2022-10-31,2023-01-31,3,momentum_12_1_neutral,momentum_12_1,12-1 Momentum,Momentum,neutralized,300,-0.2525619174
2022-11-30,2023-02-28,3,momentum_12_1_neutral,momentum_12_1,12-1 Momentum,Momentum,neutralized,300,-0.1461094175
2022-12-31,2023-03-31,3,momentum_12_1_neutral,momentum_12_1,12-1 Momentum,Momentum,neutralized,300,0.0498474483
2023-01-31,2023-04-30,3,momentum_12_1_neutral,momentum_12_1,12-1 Momentum,Momentum,neutralized,300,0.1220791478
2023-02-28,2023-05-31,3,momentum_12_1_neutral,momentum_12_1,12-1 Momentum,Momentum,neutralized,300,0.0465560728
2023-03-31,2023-06-30,3,momentum_12_1_neutral,momentum_12_1,12-1 Momentum,Momentum,neutralized,300,0.1888536539
2023-04-30,2023-07-31,3,momentum_12_1_neutral,momentum_12_1,12-1 Momentum,Momentum,neutralized,300,0.0427924755
2023-05-31,2023-08-31,3,momentum_12_1_neutral,momentum_12_1,12-1 Momentum,Momentum,neutralized,300,0.1244649662
2023-06-30,2023-09-30,3,momentum_12_1_neutral,momentum_12_1,12-1 Momentum,Momentum,neutralized,300,0.0778541984
2023-07-31,2023-10-31,3,momentum_12_1_neutral,momentum_12_1,12-1 Momentum,Momentum,neutralized,300,0.1329045878
2023-08-31,2023-11-30,3,momentum_12_1_neutral,momentum_12_1,12-1 Momentum,Momentum,neutralized,300,0.0861462905
2023-09-30,2023-12-31,3,momentum_12_1_neutral,momentum_12_1,12-1 Momentum,Momentum,neutralized,300,0.0481245347
2023-10-31,2024-01-31,3,momentum_12_1_neutral,momentum_12_1,12-1 Momentum,Momentum,neutralized,300,0.2448887482
2023-11-30,2024-02-29,3,momentum_12_1_neutral,momentum_12_1,12-1 Momentum,Momentum,neutralized,300,0.2371349098
2023-12-31,2024-03-31,3,momentum_12_1_neutral,momentum_12_1,12-1 Momentum,Momentum,neutralized,300,0.3345877176
2024-01-31,2024-04-30,3,momentum_12_1_neutral,momentum_12_1,12-1 Momentum,Momentum,neutralized,300,0.1685488178
2024-02-29,2024-05-31,3,momentum_12_1_neutral,momentum_12_1,12-1 Momentum,Momentum,neutralized,300,0.1236787075
2024-03-31,2024-06-30,3,momentum_12_1_neutral,momentum_12_1,12-1 Momentum,Momentum,neutralized,300,0.1694434759
2024-04-30,2024-07-31,3,momentum_12_1_neutral,momentum_12_1,12-1 Momentum,Momentum,neutralized,300,0.0378453136
2024-05-31,2024-08-31,3,momentum_12_1_neutral,momentum_12_1,12-1 Momentum,Momentum,neutralized,300,0.1989893221
2024-06-30,2024-09-30,3,momentum_12_1_neutral,momentum_12_1,12-1 Momentum,Momentum,neutralized,298,-0.2658830603
2024-07-31,2024-10-31,3,momentum_12_1_neutral,momentum_12_1,12-1 Momentum,Momentum,neutralized,300,-0.2310310115
2024-08-31,2024-11-30,3,momentum_12_1_neutral,momentum_12_1,12-1 Momentum,Momentum,neutralized,300,-0.3449417638
2024-09-30,2024-12-31,3,momentum_12_1_neutral,momentum_12_1,12-1 Momentum,Momentum,neutralized,298,0.0175236688
2024-10-31,2025-01-31,3,momentum_12_1_neutral,momentum_12_1,12-1 Momentum,Momentum,neutralized,300,0.2706930378
2024-11-30,2025-02-28,3,momentum_12_1_neutral,momentum_12_1,12-1 Momentum,Momentum,neutralized,299,0.1401218985
2024-12-31,2025-03-31,3,momentum_12_1_neutral,momentum_12_1,12-1 Momentum,Momentum,neutralized,299,-0.1077847860
2025-01-31,2025-04-30,3,momentum_12_1_neutral,momentum_12_1,12-1 Momentum,Momentum,neutralized,299,-0.0456972907
2025-02-28,2025-05-31,3,momentum_12_1_neutral,momentum_12_1,12-1 Momentum,Momentum,neutralized,299,0.1315997544
2025-03-31,2025-06-30,3,momentum_12_1_neutral,momentum_12_1,12-1 Momentum,Momentum,neutralized,300,0.0955717392
2025-04-30,2025-07-31,3,momentum_12_1_neutral,momentum_12_1,12-1 Momentum,Momentum,neutralized,300,-0.0299481139
2025-05-31,2025-08-31,3,momentum_12_1_neutral,momentum_12_1,12-1 Momentum,Momentum,neutralized,299,0.0213813382
2025-06-30,2025-09-30,3,momentum_12_1_neutral,momentum_12_1,12-1 Momentum,Momentum,neutralized,298,0.0371520643
2025-07-31,2025-10-31,3,momentum_12_1_neutral,momentum_12_1,12-1 Momentum,Momentum,neutralized,299,0.1092855379
2025-08-31,2025-11-30,3,momentum_12_1_neutral,momentum_12_1,12-1 Momentum,Momentum,neutralized,299,0.0066072591
2025-09-30,2025-12-31,3,momentum_12_1_neutral,momentum_12_1,12-1 Momentum,Momentum,neutralized,300,-0.0623124771
2025-10-31,2026-01-31,3,momentum_12_1_neutral,momentum_12_1,12-1 Momentum,Momentum,neutralized,300,-0.0350555006
2025-11-30,2026-02-28,3,momentum_12_1_neutral,momentum_12_1,12-1 Momentum,Momentum,neutralized,300,0.0664318492
2025-12-31,2026-03-31,3,momentum_12_1_neutral,momentum_12_1,12-1 Momentum,Momentum,neutralized,299,0.0626288972
2026-01-31,2026-04-30,3,momentum_12_1_neutral,momentum_12_1,12-1 Momentum,Momentum,neutralized,300,0.1067998533
2026-02-28,2026-05-31,3,momentum_12_1_neutral,momentum_12_1,12-1 Momentum,Momentum,neutralized,300,0.1065127390
2026-03-31,2026-06-30,3,momentum_12_1_neutral,momentum_12_1,12-1 Momentum,Momentum,neutralized,300,0.0628878099
2026-04-30,2026-07-31,3,momentum_12_1_neutral,momentum_12_1,12-1 Momentum,Momentum,neutralized,300,-0.1692689919
2026-05-31,2026-08-31,3,momentum_12_1_neutral,momentum_12_1,12-1 Momentum,Momentum,neutralized,300,-0.1838551744
2026-06-30,2026-09-08,3,momentum_12_1_neutral,momentum_12_1,12-1 Momentum,Momentum,neutralized,300,-0.2013231258
2019-07-31,2019-08-31,1,reversal_5_score_zscore,reversal_5_score,5-Day Reversal,Reversal,standardized,300,-0.1836089516
2019-08-31,2019-09-30,1,reversal_5_score_zscore,reversal_5_score,5-Day Reversal,Reversal,standardized,300,0.2544739262
2019-09-30,2019-10-31,1,reversal_5_score_zscore,reversal_5_score,5-Day Reversal,Reversal,standardized,300,-0.1616303840
2019-10-31,2019-11-30,1,reversal_5_score_zscore,reversal_5_score,5-Day Reversal,Reversal,standardized,300,-0.0195778405
2019-11-30,2019-12-31,1,reversal_5_score_zscore,reversal_5_score,5-Day Reversal,Reversal,standardized,300,0.0090052482
2019-12-31,2020-01-31,1,reversal_5_score_zscore,reversal_5_score,5-Day Reversal,Reversal,standardized,300,0.1977533963
2020-01-31,2020-02-29,1,reversal_5_score_zscore,reversal_5_score,5-Day Reversal,Reversal,standardized,300,-0.1092961569
2020-02-29,2020-03-31,1,reversal_5_score_zscore,reversal_5_score,5-Day Reversal,Reversal,standardized,300,-0.2752144219
2020-03-31,2020-04-30,1,reversal_5_score_zscore,reversal_5_score,5-Day Reversal,Reversal,standardized,299,-0.0287126072
2020-04-30,2020-05-31,1,reversal_5_score_zscore,reversal_5_score,5-Day Reversal,Reversal,standardized,299,-0.0515448043
2020-05-31,2020-06-30,1,reversal_5_score_zscore,reversal_5_score,5-Day Reversal,Reversal,standardized,299,0.0428392916
2020-06-30,2020-07-31,1,reversal_5_score_zscore,reversal_5_score,5-Day Reversal,Reversal,standardized,299,-0.0574723119
2020-07-31,2020-08-31,1,reversal_5_score_zscore,reversal_5_score,5-Day Reversal,Reversal,standardized,300,0.1826277496
2020-08-31,2020-09-30,1,reversal_5_score_zscore,reversal_5_score,5-Day Reversal,Reversal,standardized,300,-0.0568984966
2020-09-30,2020-10-31,1,reversal_5_score_zscore,reversal_5_score,5-Day Reversal,Reversal,standardized,300,0.0026467025
2020-10-31,2020-11-30,1,reversal_5_score_zscore,reversal_5_score,5-Day Reversal,Reversal,standardized,300,0.1806192384
2020-11-30,2020-12-31,1,reversal_5_score_zscore,reversal_5_score,5-Day Reversal,Reversal,standardized,300,0.2259905136
2020-12-31,2021-01-31,1,reversal_5_score_zscore,reversal_5_score,5-Day Reversal,Reversal,standardized,300,-0.0194651203
2021-01-31,2021-02-28,1,reversal_5_score_zscore,reversal_5_score,5-Day Reversal,Reversal,standardized,300,0.0099401270
2021-02-28,2021-03-31,1,reversal_5_score_zscore,reversal_5_score,5-Day Reversal,Reversal,standardized,300,-0.1578726606
2021-03-31,2021-04-30,1,reversal_5_score_zscore,reversal_5_score,5-Day Reversal,Reversal,standardized,300,-0.2264610907
2021-04-30,2021-05-31,1,reversal_5_score_zscore,reversal_5_score,5-Day Reversal,Reversal,standardized,300,0.0181024535
2021-05-31,2021-06-30,1,reversal_5_score_zscore,reversal_5_score,5-Day Reversal,Reversal,standardized,299,-0.0551645467
2021-06-30,2021-07-31,1,reversal_5_score_zscore,reversal_5_score,5-Day Reversal,Reversal,standardized,299,-0.0218104912
2021-07-31,2021-08-31,1,reversal_5_score_zscore,reversal_5_score,5-Day Reversal,Reversal,standardized,300,0.0726597366
2021-08-31,2021-09-30,1,reversal_5_score_zscore,reversal_5_score,5-Day Reversal,Reversal,standardized,300,0.1519288330
2021-09-30,2021-10-31,1,reversal_5_score_zscore,reversal_5_score,5-Day Reversal,Reversal,standardized,300,-0.1553790792
2021-10-31,2021-11-30,1,reversal_5_score_zscore,reversal_5_score,5-Day Reversal,Reversal,standardized,300,0.0631314242
2021-11-30,2021-12-31,1,reversal_5_score_zscore,reversal_5_score,5-Day Reversal,Reversal,standardized,300,0.2880294280
2021-12-31,2022-01-31,1,reversal_5_score_zscore,reversal_5_score,5-Day Reversal,Reversal,standardized,300,0.0122434172
2022-01-31,2022-02-28,1,reversal_5_score_zscore,reversal_5_score,5-Day Reversal,Reversal,standardized,298,-0.0254479101
2022-02-28,2022-03-31,1,reversal_5_score_zscore,reversal_5_score,5-Day Reversal,Reversal,standardized,299,0.2225856011
2022-03-31,2022-04-30,1,reversal_5_score_zscore,reversal_5_score,5-Day Reversal,Reversal,standardized,300,-0.1584362225
2022-04-30,2022-05-31,1,reversal_5_score_zscore,reversal_5_score,5-Day Reversal,Reversal,standardized,300,-0.1291774353
2022-05-31,2022-06-30,1,reversal_5_score_zscore,reversal_5_score,5-Day Reversal,Reversal,standardized,299,-0.0701937894
2022-06-30,2022-07-31,1,reversal_5_score_zscore,reversal_5_score,5-Day Reversal,Reversal,standardized,298,0.4189318457
2022-07-31,2022-08-31,1,reversal_5_score_zscore,reversal_5_score,5-Day Reversal,Reversal,standardized,300,0.0005898979
2022-08-31,2022-09-30,1,reversal_5_score_zscore,reversal_5_score,5-Day Reversal,Reversal,standardized,300,-0.3111719365
2022-09-30,2022-10-31,1,reversal_5_score_zscore,reversal_5_score,5-Day Reversal,Reversal,standardized,300,0.2395505725
2022-10-31,2022-11-30,1,reversal_5_score_zscore,reversal_5_score,5-Day Reversal,Reversal,standardized,300,0.2912789538
2022-11-30,2022-12-31,1,reversal_5_score_zscore,reversal_5_score,5-Day Reversal,Reversal,standardized,300,-0.0939205334
2022-12-31,2023-01-31,1,reversal_5_score_zscore,reversal_5_score,5-Day Reversal,Reversal,standardized,300,0.1951065581
2023-01-31,2023-02-28,1,reversal_5_score_zscore,reversal_5_score,5-Day Reversal,Reversal,standardized,300,-0.0307985781
2023-02-28,2023-03-31,1,reversal_5_score_zscore,reversal_5_score,5-Day Reversal,Reversal,standardized,300,-0.1304917497
2023-03-31,2023-04-30,1,reversal_5_score_zscore,reversal_5_score,5-Day Reversal,Reversal,standardized,300,0.0929339731
2023-04-30,2023-05-31,1,reversal_5_score_zscore,reversal_5_score,5-Day Reversal,Reversal,standardized,300,-0.0368704588
2023-05-31,2023-06-30,1,reversal_5_score_zscore,reversal_5_score,5-Day Reversal,Reversal,standardized,300,0.2249795136
2023-06-30,2023-07-31,1,reversal_5_score_zscore,reversal_5_score,5-Day Reversal,Reversal,standardized,300,0.2527308751
2023-07-31,2023-08-31,1,reversal_5_score_zscore,reversal_5_score,5-Day Reversal,Reversal,standardized,300,0.1515741286
2023-08-31,2023-09-30,1,reversal_5_score_zscore,reversal_5_score,5-Day Reversal,Reversal,standardized,300,0.0687680739
2023-09-30,2023-10-31,1,reversal_5_score_zscore,reversal_5_score,5-Day Reversal,Reversal,standardized,300,-0.0204209639
2023-10-31,2023-11-30,1,reversal_5_score_zscore,reversal_5_score,5-Day Reversal,Reversal,standardized,300,-0.0283076888
2023-11-30,2023-12-31,1,reversal_5_score_zscore,reversal_5_score,5-Day Reversal,Reversal,standardized,300,-0.0636336707
2023-12-31,2024-01-31,1,reversal_5_score_zscore,reversal_5_score,5-Day Reversal,Reversal,standardized,300,0.3483167404
2024-01-31,2024-02-29,1,reversal_5_score_zscore,reversal_5_score,5-Day Reversal,Reversal,standardized,300,0.6618997957
2024-02-29,2024-03-31,1,reversal_5_score_zscore,reversal_5_score,5-Day Reversal,Reversal,standardized,300,0.0995232564
2024-03-31,2024-04-30,1,reversal_5_score_zscore,reversal_5_score,5-Day Reversal,Reversal,standardized,300,-0.2330854228
2024-04-30,2024-05-31,1,reversal_5_score_zscore,reversal_5_score,5-Day Reversal,Reversal,standardized,300,0.0794194151
2024-05-31,2024-06-30,1,reversal_5_score_zscore,reversal_5_score,5-Day Reversal,Reversal,standardized,300,-0.3518486913
2024-06-30,2024-07-31,1,reversal_5_score_zscore,reversal_5_score,5-Day Reversal,Reversal,standardized,300,0.1513077952
2024-07-31,2024-08-31,1,reversal_5_score_zscore,reversal_5_score,5-Day Reversal,Reversal,standardized,300,0.1936697004
2024-08-31,2024-09-30,1,reversal_5_score_zscore,reversal_5_score,5-Day Reversal,Reversal,standardized,298,-0.4302297293
2024-09-30,2024-10-31,1,reversal_5_score_zscore,reversal_5_score,5-Day Reversal,Reversal,standardized,298,-0.2663760602
2024-10-31,2024-11-30,1,reversal_5_score_zscore,reversal_5_score,5-Day Reversal,Reversal,standardized,300,-0.0249528520
2024-11-30,2024-12-31,1,reversal_5_score_zscore,reversal_5_score,5-Day Reversal,Reversal,standardized,300,0.1814878738
2024-12-31,2025-01-31,1,reversal_5_score_zscore,reversal_5_score,5-Day Reversal,Reversal,standardized,300,-0.0624732080
2025-01-31,2025-02-28,1,reversal_5_score_zscore,reversal_5_score,5-Day Reversal,Reversal,standardized,299,0.2641448617
2025-02-28,2025-03-31,1,reversal_5_score_zscore,reversal_5_score,5-Day Reversal,Reversal,standardized,299,-0.0799364323
2025-03-31,2025-04-30,1,reversal_5_score_zscore,reversal_5_score,5-Day Reversal,Reversal,standardized,300,-0.2376395821
2025-04-30,2025-05-31,1,reversal_5_score_zscore,reversal_5_score,5-Day Reversal,Reversal,standardized,300,-0.1287109494
2025-05-31,2025-06-30,1,reversal_5_score_zscore,reversal_5_score,5-Day Reversal,Reversal,standardized,300,-0.0368726811
2025-06-30,2025-07-31,1,reversal_5_score_zscore,reversal_5_score,5-Day Reversal,Reversal,standardized,299,-0.2679759534
2025-07-31,2025-08-31,1,reversal_5_score_zscore,reversal_5_score,5-Day Reversal,Reversal,standardized,299,0.0613833630
2025-08-31,2025-09-30,1,reversal_5_score_zscore,reversal_5_score,5-Day Reversal,Reversal,standardized,299,-0.3420101011
2025-09-30,2025-10-31,1,reversal_5_score_zscore,reversal_5_score,5-Day Reversal,Reversal,standardized,300,0.2784197514
2025-10-31,2025-11-30,1,reversal_5_score_zscore,reversal_5_score,5-Day Reversal,Reversal,standardized,300,-0.0326846253
2025-11-30,2025-12-31,1,reversal_5_score_zscore,reversal_5_score,5-Day Reversal,Reversal,standardized,300,-0.2256999700
2025-12-31,2026-01-31,1,reversal_5_score_zscore,reversal_5_score,5-Day Reversal,Reversal,standardized,299,-0.0344699565
2026-01-31,2026-02-28,1,reversal_5_score_zscore,reversal_5_score,5-Day Reversal,Reversal,standardized,300,0.1472732574
2026-02-28,2026-03-31,1,reversal_5_score_zscore,reversal_5_score,5-Day Reversal,Reversal,standardized,300,0.0236438761
2026-03-31,2026-04-30,1,reversal_5_score_zscore,reversal_5_score,5-Day Reversal,Reversal,standardized,300,0.1798777141
2026-04-30,2026-05-31,1,reversal_5_score_zscore,reversal_5_score,5-Day Reversal,Reversal,standardized,300,0.0089336687
2026-05-31,2026-06-30,1,reversal_5_score_zscore,reversal_5_score,5-Day Reversal,Reversal,standardized,300,0.0742835746
2026-06-30,2026-07-31,1,reversal_5_score_zscore,reversal_5_score,5-Day Reversal,Reversal,standardized,300,0.4779446050
2026-07-31,2026-08-31,1,reversal_5_score_zscore,reversal_5_score,5-Day Reversal,Reversal,standardized,300,0.4360282625
2026-08-31,2026-09-08,1,reversal_5_score_zscore,reversal_5_score,5-Day Reversal,Reversal,standardized,300,0.1977587894
2019-07-31,2019-10-31,3,reversal_5_score_zscore,reversal_5_score,5-Day Reversal,Reversal,standardized,300,-0.1213143851
2019-08-31,2019-11-30,3,reversal_5_score_zscore,reversal_5_score,5-Day Reversal,Reversal,standardized,300,0.1263156842
2019-09-30,2019-12-31,3,reversal_5_score_zscore,reversal_5_score,5-Day Reversal,Reversal,standardized,300,-0.0498323425
2019-10-31,2020-01-31,3,reversal_5_score_zscore,reversal_5_score,5-Day Reversal,Reversal,standardized,300,-0.0297782112
2019-11-30,2020-02-29,3,reversal_5_score_zscore,reversal_5_score,5-Day Reversal,Reversal,standardized,300,0.0558257325
2019-12-31,2020-03-31,3,reversal_5_score_zscore,reversal_5_score,5-Day Reversal,Reversal,standardized,300,0.0969186647
2020-01-31,2020-04-30,3,reversal_5_score_zscore,reversal_5_score,5-Day Reversal,Reversal,standardized,299,-0.0944231500
2020-02-29,2020-05-31,3,reversal_5_score_zscore,reversal_5_score,5-Day Reversal,Reversal,standardized,299,-0.0101319847
2020-03-31,2020-06-30,3,reversal_5_score_zscore,reversal_5_score,5-Day Reversal,Reversal,standardized,300,-0.0956710853
2020-04-30,2020-07-31,3,reversal_5_score_zscore,reversal_5_score,5-Day Reversal,Reversal,standardized,299,-0.1043315575
2020-05-31,2020-08-31,3,reversal_5_score_zscore,reversal_5_score,5-Day Reversal,Reversal,standardized,299,-0.0742342744
2020-06-30,2020-09-30,3,reversal_5_score_zscore,reversal_5_score,5-Day Reversal,Reversal,standardized,299,-0.0664066332
2020-07-31,2020-10-31,3,reversal_5_score_zscore,reversal_5_score,5-Day Reversal,Reversal,standardized,300,0.1164886078
2020-08-31,2020-11-30,3,reversal_5_score_zscore,reversal_5_score,5-Day Reversal,Reversal,standardized,300,0.0030365065
2020-09-30,2020-12-31,3,reversal_5_score_zscore,reversal_5_score,5-Day Reversal,Reversal,standardized,300,-0.1041396247
2020-10-31,2021-01-31,3,reversal_5_score_zscore,reversal_5_score,5-Day Reversal,Reversal,standardized,300,-0.2789416520
2020-11-30,2021-02-28,3,reversal_5_score_zscore,reversal_5_score,5-Day Reversal,Reversal,standardized,300,0.1919665130
2020-12-31,2021-03-31,3,reversal_5_score_zscore,reversal_5_score,5-Day Reversal,Reversal,standardized,300,0.1735907305
2021-01-31,2021-04-30,3,reversal_5_score_zscore,reversal_5_score,5-Day Reversal,Reversal,standardized,300,-0.0878468027
2021-02-28,2021-05-31,3,reversal_5_score_zscore,reversal_5_score,5-Day Reversal,Reversal,standardized,300,0.0983046697
2021-03-31,2021-06-30,3,reversal_5_score_zscore,reversal_5_score,5-Day Reversal,Reversal,standardized,299,-0.1370731713
2021-04-30,2021-07-31,3,reversal_5_score_zscore,reversal_5_score,5-Day Reversal,Reversal,standardized,300,0.0086343230
2021-05-31,2021-08-31,3,reversal_5_score_zscore,reversal_5_score,5-Day Reversal,Reversal,standardized,300,-0.0755637626
2021-06-30,2021-09-30,3,reversal_5_score_zscore,reversal_5_score,5-Day Reversal,Reversal,standardized,298,0.0883655926
2021-07-31,2021-10-31,3,reversal_5_score_zscore,reversal_5_score,5-Day Reversal,Reversal,standardized,300,0.1966898721
2021-08-31,2021-11-30,3,reversal_5_score_zscore,reversal_5_score,5-Day Reversal,Reversal,standardized,300,0.2070056564
2021-09-30,2021-12-31,3,reversal_5_score_zscore,reversal_5_score,5-Day Reversal,Reversal,standardized,300,-0.0650410894
2021-10-31,2022-01-31,3,reversal_5_score_zscore,reversal_5_score,5-Day Reversal,Reversal,standardized,300,0.2129837945
2021-11-30,2022-02-28,3,reversal_5_score_zscore,reversal_5_score,5-Day Reversal,Reversal,standardized,300,0.1046949631
2021-12-31,2022-03-31,3,reversal_5_score_zscore,reversal_5_score,5-Day Reversal,Reversal,standardized,300,0.0187224681
2022-01-31,2022-04-30,3,reversal_5_score_zscore,reversal_5_score,5-Day Reversal,Reversal,standardized,298,-0.1327637444
2022-02-28,2022-05-31,3,reversal_5_score_zscore,reversal_5_score,5-Day Reversal,Reversal,standardized,299,0.1115254553
2022-03-31,2022-06-30,3,reversal_5_score_zscore,reversal_5_score,5-Day Reversal,Reversal,standardized,300,0.1773382912
2022-04-30,2022-07-31,3,reversal_5_score_zscore,reversal_5_score,5-Day Reversal,Reversal,standardized,300,-0.0113116812
2022-05-31,2022-08-31,3,reversal_5_score_zscore,reversal_5_score,5-Day Reversal,Reversal,standardized,299,0.0355707302
2022-06-30,2022-09-30,3,reversal_5_score_zscore,reversal_5_score,5-Day Reversal,Reversal,standardized,298,0.1844489463
2022-07-31,2022-10-31,3,reversal_5_score_zscore,reversal_5_score,5-Day Reversal,Reversal,standardized,300,-0.0698639524
2022-08-31,2022-11-30,3,reversal_5_score_zscore,reversal_5_score,5-Day Reversal,Reversal,standardized,300,-0.2960533224
2022-09-30,2022-12-31,3,reversal_5_score_zscore,reversal_5_score,5-Day Reversal,Reversal,standardized,300,-0.1147668435
2022-10-31,2023-01-31,3,reversal_5_score_zscore,reversal_5_score,5-Day Reversal,Reversal,standardized,300,0.2200030111
2022-11-30,2023-02-28,3,reversal_5_score_zscore,reversal_5_score,5-Day Reversal,Reversal,standardized,300,0.0272854628
2022-12-31,2023-03-31,3,reversal_5_score_zscore,reversal_5_score,5-Day Reversal,Reversal,standardized,300,0.1563497756
2023-01-31,2023-04-30,3,reversal_5_score_zscore,reversal_5_score,5-Day Reversal,Reversal,standardized,300,-0.0143132781
2023-02-28,2023-05-31,3,reversal_5_score_zscore,reversal_5_score,5-Day Reversal,Reversal,standardized,300,-0.1834629742
2023-03-31,2023-06-30,3,reversal_5_score_zscore,reversal_5_score,5-Day Reversal,Reversal,standardized,300,0.0349404076
2023-04-30,2023-07-31,3,reversal_5_score_zscore,reversal_5_score,5-Day Reversal,Reversal,standardized,300,-0.0209504806
2023-05-31,2023-08-31,3,reversal_5_score_zscore,reversal_5_score,5-Day Reversal,Reversal,standardized,300,0.0580155657
2023-06-30,2023-09-30,3,reversal_5_score_zscore,reversal_5_score,5-Day Reversal,Reversal,standardized,300,0.1519852005
2023-07-31,2023-10-31,3,reversal_5_score_zscore,reversal_5_score,5-Day Reversal,Reversal,standardized,300,0.1642231580
2023-08-31,2023-11-30,3,reversal_5_score_zscore,reversal_5_score,5-Day Reversal,Reversal,standardized,300,0.0371009432
2023-09-30,2023-12-31,3,reversal_5_score_zscore,reversal_5_score,5-Day Reversal,Reversal,standardized,300,-0.1264120622
2023-10-31,2024-01-31,3,reversal_5_score_zscore,reversal_5_score,5-Day Reversal,Reversal,standardized,300,0.2998952876
2023-11-30,2024-02-29,3,reversal_5_score_zscore,reversal_5_score,5-Day Reversal,Reversal,standardized,300,-0.1635493966
2023-12-31,2024-03-31,3,reversal_5_score_zscore,reversal_5_score,5-Day Reversal,Reversal,standardized,300,0.1441546668
2024-01-31,2024-04-30,3,reversal_5_score_zscore,reversal_5_score,5-Day Reversal,Reversal,standardized,300,0.0342148512
2024-02-29,2024-05-31,3,reversal_5_score_zscore,reversal_5_score,5-Day Reversal,Reversal,standardized,300,0.3060974870
2024-03-31,2024-06-30,3,reversal_5_score_zscore,reversal_5_score,5-Day Reversal,Reversal,standardized,300,-0.2689447614
2024-04-30,2024-07-31,3,reversal_5_score_zscore,reversal_5_score,5-Day Reversal,Reversal,standardized,300,0.0270081079
2024-05-31,2024-08-31,3,reversal_5_score_zscore,reversal_5_score,5-Day Reversal,Reversal,standardized,300,-0.2748778873
2024-06-30,2024-09-30,3,reversal_5_score_zscore,reversal_5_score,5-Day Reversal,Reversal,standardized,298,0.4471351968
2024-07-31,2024-10-31,3,reversal_5_score_zscore,reversal_5_score,5-Day Reversal,Reversal,standardized,300,-0.4726131097
2024-08-31,2024-11-30,3,reversal_5_score_zscore,reversal_5_score,5-Day Reversal,Reversal,standardized,300,-0.3721511842
2024-09-30,2024-12-31,3,reversal_5_score_zscore,reversal_5_score,5-Day Reversal,Reversal,standardized,298,0.1065209917
2024-10-31,2025-01-31,3,reversal_5_score_zscore,reversal_5_score,5-Day Reversal,Reversal,standardized,300,0.2766964342
2024-11-30,2025-02-28,3,reversal_5_score_zscore,reversal_5_score,5-Day Reversal,Reversal,standardized,299,0.1168782341
2024-12-31,2025-03-31,3,reversal_5_score_zscore,reversal_5_score,5-Day Reversal,Reversal,standardized,299,0.0648720173
2025-01-31,2025-04-30,3,reversal_5_score_zscore,reversal_5_score,5-Day Reversal,Reversal,standardized,299,0.0112996481
2025-02-28,2025-05-31,3,reversal_5_score_zscore,reversal_5_score,5-Day Reversal,Reversal,standardized,299,-0.0832649939
2025-03-31,2025-06-30,3,reversal_5_score_zscore,reversal_5_score,5-Day Reversal,Reversal,standardized,300,-0.0951693008
2025-04-30,2025-07-31,3,reversal_5_score_zscore,reversal_5_score,5-Day Reversal,Reversal,standardized,300,-0.0157437497
2025-05-31,2025-08-31,3,reversal_5_score_zscore,reversal_5_score,5-Day Reversal,Reversal,standardized,299,0.1716264380
2025-06-30,2025-09-30,3,reversal_5_score_zscore,reversal_5_score,5-Day Reversal,Reversal,standardized,298,-0.5095289212
2025-07-31,2025-10-31,3,reversal_5_score_zscore,reversal_5_score,5-Day Reversal,Reversal,standardized,299,0.1726078972
2025-08-31,2025-11-30,3,reversal_5_score_zscore,reversal_5_score,5-Day Reversal,Reversal,standardized,299,-0.0879984288
2025-09-30,2025-12-31,3,reversal_5_score_zscore,reversal_5_score,5-Day Reversal,Reversal,standardized,300,0.1550082029
2025-10-31,2026-01-31,3,reversal_5_score_zscore,reversal_5_score,5-Day Reversal,Reversal,standardized,300,-0.0359057762
2025-11-30,2026-02-28,3,reversal_5_score_zscore,reversal_5_score,5-Day Reversal,Reversal,standardized,300,-0.1672198959
2025-12-31,2026-03-31,3,reversal_5_score_zscore,reversal_5_score,5-Day Reversal,Reversal,standardized,299,0.0307125281
2026-01-31,2026-04-30,3,reversal_5_score_zscore,reversal_5_score,5-Day Reversal,Reversal,standardized,300,-0.0267883096
2026-02-28,2026-05-31,3,reversal_5_score_zscore,reversal_5_score,5-Day Reversal,Reversal,standardized,300,-0.0743278882
2026-03-31,2026-06-30,3,reversal_5_score_zscore,reversal_5_score,5-Day Reversal,Reversal,standardized,300,0.1158875614
2026-04-30,2026-07-31,3,reversal_5_score_zscore,reversal_5_score,5-Day Reversal,Reversal,standardized,300,-0.0704344477
2026-05-31,2026-08-31,3,reversal_5_score_zscore,reversal_5_score,5-Day Reversal,Reversal,standardized,300,0.0266534369
2026-06-30,2026-09-08,3,reversal_5_score_zscore,reversal_5_score,5-Day Reversal,Reversal,standardized,300,0.4977810157
2019-07-31,2019-08-31,1,reversal_5_score_neutral,reversal_5_score,5-Day Reversal,Reversal,neutralized,300,-0.1138012771
2019-08-31,2019-09-30,1,reversal_5_score_neutral,reversal_5_score,5-Day Reversal,Reversal,neutralized,300,0.1619264415
2019-09-30,2019-10-31,1,reversal_5_score_neutral,reversal_5_score,5-Day Reversal,Reversal,neutralized,300,-0.0167950867
2019-10-31,2019-11-30,1,reversal_5_score_neutral,reversal_5_score,5-Day Reversal,Reversal,neutralized,300,-0.0528914824
2019-11-30,2019-12-31,1,reversal_5_score_neutral,reversal_5_score,5-Day Reversal,Reversal,neutralized,300,0.0438313808
2019-12-31,2020-01-31,1,reversal_5_score_neutral,reversal_5_score,5-Day Reversal,Reversal,neutralized,300,0.1097610095
2020-01-31,2020-02-29,1,reversal_5_score_neutral,reversal_5_score,5-Day Reversal,Reversal,neutralized,300,0.0139410484
2020-02-29,2020-03-31,1,reversal_5_score_neutral,reversal_5_score,5-Day Reversal,Reversal,neutralized,300,-0.1753512817
2020-03-31,2020-04-30,1,reversal_5_score_neutral,reversal_5_score,5-Day Reversal,Reversal,neutralized,299,-0.1054049246
2020-04-30,2020-05-31,1,reversal_5_score_neutral,reversal_5_score,5-Day Reversal,Reversal,neutralized,299,-0.1045278445
2020-05-31,2020-06-30,1,reversal_5_score_neutral,reversal_5_score,5-Day Reversal,Reversal,neutralized,299,0.0196148367
2020-06-30,2020-07-31,1,reversal_5_score_neutral,reversal_5_score,5-Day Reversal,Reversal,neutralized,299,-0.0325750300
2020-07-31,2020-08-31,1,reversal_5_score_neutral,reversal_5_score,5-Day Reversal,Reversal,neutralized,300,0.1132710867
2020-08-31,2020-09-30,1,reversal_5_score_neutral,reversal_5_score,5-Day Reversal,Reversal,neutralized,300,-0.0800671119
2020-09-30,2020-10-31,1,reversal_5_score_neutral,reversal_5_score,5-Day Reversal,Reversal,neutralized,300,-0.0074218767
2020-10-31,2020-11-30,1,reversal_5_score_neutral,reversal_5_score,5-Day Reversal,Reversal,neutralized,300,0.0202195602
2020-11-30,2020-12-31,1,reversal_5_score_neutral,reversal_5_score,5-Day Reversal,Reversal,neutralized,300,0.1064316507
2020-12-31,2021-01-31,1,reversal_5_score_neutral,reversal_5_score,5-Day Reversal,Reversal,neutralized,300,-0.1191177680
2021-01-31,2021-02-28,1,reversal_5_score_neutral,reversal_5_score,5-Day Reversal,Reversal,neutralized,300,0.0429567568
2021-02-28,2021-03-31,1,reversal_5_score_neutral,reversal_5_score,5-Day Reversal,Reversal,neutralized,300,0.0709701219
2021-03-31,2021-04-30,1,reversal_5_score_neutral,reversal_5_score,5-Day Reversal,Reversal,neutralized,300,-0.1024387621
2021-04-30,2021-05-31,1,reversal_5_score_neutral,reversal_5_score,5-Day Reversal,Reversal,neutralized,300,-0.0109385781
2021-05-31,2021-06-30,1,reversal_5_score_neutral,reversal_5_score,5-Day Reversal,Reversal,neutralized,299,-0.0435821916
2021-06-30,2021-07-31,1,reversal_5_score_neutral,reversal_5_score,5-Day Reversal,Reversal,neutralized,299,0.0256084039
2021-07-31,2021-08-31,1,reversal_5_score_neutral,reversal_5_score,5-Day Reversal,Reversal,neutralized,300,0.0096332192
2021-08-31,2021-09-30,1,reversal_5_score_neutral,reversal_5_score,5-Day Reversal,Reversal,neutralized,300,0.0642909437
2021-09-30,2021-10-31,1,reversal_5_score_neutral,reversal_5_score,5-Day Reversal,Reversal,neutralized,300,0.0598335803
2021-10-31,2021-11-30,1,reversal_5_score_neutral,reversal_5_score,5-Day Reversal,Reversal,neutralized,300,0.1168746839
2021-11-30,2021-12-31,1,reversal_5_score_neutral,reversal_5_score,5-Day Reversal,Reversal,neutralized,300,0.1831182772
2021-12-31,2022-01-31,1,reversal_5_score_neutral,reversal_5_score,5-Day Reversal,Reversal,neutralized,300,-0.0512676808
2022-01-31,2022-02-28,1,reversal_5_score_neutral,reversal_5_score,5-Day Reversal,Reversal,neutralized,298,0.0102035148
2022-02-28,2022-03-31,1,reversal_5_score_neutral,reversal_5_score,5-Day Reversal,Reversal,neutralized,299,0.0056672129
2022-03-31,2022-04-30,1,reversal_5_score_neutral,reversal_5_score,5-Day Reversal,Reversal,neutralized,300,-0.0554855054
2022-04-30,2022-05-31,1,reversal_5_score_neutral,reversal_5_score,5-Day Reversal,Reversal,neutralized,300,-0.0538963826
2022-05-31,2022-06-30,1,reversal_5_score_neutral,reversal_5_score,5-Day Reversal,Reversal,neutralized,299,0.0214574332
2022-06-30,2022-07-31,1,reversal_5_score_neutral,reversal_5_score,5-Day Reversal,Reversal,neutralized,298,0.2627062980
2022-07-31,2022-08-31,1,reversal_5_score_neutral,reversal_5_score,5-Day Reversal,Reversal,neutralized,300,0.0181506481
2022-08-31,2022-09-30,1,reversal_5_score_neutral,reversal_5_score,5-Day Reversal,Reversal,neutralized,300,-0.0934803928
2022-09-30,2022-10-31,1,reversal_5_score_neutral,reversal_5_score,5-Day Reversal,Reversal,neutralized,300,0.1301077257
2022-10-31,2022-11-30,1,reversal_5_score_neutral,reversal_5_score,5-Day Reversal,Reversal,neutralized,300,0.1792851032
2022-11-30,2022-12-31,1,reversal_5_score_neutral,reversal_5_score,5-Day Reversal,Reversal,neutralized,300,-0.1021446905
2022-12-31,2023-01-31,1,reversal_5_score_neutral,reversal_5_score,5-Day Reversal,Reversal,neutralized,300,0.1705495264
2023-01-31,2023-02-28,1,reversal_5_score_neutral,reversal_5_score,5-Day Reversal,Reversal,neutralized,300,-0.0013306816
2023-02-28,2023-03-31,1,reversal_5_score_neutral,reversal_5_score,5-Day Reversal,Reversal,neutralized,300,-0.0812771434
2023-03-31,2023-04-30,1,reversal_5_score_neutral,reversal_5_score,5-Day Reversal,Reversal,neutralized,300,-0.0342230469
2023-04-30,2023-05-31,1,reversal_5_score_neutral,reversal_5_score,5-Day Reversal,Reversal,neutralized,300,-0.0403693419
2023-05-31,2023-06-30,1,reversal_5_score_neutral,reversal_5_score,5-Day Reversal,Reversal,neutralized,300,0.1165677526
2023-06-30,2023-07-31,1,reversal_5_score_neutral,reversal_5_score,5-Day Reversal,Reversal,neutralized,300,0.1336428183
2023-07-31,2023-08-31,1,reversal_5_score_neutral,reversal_5_score,5-Day Reversal,Reversal,neutralized,300,0.1041980466
2023-08-31,2023-09-30,1,reversal_5_score_neutral,reversal_5_score,5-Day Reversal,Reversal,neutralized,300,-0.0795704839
2023-09-30,2023-10-31,1,reversal_5_score_neutral,reversal_5_score,5-Day Reversal,Reversal,neutralized,300,0.0179713108
2023-10-31,2023-11-30,1,reversal_5_score_neutral,reversal_5_score,5-Day Reversal,Reversal,neutralized,300,-0.0195473305
2023-11-30,2023-12-31,1,reversal_5_score_neutral,reversal_5_score,5-Day Reversal,Reversal,neutralized,300,-0.0392073463
2023-12-31,2024-01-31,1,reversal_5_score_neutral,reversal_5_score,5-Day Reversal,Reversal,neutralized,300,0.0938054867
2024-01-31,2024-02-29,1,reversal_5_score_neutral,reversal_5_score,5-Day Reversal,Reversal,neutralized,300,0.2226651655
2024-02-29,2024-03-31,1,reversal_5_score_neutral,reversal_5_score,5-Day Reversal,Reversal,neutralized,300,-0.0378901988
2024-03-31,2024-04-30,1,reversal_5_score_neutral,reversal_5_score,5-Day Reversal,Reversal,neutralized,300,-0.1573102972
2024-04-30,2024-05-31,1,reversal_5_score_neutral,reversal_5_score,5-Day Reversal,Reversal,neutralized,300,-0.0663458557
2024-05-31,2024-06-30,1,reversal_5_score_neutral,reversal_5_score,5-Day Reversal,Reversal,neutralized,300,-0.1992857698
2024-06-30,2024-07-31,1,reversal_5_score_neutral,reversal_5_score,5-Day Reversal,Reversal,neutralized,300,0.1361379571
2024-07-31,2024-08-31,1,reversal_5_score_neutral,reversal_5_score,5-Day Reversal,Reversal,neutralized,300,0.1287805420
2024-08-31,2024-09-30,1,reversal_5_score_neutral,reversal_5_score,5-Day Reversal,Reversal,neutralized,298,-0.0995175431
2024-09-30,2024-10-31,1,reversal_5_score_neutral,reversal_5_score,5-Day Reversal,Reversal,neutralized,298,-0.1121452863
2024-10-31,2024-11-30,1,reversal_5_score_neutral,reversal_5_score,5-Day Reversal,Reversal,neutralized,300,-0.0300368116
2024-11-30,2024-12-31,1,reversal_5_score_neutral,reversal_5_score,5-Day Reversal,Reversal,neutralized,300,0.1092678808
2024-12-31,2025-01-31,1,reversal_5_score_neutral,reversal_5_score,5-Day Reversal,Reversal,neutralized,300,-0.0451880576
2025-01-31,2025-02-28,1,reversal_5_score_neutral,reversal_5_score,5-Day Reversal,Reversal,neutralized,299,0.1713723469
2025-02-28,2025-03-31,1,reversal_5_score_neutral,reversal_5_score,5-Day Reversal,Reversal,neutralized,299,0.0025440506
2025-03-31,2025-04-30,1,reversal_5_score_neutral,reversal_5_score,5-Day Reversal,Reversal,neutralized,300,-0.0837133839
2025-04-30,2025-05-31,1,reversal_5_score_neutral,reversal_5_score,5-Day Reversal,Reversal,neutralized,300,-0.1248583039
2025-05-31,2025-06-30,1,reversal_5_score_neutral,reversal_5_score,5-Day Reversal,Reversal,neutralized,300,-0.0301510084
2025-06-30,2025-07-31,1,reversal_5_score_neutral,reversal_5_score,5-Day Reversal,Reversal,neutralized,299,-0.1890718502
2025-07-31,2025-08-31,1,reversal_5_score_neutral,reversal_5_score,5-Day Reversal,Reversal,neutralized,299,0.0294772647
2025-08-31,2025-09-30,1,reversal_5_score_neutral,reversal_5_score,5-Day Reversal,Reversal,neutralized,299,-0.0602446634
2025-09-30,2025-10-31,1,reversal_5_score_neutral,reversal_5_score,5-Day Reversal,Reversal,neutralized,300,0.1476664372
2025-10-31,2025-11-30,1,reversal_5_score_neutral,reversal_5_score,5-Day Reversal,Reversal,neutralized,300,-0.0321910243
2025-11-30,2025-12-31,1,reversal_5_score_neutral,reversal_5_score,5-Day Reversal,Reversal,neutralized,300,-0.0285949876
2025-12-31,2026-01-31,1,reversal_5_score_neutral,reversal_5_score,5-Day Reversal,Reversal,neutralized,299,-0.0051264900
2026-01-31,2026-02-28,1,reversal_5_score_neutral,reversal_5_score,5-Day Reversal,Reversal,neutralized,300,0.0835753823
2026-02-28,2026-03-31,1,reversal_5_score_neutral,reversal_5_score,5-Day Reversal,Reversal,neutralized,300,0.0094234391
2026-03-31,2026-04-30,1,reversal_5_score_neutral,reversal_5_score,5-Day Reversal,Reversal,neutralized,300,0.0864325543
2026-04-30,2026-05-31,1,reversal_5_score_neutral,reversal_5_score,5-Day Reversal,Reversal,neutralized,300,0.0081578684
2026-05-31,2026-06-30,1,reversal_5_score_neutral,reversal_5_score,5-Day Reversal,Reversal,neutralized,300,0.0902721141
2026-06-30,2026-07-31,1,reversal_5_score_neutral,reversal_5_score,5-Day Reversal,Reversal,neutralized,300,0.2321825798
2026-07-31,2026-08-31,1,reversal_5_score_neutral,reversal_5_score,5-Day Reversal,Reversal,neutralized,300,0.2434631766
2026-08-31,2026-09-08,1,reversal_5_score_neutral,reversal_5_score,5-Day Reversal,Reversal,neutralized,300,-0.0260749883
2019-07-31,2019-10-31,3,reversal_5_score_neutral,reversal_5_score,5-Day Reversal,Reversal,neutralized,300,-0.1003940044
2019-08-31,2019-11-30,3,reversal_5_score_neutral,reversal_5_score,5-Day Reversal,Reversal,neutralized,300,0.0790777675
2019-09-30,2019-12-31,3,reversal_5_score_neutral,reversal_5_score,5-Day Reversal,Reversal,neutralized,300,-0.1444336048
2019-10-31,2020-01-31,3,reversal_5_score_neutral,reversal_5_score,5-Day Reversal,Reversal,neutralized,300,0.0434040426
2019-11-30,2020-02-29,3,reversal_5_score_neutral,reversal_5_score,5-Day Reversal,Reversal,neutralized,300,-0.0005324504
2019-12-31,2020-03-31,3,reversal_5_score_neutral,reversal_5_score,5-Day Reversal,Reversal,neutralized,300,0.0588370982
2020-01-31,2020-04-30,3,reversal_5_score_neutral,reversal_5_score,5-Day Reversal,Reversal,neutralized,299,-0.0565906680
2020-02-29,2020-05-31,3,reversal_5_score_neutral,reversal_5_score,5-Day Reversal,Reversal,neutralized,299,-0.0114322911
2020-03-31,2020-06-30,3,reversal_5_score_neutral,reversal_5_score,5-Day Reversal,Reversal,neutralized,300,-0.0799233414
2020-04-30,2020-07-31,3,reversal_5_score_neutral,reversal_5_score,5-Day Reversal,Reversal,neutralized,299,-0.2010361159
2020-05-31,2020-08-31,3,reversal_5_score_neutral,reversal_5_score,5-Day Reversal,Reversal,neutralized,299,-0.0831424753
2020-06-30,2020-09-30,3,reversal_5_score_neutral,reversal_5_score,5-Day Reversal,Reversal,neutralized,299,-0.0805959553
2020-07-31,2020-10-31,3,reversal_5_score_neutral,reversal_5_score,5-Day Reversal,Reversal,neutralized,300,0.0358710652
2020-08-31,2020-11-30,3,reversal_5_score_neutral,reversal_5_score,5-Day Reversal,Reversal,neutralized,300,-0.0299945555
2020-09-30,2020-12-31,3,reversal_5_score_neutral,reversal_5_score,5-Day Reversal,Reversal,neutralized,300,-0.1056202847
2020-10-31,2021-01-31,3,reversal_5_score_neutral,reversal_5_score,5-Day Reversal,Reversal,neutralized,300,-0.1468024018
2020-11-30,2021-02-28,3,reversal_5_score_neutral,reversal_5_score,5-Day Reversal,Reversal,neutralized,300,0.0506170069
2020-12-31,2021-03-31,3,reversal_5_score_neutral,reversal_5_score,5-Day Reversal,Reversal,neutralized,300,-0.0077880865
2021-01-31,2021-04-30,3,reversal_5_score_neutral,reversal_5_score,5-Day Reversal,Reversal,neutralized,300,0.0140172700
2021-02-28,2021-05-31,3,reversal_5_score_neutral,reversal_5_score,5-Day Reversal,Reversal,neutralized,300,0.1559301943
2021-03-31,2021-06-30,3,reversal_5_score_neutral,reversal_5_score,5-Day Reversal,Reversal,neutralized,299,-0.0624197128
2021-04-30,2021-07-31,3,reversal_5_score_neutral,reversal_5_score,5-Day Reversal,Reversal,neutralized,300,-0.0558739542
2021-05-31,2021-08-31,3,reversal_5_score_neutral,reversal_5_score,5-Day Reversal,Reversal,neutralized,300,-0.0518616931
2021-06-30,2021-09-30,3,reversal_5_score_neutral,reversal_5_score,5-Day Reversal,Reversal,neutralized,298,0.1225151336
2021-07-31,2021-10-31,3,reversal_5_score_neutral,reversal_5_score,5-Day Reversal,Reversal,neutralized,300,0.0240356057
2021-08-31,2021-11-30,3,reversal_5_score_neutral,reversal_5_score,5-Day Reversal,Reversal,neutralized,300,0.0606700074
2021-09-30,2021-12-31,3,reversal_5_score_neutral,reversal_5_score,5-Day Reversal,Reversal,neutralized,300,0.0707261978
2021-10-31,2022-01-31,3,reversal_5_score_neutral,reversal_5_score,5-Day Reversal,Reversal,neutralized,300,0.1645102723
2021-11-30,2022-02-28,3,reversal_5_score_neutral,reversal_5_score,5-Day Reversal,Reversal,neutralized,300,0.0983744373
2021-12-31,2022-03-31,3,reversal_5_score_neutral,reversal_5_score,5-Day Reversal,Reversal,neutralized,300,-0.0136463738
2022-01-31,2022-04-30,3,reversal_5_score_neutral,reversal_5_score,5-Day Reversal,Reversal,neutralized,298,-0.0196522020
2022-02-28,2022-05-31,3,reversal_5_score_neutral,reversal_5_score,5-Day Reversal,Reversal,neutralized,299,-0.0118031021
2022-03-31,2022-06-30,3,reversal_5_score_neutral,reversal_5_score,5-Day Reversal,Reversal,neutralized,300,0.0085898770
2022-04-30,2022-07-31,3,reversal_5_score_neutral,reversal_5_score,5-Day Reversal,Reversal,neutralized,300,-0.0345646101
2022-05-31,2022-08-31,3,reversal_5_score_neutral,reversal_5_score,5-Day Reversal,Reversal,neutralized,299,0.1351116698
2022-06-30,2022-09-30,3,reversal_5_score_neutral,reversal_5_score,5-Day Reversal,Reversal,neutralized,298,0.1564465104
2022-07-31,2022-10-31,3,reversal_5_score_neutral,reversal_5_score,5-Day Reversal,Reversal,neutralized,300,-0.1272760950
2022-08-31,2022-11-30,3,reversal_5_score_neutral,reversal_5_score,5-Day Reversal,Reversal,neutralized,300,-0.1045971854
2022-09-30,2022-12-31,3,reversal_5_score_neutral,reversal_5_score,5-Day Reversal,Reversal,neutralized,300,-0.0406004511
2022-10-31,2023-01-31,3,reversal_5_score_neutral,reversal_5_score,5-Day Reversal,Reversal,neutralized,300,0.2109561217
2022-11-30,2023-02-28,3,reversal_5_score_neutral,reversal_5_score,5-Day Reversal,Reversal,neutralized,300,-0.0676060920
2022-12-31,2023-03-31,3,reversal_5_score_neutral,reversal_5_score,5-Day Reversal,Reversal,neutralized,300,0.1239067238
2023-01-31,2023-04-30,3,reversal_5_score_neutral,reversal_5_score,5-Day Reversal,Reversal,neutralized,300,0.0333177109
2023-02-28,2023-05-31,3,reversal_5_score_neutral,reversal_5_score,5-Day Reversal,Reversal,neutralized,300,-0.1138208329
2023-03-31,2023-06-30,3,reversal_5_score_neutral,reversal_5_score,5-Day Reversal,Reversal,neutralized,300,-0.0722221358
2023-04-30,2023-07-31,3,reversal_5_score_neutral,reversal_5_score,5-Day Reversal,Reversal,neutralized,300,0.0163419594
2023-05-31,2023-08-31,3,reversal_5_score_neutral,reversal_5_score,5-Day Reversal,Reversal,neutralized,300,-0.0068331878
2023-06-30,2023-09-30,3,reversal_5_score_neutral,reversal_5_score,5-Day Reversal,Reversal,neutralized,300,0.1213902377
2023-07-31,2023-10-31,3,reversal_5_score_neutral,reversal_5_score,5-Day Reversal,Reversal,neutralized,300,0.0478671985
2023-08-31,2023-11-30,3,reversal_5_score_neutral,reversal_5_score,5-Day Reversal,Reversal,neutralized,300,-0.1209902332
2023-09-30,2023-12-31,3,reversal_5_score_neutral,reversal_5_score,5-Day Reversal,Reversal,neutralized,300,-0.1074625274
2023-10-31,2024-01-31,3,reversal_5_score_neutral,reversal_5_score,5-Day Reversal,Reversal,neutralized,300,0.0535472616
2023-11-30,2024-02-29,3,reversal_5_score_neutral,reversal_5_score,5-Day Reversal,Reversal,neutralized,300,-0.0469747494
2023-12-31,2024-03-31,3,reversal_5_score_neutral,reversal_5_score,5-Day Reversal,Reversal,neutralized,300,0.0724870276
2024-01-31,2024-04-30,3,reversal_5_score_neutral,reversal_5_score,5-Day Reversal,Reversal,neutralized,300,-0.0795729018
2024-02-29,2024-05-31,3,reversal_5_score_neutral,reversal_5_score,5-Day Reversal,Reversal,neutralized,300,0.0806355626
2024-03-31,2024-06-30,3,reversal_5_score_neutral,reversal_5_score,5-Day Reversal,Reversal,neutralized,300,-0.1213878202
2024-04-30,2024-07-31,3,reversal_5_score_neutral,reversal_5_score,5-Day Reversal,Reversal,neutralized,300,-0.1154379621
2024-05-31,2024-08-31,3,reversal_5_score_neutral,reversal_5_score,5-Day Reversal,Reversal,neutralized,300,-0.1850465005
2024-06-30,2024-09-30,3,reversal_5_score_neutral,reversal_5_score,5-Day Reversal,Reversal,neutralized,298,0.1737477776
2024-07-31,2024-10-31,3,reversal_5_score_neutral,reversal_5_score,5-Day Reversal,Reversal,neutralized,300,-0.1418180202
2024-08-31,2024-11-30,3,reversal_5_score_neutral,reversal_5_score,5-Day Reversal,Reversal,neutralized,300,-0.1604311159
2024-09-30,2024-12-31,3,reversal_5_score_neutral,reversal_5_score,5-Day Reversal,Reversal,neutralized,298,0.0677067716
2024-10-31,2025-01-31,3,reversal_5_score_neutral,reversal_5_score,5-Day Reversal,Reversal,neutralized,300,0.1195733286
2024-11-30,2025-02-28,3,reversal_5_score_neutral,reversal_5_score,5-Day Reversal,Reversal,neutralized,299,0.1511955008
2024-12-31,2025-03-31,3,reversal_5_score_neutral,reversal_5_score,5-Day Reversal,Reversal,neutralized,299,0.0142313304
2025-01-31,2025-04-30,3,reversal_5_score_neutral,reversal_5_score,5-Day Reversal,Reversal,neutralized,299,0.0868436272
2025-02-28,2025-05-31,3,reversal_5_score_neutral,reversal_5_score,5-Day Reversal,Reversal,neutralized,299,0.0356903364
2025-03-31,2025-06-30,3,reversal_5_score_neutral,reversal_5_score,5-Day Reversal,Reversal,neutralized,300,-0.0753108452
2025-04-30,2025-07-31,3,reversal_5_score_neutral,reversal_5_score,5-Day Reversal,Reversal,neutralized,300,-0.0010346782
2025-05-31,2025-08-31,3,reversal_5_score_neutral,reversal_5_score,5-Day Reversal,Reversal,neutralized,299,0.0371545013
2025-06-30,2025-09-30,3,reversal_5_score_neutral,reversal_5_score,5-Day Reversal,Reversal,neutralized,298,-0.0834646662
2025-07-31,2025-10-31,3,reversal_5_score_neutral,reversal_5_score,5-Day Reversal,Reversal,neutralized,299,0.0029487557
2025-08-31,2025-11-30,3,reversal_5_score_neutral,reversal_5_score,5-Day Reversal,Reversal,neutralized,299,-0.0448169514
2025-09-30,2025-12-31,3,reversal_5_score_neutral,reversal_5_score,5-Day Reversal,Reversal,neutralized,300,0.1058176202
2025-10-31,2026-01-31,3,reversal_5_score_neutral,reversal_5_score,5-Day Reversal,Reversal,neutralized,300,-0.0331639240
2025-11-30,2026-02-28,3,reversal_5_score_neutral,reversal_5_score,5-Day Reversal,Reversal,neutralized,300,-0.0254260631
2025-12-31,2026-03-31,3,reversal_5_score_neutral,reversal_5_score,5-Day Reversal,Reversal,neutralized,299,0.0422980404
2026-01-31,2026-04-30,3,reversal_5_score_neutral,reversal_5_score,5-Day Reversal,Reversal,neutralized,300,-0.0334981537
2026-02-28,2026-05-31,3,reversal_5_score_neutral,reversal_5_score,5-Day Reversal,Reversal,neutralized,300,0.0359586218
2026-03-31,2026-06-30,3,reversal_5_score_neutral,reversal_5_score,5-Day Reversal,Reversal,neutralized,300,0.0116610185
2026-04-30,2026-07-31,3,reversal_5_score_neutral,reversal_5_score,5-Day Reversal,Reversal,neutralized,300,-0.0462747364
2026-05-31,2026-08-31,3,reversal_5_score_neutral,reversal_5_score,5-Day Reversal,Reversal,neutralized,300,0.0159628440
2026-06-30,2026-09-08,3,reversal_5_score_neutral,reversal_5_score,5-Day Reversal,Reversal,neutralized,300,0.2407662307
2019-07-31,2019-08-31,1,volatility_20_zscore,volatility_20,20-Day Volatility,Risk,standardized,300,-0.2317239338
2019-08-31,2019-09-30,1,volatility_20_zscore,volatility_20,20-Day Volatility,Risk,standardized,300,-0.0033591525
2019-09-30,2019-10-31,1,volatility_20_zscore,volatility_20,20-Day Volatility,Risk,standardized,300,0.0749353270
2019-10-31,2019-11-30,1,volatility_20_zscore,volatility_20,20-Day Volatility,Risk,standardized,300,0.0076263078
2019-11-30,2019-12-31,1,volatility_20_zscore,volatility_20,20-Day Volatility,Risk,standardized,300,-0.1222984836
2019-12-31,2020-01-31,1,volatility_20_zscore,volatility_20,20-Day Volatility,Risk,standardized,300,-0.1504972445
2020-01-31,2020-02-29,1,volatility_20_zscore,volatility_20,20-Day Volatility,Risk,standardized,300,-0.3335875955
2020-02-29,2020-03-31,1,volatility_20_zscore,volatility_20,20-Day Volatility,Risk,standardized,300,0.3739765997
2020-03-31,2020-04-30,1,volatility_20_zscore,volatility_20,20-Day Volatility,Risk,standardized,299,-0.3194645277
2020-04-30,2020-05-31,1,volatility_20_zscore,volatility_20,20-Day Volatility,Risk,standardized,299,-0.0607537429
2020-05-31,2020-06-30,1,volatility_20_zscore,volatility_20,20-Day Volatility,Risk,standardized,299,-0.2418948182
2020-06-30,2020-07-31,1,volatility_20_zscore,volatility_20,20-Day Volatility,Risk,standardized,299,-0.0219442886
2020-07-31,2020-08-31,1,volatility_20_zscore,volatility_20,20-Day Volatility,Risk,standardized,300,0.2585087650
2020-08-31,2020-09-30,1,volatility_20_zscore,volatility_20,20-Day Volatility,Risk,standardized,300,0.0939774886
2020-09-30,2020-10-31,1,volatility_20_zscore,volatility_20,20-Day Volatility,Risk,standardized,300,-0.0280550407
2020-10-31,2020-11-30,1,volatility_20_zscore,volatility_20,20-Day Volatility,Risk,standardized,300,0.1538319486
2020-11-30,2020-12-31,1,volatility_20_zscore,volatility_20,20-Day Volatility,Risk,standardized,300,-0.2699995044
2020-12-31,2021-01-31,1,volatility_20_zscore,volatility_20,20-Day Volatility,Risk,standardized,300,-0.0946890521
2021-01-31,2021-02-28,1,volatility_20_zscore,volatility_20,20-Day Volatility,Risk,standardized,300,0.2723215506
2021-02-28,2021-03-31,1,volatility_20_zscore,volatility_20,20-Day Volatility,Risk,standardized,300,0.3897301081
2021-03-31,2021-04-30,1,volatility_20_zscore,volatility_20,20-Day Volatility,Risk,standardized,300,-0.3011292575
2021-04-30,2021-05-31,1,volatility_20_zscore,volatility_20,20-Day Volatility,Risk,standardized,300,-0.1402401585
2021-05-31,2021-06-30,1,volatility_20_zscore,volatility_20,20-Day Volatility,Risk,standardized,299,-0.0172696460
2021-06-30,2021-07-31,1,volatility_20_zscore,volatility_20,20-Day Volatility,Risk,standardized,299,-0.0183376355
2021-07-31,2021-08-31,1,volatility_20_zscore,volatility_20,20-Day Volatility,Risk,standardized,300,0.2444236047
2021-08-31,2021-09-30,1,volatility_20_zscore,volatility_20,20-Day Volatility,Risk,standardized,300,0.1981486681
2021-09-30,2021-10-31,1,volatility_20_zscore,volatility_20,20-Day Volatility,Risk,standardized,300,0.1799905243
2021-10-31,2021-11-30,1,volatility_20_zscore,volatility_20,20-Day Volatility,Risk,standardized,300,0.0101525618
2021-11-30,2021-12-31,1,volatility_20_zscore,volatility_20,20-Day Volatility,Risk,standardized,300,0.1264760860
2021-12-31,2022-01-31,1,volatility_20_zscore,volatility_20,20-Day Volatility,Risk,standardized,300,0.3711423460
2022-01-31,2022-02-28,1,volatility_20_zscore,volatility_20,20-Day Volatility,Risk,standardized,298,-0.1765437286
2022-02-28,2022-03-31,1,volatility_20_zscore,volatility_20,20-Day Volatility,Risk,standardized,299,0.1728670512
2022-03-31,2022-04-30,1,volatility_20_zscore,volatility_20,20-Day Volatility,Risk,standardized,300,0.0446951633
2022-04-30,2022-05-31,1,volatility_20_zscore,volatility_20,20-Day Volatility,Risk,standardized,300,-0.2944339382
2022-05-31,2022-06-30,1,volatility_20_zscore,volatility_20,20-Day Volatility,Risk,standardized,299,-0.2247319055
2022-06-30,2022-07-31,1,volatility_20_zscore,volatility_20,20-Day Volatility,Risk,standardized,298,0.1100445772
2022-07-31,2022-08-31,1,volatility_20_zscore,volatility_20,20-Day Volatility,Risk,standardized,300,0.3397440349
2022-08-31,2022-09-30,1,volatility_20_zscore,volatility_20,20-Day Volatility,Risk,standardized,300,0.2959039874
2022-09-30,2022-10-31,1,volatility_20_zscore,volatility_20,20-Day Volatility,Risk,standardized,300,0.0044160510
2022-10-31,2022-11-30,1,volatility_20_zscore,volatility_20,20-Day Volatility,Risk,standardized,300,0.1775601951
2022-11-30,2022-12-31,1,volatility_20_zscore,volatility_20,20-Day Volatility,Risk,standardized,300,0.0487392082
2022-12-31,2023-01-31,1,volatility_20_zscore,volatility_20,20-Day Volatility,Risk,standardized,300,-0.1293681616
2023-01-31,2023-02-28,1,volatility_20_zscore,volatility_20,20-Day Volatility,Risk,standardized,300,0.2726492517
2023-02-28,2023-03-31,1,volatility_20_zscore,volatility_20,20-Day Volatility,Risk,standardized,300,0.0432462631
2023-03-31,2023-04-30,1,volatility_20_zscore,volatility_20,20-Day Volatility,Risk,standardized,300,0.2138486934
2023-04-30,2023-05-31,1,volatility_20_zscore,volatility_20,20-Day Volatility,Risk,standardized,300,0.0879816931
2023-05-31,2023-06-30,1,volatility_20_zscore,volatility_20,20-Day Volatility,Risk,standardized,300,-0.0417260238
2023-06-30,2023-07-31,1,volatility_20_zscore,volatility_20,20-Day Volatility,Risk,standardized,300,0.3078749764
2023-07-31,2023-08-31,1,volatility_20_zscore,volatility_20,20-Day Volatility,Risk,standardized,300,0.1968968544
2023-08-31,2023-09-30,1,volatility_20_zscore,volatility_20,20-Day Volatility,Risk,standardized,300,0.3500145279
2023-09-30,2023-10-31,1,volatility_20_zscore,volatility_20,20-Day Volatility,Risk,standardized,300,0.1367050745
2023-10-31,2023-11-30,1,volatility_20_zscore,volatility_20,20-Day Volatility,Risk,standardized,300,0.1757979924
2023-11-30,2023-12-31,1,volatility_20_zscore,volatility_20,20-Day Volatility,Risk,standardized,300,0.0788591510
2023-12-31,2024-01-31,1,volatility_20_zscore,volatility_20,20-Day Volatility,Risk,standardized,300,0.6611646796
2024-01-31,2024-02-29,1,volatility_20_zscore,volatility_20,20-Day Volatility,Risk,standardized,300,-0.4621245194
2024-02-29,2024-03-31,1,volatility_20_zscore,volatility_20,20-Day Volatility,Risk,standardized,300,0.2371466350
2024-03-31,2024-04-30,1,volatility_20_zscore,volatility_20,20-Day Volatility,Risk,standardized,300,0.2900911622
2024-04-30,2024-05-31,1,volatility_20_zscore,volatility_20,20-Day Volatility,Risk,standardized,300,0.1691303237
2024-05-31,2024-06-30,1,volatility_20_zscore,volatility_20,20-Day Volatility,Risk,standardized,300,0.2647616085
2024-06-30,2024-07-31,1,volatility_20_zscore,volatility_20,20-Day Volatility,Risk,standardized,300,0.0924396938
2024-07-31,2024-08-31,1,volatility_20_zscore,volatility_20,20-Day Volatility,Risk,standardized,300,0.2479489772
2024-08-31,2024-09-30,1,volatility_20_zscore,volatility_20,20-Day Volatility,Risk,standardized,298,-0.2308626432
2024-09-30,2024-10-31,1,volatility_20_zscore,volatility_20,20-Day Volatility,Risk,standardized,298,-0.2151209362
2024-10-31,2024-11-30,1,volatility_20_zscore,volatility_20,20-Day Volatility,Risk,standardized,300,-0.0304603723
2024-11-30,2024-12-31,1,volatility_20_zscore,volatility_20,20-Day Volatility,Risk,standardized,300,0.4342797625
2024-12-31,2025-01-31,1,volatility_20_zscore,volatility_20,20-Day Volatility,Risk,standardized,300,0.0146439421
2025-01-31,2025-02-28,1,volatility_20_zscore,volatility_20,20-Day Volatility,Risk,standardized,299,-0.1857220217
2025-02-28,2025-03-31,1,volatility_20_zscore,volatility_20,20-Day Volatility,Risk,standardized,299,0.3779380687
2025-03-31,2025-04-30,1,volatility_20_zscore,volatility_20,20-Day Volatility,Risk,standardized,300,0.2535424009
2025-04-30,2025-05-31,1,volatility_20_zscore,volatility_20,20-Day Volatility,Risk,standardized,300,0.1754926556
2025-05-31,2025-06-30,1,volatility_20_zscore,volatility_20,20-Day Volatility,Risk,standardized,300,-0.3202349271
2025-06-30,2025-07-31,1,volatility_20_zscore,volatility_20,20-Day Volatility,Risk,standardized,299,-0.0943673543
2025-07-31,2025-08-31,1,volatility_20_zscore,volatility_20,20-Day Volatility,Risk,standardized,299,-0.2856250139
2025-08-31,2025-09-30,1,volatility_20_zscore,volatility_20,20-Day Volatility,Risk,standardized,299,-0.3078670601
2025-09-30,2025-10-31,1,volatility_20_zscore,volatility_20,20-Day Volatility,Risk,standardized,300,0.3151585052
2025-10-31,2025-11-30,1,volatility_20_zscore,volatility_20,20-Day Volatility,Risk,standardized,300,0.3744788275
2025-11-30,2025-12-31,1,volatility_20_zscore,volatility_20,20-Day Volatility,Risk,standardized,300,-0.2690998789
2025-12-31,2026-01-31,1,volatility_20_zscore,volatility_20,20-Day Volatility,Risk,standardized,299,-0.1709099357
2026-01-31,2026-02-28,1,volatility_20_zscore,volatility_20,20-Day Volatility,Risk,standardized,300,0.0873605262
2026-02-28,2026-03-31,1,volatility_20_zscore,volatility_20,20-Day Volatility,Risk,standardized,300,0.4157526657
2026-03-31,2026-04-30,1,volatility_20_zscore,volatility_20,20-Day Volatility,Risk,standardized,300,-0.3324967311
2026-04-30,2026-05-31,1,volatility_20_zscore,volatility_20,20-Day Volatility,Risk,standardized,300,-0.0433507039
2026-05-31,2026-06-30,1,volatility_20_zscore,volatility_20,20-Day Volatility,Risk,standardized,300,-0.1761557351
2026-06-30,2026-07-31,1,volatility_20_zscore,volatility_20,20-Day Volatility,Risk,standardized,300,0.6105436727
2026-07-31,2026-08-31,1,volatility_20_zscore,volatility_20,20-Day Volatility,Risk,standardized,300,-0.4001331570
2026-08-31,2026-09-08,1,volatility_20_zscore,volatility_20,20-Day Volatility,Risk,standardized,300,0.3993751035
2019-07-31,2019-10-31,3,volatility_20_zscore,volatility_20,20-Day Volatility,Risk,standardized,300,-0.0760470672
2019-08-31,2019-11-30,3,volatility_20_zscore,volatility_20,20-Day Volatility,Risk,standardized,300,0.0481240903
2019-09-30,2019-12-31,3,volatility_20_zscore,volatility_20,20-Day Volatility,Risk,standardized,300,-0.1673303037
2019-10-31,2020-01-31,3,volatility_20_zscore,volatility_20,20-Day Volatility,Risk,standardized,300,-0.2371355501
2019-11-30,2020-02-29,3,volatility_20_zscore,volatility_20,20-Day Volatility,Risk,standardized,300,-0.3243729375
2019-12-31,2020-03-31,3,volatility_20_zscore,volatility_20,20-Day Volatility,Risk,standardized,300,-0.0731057012
2020-01-31,2020-04-30,3,volatility_20_zscore,volatility_20,20-Day Volatility,Risk,standardized,299,-0.1539391329
2020-02-29,2020-05-31,3,volatility_20_zscore,volatility_20,20-Day Volatility,Risk,standardized,299,0.2201328814
2020-03-31,2020-06-30,3,volatility_20_zscore,volatility_20,20-Day Volatility,Risk,standardized,300,-0.3416095734
2020-04-30,2020-07-31,3,volatility_20_zscore,volatility_20,20-Day Volatility,Risk,standardized,299,-0.2986280892
2020-05-31,2020-08-31,3,volatility_20_zscore,volatility_20,20-Day Volatility,Risk,standardized,299,-0.1213234271
2020-06-30,2020-09-30,3,volatility_20_zscore,volatility_20,20-Day Volatility,Risk,standardized,299,0.0795281812
2020-07-31,2020-10-31,3,volatility_20_zscore,volatility_20,20-Day Volatility,Risk,standardized,300,0.2483254258
2020-08-31,2020-11-30,3,volatility_20_zscore,volatility_20,20-Day Volatility,Risk,standardized,300,0.0748559428
2020-09-30,2020-12-31,3,volatility_20_zscore,volatility_20,20-Day Volatility,Risk,standardized,300,-0.1363508483
2020-10-31,2021-01-31,3,volatility_20_zscore,volatility_20,20-Day Volatility,Risk,standardized,300,-0.1346040169
2020-11-30,2021-02-28,3,volatility_20_zscore,volatility_20,20-Day Volatility,Risk,standardized,300,-0.2767537417
2020-12-31,2021-03-31,3,volatility_20_zscore,volatility_20,20-Day Volatility,Risk,standardized,300,0.3318036867
2021-01-31,2021-04-30,3,volatility_20_zscore,volatility_20,20-Day Volatility,Risk,standardized,300,0.2398528873
2021-02-28,2021-05-31,3,volatility_20_zscore,volatility_20,20-Day Volatility,Risk,standardized,300,0.0707727942
2021-03-31,2021-06-30,3,volatility_20_zscore,volatility_20,20-Day Volatility,Risk,standardized,299,-0.2627092546
2021-04-30,2021-07-31,3,volatility_20_zscore,volatility_20,20-Day Volatility,Risk,standardized,300,-0.0628126979
2021-05-31,2021-08-31,3,volatility_20_zscore,volatility_20,20-Day Volatility,Risk,standardized,300,-0.0125432505
2021-06-30,2021-09-30,3,volatility_20_zscore,volatility_20,20-Day Volatility,Risk,standardized,298,0.2403562459
2021-07-31,2021-10-31,3,volatility_20_zscore,volatility_20,20-Day Volatility,Risk,standardized,300,0.2768259955
2021-08-31,2021-11-30,3,volatility_20_zscore,volatility_20,20-Day Volatility,Risk,standardized,300,0.0651478350
2021-09-30,2021-12-31,3,volatility_20_zscore,volatility_20,20-Day Volatility,Risk,standardized,300,0.1598237312
2021-10-31,2022-01-31,3,volatility_20_zscore,volatility_20,20-Day Volatility,Risk,standardized,300,0.2242758253
2021-11-30,2022-02-28,3,volatility_20_zscore,volatility_20,20-Day Volatility,Risk,standardized,300,0.3057900983
2021-12-31,2022-03-31,3,volatility_20_zscore,volatility_20,20-Day Volatility,Risk,standardized,300,0.3806957855
2022-01-31,2022-04-30,3,volatility_20_zscore,volatility_20,20-Day Volatility,Risk,standardized,298,0.1023670749
2022-02-28,2022-05-31,3,volatility_20_zscore,volatility_20,20-Day Volatility,Risk,standardized,299,0.1383955467
2022-03-31,2022-06-30,3,volatility_20_zscore,volatility_20,20-Day Volatility,Risk,standardized,300,-0.1757802535
2022-04-30,2022-07-31,3,volatility_20_zscore,volatility_20,20-Day Volatility,Risk,standardized,300,-0.2085663174
2022-05-31,2022-08-31,3,volatility_20_zscore,volatility_20,20-Day Volatility,Risk,standardized,299,0.1167601176
2022-06-30,2022-09-30,3,volatility_20_zscore,volatility_20,20-Day Volatility,Risk,standardized,298,0.3511211416
2022-07-31,2022-10-31,3,volatility_20_zscore,volatility_20,20-Day Volatility,Risk,standardized,300,0.2563535435
2022-08-31,2022-11-30,3,volatility_20_zscore,volatility_20,20-Day Volatility,Risk,standardized,300,0.3427407352
2022-09-30,2022-12-31,3,volatility_20_zscore,volatility_20,20-Day Volatility,Risk,standardized,300,0.1090461005
2022-10-31,2023-01-31,3,volatility_20_zscore,volatility_20,20-Day Volatility,Risk,standardized,300,-0.0130592562
2022-11-30,2023-02-28,3,volatility_20_zscore,volatility_20,20-Day Volatility,Risk,standardized,300,0.0692156656
2022-12-31,2023-03-31,3,volatility_20_zscore,volatility_20,20-Day Volatility,Risk,standardized,300,0.1841685112
2023-01-31,2023-04-30,3,volatility_20_zscore,volatility_20,20-Day Volatility,Risk,standardized,300,0.4277610227
2023-02-28,2023-05-31,3,volatility_20_zscore,volatility_20,20-Day Volatility,Risk,standardized,300,0.2548512761
2023-03-31,2023-06-30,3,volatility_20_zscore,volatility_20,20-Day Volatility,Risk,standardized,300,0.1516493079
2023-04-30,2023-07-31,3,volatility_20_zscore,volatility_20,20-Day Volatility,Risk,standardized,300,0.2523260269
2023-05-31,2023-08-31,3,volatility_20_zscore,volatility_20,20-Day Volatility,Risk,standardized,300,0.1198415671
2023-06-30,2023-09-30,3,volatility_20_zscore,volatility_20,20-Day Volatility,Risk,standardized,300,0.4367057412
2023-07-31,2023-10-31,3,volatility_20_zscore,volatility_20,20-Day Volatility,Risk,standardized,300,0.2772035245
2023-08-31,2023-11-30,3,volatility_20_zscore,volatility_20,20-Day Volatility,Risk,standardized,300,0.2235358171
2023-09-30,2023-12-31,3,volatility_20_zscore,volatility_20,20-Day Volatility,Risk,standardized,300,0.1293441038
2023-10-31,2024-01-31,3,volatility_20_zscore,volatility_20,20-Day Volatility,Risk,standardized,300,0.4647178818
2023-11-30,2024-02-29,3,volatility_20_zscore,volatility_20,20-Day Volatility,Risk,standardized,300,0.4212776634
2023-12-31,2024-03-31,3,volatility_20_zscore,volatility_20,20-Day Volatility,Risk,standardized,300,0.3689409882
2024-01-31,2024-04-30,3,volatility_20_zscore,volatility_20,20-Day Volatility,Risk,standardized,300,0.0149297248
2024-02-29,2024-05-31,3,volatility_20_zscore,volatility_20,20-Day Volatility,Risk,standardized,300,0.3440171557
2024-03-31,2024-06-30,3,volatility_20_zscore,volatility_20,20-Day Volatility,Risk,standardized,300,0.3162502157
2024-04-30,2024-07-31,3,volatility_20_zscore,volatility_20,20-Day Volatility,Risk,standardized,300,0.3223404704
2024-05-31,2024-08-31,3,volatility_20_zscore,volatility_20,20-Day Volatility,Risk,standardized,300,0.3464718497
2024-06-30,2024-09-30,3,volatility_20_zscore,volatility_20,20-Day Volatility,Risk,standardized,298,0.0109009118
2024-07-31,2024-10-31,3,volatility_20_zscore,volatility_20,20-Day Volatility,Risk,standardized,300,-0.2670029667
2024-08-31,2024-11-30,3,volatility_20_zscore,volatility_20,20-Day Volatility,Risk,standardized,300,-0.2190122112
2024-09-30,2024-12-31,3,volatility_20_zscore,volatility_20,20-Day Volatility,Risk,standardized,298,0.1335056021
2024-10-31,2025-01-31,3,volatility_20_zscore,volatility_20,20-Day Volatility,Risk,standardized,300,0.3669720775
2024-11-30,2025-02-28,3,volatility_20_zscore,volatility_20,20-Day Volatility,Risk,standardized,299,0.1359871015
2024-12-31,2025-03-31,3,volatility_20_zscore,volatility_20,20-Day Volatility,Risk,standardized,299,0.0297593802
2025-01-31,2025-04-30,3,volatility_20_zscore,volatility_20,20-Day Volatility,Risk,standardized,299,0.2567525966
2025-02-28,2025-05-31,3,volatility_20_zscore,volatility_20,20-Day Volatility,Risk,standardized,299,0.4900261936
2025-03-31,2025-06-30,3,volatility_20_zscore,volatility_20,20-Day Volatility,Risk,standardized,300,0.1380822163
2025-04-30,2025-07-31,3,volatility_20_zscore,volatility_20,20-Day Volatility,Risk,standardized,300,-0.1731454794
2025-05-31,2025-08-31,3,volatility_20_zscore,volatility_20,20-Day Volatility,Risk,standardized,299,-0.4457552019
2025-06-30,2025-09-30,3,volatility_20_zscore,volatility_20,20-Day Volatility,Risk,standardized,298,-0.3742139584
2025-07-31,2025-10-31,3,volatility_20_zscore,volatility_20,20-Day Volatility,Risk,standardized,299,-0.3036768215
2025-08-31,2025-11-30,3,volatility_20_zscore,volatility_20,20-Day Volatility,Risk,standardized,299,0.0862589911
2025-09-30,2025-12-31,3,volatility_20_zscore,volatility_20,20-Day Volatility,Risk,standardized,300,0.2495236614
2025-10-31,2026-01-31,3,volatility_20_zscore,volatility_20,20-Day Volatility,Risk,standardized,300,-0.2047111635
2025-11-30,2026-02-28,3,volatility_20_zscore,volatility_20,20-Day Volatility,Risk,standardized,300,-0.3425673619
2025-12-31,2026-03-31,3,volatility_20_zscore,volatility_20,20-Day Volatility,Risk,standardized,299,0.1717285807
2026-01-31,2026-04-30,3,volatility_20_zscore,volatility_20,20-Day Volatility,Risk,standardized,300,0.1805686730
2026-02-28,2026-05-31,3,volatility_20_zscore,volatility_20,20-Day Volatility,Risk,standardized,300,0.1401251125
2026-03-31,2026-06-30,3,volatility_20_zscore,volatility_20,20-Day Volatility,Risk,standardized,300,-0.1077069745
2026-04-30,2026-07-31,3,volatility_20_zscore,volatility_20,20-Day Volatility,Risk,standardized,300,0.2787959866
2026-05-31,2026-08-31,3,volatility_20_zscore,volatility_20,20-Day Volatility,Risk,standardized,300,0.3475843065
2026-06-30,2026-09-08,3,volatility_20_zscore,volatility_20,20-Day Volatility,Risk,standardized,300,0.5285920955
2019-07-31,2019-08-31,1,volatility_20_neutral,volatility_20,20-Day Volatility,Risk,neutralized,300,-0.1421342617
2019-08-31,2019-09-30,1,volatility_20_neutral,volatility_20,20-Day Volatility,Risk,neutralized,300,-0.0349092122
2019-09-30,2019-10-31,1,volatility_20_neutral,volatility_20,20-Day Volatility,Risk,neutralized,300,-0.0243211753
2019-10-31,2019-11-30,1,volatility_20_neutral,volatility_20,20-Day Volatility,Risk,neutralized,300,0.0077985320
2019-11-30,2019-12-31,1,volatility_20_neutral,volatility_20,20-Day Volatility,Risk,neutralized,300,-0.0729888191
2019-12-31,2020-01-31,1,volatility_20_neutral,volatility_20,20-Day Volatility,Risk,neutralized,300,0.0255905094
2020-01-31,2020-02-29,1,volatility_20_neutral,volatility_20,20-Day Volatility,Risk,neutralized,300,-0.0687830018
2020-02-29,2020-03-31,1,volatility_20_neutral,volatility_20,20-Day Volatility,Risk,neutralized,300,0.1691672130
2020-03-31,2020-04-30,1,volatility_20_neutral,volatility_20,20-Day Volatility,Risk,neutralized,299,-0.2254877743
2020-04-30,2020-05-31,1,volatility_20_neutral,volatility_20,20-Day Volatility,Risk,neutralized,299,-0.0061296043
2020-05-31,2020-06-30,1,volatility_20_neutral,volatility_20,20-Day Volatility,Risk,neutralized,299,-0.0113510423
2020-06-30,2020-07-31,1,volatility_20_neutral,volatility_20,20-Day Volatility,Risk,neutralized,299,0.0063801037
2020-07-31,2020-08-31,1,volatility_20_neutral,volatility_20,20-Day Volatility,Risk,neutralized,300,0.1111955071
2020-08-31,2020-09-30,1,volatility_20_neutral,volatility_20,20-Day Volatility,Risk,neutralized,300,-0.0262318470
2020-09-30,2020-10-31,1,volatility_20_neutral,volatility_20,20-Day Volatility,Risk,neutralized,300,0.0242198785
2020-10-31,2020-11-30,1,volatility_20_neutral,volatility_20,20-Day Volatility,Risk,neutralized,300,0.0056973973
2020-11-30,2020-12-31,1,volatility_20_neutral,volatility_20,20-Day Volatility,Risk,neutralized,300,-0.0699261258
2020-12-31,2021-01-31,1,volatility_20_neutral,volatility_20,20-Day Volatility,Risk,neutralized,300,-0.0880987567
2021-01-31,2021-02-28,1,volatility_20_neutral,volatility_20,20-Day Volatility,Risk,neutralized,300,0.1762157093
2021-02-28,2021-03-31,1,volatility_20_neutral,volatility_20,20-Day Volatility,Risk,neutralized,300,0.1228284895
2021-03-31,2021-04-30,1,volatility_20_neutral,volatility_20,20-Day Volatility,Risk,neutralized,300,-0.1102597308
2021-04-30,2021-05-31,1,volatility_20_neutral,volatility_20,20-Day Volatility,Risk,neutralized,300,-0.2107615117
2021-05-31,2021-06-30,1,volatility_20_neutral,volatility_20,20-Day Volatility,Risk,neutralized,299,-0.0138084458
2021-06-30,2021-07-31,1,volatility_20_neutral,volatility_20,20-Day Volatility,Risk,neutralized,299,-0.0282440349
2021-07-31,2021-08-31,1,volatility_20_neutral,volatility_20,20-Day Volatility,Risk,neutralized,300,0.0531228125
2021-08-31,2021-09-30,1,volatility_20_neutral,volatility_20,20-Day Volatility,Risk,neutralized,300,0.1403173680
2021-09-30,2021-10-31,1,volatility_20_neutral,volatility_20,20-Day Volatility,Risk,neutralized,300,-0.0002657808
2021-10-31,2021-11-30,1,volatility_20_neutral,volatility_20,20-Day Volatility,Risk,neutralized,300,0.0371675447
2021-11-30,2021-12-31,1,volatility_20_neutral,volatility_20,20-Day Volatility,Risk,neutralized,300,0.1903794910
2021-12-31,2022-01-31,1,volatility_20_neutral,volatility_20,20-Day Volatility,Risk,neutralized,300,0.1559966395
2022-01-31,2022-02-28,1,volatility_20_neutral,volatility_20,20-Day Volatility,Risk,neutralized,298,-0.1968469160
2022-02-28,2022-03-31,1,volatility_20_neutral,volatility_20,20-Day Volatility,Risk,neutralized,299,0.0355157011
2022-03-31,2022-04-30,1,volatility_20_neutral,volatility_20,20-Day Volatility,Risk,neutralized,300,0.0480765342
2022-04-30,2022-05-31,1,volatility_20_neutral,volatility_20,20-Day Volatility,Risk,neutralized,300,-0.0898774431
2022-05-31,2022-06-30,1,volatility_20_neutral,volatility_20,20-Day Volatility,Risk,neutralized,299,-0.1413602547
2022-06-30,2022-07-31,1,volatility_20_neutral,volatility_20,20-Day Volatility,Risk,neutralized,298,0.0437158730
2022-07-31,2022-08-31,1,volatility_20_neutral,volatility_20,20-Day Volatility,Risk,neutralized,300,0.1337592789
2022-08-31,2022-09-30,1,volatility_20_neutral,volatility_20,20-Day Volatility,Risk,neutralized,300,0.0925345940
2022-09-30,2022-10-31,1,volatility_20_neutral,volatility_20,20-Day Volatility,Risk,neutralized,300,0.0145517253
2022-10-31,2022-11-30,1,volatility_20_neutral,volatility_20,20-Day Volatility,Risk,neutralized,300,0.0153361704
2022-11-30,2022-12-31,1,volatility_20_neutral,volatility_20,20-Day Volatility,Risk,neutralized,300,0.0175606415
2022-12-31,2023-01-31,1,volatility_20_neutral,volatility_20,20-Day Volatility,Risk,neutralized,300,-0.0175682030
2023-01-31,2023-02-28,1,volatility_20_neutral,volatility_20,20-Day Volatility,Risk,neutralized,300,0.2766266292
2023-02-28,2023-03-31,1,volatility_20_neutral,volatility_20,20-Day Volatility,Risk,neutralized,300,0.2133646166
2023-03-31,2023-04-30,1,volatility_20_neutral,volatility_20,20-Day Volatility,Risk,neutralized,300,-0.0902498917
2023-04-30,2023-05-31,1,volatility_20_neutral,volatility_20,20-Day Volatility,Risk,neutralized,300,0.0496147845
2023-05-31,2023-06-30,1,volatility_20_neutral,volatility_20,20-Day Volatility,Risk,neutralized,300,-0.0460542946
2023-06-30,2023-07-31,1,volatility_20_neutral,volatility_20,20-Day Volatility,Risk,neutralized,300,0.0725754731
2023-07-31,2023-08-31,1,volatility_20_neutral,volatility_20,20-Day Volatility,Risk,neutralized,300,0.2099361337
2023-08-31,2023-09-30,1,volatility_20_neutral,volatility_20,20-Day Volatility,Risk,neutralized,300,0.0898892709
2023-09-30,2023-10-31,1,volatility_20_neutral,volatility_20,20-Day Volatility,Risk,neutralized,300,0.0966499628
2023-10-31,2023-11-30,1,volatility_20_neutral,volatility_20,20-Day Volatility,Risk,neutralized,300,0.0527397030
2023-11-30,2023-12-31,1,volatility_20_neutral,volatility_20,20-Day Volatility,Risk,neutralized,300,0.0345390696
2023-12-31,2024-01-31,1,volatility_20_neutral,volatility_20,20-Day Volatility,Risk,neutralized,300,0.2191911265
2024-01-31,2024-02-29,1,volatility_20_neutral,volatility_20,20-Day Volatility,Risk,neutralized,300,-0.1706832488
2024-02-29,2024-03-31,1,volatility_20_neutral,volatility_20,20-Day Volatility,Risk,neutralized,300,0.0880254225
2024-03-31,2024-04-30,1,volatility_20_neutral,volatility_20,20-Day Volatility,Risk,neutralized,300,0.1313990885
2024-04-30,2024-05-31,1,volatility_20_neutral,volatility_20,20-Day Volatility,Risk,neutralized,300,0.0926788178
2024-05-31,2024-06-30,1,volatility_20_neutral,volatility_20,20-Day Volatility,Risk,neutralized,300,0.0944223825
2024-06-30,2024-07-31,1,volatility_20_neutral,volatility_20,20-Day Volatility,Risk,neutralized,300,0.0407968977
2024-07-31,2024-08-31,1,volatility_20_neutral,volatility_20,20-Day Volatility,Risk,neutralized,300,0.0916179069
2024-08-31,2024-09-30,1,volatility_20_neutral,volatility_20,20-Day Volatility,Risk,neutralized,298,-0.0402364876
2024-09-30,2024-10-31,1,volatility_20_neutral,volatility_20,20-Day Volatility,Risk,neutralized,298,-0.0140538124
2024-10-31,2024-11-30,1,volatility_20_neutral,volatility_20,20-Day Volatility,Risk,neutralized,300,-0.0199873554
2024-11-30,2024-12-31,1,volatility_20_neutral,volatility_20,20-Day Volatility,Risk,neutralized,300,0.3028064756
2024-12-31,2025-01-31,1,volatility_20_neutral,volatility_20,20-Day Volatility,Risk,neutralized,300,0.0091552128
2025-01-31,2025-02-28,1,volatility_20_neutral,volatility_20,20-Day Volatility,Risk,neutralized,299,0.0533932498
2025-02-28,2025-03-31,1,volatility_20_neutral,volatility_20,20-Day Volatility,Risk,neutralized,299,0.2160211892
2025-03-31,2025-04-30,1,volatility_20_neutral,volatility_20,20-Day Volatility,Risk,neutralized,300,0.0333079293
2025-04-30,2025-05-31,1,volatility_20_neutral,volatility_20,20-Day Volatility,Risk,neutralized,300,-0.1012169249
2025-05-31,2025-06-30,1,volatility_20_neutral,volatility_20,20-Day Volatility,Risk,neutralized,300,-0.1558037485
2025-06-30,2025-07-31,1,volatility_20_neutral,volatility_20,20-Day Volatility,Risk,neutralized,299,-0.0040964288
2025-07-31,2025-08-31,1,volatility_20_neutral,volatility_20,20-Day Volatility,Risk,neutralized,299,0.0023739112
2025-08-31,2025-09-30,1,volatility_20_neutral,volatility_20,20-Day Volatility,Risk,neutralized,299,-0.0356719266
2025-09-30,2025-10-31,1,volatility_20_neutral,volatility_20,20-Day Volatility,Risk,neutralized,300,0.0981065827
2025-10-31,2025-11-30,1,volatility_20_neutral,volatility_20,20-Day Volatility,Risk,neutralized,300,0.1493003256
2025-11-30,2025-12-31,1,volatility_20_neutral,volatility_20,20-Day Volatility,Risk,neutralized,300,0.0412702363
2025-12-31,2026-01-31,1,volatility_20_neutral,volatility_20,20-Day Volatility,Risk,neutralized,299,0.0569455870
2026-01-31,2026-02-28,1,volatility_20_neutral,volatility_20,20-Day Volatility,Risk,neutralized,300,0.0683069812
2026-02-28,2026-03-31,1,volatility_20_neutral,volatility_20,20-Day Volatility,Risk,neutralized,300,0.1133952725
2026-03-31,2026-04-30,1,volatility_20_neutral,volatility_20,20-Day Volatility,Risk,neutralized,300,-0.1429896523
2026-04-30,2026-05-31,1,volatility_20_neutral,volatility_20,20-Day Volatility,Risk,neutralized,300,-0.0537508195
2026-05-31,2026-06-30,1,volatility_20_neutral,volatility_20,20-Day Volatility,Risk,neutralized,300,-0.1031771464
2026-06-30,2026-07-31,1,volatility_20_neutral,volatility_20,20-Day Volatility,Risk,neutralized,300,0.3565635174
2026-07-31,2026-08-31,1,volatility_20_neutral,volatility_20,20-Day Volatility,Risk,neutralized,300,-0.2600224736
2026-08-31,2026-09-08,1,volatility_20_neutral,volatility_20,20-Day Volatility,Risk,neutralized,300,0.1022110384
2019-07-31,2019-10-31,3,volatility_20_neutral,volatility_20,20-Day Volatility,Risk,neutralized,300,-0.0391573240
2019-08-31,2019-11-30,3,volatility_20_neutral,volatility_20,20-Day Volatility,Risk,neutralized,300,0.0179784240
2019-09-30,2019-12-31,3,volatility_20_neutral,volatility_20,20-Day Volatility,Risk,neutralized,300,-0.0321425794
2019-10-31,2020-01-31,3,volatility_20_neutral,volatility_20,20-Day Volatility,Risk,neutralized,300,-0.0491054400
2019-11-30,2020-02-29,3,volatility_20_neutral,volatility_20,20-Day Volatility,Risk,neutralized,300,-0.1451976133
2019-12-31,2020-03-31,3,volatility_20_neutral,volatility_20,20-Day Volatility,Risk,neutralized,300,0.0506387849
2020-01-31,2020-04-30,3,volatility_20_neutral,volatility_20,20-Day Volatility,Risk,neutralized,299,-0.1097668088
2020-02-29,2020-05-31,3,volatility_20_neutral,volatility_20,20-Day Volatility,Risk,neutralized,299,0.0108513838
2020-03-31,2020-06-30,3,volatility_20_neutral,volatility_20,20-Day Volatility,Risk,neutralized,300,-0.1472652082
2020-04-30,2020-07-31,3,volatility_20_neutral,volatility_20,20-Day Volatility,Risk,neutralized,299,-0.1039298781
2020-05-31,2020-08-31,3,volatility_20_neutral,volatility_20,20-Day Volatility,Risk,neutralized,299,0.0013898678
2020-06-30,2020-09-30,3,volatility_20_neutral,volatility_20,20-Day Volatility,Risk,neutralized,299,-0.0201292900
2020-07-31,2020-10-31,3,volatility_20_neutral,volatility_20,20-Day Volatility,Risk,neutralized,300,0.0918672430
2020-08-31,2020-11-30,3,volatility_20_neutral,volatility_20,20-Day Volatility,Risk,neutralized,300,-0.0221215791
2020-09-30,2020-12-31,3,volatility_20_neutral,volatility_20,20-Day Volatility,Risk,neutralized,300,-0.0554961722
2020-10-31,2021-01-31,3,volatility_20_neutral,volatility_20,20-Day Volatility,Risk,neutralized,300,-0.1016626888
2020-11-30,2021-02-28,3,volatility_20_neutral,volatility_20,20-Day Volatility,Risk,neutralized,300,-0.0847556084
2020-12-31,2021-03-31,3,volatility_20_neutral,volatility_20,20-Day Volatility,Risk,neutralized,300,0.1689738775
2021-01-31,2021-04-30,3,volatility_20_neutral,volatility_20,20-Day Volatility,Risk,neutralized,300,0.1401135568
2021-02-28,2021-05-31,3,volatility_20_neutral,volatility_20,20-Day Volatility,Risk,neutralized,300,0.0128954795
2021-03-31,2021-06-30,3,volatility_20_neutral,volatility_20,20-Day Volatility,Risk,neutralized,299,-0.1525263353
2021-04-30,2021-07-31,3,volatility_20_neutral,volatility_20,20-Day Volatility,Risk,neutralized,300,-0.0402724564
2021-05-31,2021-08-31,3,volatility_20_neutral,volatility_20,20-Day Volatility,Risk,neutralized,300,-0.0056269520
2021-06-30,2021-09-30,3,volatility_20_neutral,volatility_20,20-Day Volatility,Risk,neutralized,298,0.1196946231
2021-07-31,2021-10-31,3,volatility_20_neutral,volatility_20,20-Day Volatility,Risk,neutralized,300,0.0163241832
2021-08-31,2021-11-30,3,volatility_20_neutral,volatility_20,20-Day Volatility,Risk,neutralized,300,0.0199524461
2021-09-30,2021-12-31,3,volatility_20_neutral,volatility_20,20-Day Volatility,Risk,neutralized,300,0.0603756268
2021-10-31,2022-01-31,3,volatility_20_neutral,volatility_20,20-Day Volatility,Risk,neutralized,300,0.1661003085
2021-11-30,2022-02-28,3,volatility_20_neutral,volatility_20,20-Day Volatility,Risk,neutralized,300,0.1805980468
2021-12-31,2022-03-31,3,volatility_20_neutral,volatility_20,20-Day Volatility,Risk,neutralized,300,0.1529219383
2022-01-31,2022-04-30,3,volatility_20_neutral,volatility_20,20-Day Volatility,Risk,neutralized,298,0.0082504468
2022-02-28,2022-05-31,3,volatility_20_neutral,volatility_20,20-Day Volatility,Risk,neutralized,299,0.0854458935
2022-03-31,2022-06-30,3,volatility_20_neutral,volatility_20,20-Day Volatility,Risk,neutralized,300,-0.0833609633
2022-04-30,2022-07-31,3,volatility_20_neutral,volatility_20,20-Day Volatility,Risk,neutralized,300,-0.0886769853
2022-05-31,2022-08-31,3,volatility_20_neutral,volatility_20,20-Day Volatility,Risk,neutralized,299,0.0228102624
2022-06-30,2022-09-30,3,volatility_20_neutral,volatility_20,20-Day Volatility,Risk,neutralized,298,0.1532899873
2022-07-31,2022-10-31,3,volatility_20_neutral,volatility_20,20-Day Volatility,Risk,neutralized,300,0.1453494089
2022-08-31,2022-11-30,3,volatility_20_neutral,volatility_20,20-Day Volatility,Risk,neutralized,300,0.1860449767
2022-09-30,2022-12-31,3,volatility_20_neutral,volatility_20,20-Day Volatility,Risk,neutralized,300,0.0902659019
2022-10-31,2023-01-31,3,volatility_20_neutral,volatility_20,20-Day Volatility,Risk,neutralized,300,-0.0012555695
2022-11-30,2023-02-28,3,volatility_20_neutral,volatility_20,20-Day Volatility,Risk,neutralized,300,0.1655025424
2022-12-31,2023-03-31,3,volatility_20_neutral,volatility_20,20-Day Volatility,Risk,neutralized,300,0.1768950963
2023-01-31,2023-04-30,3,volatility_20_neutral,volatility_20,20-Day Volatility,Risk,neutralized,300,0.2998678096
2023-02-28,2023-05-31,3,volatility_20_neutral,volatility_20,20-Day Volatility,Risk,neutralized,300,0.2050191669
2023-03-31,2023-06-30,3,volatility_20_neutral,volatility_20,20-Day Volatility,Risk,neutralized,300,-0.0372093023
2023-04-30,2023-07-31,3,volatility_20_neutral,volatility_20,20-Day Volatility,Risk,neutralized,300,0.1542250641
2023-05-31,2023-08-31,3,volatility_20_neutral,volatility_20,20-Day Volatility,Risk,neutralized,300,0.0917925857
2023-06-30,2023-09-30,3,volatility_20_neutral,volatility_20,20-Day Volatility,Risk,neutralized,300,0.1519047989
2023-07-31,2023-10-31,3,volatility_20_neutral,volatility_20,20-Day Volatility,Risk,neutralized,300,0.2078614438
2023-08-31,2023-11-30,3,volatility_20_neutral,volatility_20,20-Day Volatility,Risk,neutralized,300,0.0955952844
2023-09-30,2023-12-31,3,volatility_20_neutral,volatility_20,20-Day Volatility,Risk,neutralized,300,0.0805497839
2023-10-31,2024-01-31,3,volatility_20_neutral,volatility_20,20-Day Volatility,Risk,neutralized,300,0.1357975089
2023-11-30,2024-02-29,3,volatility_20_neutral,volatility_20,20-Day Volatility,Risk,neutralized,300,0.1466163120
2023-12-31,2024-03-31,3,volatility_20_neutral,volatility_20,20-Day Volatility,Risk,neutralized,300,0.0837131617
2024-01-31,2024-04-30,3,volatility_20_neutral,volatility_20,20-Day Volatility,Risk,neutralized,300,-0.0193826641
2024-02-29,2024-05-31,3,volatility_20_neutral,volatility_20,20-Day Volatility,Risk,neutralized,300,0.1470567451
2024-03-31,2024-06-30,3,volatility_20_neutral,volatility_20,20-Day Volatility,Risk,neutralized,300,0.1519103714
2024-04-30,2024-07-31,3,volatility_20_neutral,volatility_20,20-Day Volatility,Risk,neutralized,300,0.1962604247
2024-05-31,2024-08-31,3,volatility_20_neutral,volatility_20,20-Day Volatility,Risk,neutralized,300,0.1320423560
2024-06-30,2024-09-30,3,volatility_20_neutral,volatility_20,20-Day Volatility,Risk,neutralized,298,0.0049542591
2024-07-31,2024-10-31,3,volatility_20_neutral,volatility_20,20-Day Volatility,Risk,neutralized,300,-0.0150201669
2024-08-31,2024-11-30,3,volatility_20_neutral,volatility_20,20-Day Volatility,Risk,neutralized,300,-0.0025742508
2024-09-30,2024-12-31,3,volatility_20_neutral,volatility_20,20-Day Volatility,Risk,neutralized,298,0.1432948597
2024-10-31,2025-01-31,3,volatility_20_neutral,volatility_20,20-Day Volatility,Risk,neutralized,300,0.2354310603
2024-11-30,2025-02-28,3,volatility_20_neutral,volatility_20,20-Day Volatility,Risk,neutralized,299,0.2252284152
2024-12-31,2025-03-31,3,volatility_20_neutral,volatility_20,20-Day Volatility,Risk,neutralized,299,0.1098682409
2025-01-31,2025-04-30,3,volatility_20_neutral,volatility_20,20-Day Volatility,Risk,neutralized,299,0.1051693565
2025-02-28,2025-05-31,3,volatility_20_neutral,volatility_20,20-Day Volatility,Risk,neutralized,299,0.1265973970
2025-03-31,2025-06-30,3,volatility_20_neutral,volatility_20,20-Day Volatility,Risk,neutralized,300,-0.0404746764
2025-04-30,2025-07-31,3,volatility_20_neutral,volatility_20,20-Day Volatility,Risk,neutralized,300,-0.1476087512
2025-05-31,2025-08-31,3,volatility_20_neutral,volatility_20,20-Day Volatility,Risk,neutralized,299,-0.1570227380
2025-06-30,2025-09-30,3,volatility_20_neutral,volatility_20,20-Day Volatility,Risk,neutralized,298,-0.1115908700
2025-07-31,2025-10-31,3,volatility_20_neutral,volatility_20,20-Day Volatility,Risk,neutralized,299,-0.0235500887
2025-08-31,2025-11-30,3,volatility_20_neutral,volatility_20,20-Day Volatility,Risk,neutralized,299,-0.0298987677
2025-09-30,2025-12-31,3,volatility_20_neutral,volatility_20,20-Day Volatility,Risk,neutralized,300,0.1077198636
2025-10-31,2026-01-31,3,volatility_20_neutral,volatility_20,20-Day Volatility,Risk,neutralized,300,-0.0025702508
2025-11-30,2026-02-28,3,volatility_20_neutral,volatility_20,20-Day Volatility,Risk,neutralized,300,-0.0116827965
2025-12-31,2026-03-31,3,volatility_20_neutral,volatility_20,20-Day Volatility,Risk,neutralized,299,0.0189382954
2026-01-31,2026-04-30,3,volatility_20_neutral,volatility_20,20-Day Volatility,Risk,neutralized,300,0.0500663341
2026-02-28,2026-05-31,3,volatility_20_neutral,volatility_20,20-Day Volatility,Risk,neutralized,300,-0.0325848065
2026-03-31,2026-06-30,3,volatility_20_neutral,volatility_20,20-Day Volatility,Risk,neutralized,300,-0.0406466739
2026-04-30,2026-07-31,3,volatility_20_neutral,volatility_20,20-Day Volatility,Risk,neutralized,300,0.1836611518
2026-05-31,2026-08-31,3,volatility_20_neutral,volatility_20,20-Day Volatility,Risk,neutralized,300,0.1700890010
2026-06-30,2026-09-08,3,volatility_20_neutral,volatility_20,20-Day Volatility,Risk,neutralized,300,0.2817369082
2019-07-31,2019-08-31,1,downside_volatility_60_zscore,downside_volatility_60,60-Day Downside Volatility,Risk,standardized,300,-0.2416462942
2019-08-31,2019-09-30,1,downside_volatility_60_zscore,downside_volatility_60,60-Day Downside Volatility,Risk,standardized,300,-0.0440980994
2019-09-30,2019-10-31,1,downside_volatility_60_zscore,downside_volatility_60,60-Day Downside Volatility,Risk,standardized,300,0.1331909020
2019-10-31,2019-11-30,1,downside_volatility_60_zscore,downside_volatility_60,60-Day Downside Volatility,Risk,standardized,300,0.0195299969
2019-11-30,2019-12-31,1,downside_volatility_60_zscore,downside_volatility_60,60-Day Downside Volatility,Risk,standardized,300,-0.1629618288
2019-12-31,2020-01-31,1,downside_volatility_60_zscore,downside_volatility_60,60-Day Downside Volatility,Risk,standardized,300,-0.3018904109
2020-01-31,2020-02-29,1,downside_volatility_60_zscore,downside_volatility_60,60-Day Downside Volatility,Risk,standardized,300,-0.2674761722
2020-02-29,2020-03-31,1,downside_volatility_60_zscore,downside_volatility_60,60-Day Downside Volatility,Risk,standardized,300,0.3685094279
2020-03-31,2020-04-30,1,downside_volatility_60_zscore,downside_volatility_60,60-Day Downside Volatility,Risk,standardized,299,-0.2396413245
2020-04-30,2020-05-31,1,downside_volatility_60_zscore,downside_volatility_60,60-Day Downside Volatility,Risk,standardized,299,0.0334605284
2020-05-31,2020-06-30,1,downside_volatility_60_zscore,downside_volatility_60,60-Day Downside Volatility,Risk,standardized,299,-0.3624219223
2020-06-30,2020-07-31,1,downside_volatility_60_zscore,downside_volatility_60,60-Day Downside Volatility,Risk,standardized,299,-0.0313003075
2020-07-31,2020-08-31,1,downside_volatility_60_zscore,downside_volatility_60,60-Day Downside Volatility,Risk,standardized,300,0.2858513032
2020-08-31,2020-09-30,1,downside_volatility_60_zscore,downside_volatility_60,60-Day Downside Volatility,Risk,standardized,300,0.1568466316
2020-09-30,2020-10-31,1,downside_volatility_60_zscore,downside_volatility_60,60-Day Downside Volatility,Risk,standardized,300,0.0461752823
2020-10-31,2020-11-30,1,downside_volatility_60_zscore,downside_volatility_60,60-Day Downside Volatility,Risk,standardized,300,0.1825451597
2020-11-30,2020-12-31,1,downside_volatility_60_zscore,downside_volatility_60,60-Day Downside Volatility,Risk,standardized,300,-0.2545339958
2020-12-31,2021-01-31,1,downside_volatility_60_zscore,downside_volatility_60,60-Day Downside Volatility,Risk,standardized,300,-0.0386524295
2021-01-31,2021-02-28,1,downside_volatility_60_zscore,downside_volatility_60,60-Day Downside Volatility,Risk,standardized,300,0.2827301223
2021-02-28,2021-03-31,1,downside_volatility_60_zscore,downside_volatility_60,60-Day Downside Volatility,Risk,standardized,300,0.4048364982
2021-03-31,2021-04-30,1,downside_volatility_60_zscore,downside_volatility_60,60-Day Downside Volatility,Risk,standardized,300,-0.3756847857
2021-04-30,2021-05-31,1,downside_volatility_60_zscore,downside_volatility_60,60-Day Downside Volatility,Risk,standardized,300,-0.1184930038
2021-05-31,2021-06-30,1,downside_volatility_60_zscore,downside_volatility_60,60-Day Downside Volatility,Risk,standardized,299,-0.1065812215
2021-06-30,2021-07-31,1,downside_volatility_60_zscore,downside_volatility_60,60-Day Downside Volatility,Risk,standardized,299,0.0371663936
2021-07-31,2021-08-31,1,downside_volatility_60_zscore,downside_volatility_60,60-Day Downside Volatility,Risk,standardized,300,0.2555846176
2021-08-31,2021-09-30,1,downside_volatility_60_zscore,downside_volatility_60,60-Day Downside Volatility,Risk,standardized,300,0.1723241561
2021-09-30,2021-10-31,1,downside_volatility_60_zscore,downside_volatility_60,60-Day Downside Volatility,Risk,standardized,300,-0.1060141139
2021-10-31,2021-11-30,1,downside_volatility_60_zscore,downside_volatility_60,60-Day Downside Volatility,Risk,standardized,300,-0.0481325562
2021-11-30,2021-12-31,1,downside_volatility_60_zscore,downside_volatility_60,60-Day Downside Volatility,Risk,standardized,300,0.0980775451
2021-12-31,2022-01-31,1,downside_volatility_60_zscore,downside_volatility_60,60-Day Downside Volatility,Risk,standardized,300,0.3787855421
2022-01-31,2022-02-28,1,downside_volatility_60_zscore,downside_volatility_60,60-Day Downside Volatility,Risk,standardized,298,-0.2359827223
2022-02-28,2022-03-31,1,downside_volatility_60_zscore,downside_volatility_60,60-Day Downside Volatility,Risk,standardized,299,0.2408354470
2022-03-31,2022-04-30,1,downside_volatility_60_zscore,downside_volatility_60,60-Day Downside Volatility,Risk,standardized,300,0.1676143068
2022-04-30,2022-05-31,1,downside_volatility_60_zscore,downside_volatility_60,60-Day Downside Volatility,Risk,standardized,300,-0.3062340693
2022-05-31,2022-06-30,1,downside_volatility_60_zscore,downside_volatility_60,60-Day Downside Volatility,Risk,standardized,299,-0.2959924913
2022-06-30,2022-07-31,1,downside_volatility_60_zscore,downside_volatility_60,60-Day Downside Volatility,Risk,standardized,298,0.0781088703
2022-07-31,2022-08-31,1,downside_volatility_60_zscore,downside_volatility_60,60-Day Downside Volatility,Risk,standardized,300,0.2528483931
2022-08-31,2022-09-30,1,downside_volatility_60_zscore,downside_volatility_60,60-Day Downside Volatility,Risk,standardized,300,0.3434800768
2022-09-30,2022-10-31,1,downside_volatility_60_zscore,downside_volatility_60,60-Day Downside Volatility,Risk,standardized,300,-0.0738932983
2022-10-31,2022-11-30,1,downside_volatility_60_zscore,downside_volatility_60,60-Day Downside Volatility,Risk,standardized,300,0.0587162080
2022-11-30,2022-12-31,1,downside_volatility_60_zscore,downside_volatility_60,60-Day Downside Volatility,Risk,standardized,300,0.0212993478
2022-12-31,2023-01-31,1,downside_volatility_60_zscore,downside_volatility_60,60-Day Downside Volatility,Risk,standardized,300,-0.1737624524
2023-01-31,2023-02-28,1,downside_volatility_60_zscore,downside_volatility_60,60-Day Downside Volatility,Risk,standardized,300,0.3354806165
2023-02-28,2023-03-31,1,downside_volatility_60_zscore,downside_volatility_60,60-Day Downside Volatility,Risk,standardized,300,0.1377713239
2023-03-31,2023-04-30,1,downside_volatility_60_zscore,downside_volatility_60,60-Day Downside Volatility,Risk,standardized,300,0.3872429694
2023-04-30,2023-05-31,1,downside_volatility_60_zscore,downside_volatility_60,60-Day Downside Volatility,Risk,standardized,300,0.1131997148
2023-05-31,2023-06-30,1,downside_volatility_60_zscore,downside_volatility_60,60-Day Downside Volatility,Risk,standardized,300,-0.0915321383
2023-06-30,2023-07-31,1,downside_volatility_60_zscore,downside_volatility_60,60-Day Downside Volatility,Risk,standardized,300,0.1914136824
2023-07-31,2023-08-31,1,downside_volatility_60_zscore,downside_volatility_60,60-Day Downside Volatility,Risk,standardized,300,0.1074838609
2023-08-31,2023-09-30,1,downside_volatility_60_zscore,downside_volatility_60,60-Day Downside Volatility,Risk,standardized,300,0.3497807474
2023-09-30,2023-10-31,1,downside_volatility_60_zscore,downside_volatility_60,60-Day Downside Volatility,Risk,standardized,300,0.1216742408
2023-10-31,2023-11-30,1,downside_volatility_60_zscore,downside_volatility_60,60-Day Downside Volatility,Risk,standardized,300,0.1294974532
2023-11-30,2023-12-31,1,downside_volatility_60_zscore,downside_volatility_60,60-Day Downside Volatility,Risk,standardized,300,0.0163148570
2023-12-31,2024-01-31,1,downside_volatility_60_zscore,downside_volatility_60,60-Day Downside Volatility,Risk,standardized,300,0.5525803620
2024-01-31,2024-02-29,1,downside_volatility_60_zscore,downside_volatility_60,60-Day Downside Volatility,Risk,standardized,300,-0.6772898229
2024-02-29,2024-03-31,1,downside_volatility_60_zscore,downside_volatility_60,60-Day Downside Volatility,Risk,standardized,300,0.2452267247
2024-03-31,2024-04-30,1,downside_volatility_60_zscore,downside_volatility_60,60-Day Downside Volatility,Risk,standardized,300,0.2925667466
2024-04-30,2024-05-31,1,downside_volatility_60_zscore,downside_volatility_60,60-Day Downside Volatility,Risk,standardized,300,0.1335930399
2024-05-31,2024-06-30,1,downside_volatility_60_zscore,downside_volatility_60,60-Day Downside Volatility,Risk,standardized,300,0.3212320137
2024-06-30,2024-07-31,1,downside_volatility_60_zscore,downside_volatility_60,60-Day Downside Volatility,Risk,standardized,300,0.1204097823
2024-07-31,2024-08-31,1,downside_volatility_60_zscore,downside_volatility_60,60-Day Downside Volatility,Risk,standardized,300,0.2577277525
2024-08-31,2024-09-30,1,downside_volatility_60_zscore,downside_volatility_60,60-Day Downside Volatility,Risk,standardized,298,-0.2467867379
2024-09-30,2024-10-31,1,downside_volatility_60_zscore,downside_volatility_60,60-Day Downside Volatility,Risk,standardized,298,-0.0741406905
2024-10-31,2024-11-30,1,downside_volatility_60_zscore,downside_volatility_60,60-Day Downside Volatility,Risk,standardized,300,0.0577471502
2024-11-30,2024-12-31,1,downside_volatility_60_zscore,downside_volatility_60,60-Day Downside Volatility,Risk,standardized,300,0.4983557595
2024-12-31,2025-01-31,1,downside_volatility_60_zscore,downside_volatility_60,60-Day Downside Volatility,Risk,standardized,300,0.1287725419
2025-01-31,2025-02-28,1,downside_volatility_60_zscore,downside_volatility_60,60-Day Downside Volatility,Risk,standardized,299,-0.3241784968
2025-02-28,2025-03-31,1,downside_volatility_60_zscore,downside_volatility_60,60-Day Downside Volatility,Risk,standardized,299,0.4314531353
2025-03-31,2025-04-30,1,downside_volatility_60_zscore,downside_volatility_60,60-Day Downside Volatility,Risk,standardized,300,0.3164539142
2025-04-30,2025-05-31,1,downside_volatility_60_zscore,downside_volatility_60,60-Day Downside Volatility,Risk,standardized,300,0.1862750000
2025-05-31,2025-06-30,1,downside_volatility_60_zscore,downside_volatility_60,60-Day Downside Volatility,Risk,standardized,300,-0.3900319326
2025-06-30,2025-07-31,1,downside_volatility_60_zscore,downside_volatility_60,60-Day Downside Volatility,Risk,standardized,299,-0.2196839577
2025-07-31,2025-08-31,1,downside_volatility_60_zscore,downside_volatility_60,60-Day Downside Volatility,Risk,standardized,299,-0.3837132542
2025-08-31,2025-09-30,1,downside_volatility_60_zscore,downside_volatility_60,60-Day Downside Volatility,Risk,standardized,299,-0.1879648044
2025-09-30,2025-10-31,1,downside_volatility_60_zscore,downside_volatility_60,60-Day Downside Volatility,Risk,standardized,300,0.2546909598
2025-10-31,2025-11-30,1,downside_volatility_60_zscore,downside_volatility_60,60-Day Downside Volatility,Risk,standardized,300,0.4567561862
2025-11-30,2025-12-31,1,downside_volatility_60_zscore,downside_volatility_60,60-Day Downside Volatility,Risk,standardized,300,-0.3185475394
2025-12-31,2026-01-31,1,downside_volatility_60_zscore,downside_volatility_60,60-Day Downside Volatility,Risk,standardized,299,-0.2133817573
2026-01-31,2026-02-28,1,downside_volatility_60_zscore,downside_volatility_60,60-Day Downside Volatility,Risk,standardized,300,0.0461871799
2026-02-28,2026-03-31,1,downside_volatility_60_zscore,downside_volatility_60,60-Day Downside Volatility,Risk,standardized,300,0.4702799443
2026-03-31,2026-04-30,1,downside_volatility_60_zscore,downside_volatility_60,60-Day Downside Volatility,Risk,standardized,300,-0.3695838263
2026-04-30,2026-05-31,1,downside_volatility_60_zscore,downside_volatility_60,60-Day Downside Volatility,Risk,standardized,300,0.0650727230
2026-05-31,2026-06-30,1,downside_volatility_60_zscore,downside_volatility_60,60-Day Downside Volatility,Risk,standardized,300,-0.1249702774
2026-06-30,2026-07-31,1,downside_volatility_60_zscore,downside_volatility_60,60-Day Downside Volatility,Risk,standardized,300,0.4876938633
2026-07-31,2026-08-31,1,downside_volatility_60_zscore,downside_volatility_60,60-Day Downside Volatility,Risk,standardized,300,-0.4176555759
2026-08-31,2026-09-08,1,downside_volatility_60_zscore,downside_volatility_60,60-Day Downside Volatility,Risk,standardized,300,0.4902168804
2019-07-31,2019-10-31,3,downside_volatility_60_zscore,downside_volatility_60,60-Day Downside Volatility,Risk,standardized,300,-0.1321957058
2019-08-31,2019-11-30,3,downside_volatility_60_zscore,downside_volatility_60,60-Day Downside Volatility,Risk,standardized,300,0.0564846276
2019-09-30,2019-12-31,3,downside_volatility_60_zscore,downside_volatility_60,60-Day Downside Volatility,Risk,standardized,300,-0.0757306192
2019-10-31,2020-01-31,3,downside_volatility_60_zscore,downside_volatility_60,60-Day Downside Volatility,Risk,standardized,300,-0.3212540496
2019-11-30,2020-02-29,3,downside_volatility_60_zscore,downside_volatility_60,60-Day Downside Volatility,Risk,standardized,300,-0.4197953311
2019-12-31,2020-03-31,3,downside_volatility_60_zscore,downside_volatility_60,60-Day Downside Volatility,Risk,standardized,300,-0.2057205994
2020-01-31,2020-04-30,3,downside_volatility_60_zscore,downside_volatility_60,60-Day Downside Volatility,Risk,standardized,299,-0.1130751655
2020-02-29,2020-05-31,3,downside_volatility_60_zscore,downside_volatility_60,60-Day Downside Volatility,Risk,standardized,299,0.2577657067
2020-03-31,2020-06-30,3,downside_volatility_60_zscore,downside_volatility_60,60-Day Downside Volatility,Risk,standardized,300,-0.2593868821
2020-04-30,2020-07-31,3,downside_volatility_60_zscore,downside_volatility_60,60-Day Downside Volatility,Risk,standardized,299,-0.3049453435
2020-05-31,2020-08-31,3,downside_volatility_60_zscore,downside_volatility_60,60-Day Downside Volatility,Risk,standardized,299,-0.2037624296
2020-06-30,2020-09-30,3,downside_volatility_60_zscore,downside_volatility_60,60-Day Downside Volatility,Risk,standardized,299,0.1445139279
2020-07-31,2020-10-31,3,downside_volatility_60_zscore,downside_volatility_60,60-Day Downside Volatility,Risk,standardized,300,0.2974704163
2020-08-31,2020-11-30,3,downside_volatility_60_zscore,downside_volatility_60,60-Day Downside Volatility,Risk,standardized,300,0.2044991611
2020-09-30,2020-12-31,3,downside_volatility_60_zscore,downside_volatility_60,60-Day Downside Volatility,Risk,standardized,300,-0.0511841243
2020-10-31,2021-01-31,3,downside_volatility_60_zscore,downside_volatility_60,60-Day Downside Volatility,Risk,standardized,300,-0.0461766157
2020-11-30,2021-02-28,3,downside_volatility_60_zscore,downside_volatility_60,60-Day Downside Volatility,Risk,standardized,300,-0.1428966989
2020-12-31,2021-03-31,3,downside_volatility_60_zscore,downside_volatility_60,60-Day Downside Volatility,Risk,standardized,300,0.3490812120
2021-01-31,2021-04-30,3,downside_volatility_60_zscore,downside_volatility_60,60-Day Downside Volatility,Risk,standardized,300,0.2363506261
2021-02-28,2021-05-31,3,downside_volatility_60_zscore,downside_volatility_60,60-Day Downside Volatility,Risk,standardized,300,-0.0047487200
2021-03-31,2021-06-30,3,downside_volatility_60_zscore,downside_volatility_60,60-Day Downside Volatility,Risk,standardized,299,-0.3303687908
2021-04-30,2021-07-31,3,downside_volatility_60_zscore,downside_volatility_60,60-Day Downside Volatility,Risk,standardized,300,-0.0760075112
2021-05-31,2021-08-31,3,downside_volatility_60_zscore,downside_volatility_60,60-Day Downside Volatility,Risk,standardized,300,0.0112796809
2021-06-30,2021-09-30,3,downside_volatility_60_zscore,downside_volatility_60,60-Day Downside Volatility,Risk,standardized,298,0.2362066491
2021-07-31,2021-10-31,3,downside_volatility_60_zscore,downside_volatility_60,60-Day Downside Volatility,Risk,standardized,300,0.2302956955
2021-08-31,2021-11-30,3,downside_volatility_60_zscore,downside_volatility_60,60-Day Downside Volatility,Risk,standardized,300,-0.0300785564
2021-09-30,2021-12-31,3,downside_volatility_60_zscore,downside_volatility_60,60-Day Downside Volatility,Risk,standardized,300,0.0488408192
2021-10-31,2022-01-31,3,downside_volatility_60_zscore,downside_volatility_60,60-Day Downside Volatility,Risk,standardized,300,0.3432269247
2021-11-30,2022-02-28,3,downside_volatility_60_zscore,downside_volatility_60,60-Day Downside Volatility,Risk,standardized,300,0.1927037181
2021-12-31,2022-03-31,3,downside_volatility_60_zscore,downside_volatility_60,60-Day Downside Volatility,Risk,standardized,300,0.2813702374
2022-01-31,2022-04-30,3,downside_volatility_60_zscore,downside_volatility_60,60-Day Downside Volatility,Risk,standardized,298,0.1924234375
2022-02-28,2022-05-31,3,downside_volatility_60_zscore,downside_volatility_60,60-Day Downside Volatility,Risk,standardized,299,0.1649363651
2022-03-31,2022-06-30,3,downside_volatility_60_zscore,downside_volatility_60,60-Day Downside Volatility,Risk,standardized,300,-0.1900133068
2022-04-30,2022-07-31,3,downside_volatility_60_zscore,downside_volatility_60,60-Day Downside Volatility,Risk,standardized,300,-0.2107570084
2022-05-31,2022-08-31,3,downside_volatility_60_zscore,downside_volatility_60,60-Day Downside Volatility,Risk,standardized,299,0.0536145092
2022-06-30,2022-09-30,3,downside_volatility_60_zscore,downside_volatility_60,60-Day Downside Volatility,Risk,standardized,298,0.3772657327
2022-07-31,2022-10-31,3,downside_volatility_60_zscore,downside_volatility_60,60-Day Downside Volatility,Risk,standardized,300,0.2610067069
2022-08-31,2022-11-30,3,downside_volatility_60_zscore,downside_volatility_60,60-Day Downside Volatility,Risk,standardized,300,0.3328735134
2022-09-30,2022-12-31,3,downside_volatility_60_zscore,downside_volatility_60,60-Day Downside Volatility,Risk,standardized,300,0.1445864954
2022-10-31,2023-01-31,3,downside_volatility_60_zscore,downside_volatility_60,60-Day Downside Volatility,Risk,standardized,300,-0.0782857587
2022-11-30,2023-02-28,3,downside_volatility_60_zscore,downside_volatility_60,60-Day Downside Volatility,Risk,standardized,300,0.0143846059
2022-12-31,2023-03-31,3,downside_volatility_60_zscore,downside_volatility_60,60-Day Downside Volatility,Risk,standardized,300,0.2231562821
2023-01-31,2023-04-30,3,downside_volatility_60_zscore,downside_volatility_60,60-Day Downside Volatility,Risk,standardized,300,0.4714201793
2023-02-28,2023-05-31,3,downside_volatility_60_zscore,downside_volatility_60,60-Day Downside Volatility,Risk,standardized,300,0.3001988911
2023-03-31,2023-06-30,3,downside_volatility_60_zscore,downside_volatility_60,60-Day Downside Volatility,Risk,standardized,300,0.2925188058
2023-04-30,2023-07-31,3,downside_volatility_60_zscore,downside_volatility_60,60-Day Downside Volatility,Risk,standardized,300,0.2201517795
2023-05-31,2023-08-31,3,downside_volatility_60_zscore,downside_volatility_60,60-Day Downside Volatility,Risk,standardized,300,0.1837051727
2023-06-30,2023-09-30,3,downside_volatility_60_zscore,downside_volatility_60,60-Day Downside Volatility,Risk,standardized,300,0.2899987778
2023-07-31,2023-10-31,3,downside_volatility_60_zscore,downside_volatility_60,60-Day Downside Volatility,Risk,standardized,300,0.2051467239
2023-08-31,2023-11-30,3,downside_volatility_60_zscore,downside_volatility_60,60-Day Downside Volatility,Risk,standardized,300,0.2591908799
2023-09-30,2023-12-31,3,downside_volatility_60_zscore,downside_volatility_60,60-Day Downside Volatility,Risk,standardized,300,0.1055211725
2023-10-31,2024-01-31,3,downside_volatility_60_zscore,downside_volatility_60,60-Day Downside Volatility,Risk,standardized,300,0.4386595407
2023-11-30,2024-02-29,3,downside_volatility_60_zscore,downside_volatility_60,60-Day Downside Volatility,Risk,standardized,300,0.2702205880
2023-12-31,2024-03-31,3,downside_volatility_60_zscore,downside_volatility_60,60-Day Downside Volatility,Risk,standardized,300,0.2928872543
2024-01-31,2024-04-30,3,downside_volatility_60_zscore,downside_volatility_60,60-Day Downside Volatility,Risk,standardized,300,-0.0768964270
2024-02-29,2024-05-31,3,downside_volatility_60_zscore,downside_volatility_60,60-Day Downside Volatility,Risk,standardized,300,0.3395939955
2024-03-31,2024-06-30,3,downside_volatility_60_zscore,downside_volatility_60,60-Day Downside Volatility,Risk,standardized,300,0.3617351706
2024-04-30,2024-07-31,3,downside_volatility_60_zscore,downside_volatility_60,60-Day Downside Volatility,Risk,standardized,300,0.2676865299
2024-05-31,2024-08-31,3,downside_volatility_60_zscore,downside_volatility_60,60-Day Downside Volatility,Risk,standardized,300,0.3431718130
2024-06-30,2024-09-30,3,downside_volatility_60_zscore,downside_volatility_60,60-Day Downside Volatility,Risk,standardized,298,-0.1192726936
2024-07-31,2024-10-31,3,downside_volatility_60_zscore,downside_volatility_60,60-Day Downside Volatility,Risk,standardized,300,-0.2761915132
2024-08-31,2024-11-30,3,downside_volatility_60_zscore,downside_volatility_60,60-Day Downside Volatility,Risk,standardized,300,-0.1908327870
2024-09-30,2024-12-31,3,downside_volatility_60_zscore,downside_volatility_60,60-Day Downside Volatility,Risk,standardized,298,0.1275730074
2024-10-31,2025-01-31,3,downside_volatility_60_zscore,downside_volatility_60,60-Day Downside Volatility,Risk,standardized,300,0.3290783231
2024-11-30,2025-02-28,3,downside_volatility_60_zscore,downside_volatility_60,60-Day Downside Volatility,Risk,standardized,299,0.2420419566
2024-12-31,2025-03-31,3,downside_volatility_60_zscore,downside_volatility_60,60-Day Downside Volatility,Risk,standardized,299,0.0376422527
2025-01-31,2025-04-30,3,downside_volatility_60_zscore,downside_volatility_60,60-Day Downside Volatility,Risk,standardized,299,0.2256820273
2025-02-28,2025-05-31,3,downside_volatility_60_zscore,downside_volatility_60,60-Day Downside Volatility,Risk,standardized,299,0.4995181362
2025-03-31,2025-06-30,3,downside_volatility_60_zscore,downside_volatility_60,60-Day Downside Volatility,Risk,standardized,300,0.1173098131
2025-04-30,2025-07-31,3,downside_volatility_60_zscore,downside_volatility_60,60-Day Downside Volatility,Risk,standardized,300,-0.2441951577
2025-05-31,2025-08-31,3,downside_volatility_60_zscore,downside_volatility_60,60-Day Downside Volatility,Risk,standardized,299,-0.6365257794
2025-06-30,2025-09-30,3,downside_volatility_60_zscore,downside_volatility_60,60-Day Downside Volatility,Risk,standardized,298,-0.5779872302
2025-07-31,2025-10-31,3,downside_volatility_60_zscore,downside_volatility_60,60-Day Downside Volatility,Risk,standardized,299,-0.3399905726
2025-08-31,2025-11-30,3,downside_volatility_60_zscore,downside_volatility_60,60-Day Downside Volatility,Risk,standardized,299,0.0063257839
2025-09-30,2025-12-31,3,downside_volatility_60_zscore,downside_volatility_60,60-Day Downside Volatility,Risk,standardized,300,0.2260936484
2025-10-31,2026-01-31,3,downside_volatility_60_zscore,downside_volatility_60,60-Day Downside Volatility,Risk,standardized,300,-0.1199111101
2025-11-30,2026-02-28,3,downside_volatility_60_zscore,downside_volatility_60,60-Day Downside Volatility,Risk,standardized,300,-0.3412406805
2025-12-31,2026-03-31,3,downside_volatility_60_zscore,downside_volatility_60,60-Day Downside Volatility,Risk,standardized,299,0.1553141344
2026-01-31,2026-04-30,3,downside_volatility_60_zscore,downside_volatility_60,60-Day Downside Volatility,Risk,standardized,300,0.0848893877
2026-02-28,2026-05-31,3,downside_volatility_60_zscore,downside_volatility_60,60-Day Downside Volatility,Risk,standardized,300,0.1188604318
2026-03-31,2026-06-30,3,downside_volatility_60_zscore,downside_volatility_60,60-Day Downside Volatility,Risk,standardized,300,-0.1077745308
2026-04-30,2026-07-31,3,downside_volatility_60_zscore,downside_volatility_60,60-Day Downside Volatility,Risk,standardized,300,0.3703974489
2026-05-31,2026-08-31,3,downside_volatility_60_zscore,downside_volatility_60,60-Day Downside Volatility,Risk,standardized,300,0.2525525839
2026-06-30,2026-09-08,3,downside_volatility_60_zscore,downside_volatility_60,60-Day Downside Volatility,Risk,standardized,300,0.4315465727
2019-07-31,2019-08-31,1,downside_volatility_60_neutral,downside_volatility_60,60-Day Downside Volatility,Risk,neutralized,300,-0.1247487333
2019-08-31,2019-09-30,1,downside_volatility_60_neutral,downside_volatility_60,60-Day Downside Volatility,Risk,neutralized,300,-0.0104767959
2019-09-30,2019-10-31,1,downside_volatility_60_neutral,downside_volatility_60,60-Day Downside Volatility,Risk,neutralized,300,0.0892092729
2019-10-31,2019-11-30,1,downside_volatility_60_neutral,downside_volatility_60,60-Day Downside Volatility,Risk,neutralized,300,0.0869236421
2019-11-30,2019-12-31,1,downside_volatility_60_neutral,downside_volatility_60,60-Day Downside Volatility,Risk,neutralized,300,-0.0126025859
2019-12-31,2020-01-31,1,downside_volatility_60_neutral,downside_volatility_60,60-Day Downside Volatility,Risk,neutralized,300,-0.0478003142
2020-01-31,2020-02-29,1,downside_volatility_60_neutral,downside_volatility_60,60-Day Downside Volatility,Risk,neutralized,300,-0.0361992991
2020-02-29,2020-03-31,1,downside_volatility_60_neutral,downside_volatility_60,60-Day Downside Volatility,Risk,neutralized,300,0.1866167402
2020-03-31,2020-04-30,1,downside_volatility_60_neutral,downside_volatility_60,60-Day Downside Volatility,Risk,neutralized,299,-0.2488250434
2020-04-30,2020-05-31,1,downside_volatility_60_neutral,downside_volatility_60,60-Day Downside Volatility,Risk,neutralized,299,-0.0117671895
2020-05-31,2020-06-30,1,downside_volatility_60_neutral,downside_volatility_60,60-Day Downside Volatility,Risk,neutralized,299,-0.1220747694
2020-06-30,2020-07-31,1,downside_volatility_60_neutral,downside_volatility_60,60-Day Downside Volatility,Risk,neutralized,299,-0.0369473188
2020-07-31,2020-08-31,1,downside_volatility_60_neutral,downside_volatility_60,60-Day Downside Volatility,Risk,neutralized,300,0.1094012642
2020-08-31,2020-09-30,1,downside_volatility_60_neutral,downside_volatility_60,60-Day Downside Volatility,Risk,neutralized,300,0.0361072941
2020-09-30,2020-10-31,1,downside_volatility_60_neutral,downside_volatility_60,60-Day Downside Volatility,Risk,neutralized,300,0.0671053392
2020-10-31,2020-11-30,1,downside_volatility_60_neutral,downside_volatility_60,60-Day Downside Volatility,Risk,neutralized,300,0.0309707920
2020-11-30,2020-12-31,1,downside_volatility_60_neutral,downside_volatility_60,60-Day Downside Volatility,Risk,neutralized,300,-0.0426671502
2020-12-31,2021-01-31,1,downside_volatility_60_neutral,downside_volatility_60,60-Day Downside Volatility,Risk,neutralized,300,-0.0039649334
2021-01-31,2021-02-28,1,downside_volatility_60_neutral,downside_volatility_60,60-Day Downside Volatility,Risk,neutralized,300,0.1437904241
2021-02-28,2021-03-31,1,downside_volatility_60_neutral,downside_volatility_60,60-Day Downside Volatility,Risk,neutralized,300,0.1674889721
2021-03-31,2021-04-30,1,downside_volatility_60_neutral,downside_volatility_60,60-Day Downside Volatility,Risk,neutralized,300,-0.1885266230
2021-04-30,2021-05-31,1,downside_volatility_60_neutral,downside_volatility_60,60-Day Downside Volatility,Risk,neutralized,300,-0.1607128532
2021-05-31,2021-06-30,1,downside_volatility_60_neutral,downside_volatility_60,60-Day Downside Volatility,Risk,neutralized,299,-0.0295497362
2021-06-30,2021-07-31,1,downside_volatility_60_neutral,downside_volatility_60,60-Day Downside Volatility,Risk,neutralized,299,0.0580317005
2021-07-31,2021-08-31,1,downside_volatility_60_neutral,downside_volatility_60,60-Day Downside Volatility,Risk,neutralized,300,0.0817366950
2021-08-31,2021-09-30,1,downside_volatility_60_neutral,downside_volatility_60,60-Day Downside Volatility,Risk,neutralized,300,0.0666140809
2021-09-30,2021-10-31,1,downside_volatility_60_neutral,downside_volatility_60,60-Day Downside Volatility,Risk,neutralized,300,-0.1573294085
2021-10-31,2021-11-30,1,downside_volatility_60_neutral,downside_volatility_60,60-Day Downside Volatility,Risk,neutralized,300,0.0558913125
2021-11-30,2021-12-31,1,downside_volatility_60_neutral,downside_volatility_60,60-Day Downside Volatility,Risk,neutralized,300,0.1483547925
2021-12-31,2022-01-31,1,downside_volatility_60_neutral,downside_volatility_60,60-Day Downside Volatility,Risk,neutralized,300,0.1812535695
2022-01-31,2022-02-28,1,downside_volatility_60_neutral,downside_volatility_60,60-Day Downside Volatility,Risk,neutralized,298,-0.2225285844
2022-02-28,2022-03-31,1,downside_volatility_60_neutral,downside_volatility_60,60-Day Downside Volatility,Risk,neutralized,299,0.0845238042
2022-03-31,2022-04-30,1,downside_volatility_60_neutral,downside_volatility_60,60-Day Downside Volatility,Risk,neutralized,300,0.1120910232
2022-04-30,2022-05-31,1,downside_volatility_60_neutral,downside_volatility_60,60-Day Downside Volatility,Risk,neutralized,300,-0.1398513317
2022-05-31,2022-06-30,1,downside_volatility_60_neutral,downside_volatility_60,60-Day Downside Volatility,Risk,neutralized,299,-0.2180761864
2022-06-30,2022-07-31,1,downside_volatility_60_neutral,downside_volatility_60,60-Day Downside Volatility,Risk,neutralized,298,0.0312589204
2022-07-31,2022-08-31,1,downside_volatility_60_neutral,downside_volatility_60,60-Day Downside Volatility,Risk,neutralized,300,0.1345090650
2022-08-31,2022-09-30,1,downside_volatility_60_neutral,downside_volatility_60,60-Day Downside Volatility,Risk,neutralized,300,0.1589888953
2022-09-30,2022-10-31,1,downside_volatility_60_neutral,downside_volatility_60,60-Day Downside Volatility,Risk,neutralized,300,0.0487343409
2022-10-31,2022-11-30,1,downside_volatility_60_neutral,downside_volatility_60,60-Day Downside Volatility,Risk,neutralized,300,-0.0257713975
2022-11-30,2022-12-31,1,downside_volatility_60_neutral,downside_volatility_60,60-Day Downside Volatility,Risk,neutralized,300,0.0426471405
2022-12-31,2023-01-31,1,downside_volatility_60_neutral,downside_volatility_60,60-Day Downside Volatility,Risk,neutralized,300,-0.0844005309
2023-01-31,2023-02-28,1,downside_volatility_60_neutral,downside_volatility_60,60-Day Downside Volatility,Risk,neutralized,300,0.3349979444
2023-02-28,2023-03-31,1,downside_volatility_60_neutral,downside_volatility_60,60-Day Downside Volatility,Risk,neutralized,300,0.1631493865
2023-03-31,2023-04-30,1,downside_volatility_60_neutral,downside_volatility_60,60-Day Downside Volatility,Risk,neutralized,300,0.0880983122
2023-04-30,2023-05-31,1,downside_volatility_60_neutral,downside_volatility_60,60-Day Downside Volatility,Risk,neutralized,300,0.0614351339
2023-05-31,2023-06-30,1,downside_volatility_60_neutral,downside_volatility_60,60-Day Downside Volatility,Risk,neutralized,300,0.0147932771
2023-06-30,2023-07-31,1,downside_volatility_60_neutral,downside_volatility_60,60-Day Downside Volatility,Risk,neutralized,300,0.0490823231
2023-07-31,2023-08-31,1,downside_volatility_60_neutral,downside_volatility_60,60-Day Downside Volatility,Risk,neutralized,300,0.0864916277
2023-08-31,2023-09-30,1,downside_volatility_60_neutral,downside_volatility_60,60-Day Downside Volatility,Risk,neutralized,300,0.0959297858
2023-09-30,2023-10-31,1,downside_volatility_60_neutral,downside_volatility_60,60-Day Downside Volatility,Risk,neutralized,300,0.0893405482
2023-10-31,2023-11-30,1,downside_volatility_60_neutral,downside_volatility_60,60-Day Downside Volatility,Risk,neutralized,300,0.0307550118
2023-11-30,2023-12-31,1,downside_volatility_60_neutral,downside_volatility_60,60-Day Downside Volatility,Risk,neutralized,300,-0.0082394295
2023-12-31,2024-01-31,1,downside_volatility_60_neutral,downside_volatility_60,60-Day Downside Volatility,Risk,neutralized,300,0.1205149080
2024-01-31,2024-02-29,1,downside_volatility_60_neutral,downside_volatility_60,60-Day Downside Volatility,Risk,neutralized,300,-0.2194591295
2024-02-29,2024-03-31,1,downside_volatility_60_neutral,downside_volatility_60,60-Day Downside Volatility,Risk,neutralized,300,0.1217764642
2024-03-31,2024-04-30,1,downside_volatility_60_neutral,downside_volatility_60,60-Day Downside Volatility,Risk,neutralized,300,0.1472057338
2024-04-30,2024-05-31,1,downside_volatility_60_neutral,downside_volatility_60,60-Day Downside Volatility,Risk,neutralized,300,0.0823320259
2024-05-31,2024-06-30,1,downside_volatility_60_neutral,downside_volatility_60,60-Day Downside Volatility,Risk,neutralized,300,0.2142379360
2024-06-30,2024-07-31,1,downside_volatility_60_neutral,downside_volatility_60,60-Day Downside Volatility,Risk,neutralized,300,0.0819062434
2024-07-31,2024-08-31,1,downside_volatility_60_neutral,downside_volatility_60,60-Day Downside Volatility,Risk,neutralized,300,0.0902667807
2024-08-31,2024-09-30,1,downside_volatility_60_neutral,downside_volatility_60,60-Day Downside Volatility,Risk,neutralized,298,-0.1244872237
2024-09-30,2024-10-31,1,downside_volatility_60_neutral,downside_volatility_60,60-Day Downside Volatility,Risk,neutralized,298,0.0562136624
2024-10-31,2024-11-30,1,downside_volatility_60_neutral,downside_volatility_60,60-Day Downside Volatility,Risk,neutralized,300,0.0717110987
2024-11-30,2024-12-31,1,downside_volatility_60_neutral,downside_volatility_60,60-Day Downside Volatility,Risk,neutralized,300,0.3318227980
2024-12-31,2025-01-31,1,downside_volatility_60_neutral,downside_volatility_60,60-Day Downside Volatility,Risk,neutralized,300,0.1765806287
2025-01-31,2025-02-28,1,downside_volatility_60_neutral,downside_volatility_60,60-Day Downside Volatility,Risk,neutralized,299,-0.0802903193
2025-02-28,2025-03-31,1,downside_volatility_60_neutral,downside_volatility_60,60-Day Downside Volatility,Risk,neutralized,299,0.2186137236
2025-03-31,2025-04-30,1,downside_volatility_60_neutral,downside_volatility_60,60-Day Downside Volatility,Risk,neutralized,300,0.0087949876
2025-04-30,2025-05-31,1,downside_volatility_60_neutral,downside_volatility_60,60-Day Downside Volatility,Risk,neutralized,300,-0.1282447868
2025-05-31,2025-06-30,1,downside_volatility_60_neutral,downside_volatility_60,60-Day Downside Volatility,Risk,neutralized,300,-0.1644282897
2025-06-30,2025-07-31,1,downside_volatility_60_neutral,downside_volatility_60,60-Day Downside Volatility,Risk,neutralized,299,-0.1311557541
2025-07-31,2025-08-31,1,downside_volatility_60_neutral,downside_volatility_60,60-Day Downside Volatility,Risk,neutralized,299,-0.1516580455
2025-08-31,2025-09-30,1,downside_volatility_60_neutral,downside_volatility_60,60-Day Downside Volatility,Risk,neutralized,299,0.0437494108
2025-09-30,2025-10-31,1,downside_volatility_60_neutral,downside_volatility_60,60-Day Downside Volatility,Risk,neutralized,300,0.0136355379
2025-10-31,2025-11-30,1,downside_volatility_60_neutral,downside_volatility_60,60-Day Downside Volatility,Risk,neutralized,300,0.2040000444
2025-11-30,2025-12-31,1,downside_volatility_60_neutral,downside_volatility_60,60-Day Downside Volatility,Risk,neutralized,300,-0.0020089112
2025-12-31,2026-01-31,1,downside_volatility_60_neutral,downside_volatility_60,60-Day Downside Volatility,Risk,neutralized,299,0.0805886294
2026-01-31,2026-02-28,1,downside_volatility_60_neutral,downside_volatility_60,60-Day Downside Volatility,Risk,neutralized,300,0.0091623250
2026-02-28,2026-03-31,1,downside_volatility_60_neutral,downside_volatility_60,60-Day Downside Volatility,Risk,neutralized,300,0.1431329396
2026-03-31,2026-04-30,1,downside_volatility_60_neutral,downside_volatility_60,60-Day Downside Volatility,Risk,neutralized,300,-0.1464576924
2026-04-30,2026-05-31,1,downside_volatility_60_neutral,downside_volatility_60,60-Day Downside Volatility,Risk,neutralized,300,-0.0860582895
2026-05-31,2026-06-30,1,downside_volatility_60_neutral,downside_volatility_60,60-Day Downside Volatility,Risk,neutralized,300,-0.1018606873
2026-06-30,2026-07-31,1,downside_volatility_60_neutral,downside_volatility_60,60-Day Downside Volatility,Risk,neutralized,300,0.2995802176
2026-07-31,2026-08-31,1,downside_volatility_60_neutral,downside_volatility_60,60-Day Downside Volatility,Risk,neutralized,300,-0.2740361864
2026-08-31,2026-09-08,1,downside_volatility_60_neutral,downside_volatility_60,60-Day Downside Volatility,Risk,neutralized,300,0.1794033038
2019-07-31,2019-10-31,3,downside_volatility_60_neutral,downside_volatility_60,60-Day Downside Volatility,Risk,neutralized,300,-0.0812915699
2019-08-31,2019-11-30,3,downside_volatility_60_neutral,downside_volatility_60,60-Day Downside Volatility,Risk,neutralized,300,0.0870667452
2019-09-30,2019-12-31,3,downside_volatility_60_neutral,downside_volatility_60,60-Day Downside Volatility,Risk,neutralized,300,0.0759408438
2019-10-31,2020-01-31,3,downside_volatility_60_neutral,downside_volatility_60,60-Day Downside Volatility,Risk,neutralized,300,-0.0172361934
2019-11-30,2020-02-29,3,downside_volatility_60_neutral,downside_volatility_60,60-Day Downside Volatility,Risk,neutralized,300,-0.0575264170
2019-12-31,2020-03-31,3,downside_volatility_60_neutral,downside_volatility_60,60-Day Downside Volatility,Risk,neutralized,300,-0.0480005333
2020-01-31,2020-04-30,3,downside_volatility_60_neutral,downside_volatility_60,60-Day Downside Volatility,Risk,neutralized,299,-0.0459089686
2020-02-29,2020-05-31,3,downside_volatility_60_neutral,downside_volatility_60,60-Day Downside Volatility,Risk,neutralized,299,0.0402190748
2020-03-31,2020-06-30,3,downside_volatility_60_neutral,downside_volatility_60,60-Day Downside Volatility,Risk,neutralized,300,-0.1773593040
2020-04-30,2020-07-31,3,downside_volatility_60_neutral,downside_volatility_60,60-Day Downside Volatility,Risk,neutralized,299,-0.1072876150
2020-05-31,2020-08-31,3,downside_volatility_60_neutral,downside_volatility_60,60-Day Downside Volatility,Risk,neutralized,299,-0.0974442773
2020-06-30,2020-09-30,3,downside_volatility_60_neutral,downside_volatility_60,60-Day Downside Volatility,Risk,neutralized,299,0.0266148908
2020-07-31,2020-10-31,3,downside_volatility_60_neutral,downside_volatility_60,60-Day Downside Volatility,Risk,neutralized,300,0.1229746997
2020-08-31,2020-11-30,3,downside_volatility_60_neutral,downside_volatility_60,60-Day Downside Volatility,Risk,neutralized,300,0.0466027452
2020-09-30,2020-12-31,3,downside_volatility_60_neutral,downside_volatility_60,60-Day Downside Volatility,Risk,neutralized,300,-0.0150286114
2020-10-31,2021-01-31,3,downside_volatility_60_neutral,downside_volatility_60,60-Day Downside Volatility,Risk,neutralized,300,-0.0100756899
2020-11-30,2021-02-28,3,downside_volatility_60_neutral,downside_volatility_60,60-Day Downside Volatility,Risk,neutralized,300,-0.0290656563
2020-12-31,2021-03-31,3,downside_volatility_60_neutral,downside_volatility_60,60-Day Downside Volatility,Risk,neutralized,300,0.1765050919
2021-01-31,2021-04-30,3,downside_volatility_60_neutral,downside_volatility_60,60-Day Downside Volatility,Risk,neutralized,300,0.0983099812
2021-02-28,2021-05-31,3,downside_volatility_60_neutral,downside_volatility_60,60-Day Downside Volatility,Risk,neutralized,300,-0.0310334594
2021-03-31,2021-06-30,3,downside_volatility_60_neutral,downside_volatility_60,60-Day Downside Volatility,Risk,neutralized,299,-0.1910071603
2021-04-30,2021-07-31,3,downside_volatility_60_neutral,downside_volatility_60,60-Day Downside Volatility,Risk,neutralized,300,-0.0358879543
2021-05-31,2021-08-31,3,downside_volatility_60_neutral,downside_volatility_60,60-Day Downside Volatility,Risk,neutralized,300,-0.0107285660
2021-06-30,2021-09-30,3,downside_volatility_60_neutral,downside_volatility_60,60-Day Downside Volatility,Risk,neutralized,298,0.1057088478
2021-07-31,2021-10-31,3,downside_volatility_60_neutral,downside_volatility_60,60-Day Downside Volatility,Risk,neutralized,300,0.0324648124
2021-08-31,2021-11-30,3,downside_volatility_60_neutral,downside_volatility_60,60-Day Downside Volatility,Risk,neutralized,300,0.0052436138
2021-09-30,2021-12-31,3,downside_volatility_60_neutral,downside_volatility_60,60-Day Downside Volatility,Risk,neutralized,300,0.0723466781
2021-10-31,2022-01-31,3,downside_volatility_60_neutral,downside_volatility_60,60-Day Downside Volatility,Risk,neutralized,300,0.2506534517
2021-11-30,2022-02-28,3,downside_volatility_60_neutral,downside_volatility_60,60-Day Downside Volatility,Risk,neutralized,300,0.1347661940
2021-12-31,2022-03-31,3,downside_volatility_60_neutral,downside_volatility_60,60-Day Downside Volatility,Risk,neutralized,300,0.0941539350
2022-01-31,2022-04-30,3,downside_volatility_60_neutral,downside_volatility_60,60-Day Downside Volatility,Risk,neutralized,298,0.0233864310
2022-02-28,2022-05-31,3,downside_volatility_60_neutral,downside_volatility_60,60-Day Downside Volatility,Risk,neutralized,299,0.0348301946
2022-03-31,2022-06-30,3,downside_volatility_60_neutral,downside_volatility_60,60-Day Downside Volatility,Risk,neutralized,300,-0.0932833002
2022-04-30,2022-07-31,3,downside_volatility_60_neutral,downside_volatility_60,60-Day Downside Volatility,Risk,neutralized,300,-0.1038895988
2022-05-31,2022-08-31,3,downside_volatility_60_neutral,downside_volatility_60,60-Day Downside Volatility,Risk,neutralized,299,-0.0317923315
2022-06-30,2022-09-30,3,downside_volatility_60_neutral,downside_volatility_60,60-Day Downside Volatility,Risk,neutralized,298,0.1749530501
2022-07-31,2022-10-31,3,downside_volatility_60_neutral,downside_volatility_60,60-Day Downside Volatility,Risk,neutralized,300,0.1834278362
2022-08-31,2022-11-30,3,downside_volatility_60_neutral,downside_volatility_60,60-Day Downside Volatility,Risk,neutralized,300,0.1746424043
2022-09-30,2022-12-31,3,downside_volatility_60_neutral,downside_volatility_60,60-Day Downside Volatility,Risk,neutralized,300,0.1319961333
2022-10-31,2023-01-31,3,downside_volatility_60_neutral,downside_volatility_60,60-Day Downside Volatility,Risk,neutralized,300,-0.0463431816
2022-11-30,2023-02-28,3,downside_volatility_60_neutral,downside_volatility_60,60-Day Downside Volatility,Risk,neutralized,300,0.1769066520
2022-12-31,2023-03-31,3,downside_volatility_60_neutral,downside_volatility_60,60-Day Downside Volatility,Risk,neutralized,300,0.2391324614
2023-01-31,2023-04-30,3,downside_volatility_60_neutral,downside_volatility_60,60-Day Downside Volatility,Risk,neutralized,300,0.3323237294
2023-02-28,2023-05-31,3,downside_volatility_60_neutral,downside_volatility_60,60-Day Downside Volatility,Risk,neutralized,300,0.1833611485
2023-03-31,2023-06-30,3,downside_volatility_60_neutral,downside_volatility_60,60-Day Downside Volatility,Risk,neutralized,300,0.1127848087
2023-04-30,2023-07-31,3,downside_volatility_60_neutral,downside_volatility_60,60-Day Downside Volatility,Risk,neutralized,300,0.1194168824
2023-05-31,2023-08-31,3,downside_volatility_60_neutral,downside_volatility_60,60-Day Downside Volatility,Risk,neutralized,300,0.1311770277
2023-06-30,2023-09-30,3,downside_volatility_60_neutral,downside_volatility_60,60-Day Downside Volatility,Risk,neutralized,300,0.1017380193
2023-07-31,2023-10-31,3,downside_volatility_60_neutral,downside_volatility_60,60-Day Downside Volatility,Risk,neutralized,300,0.1275591951
2023-08-31,2023-11-30,3,downside_volatility_60_neutral,downside_volatility_60,60-Day Downside Volatility,Risk,neutralized,300,0.1188728764
2023-09-30,2023-12-31,3,downside_volatility_60_neutral,downside_volatility_60,60-Day Downside Volatility,Risk,neutralized,300,0.0481716464
2023-10-31,2024-01-31,3,downside_volatility_60_neutral,downside_volatility_60,60-Day Downside Volatility,Risk,neutralized,300,0.1280396449
2023-11-30,2024-02-29,3,downside_volatility_60_neutral,downside_volatility_60,60-Day Downside Volatility,Risk,neutralized,300,0.0424458097
2023-12-31,2024-03-31,3,downside_volatility_60_neutral,downside_volatility_60,60-Day Downside Volatility,Risk,neutralized,300,0.0185550971
2024-01-31,2024-04-30,3,downside_volatility_60_neutral,downside_volatility_60,60-Day Downside Volatility,Risk,neutralized,300,0.0054211726
2024-02-29,2024-05-31,3,downside_volatility_60_neutral,downside_volatility_60,60-Day Downside Volatility,Risk,neutralized,300,0.1241484905
2024-03-31,2024-06-30,3,downside_volatility_60_neutral,downside_volatility_60,60-Day Downside Volatility,Risk,neutralized,300,0.1749746497
2024-04-30,2024-07-31,3,downside_volatility_60_neutral,downside_volatility_60,60-Day Downside Volatility,Risk,neutralized,300,0.1441260458
2024-05-31,2024-08-31,3,downside_volatility_60_neutral,downside_volatility_60,60-Day Downside Volatility,Risk,neutralized,300,0.2097725530
2024-06-30,2024-09-30,3,downside_volatility_60_neutral,downside_volatility_60,60-Day Downside Volatility,Risk,neutralized,298,-0.0433109397
2024-07-31,2024-10-31,3,downside_volatility_60_neutral,downside_volatility_60,60-Day Downside Volatility,Risk,neutralized,300,-0.1048322759
2024-08-31,2024-11-30,3,downside_volatility_60_neutral,downside_volatility_60,60-Day Downside Volatility,Risk,neutralized,300,-0.0381217569
2024-09-30,2024-12-31,3,downside_volatility_60_neutral,downside_volatility_60,60-Day Downside Volatility,Risk,neutralized,298,0.0959937187
2024-10-31,2025-01-31,3,downside_volatility_60_neutral,downside_volatility_60,60-Day Downside Volatility,Risk,neutralized,300,0.2172286359
2024-11-30,2025-02-28,3,downside_volatility_60_neutral,downside_volatility_60,60-Day Downside Volatility,Risk,neutralized,299,0.2773049177
2024-12-31,2025-03-31,3,downside_volatility_60_neutral,downside_volatility_60,60-Day Downside Volatility,Risk,neutralized,299,0.1159664205
2025-01-31,2025-04-30,3,downside_volatility_60_neutral,downside_volatility_60,60-Day Downside Volatility,Risk,neutralized,299,0.0742371664
2025-02-28,2025-05-31,3,downside_volatility_60_neutral,downside_volatility_60,60-Day Downside Volatility,Risk,neutralized,299,0.0690794897
2025-03-31,2025-06-30,3,downside_volatility_60_neutral,downside_volatility_60,60-Day Downside Volatility,Risk,neutralized,300,-0.1668103164
2025-04-30,2025-07-31,3,downside_volatility_60_neutral,downside_volatility_60,60-Day Downside Volatility,Risk,neutralized,300,-0.2762426249
2025-05-31,2025-08-31,3,downside_volatility_60_neutral,downside_volatility_60,60-Day Downside Volatility,Risk,neutralized,299,-0.2503880945
2025-06-30,2025-09-30,3,downside_volatility_60_neutral,downside_volatility_60,60-Day Downside Volatility,Risk,neutralized,298,-0.1848937627
2025-07-31,2025-10-31,3,downside_volatility_60_neutral,downside_volatility_60,60-Day Downside Volatility,Risk,neutralized,299,-0.1232717560
2025-08-31,2025-11-30,3,downside_volatility_60_neutral,downside_volatility_60,60-Day Downside Volatility,Risk,neutralized,299,0.0350528608
2025-09-30,2025-12-31,3,downside_volatility_60_neutral,downside_volatility_60,60-Day Downside Volatility,Risk,neutralized,300,0.0792426583
2025-10-31,2026-01-31,3,downside_volatility_60_neutral,downside_volatility_60,60-Day Downside Volatility,Risk,neutralized,300,0.0799577773
2025-11-30,2026-02-28,3,downside_volatility_60_neutral,downside_volatility_60,60-Day Downside Volatility,Risk,neutralized,300,-0.0199762220
2025-12-31,2026-03-31,3,downside_volatility_60_neutral,downside_volatility_60,60-Day Downside Volatility,Risk,neutralized,299,0.1190006958
2026-01-31,2026-04-30,3,downside_volatility_60_neutral,downside_volatility_60,60-Day Downside Volatility,Risk,neutralized,300,-0.0622706988
2026-02-28,2026-05-31,3,downside_volatility_60_neutral,downside_volatility_60,60-Day Downside Volatility,Risk,neutralized,300,-0.0138605985
2026-03-31,2026-06-30,3,downside_volatility_60_neutral,downside_volatility_60,60-Day Downside Volatility,Risk,neutralized,300,-0.1181177569
2026-04-30,2026-07-31,3,downside_volatility_60_neutral,downside_volatility_60,60-Day Downside Volatility,Risk,neutralized,300,0.1503972266
2026-05-31,2026-08-31,3,downside_volatility_60_neutral,downside_volatility_60,60-Day Downside Volatility,Risk,neutralized,300,0.1762966255
2026-06-30,2026-09-08,3,downside_volatility_60_neutral,downside_volatility_60,60-Day Downside Volatility,Risk,neutralized,300,0.2189308770
2019-07-31,2019-08-31,1,drawdown_60_zscore,drawdown_60,60-Day Drawdown,Risk,standardized,300,0.0585762192
2019-08-31,2019-09-30,1,drawdown_60_zscore,drawdown_60,60-Day Drawdown,Risk,standardized,300,-0.2496056340
2019-09-30,2019-10-31,1,drawdown_60_zscore,drawdown_60,60-Day Drawdown,Risk,standardized,300,0.1747491693
2019-10-31,2019-11-30,1,drawdown_60_zscore,drawdown_60,60-Day Drawdown,Risk,standardized,300,0.0393453662
2019-11-30,2019-12-31,1,drawdown_60_zscore,drawdown_60,60-Day Drawdown,Risk,standardized,300,-0.0434945848
2019-12-31,2020-01-31,1,drawdown_60_zscore,drawdown_60,60-Day Drawdown,Risk,standardized,300,-0.2121513365
2020-01-31,2020-02-29,1,drawdown_60_zscore,drawdown_60,60-Day Drawdown,Risk,standardized,300,0.1061855750
2020-02-29,2020-03-31,1,drawdown_60_zscore,drawdown_60,60-Day Drawdown,Risk,standardized,300,0.2344706573
2020-03-31,2020-04-30,1,drawdown_60_zscore,drawdown_60,60-Day Drawdown,Risk,standardized,299,-0.2462795986
2020-04-30,2020-05-31,1,drawdown_60_zscore,drawdown_60,60-Day Drawdown,Risk,standardized,299,0.1382964289
2020-05-31,2020-06-30,1,drawdown_60_zscore,drawdown_60,60-Day Drawdown,Risk,standardized,299,-0.1027555003
2020-06-30,2020-07-31,1,drawdown_60_zscore,drawdown_60,60-Day Drawdown,Risk,standardized,299,0.0795978022
2020-07-31,2020-08-31,1,drawdown_60_zscore,drawdown_60,60-Day Drawdown,Risk,standardized,300,0.0891441188
2020-08-31,2020-09-30,1,drawdown_60_zscore,drawdown_60,60-Day Drawdown,Risk,standardized,300,0.0467384399
2020-09-30,2020-10-31,1,drawdown_60_zscore,drawdown_60,60-Day Drawdown,Risk,standardized,300,0.1626622411
2020-10-31,2020-11-30,1,drawdown_60_zscore,drawdown_60,60-Day Drawdown,Risk,standardized,300,0.0681069018
2020-11-30,2020-12-31,1,drawdown_60_zscore,drawdown_60,60-Day Drawdown,Risk,standardized,300,-0.0188418125
2020-12-31,2021-01-31,1,drawdown_60_zscore,drawdown_60,60-Day Drawdown,Risk,standardized,300,0.2895139619
2021-01-31,2021-02-28,1,drawdown_60_zscore,drawdown_60,60-Day Drawdown,Risk,standardized,300,-0.1101821480
2021-02-28,2021-03-31,1,drawdown_60_zscore,drawdown_60,60-Day Drawdown,Risk,standardized,300,0.2475748566
2021-03-31,2021-04-30,1,drawdown_60_zscore,drawdown_60,60-Day Drawdown,Risk,standardized,300,-0.2752219611
2021-04-30,2021-05-31,1,drawdown_60_zscore,drawdown_60,60-Day Drawdown,Risk,standardized,300,-0.1076547650
2021-05-31,2021-06-30,1,drawdown_60_zscore,drawdown_60,60-Day Drawdown,Risk,standardized,299,0.0540604380
2021-06-30,2021-07-31,1,drawdown_60_zscore,drawdown_60,60-Day Drawdown,Risk,standardized,299,0.2704418532
2021-07-31,2021-08-31,1,drawdown_60_zscore,drawdown_60,60-Day Drawdown,Risk,standardized,300,0.0811816511
2021-08-31,2021-09-30,1,drawdown_60_zscore,drawdown_60,60-Day Drawdown,Risk,standardized,300,-0.2204020583
2021-09-30,2021-10-31,1,drawdown_60_zscore,drawdown_60,60-Day Drawdown,Risk,standardized,300,-0.1819090117
2021-10-31,2021-11-30,1,drawdown_60_zscore,drawdown_60,60-Day Drawdown,Risk,standardized,300,-0.1723213700
2021-11-30,2021-12-31,1,drawdown_60_zscore,drawdown_60,60-Day Drawdown,Risk,standardized,300,-0.2203836823
2021-12-31,2022-01-31,1,drawdown_60_zscore,drawdown_60,60-Day Drawdown,Risk,standardized,300,0.1415443917
2022-01-31,2022-02-28,1,drawdown_60_zscore,drawdown_60,60-Day Drawdown,Risk,standardized,298,-0.2278522283
2022-02-28,2022-03-31,1,drawdown_60_zscore,drawdown_60,60-Day Drawdown,Risk,standardized,299,0.2069002050
2022-03-31,2022-04-30,1,drawdown_60_zscore,drawdown_60,60-Day Drawdown,Risk,standardized,300,0.1148979197
2022-04-30,2022-05-31,1,drawdown_60_zscore,drawdown_60,60-Day Drawdown,Risk,standardized,300,-0.4266348440
2022-05-31,2022-06-30,1,drawdown_60_zscore,drawdown_60,60-Day Drawdown,Risk,standardized,299,-0.2269243461
2022-06-30,2022-07-31,1,drawdown_60_zscore,drawdown_60,60-Day Drawdown,Risk,standardized,298,-0.1661041690
2022-07-31,2022-08-31,1,drawdown_60_zscore,drawdown_60,60-Day Drawdown,Risk,standardized,300,0.0061574161
2022-08-31,2022-09-30,1,drawdown_60_zscore,drawdown_60,60-Day Drawdown,Risk,standardized,300,0.3769526200
2022-09-30,2022-10-31,1,drawdown_60_zscore,drawdown_60,60-Day Drawdown,Risk,standardized,300,-0.1537302209
2022-10-31,2022-11-30,1,drawdown_60_zscore,drawdown_60,60-Day Drawdown,Risk,standardized,300,-0.2577908546
2022-11-30,2022-12-31,1,drawdown_60_zscore,drawdown_60,60-Day Drawdown,Risk,standardized,300,0.0275670648
2022-12-31,2023-01-31,1,drawdown_60_zscore,drawdown_60,60-Day Drawdown,Risk,standardized,300,-0.3119851020
2023-01-31,2023-02-28,1,drawdown_60_zscore,drawdown_60,60-Day Drawdown,Risk,standardized,300,0.1349596751
2023-02-28,2023-03-31,1,drawdown_60_zscore,drawdown_60,60-Day Drawdown,Risk,standardized,300,0.2023513679
2023-03-31,2023-04-30,1,drawdown_60_zscore,drawdown_60,60-Day Drawdown,Risk,standardized,300,0.2416799667
2023-04-30,2023-05-31,1,drawdown_60_zscore,drawdown_60,60-Day Drawdown,Risk,standardized,300,0.1434857357
2023-05-31,2023-06-30,1,drawdown_60_zscore,drawdown_60,60-Day Drawdown,Risk,standardized,300,-0.0912455698
2023-06-30,2023-07-31,1,drawdown_60_zscore,drawdown_60,60-Day Drawdown,Risk,standardized,300,-0.2438995718
2023-07-31,2023-08-31,1,drawdown_60_zscore,drawdown_60,60-Day Drawdown,Risk,standardized,300,0.0819252979
2023-08-31,2023-09-30,1,drawdown_60_zscore,drawdown_60,60-Day Drawdown,Risk,standardized,300,0.2559404436
2023-09-30,2023-10-31,1,drawdown_60_zscore,drawdown_60,60-Day Drawdown,Risk,standardized,300,0.1501201458
2023-10-31,2023-11-30,1,drawdown_60_zscore,drawdown_60,60-Day Drawdown,Risk,standardized,300,0.1701856966
2023-11-30,2023-12-31,1,drawdown_60_zscore,drawdown_60,60-Day Drawdown,Risk,standardized,300,0.0240379370
2023-12-31,2024-01-31,1,drawdown_60_zscore,drawdown_60,60-Day Drawdown,Risk,standardized,300,0.2222444208
2024-01-31,2024-02-29,1,drawdown_60_zscore,drawdown_60,60-Day Drawdown,Risk,standardized,300,-0.6720575311
2024-02-29,2024-03-31,1,drawdown_60_zscore,drawdown_60,60-Day Drawdown,Risk,standardized,300,0.2793945191
2024-03-31,2024-04-30,1,drawdown_60_zscore,drawdown_60,60-Day Drawdown,Risk,standardized,300,0.2613584410
2024-04-30,2024-05-31,1,drawdown_60_zscore,drawdown_60,60-Day Drawdown,Risk,standardized,300,0.0397210380
2024-05-31,2024-06-30,1,drawdown_60_zscore,drawdown_60,60-Day Drawdown,Risk,standardized,300,0.5203482351
2024-06-30,2024-07-31,1,drawdown_60_zscore,drawdown_60,60-Day Drawdown,Risk,standardized,300,-0.0117958126
2024-07-31,2024-08-31,1,drawdown_60_zscore,drawdown_60,60-Day Drawdown,Risk,standardized,300,0.1276839818
2024-08-31,2024-09-30,1,drawdown_60_zscore,drawdown_60,60-Day Drawdown,Risk,standardized,298,-0.2642249519
2024-09-30,2024-10-31,1,drawdown_60_zscore,drawdown_60,60-Day Drawdown,Risk,standardized,298,0.1295823230
2024-10-31,2024-11-30,1,drawdown_60_zscore,drawdown_60,60-Day Drawdown,Risk,standardized,300,-0.0718411610
2024-11-30,2024-12-31,1,drawdown_60_zscore,drawdown_60,60-Day Drawdown,Risk,standardized,300,0.1183326889
2024-12-31,2025-01-31,1,drawdown_60_zscore,drawdown_60,60-Day Drawdown,Risk,standardized,300,0.0940762338
2025-01-31,2025-02-28,1,drawdown_60_zscore,drawdown_60,60-Day Drawdown,Risk,standardized,299,-0.3811807626
2025-02-28,2025-03-31,1,drawdown_60_zscore,drawdown_60,60-Day Drawdown,Risk,standardized,299,0.1423669662
2025-03-31,2025-04-30,1,drawdown_60_zscore,drawdown_60,60-Day Drawdown,Risk,standardized,300,0.2016672565
2025-04-30,2025-05-31,1,drawdown_60_zscore,drawdown_60,60-Day Drawdown,Risk,standardized,300,0.2787904593
2025-05-31,2025-06-30,1,drawdown_60_zscore,drawdown_60,60-Day Drawdown,Risk,standardized,300,-0.2333910853
2025-06-30,2025-07-31,1,drawdown_60_zscore,drawdown_60,60-Day Drawdown,Risk,standardized,299,0.0768061650
2025-07-31,2025-08-31,1,drawdown_60_zscore,drawdown_60,60-Day Drawdown,Risk,standardized,299,0.0472306054
2025-08-31,2025-09-30,1,drawdown_60_zscore,drawdown_60,60-Day Drawdown,Risk,standardized,299,0.2812768021
2025-09-30,2025-10-31,1,drawdown_60_zscore,drawdown_60,60-Day Drawdown,Risk,standardized,300,-0.2699043367
2025-10-31,2025-11-30,1,drawdown_60_zscore,drawdown_60,60-Day Drawdown,Risk,standardized,300,0.3145990485
2025-11-30,2025-12-31,1,drawdown_60_zscore,drawdown_60,60-Day Drawdown,Risk,standardized,300,-0.1020813611
2025-12-31,2026-01-31,1,drawdown_60_zscore,drawdown_60,60-Day Drawdown,Risk,standardized,299,-0.0217450944
2026-01-31,2026-02-28,1,drawdown_60_zscore,drawdown_60,60-Day Drawdown,Risk,standardized,300,0.1185731929
2026-02-28,2026-03-31,1,drawdown_60_zscore,drawdown_60,60-Day Drawdown,Risk,standardized,300,0.1836822439
2026-03-31,2026-04-30,1,drawdown_60_zscore,drawdown_60,60-Day Drawdown,Risk,standardized,300,-0.2415761755
2026-04-30,2026-05-31,1,drawdown_60_zscore,drawdown_60,60-Day Drawdown,Risk,standardized,300,0.1664253835
2026-05-31,2026-06-30,1,drawdown_60_zscore,drawdown_60,60-Day Drawdown,Risk,standardized,300,0.2155849986
2026-06-30,2026-07-31,1,drawdown_60_zscore,drawdown_60,60-Day Drawdown,Risk,standardized,300,-0.4494803205
2026-07-31,2026-08-31,1,drawdown_60_zscore,drawdown_60,60-Day Drawdown,Risk,standardized,300,-0.3515545597
2026-08-31,2026-09-08,1,drawdown_60_zscore,drawdown_60,60-Day Drawdown,Risk,standardized,300,0.3436361786
2019-07-31,2019-10-31,3,drawdown_60_zscore,drawdown_60,60-Day Drawdown,Risk,standardized,300,0.1217936459
2019-08-31,2019-11-30,3,drawdown_60_zscore,drawdown_60,60-Day Drawdown,Risk,standardized,300,-0.0392531262
2019-09-30,2019-12-31,3,drawdown_60_zscore,drawdown_60,60-Day Drawdown,Risk,standardized,300,0.0858253981
2019-10-31,2020-01-31,3,drawdown_60_zscore,drawdown_60,60-Day Drawdown,Risk,standardized,300,-0.1063786074
2019-11-30,2020-02-29,3,drawdown_60_zscore,drawdown_60,60-Day Drawdown,Risk,standardized,300,-0.0769908043
2019-12-31,2020-03-31,3,drawdown_60_zscore,drawdown_60,60-Day Drawdown,Risk,standardized,300,-0.1975724937
2020-01-31,2020-04-30,3,drawdown_60_zscore,drawdown_60,60-Day Drawdown,Risk,standardized,299,0.1027771823
2020-02-29,2020-05-31,3,drawdown_60_zscore,drawdown_60,60-Day Drawdown,Risk,standardized,299,0.0544861068
2020-03-31,2020-06-30,3,drawdown_60_zscore,drawdown_60,60-Day Drawdown,Risk,standardized,300,-0.1819395981
2020-04-30,2020-07-31,3,drawdown_60_zscore,drawdown_60,60-Day Drawdown,Risk,standardized,299,0.0184279416
2020-05-31,2020-08-31,3,drawdown_60_zscore,drawdown_60,60-Day Drawdown,Risk,standardized,299,0.1007151806
2020-06-30,2020-09-30,3,drawdown_60_zscore,drawdown_60,60-Day Drawdown,Risk,standardized,299,0.1286503707
2020-07-31,2020-10-31,3,drawdown_60_zscore,drawdown_60,60-Day Drawdown,Risk,standardized,300,0.1361870386
2020-08-31,2020-11-30,3,drawdown_60_zscore,drawdown_60,60-Day Drawdown,Risk,standardized,300,0.1501962505
2020-09-30,2020-12-31,3,drawdown_60_zscore,drawdown_60,60-Day Drawdown,Risk,standardized,300,0.2196314269
2020-10-31,2021-01-31,3,drawdown_60_zscore,drawdown_60,60-Day Drawdown,Risk,standardized,300,0.2907734301
2020-11-30,2021-02-28,3,drawdown_60_zscore,drawdown_60,60-Day Drawdown,Risk,standardized,300,0.1158601011
2020-12-31,2021-03-31,3,drawdown_60_zscore,drawdown_60,60-Day Drawdown,Risk,standardized,300,0.0431478432
2021-01-31,2021-04-30,3,drawdown_60_zscore,drawdown_60,60-Day Drawdown,Risk,standardized,300,0.0713175462
2021-02-28,2021-05-31,3,drawdown_60_zscore,drawdown_60,60-Day Drawdown,Risk,standardized,300,-0.1105432640
2021-03-31,2021-06-30,3,drawdown_60_zscore,drawdown_60,60-Day Drawdown,Risk,standardized,299,-0.3780527223
2021-04-30,2021-07-31,3,drawdown_60_zscore,drawdown_60,60-Day Drawdown,Risk,standardized,300,-0.0250454009
2021-05-31,2021-08-31,3,drawdown_60_zscore,drawdown_60,60-Day Drawdown,Risk,standardized,300,0.0447690524
2021-06-30,2021-09-30,3,drawdown_60_zscore,drawdown_60,60-Day Drawdown,Risk,standardized,298,0.0511855393
2021-07-31,2021-10-31,3,drawdown_60_zscore,drawdown_60,60-Day Drawdown,Risk,standardized,300,-0.1188481544
2021-08-31,2021-11-30,3,drawdown_60_zscore,drawdown_60,60-Day Drawdown,Risk,standardized,300,-0.2598755659
2021-09-30,2021-12-31,3,drawdown_60_zscore,drawdown_60,60-Day Drawdown,Risk,standardized,300,-0.0739909203
2021-10-31,2022-01-31,3,drawdown_60_zscore,drawdown_60,60-Day Drawdown,Risk,standardized,300,0.0594336652
2021-11-30,2022-02-28,3,drawdown_60_zscore,drawdown_60,60-Day Drawdown,Risk,standardized,300,-0.2384736711
2021-12-31,2022-03-31,3,drawdown_60_zscore,drawdown_60,60-Day Drawdown,Risk,standardized,300,-0.0060803933
2022-01-31,2022-04-30,3,drawdown_60_zscore,drawdown_60,60-Day Drawdown,Risk,standardized,298,0.2763575196
2022-02-28,2022-05-31,3,drawdown_60_zscore,drawdown_60,60-Day Drawdown,Risk,standardized,299,0.1336901679
2022-03-31,2022-06-30,3,drawdown_60_zscore,drawdown_60,60-Day Drawdown,Risk,standardized,300,-0.3416218359
2022-04-30,2022-07-31,3,drawdown_60_zscore,drawdown_60,60-Day Drawdown,Risk,standardized,300,-0.3519328346
2022-05-31,2022-08-31,3,drawdown_60_zscore,drawdown_60,60-Day Drawdown,Risk,standardized,299,-0.0778145920
2022-06-30,2022-09-30,3,drawdown_60_zscore,drawdown_60,60-Day Drawdown,Risk,standardized,298,0.0311614747
2022-07-31,2022-10-31,3,drawdown_60_zscore,drawdown_60,60-Day Drawdown,Risk,standardized,300,0.1762085912
2022-08-31,2022-11-30,3,drawdown_60_zscore,drawdown_60,60-Day Drawdown,Risk,standardized,300,0.2358976410
2022-09-30,2022-12-31,3,drawdown_60_zscore,drawdown_60,60-Day Drawdown,Risk,standardized,300,0.0294345493
2022-10-31,2023-01-31,3,drawdown_60_zscore,drawdown_60,60-Day Drawdown,Risk,standardized,300,-0.3278191830
2022-11-30,2023-02-28,3,drawdown_60_zscore,drawdown_60,60-Day Drawdown,Risk,standardized,300,-0.0545926897
2022-12-31,2023-03-31,3,drawdown_60_zscore,drawdown_60,60-Day Drawdown,Risk,standardized,300,0.0135551254
2023-01-31,2023-04-30,3,drawdown_60_zscore,drawdown_60,60-Day Drawdown,Risk,standardized,300,0.2041121024
2023-02-28,2023-05-31,3,drawdown_60_zscore,drawdown_60,60-Day Drawdown,Risk,standardized,300,0.2521505924
2023-03-31,2023-06-30,3,drawdown_60_zscore,drawdown_60,60-Day Drawdown,Risk,standardized,300,0.2765332135
2023-04-30,2023-07-31,3,drawdown_60_zscore,drawdown_60,60-Day Drawdown,Risk,standardized,300,0.0674562263
2023-05-31,2023-08-31,3,drawdown_60_zscore,drawdown_60,60-Day Drawdown,Risk,standardized,300,0.0381522483
2023-06-30,2023-09-30,3,drawdown_60_zscore,drawdown_60,60-Day Drawdown,Risk,standardized,300,-0.0267451471
2023-07-31,2023-10-31,3,drawdown_60_zscore,drawdown_60,60-Day Drawdown,Risk,standardized,300,0.2083672546
2023-08-31,2023-11-30,3,drawdown_60_zscore,drawdown_60,60-Day Drawdown,Risk,standardized,300,0.2315835322
2023-09-30,2023-12-31,3,drawdown_60_zscore,drawdown_60,60-Day Drawdown,Risk,standardized,300,0.1554919845
2023-10-31,2024-01-31,3,drawdown_60_zscore,drawdown_60,60-Day Drawdown,Risk,standardized,300,0.2352144814
2023-11-30,2024-02-29,3,drawdown_60_zscore,drawdown_60,60-Day Drawdown,Risk,standardized,300,0.0947250032
2023-12-31,2024-03-31,3,drawdown_60_zscore,drawdown_60,60-Day Drawdown,Risk,standardized,300,0.1873780365
2024-01-31,2024-04-30,3,drawdown_60_zscore,drawdown_60,60-Day Drawdown,Risk,standardized,300,-0.0209780047
2024-02-29,2024-05-31,3,drawdown_60_zscore,drawdown_60,60-Day Drawdown,Risk,standardized,300,0.2760060051
2024-03-31,2024-06-30,3,drawdown_60_zscore,drawdown_60,60-Day Drawdown,Risk,standardized,300,0.3149652110
2024-04-30,2024-07-31,3,drawdown_60_zscore,drawdown_60,60-Day Drawdown,Risk,standardized,300,0.2450022308
2024-05-31,2024-08-31,3,drawdown_60_zscore,drawdown_60,60-Day Drawdown,Risk,standardized,300,0.4690827538
2024-06-30,2024-09-30,3,drawdown_60_zscore,drawdown_60,60-Day Drawdown,Risk,standardized,298,-0.4191337124
2024-07-31,2024-10-31,3,drawdown_60_zscore,drawdown_60,60-Day Drawdown,Risk,standardized,300,-0.1486088202
2024-08-31,2024-11-30,3,drawdown_60_zscore,drawdown_60,60-Day Drawdown,Risk,standardized,300,-0.1406585494
2024-09-30,2024-12-31,3,drawdown_60_zscore,drawdown_60,60-Day Drawdown,Risk,standardized,298,0.0220439241
2024-10-31,2025-01-31,3,drawdown_60_zscore,drawdown_60,60-Day Drawdown,Risk,standardized,300,0.0622986720
2024-11-30,2025-02-28,3,drawdown_60_zscore,drawdown_60,60-Day Drawdown,Risk,standardized,299,0.0696558397
2024-12-31,2025-03-31,3,drawdown_60_zscore,drawdown_60,60-Day Drawdown,Risk,standardized,299,-0.0377423967
2025-01-31,2025-04-30,3,drawdown_60_zscore,drawdown_60,60-Day Drawdown,Risk,standardized,299,0.0007625214
2025-02-28,2025-05-31,3,drawdown_60_zscore,drawdown_60,60-Day Drawdown,Risk,standardized,299,0.1455105711
2025-03-31,2025-06-30,3,drawdown_60_zscore,drawdown_60,60-Day Drawdown,Risk,standardized,300,0.0951279554
2025-04-30,2025-07-31,3,drawdown_60_zscore,drawdown_60,60-Day Drawdown,Risk,standardized,300,-0.2031950657
2025-05-31,2025-08-31,3,drawdown_60_zscore,drawdown_60,60-Day Drawdown,Risk,standardized,299,-0.5340247118
2025-06-30,2025-09-30,3,drawdown_60_zscore,drawdown_60,60-Day Drawdown,Risk,standardized,298,-0.0351923093
2025-07-31,2025-10-31,3,drawdown_60_zscore,drawdown_60,60-Day Drawdown,Risk,standardized,299,-0.0126741847
2025-08-31,2025-11-30,3,drawdown_60_zscore,drawdown_60,60-Day Drawdown,Risk,standardized,299,0.0080885458
2025-09-30,2025-12-31,3,drawdown_60_zscore,drawdown_60,60-Day Drawdown,Risk,standardized,300,-0.1059613832
2025-10-31,2026-01-31,3,drawdown_60_zscore,drawdown_60,60-Day Drawdown,Risk,standardized,300,0.1478298959
2025-11-30,2026-02-28,3,drawdown_60_zscore,drawdown_60,60-Day Drawdown,Risk,standardized,300,-0.1587550056
2025-12-31,2026-03-31,3,drawdown_60_zscore,drawdown_60,60-Day Drawdown,Risk,standardized,299,0.1227969442
2026-01-31,2026-04-30,3,drawdown_60_zscore,drawdown_60,60-Day Drawdown,Risk,standardized,300,0.1465944925
2026-02-28,2026-05-31,3,drawdown_60_zscore,drawdown_60,60-Day Drawdown,Risk,standardized,300,0.1047123070
2026-03-31,2026-06-30,3,drawdown_60_zscore,drawdown_60,60-Day Drawdown,Risk,standardized,300,-0.1278690291
2026-04-30,2026-07-31,3,drawdown_60_zscore,drawdown_60,60-Day Drawdown,Risk,standardized,300,0.2415788106
2026-05-31,2026-08-31,3,drawdown_60_zscore,drawdown_60,60-Day Drawdown,Risk,standardized,300,0.0354088145
2026-06-30,2026-09-08,3,drawdown_60_zscore,drawdown_60,60-Day Drawdown,Risk,standardized,300,-0.3840053028
2019-07-31,2019-08-31,1,drawdown_60_neutral,drawdown_60,60-Day Drawdown,Risk,neutralized,300,0.0518401373
2019-08-31,2019-09-30,1,drawdown_60_neutral,drawdown_60,60-Day Drawdown,Risk,neutralized,300,-0.1566939500
2019-09-30,2019-10-31,1,drawdown_60_neutral,drawdown_60,60-Day Drawdown,Risk,neutralized,300,0.0569791155
2019-10-31,2019-11-30,1,drawdown_60_neutral,drawdown_60,60-Day Drawdown,Risk,neutralized,300,0.1117683654
2019-11-30,2019-12-31,1,drawdown_60_neutral,drawdown_60,60-Day Drawdown,Risk,neutralized,300,0.0416824678
2019-12-31,2020-01-31,1,drawdown_60_neutral,drawdown_60,60-Day Drawdown,Risk,neutralized,300,-0.0727617054
2020-01-31,2020-02-29,1,drawdown_60_neutral,drawdown_60,60-Day Drawdown,Risk,neutralized,300,-0.0136061542
2020-02-29,2020-03-31,1,drawdown_60_neutral,drawdown_60,60-Day Drawdown,Risk,neutralized,300,0.1945008278
2020-03-31,2020-04-30,1,drawdown_60_neutral,drawdown_60,60-Day Drawdown,Risk,neutralized,299,-0.1570842207
2020-04-30,2020-05-31,1,drawdown_60_neutral,drawdown_60,60-Day Drawdown,Risk,neutralized,299,0.0175663846
2020-05-31,2020-06-30,1,drawdown_60_neutral,drawdown_60,60-Day Drawdown,Risk,neutralized,299,0.0104273824
2020-06-30,2020-07-31,1,drawdown_60_neutral,drawdown_60,60-Day Drawdown,Risk,neutralized,299,0.0432138448
2020-07-31,2020-08-31,1,drawdown_60_neutral,drawdown_60,60-Day Drawdown,Risk,neutralized,300,0.0250656230
2020-08-31,2020-09-30,1,drawdown_60_neutral,drawdown_60,60-Day Drawdown,Risk,neutralized,300,0.0464987389
2020-09-30,2020-10-31,1,drawdown_60_neutral,drawdown_60,60-Day Drawdown,Risk,neutralized,300,0.0462939506
2020-10-31,2020-11-30,1,drawdown_60_neutral,drawdown_60,60-Day Drawdown,Risk,neutralized,300,0.0388817697
2020-11-30,2020-12-31,1,drawdown_60_neutral,drawdown_60,60-Day Drawdown,Risk,neutralized,300,0.1078521112
2020-12-31,2021-01-31,1,drawdown_60_neutral,drawdown_60,60-Day Drawdown,Risk,neutralized,300,0.2202242247
2021-01-31,2021-02-28,1,drawdown_60_neutral,drawdown_60,60-Day Drawdown,Risk,neutralized,300,-0.1608824108
2021-02-28,2021-03-31,1,drawdown_60_neutral,drawdown_60,60-Day Drawdown,Risk,neutralized,300,0.0976157513
2021-03-31,2021-04-30,1,drawdown_60_neutral,drawdown_60,60-Day Drawdown,Risk,neutralized,300,-0.1852941412
2021-04-30,2021-05-31,1,drawdown_60_neutral,drawdown_60,60-Day Drawdown,Risk,neutralized,300,-0.1288402414
2021-05-31,2021-06-30,1,drawdown_60_neutral,drawdown_60,60-Day Drawdown,Risk,neutralized,299,0.1138614173
2021-06-30,2021-07-31,1,drawdown_60_neutral,drawdown_60,60-Day Drawdown,Risk,neutralized,299,0.1391320216
2021-07-31,2021-08-31,1,drawdown_60_neutral,drawdown_60,60-Day Drawdown,Risk,neutralized,300,-0.0340968271
2021-08-31,2021-09-30,1,drawdown_60_neutral,drawdown_60,60-Day Drawdown,Risk,neutralized,300,-0.1584397957
2021-09-30,2021-10-31,1,drawdown_60_neutral,drawdown_60,60-Day Drawdown,Risk,neutralized,300,-0.1760251452
2021-10-31,2021-11-30,1,drawdown_60_neutral,drawdown_60,60-Day Drawdown,Risk,neutralized,300,0.0033844836
2021-11-30,2021-12-31,1,drawdown_60_neutral,drawdown_60,60-Day Drawdown,Risk,neutralized,300,-0.1285003452
2021-12-31,2022-01-31,1,drawdown_60_neutral,drawdown_60,60-Day Drawdown,Risk,neutralized,300,0.1148506095
2022-01-31,2022-02-28,1,drawdown_60_neutral,drawdown_60,60-Day Drawdown,Risk,neutralized,298,-0.2173541601
2022-02-28,2022-03-31,1,drawdown_60_neutral,drawdown_60,60-Day Drawdown,Risk,neutralized,299,0.0585616484
2022-03-31,2022-04-30,1,drawdown_60_neutral,drawdown_60,60-Day Drawdown,Risk,neutralized,300,0.0082574251
2022-04-30,2022-05-31,1,drawdown_60_neutral,drawdown_60,60-Day Drawdown,Risk,neutralized,300,-0.2182846719
2022-05-31,2022-06-30,1,drawdown_60_neutral,drawdown_60,60-Day Drawdown,Risk,neutralized,299,-0.1649227654
2022-06-30,2022-07-31,1,drawdown_60_neutral,drawdown_60,60-Day Drawdown,Risk,neutralized,298,-0.0558300112
2022-07-31,2022-08-31,1,drawdown_60_neutral,drawdown_60,60-Day Drawdown,Risk,neutralized,300,-0.0238338230
2022-08-31,2022-09-30,1,drawdown_60_neutral,drawdown_60,60-Day Drawdown,Risk,neutralized,300,0.1353853121
2022-09-30,2022-10-31,1,drawdown_60_neutral,drawdown_60,60-Day Drawdown,Risk,neutralized,300,0.0761644357
2022-10-31,2022-11-30,1,drawdown_60_neutral,drawdown_60,60-Day Drawdown,Risk,neutralized,300,-0.2369332993
2022-11-30,2022-12-31,1,drawdown_60_neutral,drawdown_60,60-Day Drawdown,Risk,neutralized,300,0.0526254736
2022-12-31,2023-01-31,1,drawdown_60_neutral,drawdown_60,60-Day Drawdown,Risk,neutralized,300,-0.1283261638
2023-01-31,2023-02-28,1,drawdown_60_neutral,drawdown_60,60-Day Drawdown,Risk,neutralized,300,0.1821998022
2023-02-28,2023-03-31,1,drawdown_60_neutral,drawdown_60,60-Day Drawdown,Risk,neutralized,300,0.1703276892
2023-03-31,2023-04-30,1,drawdown_60_neutral,drawdown_60,60-Day Drawdown,Risk,neutralized,300,0.1393062300
2023-04-30,2023-05-31,1,drawdown_60_neutral,drawdown_60,60-Day Drawdown,Risk,neutralized,300,0.1510110280
2023-05-31,2023-06-30,1,drawdown_60_neutral,drawdown_60,60-Day Drawdown,Risk,neutralized,300,0.0082407591
2023-06-30,2023-07-31,1,drawdown_60_neutral,drawdown_60,60-Day Drawdown,Risk,neutralized,300,-0.1954786164
2023-07-31,2023-08-31,1,drawdown_60_neutral,drawdown_60,60-Day Drawdown,Risk,neutralized,300,0.0710359004
2023-08-31,2023-09-30,1,drawdown_60_neutral,drawdown_60,60-Day Drawdown,Risk,neutralized,300,0.0849223335
2023-09-30,2023-10-31,1,drawdown_60_neutral,drawdown_60,60-Day Drawdown,Risk,neutralized,300,0.1114210282
2023-10-31,2023-11-30,1,drawdown_60_neutral,drawdown_60,60-Day Drawdown,Risk,neutralized,300,0.0541579411
2023-11-30,2023-12-31,1,drawdown_60_neutral,drawdown_60,60-Day Drawdown,Risk,neutralized,300,0.0277018787
2023-12-31,2024-01-31,1,drawdown_60_neutral,drawdown_60,60-Day Drawdown,Risk,neutralized,300,0.0710692341
2024-01-31,2024-02-29,1,drawdown_60_neutral,drawdown_60,60-Day Drawdown,Risk,neutralized,300,-0.2340968493
2024-02-29,2024-03-31,1,drawdown_60_neutral,drawdown_60,60-Day Drawdown,Risk,neutralized,300,0.1842998460
2024-03-31,2024-04-30,1,drawdown_60_neutral,drawdown_60,60-Day Drawdown,Risk,neutralized,300,0.1562756010
2024-04-30,2024-05-31,1,drawdown_60_neutral,drawdown_60,60-Day Drawdown,Risk,neutralized,300,0.0307061224
2024-05-31,2024-06-30,1,drawdown_60_neutral,drawdown_60,60-Day Drawdown,Risk,neutralized,300,0.3267538891
2024-06-30,2024-07-31,1,drawdown_60_neutral,drawdown_60,60-Day Drawdown,Risk,neutralized,300,-0.0620460227
2024-07-31,2024-08-31,1,drawdown_60_neutral,drawdown_60,60-Day Drawdown,Risk,neutralized,300,0.0727190302
2024-08-31,2024-09-30,1,drawdown_60_neutral,drawdown_60,60-Day Drawdown,Risk,neutralized,298,-0.2741062394
2024-09-30,2024-10-31,1,drawdown_60_neutral,drawdown_60,60-Day Drawdown,Risk,neutralized,298,0.0698994932
2024-10-31,2024-11-30,1,drawdown_60_neutral,drawdown_60,60-Day Drawdown,Risk,neutralized,300,-0.0386356005
2024-11-30,2024-12-31,1,drawdown_60_neutral,drawdown_60,60-Day Drawdown,Risk,neutralized,300,0.0522499139
2024-12-31,2025-01-31,1,drawdown_60_neutral,drawdown_60,60-Day Drawdown,Risk,neutralized,300,0.1487985422
2025-01-31,2025-02-28,1,drawdown_60_neutral,drawdown_60,60-Day Drawdown,Risk,neutralized,299,-0.2442901891
2025-02-28,2025-03-31,1,drawdown_60_neutral,drawdown_60,60-Day Drawdown,Risk,neutralized,299,0.1099097787
2025-03-31,2025-04-30,1,drawdown_60_neutral,drawdown_60,60-Day Drawdown,Risk,neutralized,300,-0.0027622532
2025-04-30,2025-05-31,1,drawdown_60_neutral,drawdown_60,60-Day Drawdown,Risk,neutralized,300,0.0587119987
2025-05-31,2025-06-30,1,drawdown_60_neutral,drawdown_60,60-Day Drawdown,Risk,neutralized,300,-0.1123254828
2025-06-30,2025-07-31,1,drawdown_60_neutral,drawdown_60,60-Day Drawdown,Risk,neutralized,299,0.0340746560
2025-07-31,2025-08-31,1,drawdown_60_neutral,drawdown_60,60-Day Drawdown,Risk,neutralized,299,-0.0116805590
2025-08-31,2025-09-30,1,drawdown_60_neutral,drawdown_60,60-Day Drawdown,Risk,neutralized,299,0.1165298198
2025-09-30,2025-10-31,1,drawdown_60_neutral,drawdown_60,60-Day Drawdown,Risk,neutralized,300,-0.1380345150
2025-10-31,2025-11-30,1,drawdown_60_neutral,drawdown_60,60-Day Drawdown,Risk,neutralized,300,0.1650929455
2025-11-30,2025-12-31,1,drawdown_60_neutral,drawdown_60,60-Day Drawdown,Risk,neutralized,300,0.0626273625
2025-12-31,2026-01-31,1,drawdown_60_neutral,drawdown_60,60-Day Drawdown,Risk,neutralized,299,0.0350562670
2026-01-31,2026-02-28,1,drawdown_60_neutral,drawdown_60,60-Day Drawdown,Risk,neutralized,300,0.0731332570
2026-02-28,2026-03-31,1,drawdown_60_neutral,drawdown_60,60-Day Drawdown,Risk,neutralized,300,0.0472611970
2026-03-31,2026-04-30,1,drawdown_60_neutral,drawdown_60,60-Day Drawdown,Risk,neutralized,300,-0.0670269968
2026-04-30,2026-05-31,1,drawdown_60_neutral,drawdown_60,60-Day Drawdown,Risk,neutralized,300,-0.0030044778
2026-05-31,2026-06-30,1,drawdown_60_neutral,drawdown_60,60-Day Drawdown,Risk,neutralized,300,0.0293816598
2026-06-30,2026-07-31,1,drawdown_60_neutral,drawdown_60,60-Day Drawdown,Risk,neutralized,300,-0.2225020278
2026-07-31,2026-08-31,1,drawdown_60_neutral,drawdown_60,60-Day Drawdown,Risk,neutralized,300,-0.2747101940
2026-08-31,2026-09-08,1,drawdown_60_neutral,drawdown_60,60-Day Drawdown,Risk,neutralized,300,0.1759350392
2019-07-31,2019-10-31,3,drawdown_60_neutral,drawdown_60,60-Day Drawdown,Risk,neutralized,300,0.1078914210
2019-08-31,2019-11-30,3,drawdown_60_neutral,drawdown_60,60-Day Drawdown,Risk,neutralized,300,-0.0457485134
2019-09-30,2019-12-31,3,drawdown_60_neutral,drawdown_60,60-Day Drawdown,Risk,neutralized,300,0.0883112035
2019-10-31,2020-01-31,3,drawdown_60_neutral,drawdown_60,60-Day Drawdown,Risk,neutralized,300,0.0709276849
2019-11-30,2020-02-29,3,drawdown_60_neutral,drawdown_60,60-Day Drawdown,Risk,neutralized,300,0.0210269003
2019-12-31,2020-03-31,3,drawdown_60_neutral,drawdown_60,60-Day Drawdown,Risk,neutralized,300,-0.0774710830
2020-01-31,2020-04-30,3,drawdown_60_neutral,drawdown_60,60-Day Drawdown,Risk,neutralized,299,0.0219772894
2020-02-29,2020-05-31,3,drawdown_60_neutral,drawdown_60,60-Day Drawdown,Risk,neutralized,299,0.0347615093
2020-03-31,2020-06-30,3,drawdown_60_neutral,drawdown_60,60-Day Drawdown,Risk,neutralized,300,-0.1390309399
2020-04-30,2020-07-31,3,drawdown_60_neutral,drawdown_60,60-Day Drawdown,Risk,neutralized,299,0.0834423470
2020-05-31,2020-08-31,3,drawdown_60_neutral,drawdown_60,60-Day Drawdown,Risk,neutralized,299,0.1263673236
2020-06-30,2020-09-30,3,drawdown_60_neutral,drawdown_60,60-Day Drawdown,Risk,neutralized,299,0.1045368230
2020-07-31,2020-10-31,3,drawdown_60_neutral,drawdown_60,60-Day Drawdown,Risk,neutralized,300,0.0461369571
2020-08-31,2020-11-30,3,drawdown_60_neutral,drawdown_60,60-Day Drawdown,Risk,neutralized,300,0.0545637174
2020-09-30,2020-12-31,3,drawdown_60_neutral,drawdown_60,60-Day Drawdown,Risk,neutralized,300,0.1097452194
2020-10-31,2021-01-31,3,drawdown_60_neutral,drawdown_60,60-Day Drawdown,Risk,neutralized,300,0.2008395668
2020-11-30,2021-02-28,3,drawdown_60_neutral,drawdown_60,60-Day Drawdown,Risk,neutralized,300,0.1254471716
2020-12-31,2021-03-31,3,drawdown_60_neutral,drawdown_60,60-Day Drawdown,Risk,neutralized,300,-0.0128228091
2021-01-31,2021-04-30,3,drawdown_60_neutral,drawdown_60,60-Day Drawdown,Risk,neutralized,300,-0.0448258314
2021-02-28,2021-05-31,3,drawdown_60_neutral,drawdown_60,60-Day Drawdown,Risk,neutralized,300,-0.1309523585
2021-03-31,2021-06-30,3,drawdown_60_neutral,drawdown_60,60-Day Drawdown,Risk,neutralized,299,-0.2808762991
2021-04-30,2021-07-31,3,drawdown_60_neutral,drawdown_60,60-Day Drawdown,Risk,neutralized,300,-0.0512299026
2021-05-31,2021-08-31,3,drawdown_60_neutral,drawdown_60,60-Day Drawdown,Risk,neutralized,300,0.0681905355
2021-06-30,2021-09-30,3,drawdown_60_neutral,drawdown_60,60-Day Drawdown,Risk,neutralized,298,-0.0420800270
2021-07-31,2021-10-31,3,drawdown_60_neutral,drawdown_60,60-Day Drawdown,Risk,neutralized,300,-0.0689021142
2021-08-31,2021-11-30,3,drawdown_60_neutral,drawdown_60,60-Day Drawdown,Risk,neutralized,300,-0.0762339666
2021-09-30,2021-12-31,3,drawdown_60_neutral,drawdown_60,60-Day Drawdown,Risk,neutralized,300,-0.0378700184
2021-10-31,2022-01-31,3,drawdown_60_neutral,drawdown_60,60-Day Drawdown,Risk,neutralized,300,0.0305443394
2021-11-30,2022-02-28,3,drawdown_60_neutral,drawdown_60,60-Day Drawdown,Risk,neutralized,300,-0.0988931208
2021-12-31,2022-03-31,3,drawdown_60_neutral,drawdown_60,60-Day Drawdown,Risk,neutralized,300,-0.0259073990
2022-01-31,2022-04-30,3,drawdown_60_neutral,drawdown_60,60-Day Drawdown,Risk,neutralized,298,0.0070261094
2022-02-28,2022-05-31,3,drawdown_60_neutral,drawdown_60,60-Day Drawdown,Risk,neutralized,299,-0.0198119010
2022-03-31,2022-06-30,3,drawdown_60_neutral,drawdown_60,60-Day Drawdown,Risk,neutralized,300,-0.2054699299
2022-04-30,2022-07-31,3,drawdown_60_neutral,drawdown_60,60-Day Drawdown,Risk,neutralized,300,-0.1682994442
2022-05-31,2022-08-31,3,drawdown_60_neutral,drawdown_60,60-Day Drawdown,Risk,neutralized,299,-0.0663680126
2022-06-30,2022-09-30,3,drawdown_60_neutral,drawdown_60,60-Day Drawdown,Risk,neutralized,298,0.0021790938
2022-07-31,2022-10-31,3,drawdown_60_neutral,drawdown_60,60-Day Drawdown,Risk,neutralized,300,0.1102283481
2022-08-31,2022-11-30,3,drawdown_60_neutral,drawdown_60,60-Day Drawdown,Risk,neutralized,300,0.0765070893
2022-09-30,2022-12-31,3,drawdown_60_neutral,drawdown_60,60-Day Drawdown,Risk,neutralized,300,0.0491134346
2022-10-31,2023-01-31,3,drawdown_60_neutral,drawdown_60,60-Day Drawdown,Risk,neutralized,300,-0.2849707219
2022-11-30,2023-02-28,3,drawdown_60_neutral,drawdown_60,60-Day Drawdown,Risk,neutralized,300,0.0880220989
2022-12-31,2023-03-31,3,drawdown_60_neutral,drawdown_60,60-Day Drawdown,Risk,neutralized,300,0.1525406177
2023-01-31,2023-04-30,3,drawdown_60_neutral,drawdown_60,60-Day Drawdown,Risk,neutralized,300,0.1799444638
2023-02-28,2023-05-31,3,drawdown_60_neutral,drawdown_60,60-Day Drawdown,Risk,neutralized,300,0.2076534184
2023-03-31,2023-06-30,3,drawdown_60_neutral,drawdown_60,60-Day Drawdown,Risk,neutralized,300,0.2174617737
2023-04-30,2023-07-31,3,drawdown_60_neutral,drawdown_60,60-Day Drawdown,Risk,neutralized,300,0.0650660563
2023-05-31,2023-08-31,3,drawdown_60_neutral,drawdown_60,60-Day Drawdown,Risk,neutralized,300,0.0533072649
2023-06-30,2023-09-30,3,drawdown_60_neutral,drawdown_60,60-Day Drawdown,Risk,neutralized,300,-0.0583864265
2023-07-31,2023-10-31,3,drawdown_60_neutral,drawdown_60,60-Day Drawdown,Risk,neutralized,300,0.1765184058
2023-08-31,2023-11-30,3,drawdown_60_neutral,drawdown_60,60-Day Drawdown,Risk,neutralized,300,0.1116110303
2023-09-30,2023-12-31,3,drawdown_60_neutral,drawdown_60,60-Day Drawdown,Risk,neutralized,300,0.0866838617
2023-10-31,2024-01-31,3,drawdown_60_neutral,drawdown_60,60-Day Drawdown,Risk,neutralized,300,0.0394439938
2023-11-30,2024-02-29,3,drawdown_60_neutral,drawdown_60,60-Day Drawdown,Risk,neutralized,300,-0.0180359802
2023-12-31,2024-03-31,3,drawdown_60_neutral,drawdown_60,60-Day Drawdown,Risk,neutralized,300,0.0565788509
2024-01-31,2024-04-30,3,drawdown_60_neutral,drawdown_60,60-Day Drawdown,Risk,neutralized,300,0.1001946911
2024-02-29,2024-05-31,3,drawdown_60_neutral,drawdown_60,60-Day Drawdown,Risk,neutralized,300,0.1629709400
2024-03-31,2024-06-30,3,drawdown_60_neutral,drawdown_60,60-Day Drawdown,Risk,neutralized,300,0.1456418566
2024-04-30,2024-07-31,3,drawdown_60_neutral,drawdown_60,60-Day Drawdown,Risk,neutralized,300,0.1696521261
2024-05-31,2024-08-31,3,drawdown_60_neutral,drawdown_60,60-Day Drawdown,Risk,neutralized,300,0.2772922229
2024-06-30,2024-09-30,3,drawdown_60_neutral,drawdown_60,60-Day Drawdown,Risk,neutralized,298,-0.2066402852
2024-07-31,2024-10-31,3,drawdown_60_neutral,drawdown_60,60-Day Drawdown,Risk,neutralized,300,-0.0731359237
2024-08-31,2024-11-30,3,drawdown_60_neutral,drawdown_60,60-Day Drawdown,Risk,neutralized,300,-0.1293565484
2024-09-30,2024-12-31,3,drawdown_60_neutral,drawdown_60,60-Day Drawdown,Risk,neutralized,298,0.0475376195
2024-10-31,2025-01-31,3,drawdown_60_neutral,drawdown_60,60-Day Drawdown,Risk,neutralized,300,0.0036595978
2024-11-30,2025-02-28,3,drawdown_60_neutral,drawdown_60,60-Day Drawdown,Risk,neutralized,299,0.0486626617
2024-12-31,2025-03-31,3,drawdown_60_neutral,drawdown_60,60-Day Drawdown,Risk,neutralized,299,0.0828982514
2025-01-31,2025-04-30,3,drawdown_60_neutral,drawdown_60,60-Day Drawdown,Risk,neutralized,299,-0.0492285246
2025-02-28,2025-05-31,3,drawdown_60_neutral,drawdown_60,60-Day Drawdown,Risk,neutralized,299,0.0099420911
2025-03-31,2025-06-30,3,drawdown_60_neutral,drawdown_60,60-Day Drawdown,Risk,neutralized,300,-0.0824340362
2025-04-30,2025-07-31,3,drawdown_60_neutral,drawdown_60,60-Day Drawdown,Risk,neutralized,300,-0.2328736986
2025-05-31,2025-08-31,3,drawdown_60_neutral,drawdown_60,60-Day Drawdown,Risk,neutralized,299,-0.1779511122
2025-06-30,2025-09-30,3,drawdown_60_neutral,drawdown_60,60-Day Drawdown,Risk,neutralized,298,0.0409969371
2025-07-31,2025-10-31,3,drawdown_60_neutral,drawdown_60,60-Day Drawdown,Risk,neutralized,299,0.0110875177
2025-08-31,2025-11-30,3,drawdown_60_neutral,drawdown_60,60-Day Drawdown,Risk,neutralized,299,0.0256384817
2025-09-30,2025-12-31,3,drawdown_60_neutral,drawdown_60,60-Day Drawdown,Risk,neutralized,300,-0.0434111490
2025-10-31,2026-01-31,3,drawdown_60_neutral,drawdown_60,60-Day Drawdown,Risk,neutralized,300,0.1676583073
2025-11-30,2026-02-28,3,drawdown_60_neutral,drawdown_60,60-Day Drawdown,Risk,neutralized,300,0.0448818320
2025-12-31,2026-03-31,3,drawdown_60_neutral,drawdown_60,60-Day Drawdown,Risk,neutralized,299,0.1294853090
2026-01-31,2026-04-30,3,drawdown_60_neutral,drawdown_60,60-Day Drawdown,Risk,neutralized,300,0.1293067701
2026-02-28,2026-05-31,3,drawdown_60_neutral,drawdown_60,60-Day Drawdown,Risk,neutralized,300,0.0565761842
2026-03-31,2026-06-30,3,drawdown_60_neutral,drawdown_60,60-Day Drawdown,Risk,neutralized,300,-0.0799222214
2026-04-30,2026-07-31,3,drawdown_60_neutral,drawdown_60,60-Day Drawdown,Risk,neutralized,300,0.0713305703
2026-05-31,2026-08-31,3,drawdown_60_neutral,drawdown_60,60-Day Drawdown,Risk,neutralized,300,0.0297429971
2026-06-30,2026-09-08,3,drawdown_60_neutral,drawdown_60,60-Day Drawdown,Risk,neutralized,300,-0.1937737086
2019-07-31,2019-08-31,1,trend_60_zscore,trend_60,60-Day MA Trend,Trend,standardized,300,0.2409144814
2019-08-31,2019-09-30,1,trend_60_zscore,trend_60,60-Day MA Trend,Trend,standardized,300,-0.2280387325
2019-09-30,2019-10-31,1,trend_60_zscore,trend_60,60-Day MA Trend,Trend,standardized,300,0.1880558540
2019-10-31,2019-11-30,1,trend_60_zscore,trend_60,60-Day MA Trend,Trend,standardized,300,0.0479620991
2019-11-30,2019-12-31,1,trend_60_zscore,trend_60,60-Day MA Trend,Trend,standardized,300,-0.0716448040
2019-12-31,2020-01-31,1,trend_60_zscore,trend_60,60-Day MA Trend,Trend,standardized,300,-0.0731028529
2020-01-31,2020-02-29,1,trend_60_zscore,trend_60,60-Day MA Trend,Trend,standardized,300,0.2376282797
2020-02-29,2020-03-31,1,trend_60_zscore,trend_60,60-Day MA Trend,Trend,standardized,300,-0.1194255624
2020-03-31,2020-04-30,1,trend_60_zscore,trend_60,60-Day MA Trend,Trend,standardized,299,-0.1951779304
2020-04-30,2020-05-31,1,trend_60_zscore,trend_60,60-Day MA Trend,Trend,standardized,299,0.0961347669
2020-05-31,2020-06-30,1,trend_60_zscore,trend_60,60-Day MA Trend,Trend,standardized,299,0.0125566275
2020-06-30,2020-07-31,1,trend_60_zscore,trend_60,60-Day MA Trend,Trend,standardized,299,0.0928663618
2020-07-31,2020-08-31,1,trend_60_zscore,trend_60,60-Day MA Trend,Trend,standardized,300,-0.0374826970
2020-08-31,2020-09-30,1,trend_60_zscore,trend_60,60-Day MA Trend,Trend,standardized,300,0.0033644818
2020-09-30,2020-10-31,1,trend_60_zscore,trend_60,60-Day MA Trend,Trend,standardized,300,0.1472940294
2020-10-31,2020-11-30,1,trend_60_zscore,trend_60,60-Day MA Trend,Trend,standardized,300,-0.0035764850
2020-11-30,2020-12-31,1,trend_60_zscore,trend_60,60-Day MA Trend,Trend,standardized,300,0.1546873259
2020-12-31,2021-01-31,1,trend_60_zscore,trend_60,60-Day MA Trend,Trend,standardized,300,0.3060690742
2021-01-31,2021-02-28,1,trend_60_zscore,trend_60,60-Day MA Trend,Trend,standardized,300,-0.2791965235
2021-02-28,2021-03-31,1,trend_60_zscore,trend_60,60-Day MA Trend,Trend,standardized,300,0.0495409949
2021-03-31,2021-04-30,1,trend_60_zscore,trend_60,60-Day MA Trend,Trend,standardized,300,-0.1823518850
2021-04-30,2021-05-31,1,trend_60_zscore,trend_60,60-Day MA Trend,Trend,standardized,300,-0.0355544504
2021-05-31,2021-06-30,1,trend_60_zscore,trend_60,60-Day MA Trend,Trend,standardized,299,0.1061265095
2021-06-30,2021-07-31,1,trend_60_zscore,trend_60,60-Day MA Trend,Trend,standardized,299,0.2207234638
2021-07-31,2021-08-31,1,trend_60_zscore,trend_60,60-Day MA Trend,Trend,standardized,300,0.0584537211
2021-08-31,2021-09-30,1,trend_60_zscore,trend_60,60-Day MA Trend,Trend,standardized,300,-0.2793594814
2021-09-30,2021-10-31,1,trend_60_zscore,trend_60,60-Day MA Trend,Trend,standardized,300,-0.2587119934
2021-10-31,2021-11-30,1,trend_60_zscore,trend_60,60-Day MA Trend,Trend,standardized,300,-0.1813403177
2021-11-30,2021-12-31,1,trend_60_zscore,trend_60,60-Day MA Trend,Trend,standardized,300,-0.2689161588
2021-12-31,2022-01-31,1,trend_60_zscore,trend_60,60-Day MA Trend,Trend,standardized,300,-0.0128325870
2022-01-31,2022-02-28,1,trend_60_zscore,trend_60,60-Day MA Trend,Trend,standardized,298,-0.2089397690
2022-02-28,2022-03-31,1,trend_60_zscore,trend_60,60-Day MA Trend,Trend,standardized,299,0.1310839263
2022-03-31,2022-04-30,1,trend_60_zscore,trend_60,60-Day MA Trend,Trend,standardized,300,0.0483689819
2022-04-30,2022-05-31,1,trend_60_zscore,trend_60,60-Day MA Trend,Trend,standardized,300,-0.3817024634
2022-05-31,2022-06-30,1,trend_60_zscore,trend_60,60-Day MA Trend,Trend,standardized,299,-0.1575046753
2022-06-30,2022-07-31,1,trend_60_zscore,trend_60,60-Day MA Trend,Trend,standardized,298,-0.2287744678
2022-07-31,2022-08-31,1,trend_60_zscore,trend_60,60-Day MA Trend,Trend,standardized,300,-0.2034378424
2022-08-31,2022-09-30,1,trend_60_zscore,trend_60,60-Day MA Trend,Trend,standardized,300,0.3392793630
2022-09-30,2022-10-31,1,trend_60_zscore,trend_60,60-Day MA Trend,Trend,standardized,300,-0.2196465381
2022-10-31,2022-11-30,1,trend_60_zscore,trend_60,60-Day MA Trend,Trend,standardized,300,-0.3717463527
2022-11-30,2022-12-31,1,trend_60_zscore,trend_60,60-Day MA Trend,Trend,standardized,300,0.0083854265
2022-12-31,2023-01-31,1,trend_60_zscore,trend_60,60-Day MA Trend,Trend,standardized,300,-0.3003719154
2023-01-31,2023-02-28,1,trend_60_zscore,trend_60,60-Day MA Trend,Trend,standardized,300,-0.1055842843
2023-02-28,2023-03-31,1,trend_60_zscore,trend_60,60-Day MA Trend,Trend,standardized,300,0.1637796885
2023-03-31,2023-04-30,1,trend_60_zscore,trend_60,60-Day MA Trend,Trend,standardized,300,0.1535071384
2023-04-30,2023-05-31,1,trend_60_zscore,trend_60,60-Day MA Trend,Trend,standardized,300,0.1359148586
2023-05-31,2023-06-30,1,trend_60_zscore,trend_60,60-Day MA Trend,Trend,standardized,300,-0.1209404683
2023-06-30,2023-07-31,1,trend_60_zscore,trend_60,60-Day MA Trend,Trend,standardized,300,-0.3648568648
2023-07-31,2023-08-31,1,trend_60_zscore,trend_60,60-Day MA Trend,Trend,standardized,300,0.0173193035
2023-08-31,2023-09-30,1,trend_60_zscore,trend_60,60-Day MA Trend,Trend,standardized,300,0.1583740699
2023-09-30,2023-10-31,1,trend_60_zscore,trend_60,60-Day MA Trend,Trend,standardized,300,0.1869242992
2023-10-31,2023-11-30,1,trend_60_zscore,trend_60,60-Day MA Trend,Trend,standardized,300,0.1717465940
2023-11-30,2023-12-31,1,trend_60_zscore,trend_60,60-Day MA Trend,Trend,standardized,300,-0.0397809086
2023-12-31,2024-01-31,1,trend_60_zscore,trend_60,60-Day MA Trend,Trend,standardized,300,0.0844622718
2024-01-31,2024-02-29,1,trend_60_zscore,trend_60,60-Day MA Trend,Trend,standardized,300,-0.6577860485
2024-02-29,2024-03-31,1,trend_60_zscore,trend_60,60-Day MA Trend,Trend,standardized,300,0.2988846543
2024-03-31,2024-04-30,1,trend_60_zscore,trend_60,60-Day MA Trend,Trend,standardized,300,0.1728260163
2024-04-30,2024-05-31,1,trend_60_zscore,trend_60,60-Day MA Trend,Trend,standardized,300,-0.0267185191
2024-05-31,2024-06-30,1,trend_60_zscore,trend_60,60-Day MA Trend,Trend,standardized,300,0.3931532573
2024-06-30,2024-07-31,1,trend_60_zscore,trend_60,60-Day MA Trend,Trend,standardized,300,-0.0457160635
2024-07-31,2024-08-31,1,trend_60_zscore,trend_60,60-Day MA Trend,Trend,standardized,300,0.0657176191
2024-08-31,2024-09-30,1,trend_60_zscore,trend_60,60-Day MA Trend,Trend,standardized,298,-0.1971938187
2024-09-30,2024-10-31,1,trend_60_zscore,trend_60,60-Day MA Trend,Trend,standardized,298,0.1593435190
2024-10-31,2024-11-30,1,trend_60_zscore,trend_60,60-Day MA Trend,Trend,standardized,300,-0.0095603391
2024-11-30,2024-12-31,1,trend_60_zscore,trend_60,60-Day MA Trend,Trend,standardized,300,-0.4003629396
2024-12-31,2025-01-31,1,trend_60_zscore,trend_60,60-Day MA Trend,Trend,standardized,300,0.0686563489
2025-01-31,2025-02-28,1,trend_60_zscore,trend_60,60-Day MA Trend,Trend,standardized,299,-0.3400885952
2025-02-28,2025-03-31,1,trend_60_zscore,trend_60,60-Day MA Trend,Trend,standardized,299,-0.1786222732
2025-03-31,2025-04-30,1,trend_60_zscore,trend_60,60-Day MA Trend,Trend,standardized,300,0.1104996845
2025-04-30,2025-05-31,1,trend_60_zscore,trend_60,60-Day MA Trend,Trend,standardized,300,0.1506408184
2025-05-31,2025-06-30,1,trend_60_zscore,trend_60,60-Day MA Trend,Trend,standardized,300,-0.1305205758
2025-06-30,2025-07-31,1,trend_60_zscore,trend_60,60-Day MA Trend,Trend,standardized,299,0.0643147501
2025-07-31,2025-08-31,1,trend_60_zscore,trend_60,60-Day MA Trend,Trend,standardized,299,0.1754858065
2025-08-31,2025-09-30,1,trend_60_zscore,trend_60,60-Day MA Trend,Trend,standardized,299,0.3585111574
2025-09-30,2025-10-31,1,trend_60_zscore,trend_60,60-Day MA Trend,Trend,standardized,300,-0.3313001502
2025-10-31,2025-11-30,1,trend_60_zscore,trend_60,60-Day MA Trend,Trend,standardized,300,-0.0145015847
2025-11-30,2025-12-31,1,trend_60_zscore,trend_60,60-Day MA Trend,Trend,standardized,300,0.0804266714
2025-12-31,2026-01-31,1,trend_60_zscore,trend_60,60-Day MA Trend,Trend,standardized,299,0.0949599222
2026-01-31,2026-02-28,1,trend_60_zscore,trend_60,60-Day MA Trend,Trend,standardized,300,0.0606950470
2026-02-28,2026-03-31,1,trend_60_zscore,trend_60,60-Day MA Trend,Trend,standardized,300,-0.1800799775
2026-03-31,2026-04-30,1,trend_60_zscore,trend_60,60-Day MA Trend,Trend,standardized,300,-0.1664894794
2026-04-30,2026-05-31,1,trend_60_zscore,trend_60,60-Day MA Trend,Trend,standardized,300,0.1954757225
2026-05-31,2026-06-30,1,trend_60_zscore,trend_60,60-Day MA Trend,Trend,standardized,300,0.3406207708
2026-06-30,2026-07-31,1,trend_60_zscore,trend_60,60-Day MA Trend,Trend,standardized,300,-0.6165742885
2026-07-31,2026-08-31,1,trend_60_zscore,trend_60,60-Day MA Trend,Trend,standardized,300,-0.3235096305
2026-08-31,2026-09-08,1,trend_60_zscore,trend_60,60-Day MA Trend,Trend,standardized,300,0.1610473017
2019-07-31,2019-10-31,3,trend_60_zscore,trend_60,60-Day MA Trend,Trend,standardized,300,0.1773504150
2019-08-31,2019-11-30,3,trend_60_zscore,trend_60,60-Day MA Trend,Trend,standardized,300,-0.0424727413
2019-09-30,2019-12-31,3,trend_60_zscore,trend_60,60-Day MA Trend,Trend,standardized,300,0.2214723370
2019-10-31,2020-01-31,3,trend_60_zscore,trend_60,60-Day MA Trend,Trend,standardized,300,0.0225753670
2019-11-30,2020-02-29,3,trend_60_zscore,trend_60,60-Day MA Trend,Trend,standardized,300,0.0388959877
2019-12-31,2020-03-31,3,trend_60_zscore,trend_60,60-Day MA Trend,Trend,standardized,300,-0.1557609110
2020-01-31,2020-04-30,3,trend_60_zscore,trend_60,60-Day MA Trend,Trend,standardized,299,0.1036375174
2020-02-29,2020-05-31,3,trend_60_zscore,trend_60,60-Day MA Trend,Trend,standardized,299,-0.0520908680
2020-03-31,2020-06-30,3,trend_60_zscore,trend_60,60-Day MA Trend,Trend,standardized,300,-0.1523336926
2020-04-30,2020-07-31,3,trend_60_zscore,trend_60,60-Day MA Trend,Trend,standardized,299,0.1892258311
2020-05-31,2020-08-31,3,trend_60_zscore,trend_60,60-Day MA Trend,Trend,standardized,299,0.1795438935
2020-06-30,2020-09-30,3,trend_60_zscore,trend_60,60-Day MA Trend,Trend,standardized,299,0.0787611474
2020-07-31,2020-10-31,3,trend_60_zscore,trend_60,60-Day MA Trend,Trend,standardized,300,-0.0125805982
2020-08-31,2020-11-30,3,trend_60_zscore,trend_60,60-Day MA Trend,Trend,standardized,300,0.0157290637
2020-09-30,2020-12-31,3,trend_60_zscore,trend_60,60-Day MA Trend,Trend,standardized,300,0.2661657424
2020-10-31,2021-01-31,3,trend_60_zscore,trend_60,60-Day MA Trend,Trend,standardized,300,0.3374365366
2020-11-30,2021-02-28,3,trend_60_zscore,trend_60,60-Day MA Trend,Trend,standardized,300,0.3016524963
2020-12-31,2021-03-31,3,trend_60_zscore,trend_60,60-Day MA Trend,Trend,standardized,300,-0.0657681372
2021-01-31,2021-04-30,3,trend_60_zscore,trend_60,60-Day MA Trend,Trend,standardized,300,-0.0609108990
2021-02-28,2021-05-31,3,trend_60_zscore,trend_60,60-Day MA Trend,Trend,standardized,300,-0.1041558355
2021-03-31,2021-06-30,3,trend_60_zscore,trend_60,60-Day MA Trend,Trend,standardized,299,-0.3075648134
2021-04-30,2021-07-31,3,trend_60_zscore,trend_60,60-Day MA Trend,Trend,standardized,300,0.0008142316
2021-05-31,2021-08-31,3,trend_60_zscore,trend_60,60-Day MA Trend,Trend,standardized,300,0.0251536240
2021-06-30,2021-09-30,3,trend_60_zscore,trend_60,60-Day MA Trend,Trend,standardized,298,-0.0171525327
2021-07-31,2021-10-31,3,trend_60_zscore,trend_60,60-Day MA Trend,Trend,standardized,300,-0.1699848018
2021-08-31,2021-11-30,3,trend_60_zscore,trend_60,60-Day MA Trend,Trend,standardized,300,-0.2597905576
2021-09-30,2021-12-31,3,trend_60_zscore,trend_60,60-Day MA Trend,Trend,standardized,300,-0.1420351324
2021-10-31,2022-01-31,3,trend_60_zscore,trend_60,60-Day MA Trend,Trend,standardized,300,-0.0782657585
2021-11-30,2022-02-28,3,trend_60_zscore,trend_60,60-Day MA Trend,Trend,standardized,300,-0.3811289861
2021-12-31,2022-03-31,3,trend_60_zscore,trend_60,60-Day MA Trend,Trend,standardized,300,-0.1721459127
2022-01-31,2022-04-30,3,trend_60_zscore,trend_60,60-Day MA Trend,Trend,standardized,298,0.2622292599
2022-02-28,2022-05-31,3,trend_60_zscore,trend_60,60-Day MA Trend,Trend,standardized,299,0.1248694754
2022-03-31,2022-06-30,3,trend_60_zscore,trend_60,60-Day MA Trend,Trend,standardized,300,-0.3345429769
2022-04-30,2022-07-31,3,trend_60_zscore,trend_60,60-Day MA Trend,Trend,standardized,300,-0.3810664563
2022-05-31,2022-08-31,3,trend_60_zscore,trend_60,60-Day MA Trend,Trend,standardized,299,-0.1053974097
2022-06-30,2022-09-30,3,trend_60_zscore,trend_60,60-Day MA Trend,Trend,standardized,298,-0.2485212158
2022-07-31,2022-10-31,3,trend_60_zscore,trend_60,60-Day MA Trend,Trend,standardized,300,-0.0142601759
2022-08-31,2022-11-30,3,trend_60_zscore,trend_60,60-Day MA Trend,Trend,standardized,300,0.1370122042
2022-09-30,2022-12-31,3,trend_60_zscore,trend_60,60-Day MA Trend,Trend,standardized,300,0.0079183102
2022-10-31,2023-01-31,3,trend_60_zscore,trend_60,60-Day MA Trend,Trend,standardized,300,-0.4108085645
2022-11-30,2023-02-28,3,trend_60_zscore,trend_60,60-Day MA Trend,Trend,standardized,300,-0.0138317108
2022-12-31,2023-03-31,3,trend_60_zscore,trend_60,60-Day MA Trend,Trend,standardized,300,-0.0724843690
2023-01-31,2023-04-30,3,trend_60_zscore,trend_60,60-Day MA Trend,Trend,standardized,300,-0.1598404604
2023-02-28,2023-05-31,3,trend_60_zscore,trend_60,60-Day MA Trend,Trend,standardized,300,0.0941486435
2023-03-31,2023-06-30,3,trend_60_zscore,trend_60,60-Day MA Trend,Trend,standardized,300,0.2452194578
2023-04-30,2023-07-31,3,trend_60_zscore,trend_60,60-Day MA Trend,Trend,standardized,300,-0.0317927977
2023-05-31,2023-08-31,3,trend_60_zscore,trend_60,60-Day MA Trend,Trend,standardized,300,-0.0505627896
2023-06-30,2023-09-30,3,trend_60_zscore,trend_60,60-Day MA Trend,Trend,standardized,300,-0.1900292004
2023-07-31,2023-10-31,3,trend_60_zscore,trend_60,60-Day MA Trend,Trend,standardized,300,0.0571597462
2023-08-31,2023-11-30,3,trend_60_zscore,trend_60,60-Day MA Trend,Trend,standardized,300,0.1859994000
2023-09-30,2023-12-31,3,trend_60_zscore,trend_60,60-Day MA Trend,Trend,standardized,300,0.1781859798
2023-10-31,2024-01-31,3,trend_60_zscore,trend_60,60-Day MA Trend,Trend,standardized,300,0.1067394082
2023-11-30,2024-02-29,3,trend_60_zscore,trend_60,60-Day MA Trend,Trend,standardized,300,-0.0484163211
2023-12-31,2024-03-31,3,trend_60_zscore,trend_60,60-Day MA Trend,Trend,standardized,300,0.1520972455
2024-01-31,2024-04-30,3,trend_60_zscore,trend_60,60-Day MA Trend,Trend,standardized,300,-0.0279565391
2024-02-29,2024-05-31,3,trend_60_zscore,trend_60,60-Day MA Trend,Trend,standardized,300,0.3001980022
2024-03-31,2024-06-30,3,trend_60_zscore,trend_60,60-Day MA Trend,Trend,standardized,300,0.2480481170
2024-04-30,2024-07-31,3,trend_60_zscore,trend_60,60-Day MA Trend,Trend,standardized,300,0.1366468516
2024-05-31,2024-08-31,3,trend_60_zscore,trend_60,60-Day MA Trend,Trend,standardized,300,0.2937730419
2024-06-30,2024-09-30,3,trend_60_zscore,trend_60,60-Day MA Trend,Trend,standardized,298,-0.4224583405
2024-07-31,2024-10-31,3,trend_60_zscore,trend_60,60-Day MA Trend,Trend,standardized,300,-0.0874320826
2024-08-31,2024-11-30,3,trend_60_zscore,trend_60,60-Day MA Trend,Trend,standardized,300,-0.0857885088
2024-09-30,2024-12-31,3,trend_60_zscore,trend_60,60-Day MA Trend,Trend,standardized,298,-0.1278906694
2024-10-31,2025-01-31,3,trend_60_zscore,trend_60,60-Day MA Trend,Trend,standardized,300,-0.2824938055
2024-11-30,2025-02-28,3,trend_60_zscore,trend_60,60-Day MA Trend,Trend,standardized,299,-0.1565662863
2024-12-31,2025-03-31,3,trend_60_zscore,trend_60,60-Day MA Trend,Trend,standardized,299,-0.0560580261
2025-01-31,2025-04-30,3,trend_60_zscore,trend_60,60-Day MA Trend,Trend,standardized,299,-0.0104985298
2025-02-28,2025-05-31,3,trend_60_zscore,trend_60,60-Day MA Trend,Trend,standardized,299,-0.2692539492
2025-03-31,2025-06-30,3,trend_60_zscore,trend_60,60-Day MA Trend,Trend,standardized,300,0.0000286670
2025-04-30,2025-07-31,3,trend_60_zscore,trend_60,60-Day MA Trend,Trend,standardized,300,-0.2862942922
2025-05-31,2025-08-31,3,trend_60_zscore,trend_60,60-Day MA Trend,Trend,standardized,299,-0.4070018630
2025-06-30,2025-09-30,3,trend_60_zscore,trend_60,60-Day MA Trend,Trend,standardized,298,0.1332818959
2025-07-31,2025-10-31,3,trend_60_zscore,trend_60,60-Day MA Trend,Trend,standardized,299,0.1656052930
2025-08-31,2025-11-30,3,trend_60_zscore,trend_60,60-Day MA Trend,Trend,standardized,299,-0.0665838694
2025-09-30,2025-12-31,3,trend_60_zscore,trend_60,60-Day MA Trend,Trend,standardized,300,-0.1975710787
2025-10-31,2026-01-31,3,trend_60_zscore,trend_60,60-Day MA Trend,Trend,standardized,300,0.2848969382
2025-11-30,2026-02-28,3,trend_60_zscore,trend_60,60-Day MA Trend,Trend,standardized,300,0.0387848754
2025-12-31,2026-03-31,3,trend_60_zscore,trend_60,60-Day MA Trend,Trend,standardized,299,0.0570219041
2026-01-31,2026-04-30,3,trend_60_zscore,trend_60,60-Day MA Trend,Trend,standardized,300,-0.0202722764
2026-02-28,2026-05-31,3,trend_60_zscore,trend_60,60-Day MA Trend,Trend,standardized,300,-0.0178404361
2026-03-31,2026-06-30,3,trend_60_zscore,trend_60,60-Day MA Trend,Trend,standardized,300,-0.1315067945
2026-04-30,2026-07-31,3,trend_60_zscore,trend_60,60-Day MA Trend,Trend,standardized,300,0.1005890072
2026-05-31,2026-08-31,3,trend_60_zscore,trend_60,60-Day MA Trend,Trend,standardized,300,-0.0961605728
2026-06-30,2026-09-08,3,trend_60_zscore,trend_60,60-Day MA Trend,Trend,standardized,300,-0.5261818337
2019-07-31,2019-08-31,1,trend_60_neutral,trend_60,60-Day MA Trend,Trend,neutralized,300,0.1898812420
2019-08-31,2019-09-30,1,trend_60_neutral,trend_60,60-Day MA Trend,Trend,neutralized,300,-0.1058735515
2019-09-30,2019-10-31,1,trend_60_neutral,trend_60,60-Day MA Trend,Trend,neutralized,300,0.1257574811
2019-10-31,2019-11-30,1,trend_60_neutral,trend_60,60-Day MA Trend,Trend,neutralized,300,0.1037618311
2019-11-30,2019-12-31,1,trend_60_neutral,trend_60,60-Day MA Trend,Trend,neutralized,300,-0.0048867215
2019-12-31,2020-01-31,1,trend_60_neutral,trend_60,60-Day MA Trend,Trend,neutralized,300,-0.0543654990
2020-01-31,2020-02-29,1,trend_60_neutral,trend_60,60-Day MA Trend,Trend,neutralized,300,0.0516174796
2020-02-29,2020-03-31,1,trend_60_neutral,trend_60,60-Day MA Trend,Trend,neutralized,300,0.0672474139
2020-03-31,2020-04-30,1,trend_60_neutral,trend_60,60-Day MA Trend,Trend,neutralized,299,-0.1196265009
2020-04-30,2020-05-31,1,trend_60_neutral,trend_60,60-Day MA Trend,Trend,neutralized,299,0.0317213979
2020-05-31,2020-06-30,1,trend_60_neutral,trend_60,60-Day MA Trend,Trend,neutralized,299,-0.0075298024
2020-06-30,2020-07-31,1,trend_60_neutral,trend_60,60-Day MA Trend,Trend,neutralized,299,0.0615649480
2020-07-31,2020-08-31,1,trend_60_neutral,trend_60,60-Day MA Trend,Trend,neutralized,300,-0.0232620492
2020-08-31,2020-09-30,1,trend_60_neutral,trend_60,60-Day MA Trend,Trend,neutralized,300,-0.0012844587
2020-09-30,2020-10-31,1,trend_60_neutral,trend_60,60-Day MA Trend,Trend,neutralized,300,0.0419058921
2020-10-31,2020-11-30,1,trend_60_neutral,trend_60,60-Day MA Trend,Trend,neutralized,300,0.0603046768
2020-11-30,2020-12-31,1,trend_60_neutral,trend_60,60-Day MA Trend,Trend,neutralized,300,0.1390226867
2020-12-31,2021-01-31,1,trend_60_neutral,trend_60,60-Day MA Trend,Trend,neutralized,300,0.2298674430
2021-01-31,2021-02-28,1,trend_60_neutral,trend_60,60-Day MA Trend,Trend,neutralized,300,-0.2228428227
2021-02-28,2021-03-31,1,trend_60_neutral,trend_60,60-Day MA Trend,Trend,neutralized,300,0.1024755944
2021-03-31,2021-04-30,1,trend_60_neutral,trend_60,60-Day MA Trend,Trend,neutralized,300,-0.1305873013
2021-04-30,2021-05-31,1,trend_60_neutral,trend_60,60-Day MA Trend,Trend,neutralized,300,-0.0494250485
2021-05-31,2021-06-30,1,trend_60_neutral,trend_60,60-Day MA Trend,Trend,neutralized,299,0.1404379408
2021-06-30,2021-07-31,1,trend_60_neutral,trend_60,60-Day MA Trend,Trend,neutralized,299,0.0809369401
2021-07-31,2021-08-31,1,trend_60_neutral,trend_60,60-Day MA Trend,Trend,neutralized,300,-0.0042240469
2021-08-31,2021-09-30,1,trend_60_neutral,trend_60,60-Day MA Trend,Trend,neutralized,300,-0.1600369071
2021-09-30,2021-10-31,1,trend_60_neutral,trend_60,60-Day MA Trend,Trend,neutralized,300,-0.1411234242
2021-10-31,2021-11-30,1,trend_60_neutral,trend_60,60-Day MA Trend,Trend,neutralized,300,-0.0165864139
2021-11-30,2021-12-31,1,trend_60_neutral,trend_60,60-Day MA Trend,Trend,neutralized,300,-0.1658154164
2021-12-31,2022-01-31,1,trend_60_neutral,trend_60,60-Day MA Trend,Trend,neutralized,300,0.0641287125
2022-01-31,2022-02-28,1,trend_60_neutral,trend_60,60-Day MA Trend,Trend,neutralized,298,-0.1947097622
2022-02-28,2022-03-31,1,trend_60_neutral,trend_60,60-Day MA Trend,Trend,neutralized,299,0.0503358006
2022-03-31,2022-04-30,1,trend_60_neutral,trend_60,60-Day MA Trend,Trend,neutralized,300,-0.0118832445
2022-04-30,2022-05-31,1,trend_60_neutral,trend_60,60-Day MA Trend,Trend,neutralized,300,-0.2086787631
2022-05-31,2022-06-30,1,trend_60_neutral,trend_60,60-Day MA Trend,Trend,neutralized,299,-0.1126529273
2022-06-30,2022-07-31,1,trend_60_neutral,trend_60,60-Day MA Trend,Trend,neutralized,298,-0.1077654959
2022-07-31,2022-08-31,1,trend_60_neutral,trend_60,60-Day MA Trend,Trend,neutralized,300,-0.1221615931
2022-08-31,2022-09-30,1,trend_60_neutral,trend_60,60-Day MA Trend,Trend,neutralized,300,0.1019618109
2022-09-30,2022-10-31,1,trend_60_neutral,trend_60,60-Day MA Trend,Trend,neutralized,300,0.0246576183
2022-10-31,2022-11-30,1,trend_60_neutral,trend_60,60-Day MA Trend,Trend,neutralized,300,-0.2987130968
2022-11-30,2022-12-31,1,trend_60_neutral,trend_60,60-Day MA Trend,Trend,neutralized,300,0.0664918499
2022-12-31,2023-01-31,1,trend_60_neutral,trend_60,60-Day MA Trend,Trend,neutralized,300,-0.1603005190
2023-01-31,2023-02-28,1,trend_60_neutral,trend_60,60-Day MA Trend,Trend,neutralized,300,-0.0465098501
2023-02-28,2023-03-31,1,trend_60_neutral,trend_60,60-Day MA Trend,Trend,neutralized,300,0.0432318233
2023-03-31,2023-04-30,1,trend_60_neutral,trend_60,60-Day MA Trend,Trend,neutralized,300,0.1659062878
2023-04-30,2023-05-31,1,trend_60_neutral,trend_60,60-Day MA Trend,Trend,neutralized,300,0.1276134321
2023-05-31,2023-06-30,1,trend_60_neutral,trend_60,60-Day MA Trend,Trend,neutralized,300,-0.0155539523
2023-06-30,2023-07-31,1,trend_60_neutral,trend_60,60-Day MA Trend,Trend,neutralized,300,-0.2154864182
2023-07-31,2023-08-31,1,trend_60_neutral,trend_60,60-Day MA Trend,Trend,neutralized,300,0.0491112123
2023-08-31,2023-09-30,1,trend_60_neutral,trend_60,60-Day MA Trend,Trend,neutralized,300,0.0615836142
2023-09-30,2023-10-31,1,trend_60_neutral,trend_60,60-Day MA Trend,Trend,neutralized,300,0.1200591118
2023-10-31,2023-11-30,1,trend_60_neutral,trend_60,60-Day MA Trend,Trend,neutralized,300,0.0514016880
2023-11-30,2023-12-31,1,trend_60_neutral,trend_60,60-Day MA Trend,Trend,neutralized,300,0.0142932779
2023-12-31,2024-01-31,1,trend_60_neutral,trend_60,60-Day MA Trend,Trend,neutralized,300,0.0590091001
2024-01-31,2024-02-29,1,trend_60_neutral,trend_60,60-Day MA Trend,Trend,neutralized,300,-0.2026009403
2024-02-29,2024-03-31,1,trend_60_neutral,trend_60,60-Day MA Trend,Trend,neutralized,300,0.2063698486
2024-03-31,2024-04-30,1,trend_60_neutral,trend_60,60-Day MA Trend,Trend,neutralized,300,0.1241290037
2024-04-30,2024-05-31,1,trend_60_neutral,trend_60,60-Day MA Trend,Trend,neutralized,300,0.0166892984
2024-05-31,2024-06-30,1,trend_60_neutral,trend_60,60-Day MA Trend,Trend,neutralized,300,0.2738657096
2024-06-30,2024-07-31,1,trend_60_neutral,trend_60,60-Day MA Trend,Trend,neutralized,300,-0.1066918521
2024-07-31,2024-08-31,1,trend_60_neutral,trend_60,60-Day MA Trend,Trend,neutralized,300,0.0818815856
2024-08-31,2024-09-30,1,trend_60_neutral,trend_60,60-Day MA Trend,Trend,neutralized,298,-0.2777466025
2024-09-30,2024-10-31,1,trend_60_neutral,trend_60,60-Day MA Trend,Trend,neutralized,298,0.0201725568
2024-10-31,2024-11-30,1,trend_60_neutral,trend_60,60-Day MA Trend,Trend,neutralized,300,-0.0108321324
2024-11-30,2024-12-31,1,trend_60_neutral,trend_60,60-Day MA Trend,Trend,neutralized,300,-0.2595544395
2024-12-31,2025-01-31,1,trend_60_neutral,trend_60,60-Day MA Trend,Trend,neutralized,300,0.0883649818
2025-01-31,2025-02-28,1,trend_60_neutral,trend_60,60-Day MA Trend,Trend,neutralized,299,-0.2641144577
2025-02-28,2025-03-31,1,trend_60_neutral,trend_60,60-Day MA Trend,Trend,neutralized,299,-0.0465340845
2025-03-31,2025-04-30,1,trend_60_neutral,trend_60,60-Day MA Trend,Trend,neutralized,300,-0.0269271911
2025-04-30,2025-05-31,1,trend_60_neutral,trend_60,60-Day MA Trend,Trend,neutralized,300,0.0393542238
2025-05-31,2025-06-30,1,trend_60_neutral,trend_60,60-Day MA Trend,Trend,neutralized,300,-0.0606197914
2025-06-30,2025-07-31,1,trend_60_neutral,trend_60,60-Day MA Trend,Trend,neutralized,299,0.0481048686
2025-07-31,2025-08-31,1,trend_60_neutral,trend_60,60-Day MA Trend,Trend,neutralized,299,-0.0575123538
2025-08-31,2025-09-30,1,trend_60_neutral,trend_60,60-Day MA Trend,Trend,neutralized,299,0.0781257435
2025-09-30,2025-10-31,1,trend_60_neutral,trend_60,60-Day MA Trend,Trend,neutralized,300,-0.1033157720
2025-10-31,2025-11-30,1,trend_60_neutral,trend_60,60-Day MA Trend,Trend,neutralized,300,0.0064894054
2025-11-30,2025-12-31,1,trend_60_neutral,trend_60,60-Day MA Trend,Trend,neutralized,300,0.0558930655
2025-12-31,2026-01-31,1,trend_60_neutral,trend_60,60-Day MA Trend,Trend,neutralized,299,0.0023213871
2026-01-31,2026-02-28,1,trend_60_neutral,trend_60,60-Day MA Trend,Trend,neutralized,300,-0.0380488672
2026-02-28,2026-03-31,1,trend_60_neutral,trend_60,60-Day MA Trend,Trend,neutralized,300,-0.0444567211
2026-03-31,2026-04-30,1,trend_60_neutral,trend_60,60-Day MA Trend,Trend,neutralized,300,-0.0237424966
2026-04-30,2026-05-31,1,trend_60_neutral,trend_60,60-Day MA Trend,Trend,neutralized,300,-0.0105681174
2026-05-31,2026-06-30,1,trend_60_neutral,trend_60,60-Day MA Trend,Trend,neutralized,300,0.0993486705
2026-06-30,2026-07-31,1,trend_60_neutral,trend_60,60-Day MA Trend,Trend,neutralized,300,-0.3252053912
2026-07-31,2026-08-31,1,trend_60_neutral,trend_60,60-Day MA Trend,Trend,neutralized,300,-0.2559706503
2026-08-31,2026-09-08,1,trend_60_neutral,trend_60,60-Day MA Trend,Trend,neutralized,300,0.1247435246
2019-07-31,2019-10-31,3,trend_60_neutral,trend_60,60-Day MA Trend,Trend,neutralized,300,0.1314596829
2019-08-31,2019-11-30,3,trend_60_neutral,trend_60,60-Day MA Trend,Trend,neutralized,300,-0.0287738817
2019-09-30,2019-12-31,3,trend_60_neutral,trend_60,60-Day MA Trend,Trend,neutralized,300,0.1346934966
2019-10-31,2020-01-31,3,trend_60_neutral,trend_60,60-Day MA Trend,Trend,neutralized,300,0.0485832119
2019-11-30,2020-02-29,3,trend_60_neutral,trend_60,60-Day MA Trend,Trend,neutralized,300,0.0130761453
2019-12-31,2020-03-31,3,trend_60_neutral,trend_60,60-Day MA Trend,Trend,neutralized,300,-0.0731621462
2020-01-31,2020-04-30,3,trend_60_neutral,trend_60,60-Day MA Trend,Trend,neutralized,299,0.0570227572
2020-02-29,2020-05-31,3,trend_60_neutral,trend_60,60-Day MA Trend,Trend,neutralized,299,0.0909501470
2020-03-31,2020-06-30,3,trend_60_neutral,trend_60,60-Day MA Trend,Trend,neutralized,300,-0.1401366682
2020-04-30,2020-07-31,3,trend_60_neutral,trend_60,60-Day MA Trend,Trend,neutralized,299,0.1469448497
2020-05-31,2020-08-31,3,trend_60_neutral,trend_60,60-Day MA Trend,Trend,neutralized,299,0.1460418561
2020-06-30,2020-09-30,3,trend_60_neutral,trend_60,60-Day MA Trend,Trend,neutralized,299,0.1233857826
2020-07-31,2020-10-31,3,trend_60_neutral,trend_60,60-Day MA Trend,Trend,neutralized,300,0.0069045219
2020-08-31,2020-11-30,3,trend_60_neutral,trend_60,60-Day MA Trend,Trend,neutralized,300,-0.0078747542
2020-09-30,2020-12-31,3,trend_60_neutral,trend_60,60-Day MA Trend,Trend,neutralized,300,0.1320472450
2020-10-31,2021-01-31,3,trend_60_neutral,trend_60,60-Day MA Trend,Trend,neutralized,300,0.2253341156
2020-11-30,2021-02-28,3,trend_60_neutral,trend_60,60-Day MA Trend,Trend,neutralized,300,0.1781930910
2020-12-31,2021-03-31,3,trend_60_neutral,trend_60,60-Day MA Trend,Trend,neutralized,300,-0.0540677119
2021-01-31,2021-04-30,3,trend_60_neutral,trend_60,60-Day MA Trend,Trend,neutralized,300,-0.0705114815
2021-02-28,2021-05-31,3,trend_60_neutral,trend_60,60-Day MA Trend,Trend,neutralized,300,-0.0204937878
2021-03-31,2021-06-30,3,trend_60_neutral,trend_60,60-Day MA Trend,Trend,neutralized,299,-0.1981746985
2021-04-30,2021-07-31,3,trend_60_neutral,trend_60,60-Day MA Trend,Trend,neutralized,300,0.0001133346
2021-05-31,2021-08-31,3,trend_60_neutral,trend_60,60-Day MA Trend,Trend,neutralized,300,0.0684063232
2021-06-30,2021-09-30,3,trend_60_neutral,trend_60,60-Day MA Trend,Trend,neutralized,298,-0.0606466726
2021-07-31,2021-10-31,3,trend_60_neutral,trend_60,60-Day MA Trend,Trend,neutralized,300,-0.0107352316
2021-08-31,2021-11-30,3,trend_60_neutral,trend_60,60-Day MA Trend,Trend,neutralized,300,-0.0711159013
2021-09-30,2021-12-31,3,trend_60_neutral,trend_60,60-Day MA Trend,Trend,neutralized,300,-0.0547137859
2021-10-31,2022-01-31,3,trend_60_neutral,trend_60,60-Day MA Trend,Trend,neutralized,300,-0.0571330793
2021-11-30,2022-02-28,3,trend_60_neutral,trend_60,60-Day MA Trend,Trend,neutralized,300,-0.1081405469
2021-12-31,2022-03-31,3,trend_60_neutral,trend_60,60-Day MA Trend,Trend,neutralized,300,-0.0905614507
2022-01-31,2022-04-30,3,trend_60_neutral,trend_60,60-Day MA Trend,Trend,neutralized,298,-0.0037272004
2022-02-28,2022-05-31,3,trend_60_neutral,trend_60,60-Day MA Trend,Trend,neutralized,299,-0.0212246663
2022-03-31,2022-06-30,3,trend_60_neutral,trend_60,60-Day MA Trend,Trend,neutralized,300,-0.1688639701
2022-04-30,2022-07-31,3,trend_60_neutral,trend_60,60-Day MA Trend,Trend,neutralized,300,-0.2235198169
2022-05-31,2022-08-31,3,trend_60_neutral,trend_60,60-Day MA Trend,Trend,neutralized,299,-0.0297658863
2022-06-30,2022-09-30,3,trend_60_neutral,trend_60,60-Day MA Trend,Trend,neutralized,298,-0.1103665326
2022-07-31,2022-10-31,3,trend_60_neutral,trend_60,60-Day MA Trend,Trend,neutralized,300,0.0189866575
2022-08-31,2022-11-30,3,trend_60_neutral,trend_60,60-Day MA Trend,Trend,neutralized,300,-0.0032460364
2022-09-30,2022-12-31,3,trend_60_neutral,trend_60,60-Day MA Trend,Trend,neutralized,300,-0.0027631418
2022-10-31,2023-01-31,3,trend_60_neutral,trend_60,60-Day MA Trend,Trend,neutralized,300,-0.3685694285
2022-11-30,2023-02-28,3,trend_60_neutral,trend_60,60-Day MA Trend,Trend,neutralized,300,0.0540983849
2022-12-31,2023-03-31,3,trend_60_neutral,trend_60,60-Day MA Trend,Trend,neutralized,300,0.0105572296
2023-01-31,2023-04-30,3,trend_60_neutral,trend_60,60-Day MA Trend,Trend,neutralized,300,-0.0558721826
2023-02-28,2023-05-31,3,trend_60_neutral,trend_60,60-Day MA Trend,Trend,neutralized,300,0.0672416435
2023-03-31,2023-06-30,3,trend_60_neutral,trend_60,60-Day MA Trend,Trend,neutralized,300,0.2513014589
2023-04-30,2023-07-31,3,trend_60_neutral,trend_60,60-Day MA Trend,Trend,neutralized,300,0.0056751742
2023-05-31,2023-08-31,3,trend_60_neutral,trend_60,60-Day MA Trend,Trend,neutralized,300,-0.0227613665
2023-06-30,2023-09-30,3,trend_60_neutral,trend_60,60-Day MA Trend,Trend,neutralized,300,-0.1335541654
2023-07-31,2023-10-31,3,trend_60_neutral,trend_60,60-Day MA Trend,Trend,neutralized,300,0.0901476683
2023-08-31,2023-11-30,3,trend_60_neutral,trend_60,60-Day MA Trend,Trend,neutralized,300,0.0958270754
2023-09-30,2023-12-31,3,trend_60_neutral,trend_60,60-Day MA Trend,Trend,neutralized,300,0.1013797931
2023-10-31,2024-01-31,3,trend_60_neutral,trend_60,60-Day MA Trend,Trend,neutralized,300,-0.0098667763
2023-11-30,2024-02-29,3,trend_60_neutral,trend_60,60-Day MA Trend,Trend,neutralized,300,-0.0542352753
2023-12-31,2024-03-31,3,trend_60_neutral,trend_60,60-Day MA Trend,Trend,neutralized,300,0.0722452472
2024-01-31,2024-04-30,3,trend_60_neutral,trend_60,60-Day MA Trend,Trend,neutralized,300,0.1368471065
2024-02-29,2024-05-31,3,trend_60_neutral,trend_60,60-Day MA Trend,Trend,neutralized,300,0.1683365371
2024-03-31,2024-06-30,3,trend_60_neutral,trend_60,60-Day MA Trend,Trend,neutralized,300,0.1230720478
2024-04-30,2024-07-31,3,trend_60_neutral,trend_60,60-Day MA Trend,Trend,neutralized,300,0.1124743733
2024-05-31,2024-08-31,3,trend_60_neutral,trend_60,60-Day MA Trend,Trend,neutralized,300,0.1931937022
2024-06-30,2024-09-30,3,trend_60_neutral,trend_60,60-Day MA Trend,Trend,neutralized,298,-0.2255465505
2024-07-31,2024-10-31,3,trend_60_neutral,trend_60,60-Day MA Trend,Trend,neutralized,300,-0.1198615673
2024-08-31,2024-11-30,3,trend_60_neutral,trend_60,60-Day MA Trend,Trend,neutralized,300,-0.1345441616
2024-09-30,2024-12-31,3,trend_60_neutral,trend_60,60-Day MA Trend,Trend,neutralized,298,-0.1256678166
2024-10-31,2025-01-31,3,trend_60_neutral,trend_60,60-Day MA Trend,Trend,neutralized,300,-0.2127623640
2024-11-30,2025-02-28,3,trend_60_neutral,trend_60,60-Day MA Trend,Trend,neutralized,299,-0.2045741066
2024-12-31,2025-03-31,3,trend_60_neutral,trend_60,60-Day MA Trend,Trend,neutralized,299,0.0147996678
2025-01-31,2025-04-30,3,trend_60_neutral,trend_60,60-Day MA Trend,Trend,neutralized,299,-0.0560732643
2025-02-28,2025-05-31,3,trend_60_neutral,trend_60,60-Day MA Trend,Trend,neutralized,299,-0.1094873414
2025-03-31,2025-06-30,3,trend_60_neutral,trend_60,60-Day MA Trend,Trend,neutralized,300,-0.0821473663
2025-04-30,2025-07-31,3,trend_60_neutral,trend_60,60-Day MA Trend,Trend,neutralized,300,-0.1987257636
2025-05-31,2025-08-31,3,trend_60_neutral,trend_60,60-Day MA Trend,Trend,neutralized,299,-0.1487109156
2025-06-30,2025-09-30,3,trend_60_neutral,trend_60,60-Day MA Trend,Trend,neutralized,298,0.0128875113
2025-07-31,2025-10-31,3,trend_60_neutral,trend_60,60-Day MA Trend,Trend,neutralized,299,-0.0265295953
2025-08-31,2025-11-30,3,trend_60_neutral,trend_60,60-Day MA Trend,Trend,neutralized,299,0.0393652219
2025-09-30,2025-12-31,3,trend_60_neutral,trend_60,60-Day MA Trend,Trend,neutralized,300,-0.0372617474
2025-10-31,2026-01-31,3,trend_60_neutral,trend_60,60-Day MA Trend,Trend,neutralized,300,0.0847378304
2025-11-30,2026-02-28,3,trend_60_neutral,trend_60,60-Day MA Trend,Trend,neutralized,300,0.0386310959
2025-12-31,2026-03-31,3,trend_60_neutral,trend_60,60-Day MA Trend,Trend,neutralized,299,0.0908998676
2026-01-31,2026-04-30,3,trend_60_neutral,trend_60,60-Day MA Trend,Trend,neutralized,300,0.0509094545
2026-02-28,2026-05-31,3,trend_60_neutral,trend_60,60-Day MA Trend,Trend,neutralized,300,0.0226700297
2026-03-31,2026-06-30,3,trend_60_neutral,trend_60,60-Day MA Trend,Trend,neutralized,300,-0.0773879710
2026-04-30,2026-07-31,3,trend_60_neutral,trend_60,60-Day MA Trend,Trend,neutralized,300,-0.0398462205
2026-05-31,2026-08-31,3,trend_60_neutral,trend_60,60-Day MA Trend,Trend,neutralized,300,-0.0242536055
2026-06-30,2026-09-08,3,trend_60_neutral,trend_60,60-Day MA Trend,Trend,neutralized,300,-0.2701750019
2019-07-31,2019-08-31,1,liquidity_amount_20_zscore,liquidity_amount_20,20-Day Amount Liquidity,Liquidity,standardized,300,0.1965615392
2019-08-31,2019-09-30,1,liquidity_amount_20_zscore,liquidity_amount_20,20-Day Amount Liquidity,Liquidity,standardized,300,0.0289496904
2019-09-30,2019-10-31,1,liquidity_amount_20_zscore,liquidity_amount_20,20-Day Amount Liquidity,Liquidity,standardized,300,0.0722479620
2019-10-31,2019-11-30,1,liquidity_amount_20_zscore,liquidity_amount_20,20-Day Amount Liquidity,Liquidity,standardized,300,-0.0671787539
2019-11-30,2019-12-31,1,liquidity_amount_20_zscore,liquidity_amount_20,20-Day Amount Liquidity,Liquidity,standardized,300,0.1145037294
2019-12-31,2020-01-31,1,liquidity_amount_20_zscore,liquidity_amount_20,20-Day Amount Liquidity,Liquidity,standardized,300,0.1457229687
2020-01-31,2020-02-29,1,liquidity_amount_20_zscore,liquidity_amount_20,20-Day Amount Liquidity,Liquidity,standardized,300,0.2940528882
2020-02-29,2020-03-31,1,liquidity_amount_20_zscore,liquidity_amount_20,20-Day Amount Liquidity,Liquidity,standardized,300,-0.2762488472
2020-03-31,2020-04-30,1,liquidity_amount_20_zscore,liquidity_amount_20,20-Day Amount Liquidity,Liquidity,standardized,299,0.3638004264
2020-04-30,2020-05-31,1,liquidity_amount_20_zscore,liquidity_amount_20,20-Day Amount Liquidity,Liquidity,standardized,299,-0.0926708716
2020-05-31,2020-06-30,1,liquidity_amount_20_zscore,liquidity_amount_20,20-Day Amount Liquidity,Liquidity,standardized,299,0.3259663790
2020-06-30,2020-07-31,1,liquidity_amount_20_zscore,liquidity_amount_20,20-Day Amount Liquidity,Liquidity,standardized,299,-0.0750681242
2020-07-31,2020-08-31,1,liquidity_amount_20_zscore,liquidity_amount_20,20-Day Amount Liquidity,Liquidity,standardized,300,-0.1623169868
2020-08-31,2020-09-30,1,liquidity_amount_20_zscore,liquidity_amount_20,20-Day Amount Liquidity,Liquidity,standardized,300,-0.0933837043
2020-09-30,2020-10-31,1,liquidity_amount_20_zscore,liquidity_amount_20,20-Day Amount Liquidity,Liquidity,standardized,300,0.0922821193
2020-10-31,2020-11-30,1,liquidity_amount_20_zscore,liquidity_amount_20,20-Day Amount Liquidity,Liquidity,standardized,300,-0.0871016441
2020-11-30,2020-12-31,1,liquidity_amount_20_zscore,liquidity_amount_20,20-Day Amount Liquidity,Liquidity,standardized,300,0.2496461627
2020-12-31,2021-01-31,1,liquidity_amount_20_zscore,liquidity_amount_20,20-Day Amount Liquidity,Liquidity,standardized,300,0.1790282114
2021-01-31,2021-02-28,1,liquidity_amount_20_zscore,liquidity_amount_20,20-Day Amount Liquidity,Liquidity,standardized,300,-0.1840613608
2021-02-28,2021-03-31,1,liquidity_amount_20_zscore,liquidity_amount_20,20-Day Amount Liquidity,Liquidity,standardized,300,-0.3448558317
2021-03-31,2021-04-30,1,liquidity_amount_20_zscore,liquidity_amount_20,20-Day Amount Liquidity,Liquidity,standardized,300,0.2210243318
2021-04-30,2021-05-31,1,liquidity_amount_20_zscore,liquidity_amount_20,20-Day Amount Liquidity,Liquidity,standardized,300,0.1020885811
2021-05-31,2021-06-30,1,liquidity_amount_20_zscore,liquidity_amount_20,20-Day Amount Liquidity,Liquidity,standardized,299,0.0108648515
2021-06-30,2021-07-31,1,liquidity_amount_20_zscore,liquidity_amount_20,20-Day Amount Liquidity,Liquidity,standardized,299,0.0099979798
2021-07-31,2021-08-31,1,liquidity_amount_20_zscore,liquidity_amount_20,20-Day Amount Liquidity,Liquidity,standardized,300,-0.1840802676
2021-08-31,2021-09-30,1,liquidity_amount_20_zscore,liquidity_amount_20,20-Day Amount Liquidity,Liquidity,standardized,300,-0.2473538870
2021-09-30,2021-10-31,1,liquidity_amount_20_zscore,liquidity_amount_20,20-Day Amount Liquidity,Liquidity,standardized,300,0.0219402535
2021-10-31,2021-11-30,1,liquidity_amount_20_zscore,liquidity_amount_20,20-Day Amount Liquidity,Liquidity,standardized,300,-0.1400945078
2021-11-30,2021-12-31,1,liquidity_amount_20_zscore,liquidity_amount_20,20-Day Amount Liquidity,Liquidity,standardized,300,-0.1473943208
2021-12-31,2022-01-31,1,liquidity_amount_20_zscore,liquidity_amount_20,20-Day Amount Liquidity,Liquidity,standardized,300,-0.2825475839
2022-01-31,2022-02-28,1,liquidity_amount_20_zscore,liquidity_amount_20,20-Day Amount Liquidity,Liquidity,standardized,298,0.1609492627
2022-02-28,2022-03-31,1,liquidity_amount_20_zscore,liquidity_amount_20,20-Day Amount Liquidity,Liquidity,standardized,299,-0.0286741038
2022-03-31,2022-04-30,1,liquidity_amount_20_zscore,liquidity_amount_20,20-Day Amount Liquidity,Liquidity,standardized,300,-0.0228669207
2022-04-30,2022-05-31,1,liquidity_amount_20_zscore,liquidity_amount_20,20-Day Amount Liquidity,Liquidity,standardized,300,-0.1567057412
2022-05-31,2022-06-30,1,liquidity_amount_20_zscore,liquidity_amount_20,20-Day Amount Liquidity,Liquidity,standardized,299,0.1274449650
2022-06-30,2022-07-31,1,liquidity_amount_20_zscore,liquidity_amount_20,20-Day Amount Liquidity,Liquidity,standardized,298,-0.0980433502
2022-07-31,2022-08-31,1,liquidity_amount_20_zscore,liquidity_amount_20,20-Day Amount Liquidity,Liquidity,standardized,300,-0.1828929414
2022-08-31,2022-09-30,1,liquidity_amount_20_zscore,liquidity_amount_20,20-Day Amount Liquidity,Liquidity,standardized,300,-0.1600946855
2022-09-30,2022-10-31,1,liquidity_amount_20_zscore,liquidity_amount_20,20-Day Amount Liquidity,Liquidity,standardized,300,-0.2331880280
2022-10-31,2022-11-30,1,liquidity_amount_20_zscore,liquidity_amount_20,20-Day Amount Liquidity,Liquidity,standardized,300,-0.1166444072
2022-11-30,2022-12-31,1,liquidity_amount_20_zscore,liquidity_amount_20,20-Day Amount Liquidity,Liquidity,standardized,300,-0.0309918999
2022-12-31,2023-01-31,1,liquidity_amount_20_zscore,liquidity_amount_20,20-Day Amount Liquidity,Liquidity,standardized,300,0.0957419952
2023-01-31,2023-02-28,1,liquidity_amount_20_zscore,liquidity_amount_20,20-Day Amount Liquidity,Liquidity,standardized,300,-0.3905030056
2023-02-28,2023-03-31,1,liquidity_amount_20_zscore,liquidity_amount_20,20-Day Amount Liquidity,Liquidity,standardized,300,-0.0016033513
2023-03-31,2023-04-30,1,liquidity_amount_20_zscore,liquidity_amount_20,20-Day Amount Liquidity,Liquidity,standardized,300,0.0108454538
2023-04-30,2023-05-31,1,liquidity_amount_20_zscore,liquidity_amount_20,20-Day Amount Liquidity,Liquidity,standardized,300,-0.0869447535
2023-05-31,2023-06-30,1,liquidity_amount_20_zscore,liquidity_amount_20,20-Day Amount Liquidity,Liquidity,standardized,300,-0.0102778931
2023-06-30,2023-07-31,1,liquidity_amount_20_zscore,liquidity_amount_20,20-Day Amount Liquidity,Liquidity,standardized,300,-0.2214291270
2023-07-31,2023-08-31,1,liquidity_amount_20_zscore,liquidity_amount_20,20-Day Amount Liquidity,Liquidity,standardized,300,-0.0981148679
2023-08-31,2023-09-30,1,liquidity_amount_20_zscore,liquidity_amount_20,20-Day Amount Liquidity,Liquidity,standardized,300,-0.1360831432
2023-09-30,2023-10-31,1,liquidity_amount_20_zscore,liquidity_amount_20,20-Day Amount Liquidity,Liquidity,standardized,300,-0.0604962277
2023-10-31,2023-11-30,1,liquidity_amount_20_zscore,liquidity_amount_20,20-Day Amount Liquidity,Liquidity,standardized,300,-0.0791664440
2023-11-30,2023-12-31,1,liquidity_amount_20_zscore,liquidity_amount_20,20-Day Amount Liquidity,Liquidity,standardized,300,0.0663474407
2023-12-31,2024-01-31,1,liquidity_amount_20_zscore,liquidity_amount_20,20-Day Amount Liquidity,Liquidity,standardized,300,-0.1770028556
2024-01-31,2024-02-29,1,liquidity_amount_20_zscore,liquidity_amount_20,20-Day Amount Liquidity,Liquidity,standardized,300,0.0547428366
2024-02-29,2024-03-31,1,liquidity_amount_20_zscore,liquidity_amount_20,20-Day Amount Liquidity,Liquidity,standardized,300,0.0401751131
2024-03-31,2024-04-30,1,liquidity_amount_20_zscore,liquidity_amount_20,20-Day Amount Liquidity,Liquidity,standardized,300,-0.1349711302
2024-04-30,2024-05-31,1,liquidity_amount_20_zscore,liquidity_amount_20,20-Day Amount Liquidity,Liquidity,standardized,300,-0.0890001000
2024-05-31,2024-06-30,1,liquidity_amount_20_zscore,liquidity_amount_20,20-Day Amount Liquidity,Liquidity,standardized,300,0.1754037267
2024-06-30,2024-07-31,1,liquidity_amount_20_zscore,liquidity_amount_20,20-Day Amount Liquidity,Liquidity,standardized,300,-0.0401155568
2024-07-31,2024-08-31,1,liquidity_amount_20_zscore,liquidity_amount_20,20-Day Amount Liquidity,Liquidity,standardized,300,0.0514819054
2024-08-31,2024-09-30,1,liquidity_amount_20_zscore,liquidity_amount_20,20-Day Amount Liquidity,Liquidity,standardized,298,-0.1049350092
2024-09-30,2024-10-31,1,liquidity_amount_20_zscore,liquidity_amount_20,20-Day Amount Liquidity,Liquidity,standardized,298,0.0769979325
2024-10-31,2024-11-30,1,liquidity_amount_20_zscore,liquidity_amount_20,20-Day Amount Liquidity,Liquidity,standardized,300,-0.1304635946
2024-11-30,2024-12-31,1,liquidity_amount_20_zscore,liquidity_amount_20,20-Day Amount Liquidity,Liquidity,standardized,300,-0.0665678508
2024-12-31,2025-01-31,1,liquidity_amount_20_zscore,liquidity_amount_20,20-Day Amount Liquidity,Liquidity,standardized,300,0.0316807965
2025-01-31,2025-02-28,1,liquidity_amount_20_zscore,liquidity_amount_20,20-Day Amount Liquidity,Liquidity,standardized,299,0.0004614941
2025-02-28,2025-03-31,1,liquidity_amount_20_zscore,liquidity_amount_20,20-Day Amount Liquidity,Liquidity,standardized,299,-0.1790496285
2025-03-31,2025-04-30,1,liquidity_amount_20_zscore,liquidity_amount_20,20-Day Amount Liquidity,Liquidity,standardized,300,-0.0992731141
2025-04-30,2025-05-31,1,liquidity_amount_20_zscore,liquidity_amount_20,20-Day Amount Liquidity,Liquidity,standardized,300,-0.0200717830
2025-05-31,2025-06-30,1,liquidity_amount_20_zscore,liquidity_amount_20,20-Day Amount Liquidity,Liquidity,standardized,300,0.2764293244
2025-06-30,2025-07-31,1,liquidity_amount_20_zscore,liquidity_amount_20,20-Day Amount Liquidity,Liquidity,standardized,299,0.0295468115
2025-07-31,2025-08-31,1,liquidity_amount_20_zscore,liquidity_amount_20,20-Day Amount Liquidity,Liquidity,standardized,299,0.2042214588
2025-08-31,2025-09-30,1,liquidity_amount_20_zscore,liquidity_amount_20,20-Day Amount Liquidity,Liquidity,standardized,299,0.1026836659
2025-09-30,2025-10-31,1,liquidity_amount_20_zscore,liquidity_amount_20,20-Day Amount Liquidity,Liquidity,standardized,300,-0.2208846466
2025-10-31,2025-11-30,1,liquidity_amount_20_zscore,liquidity_amount_20,20-Day Amount Liquidity,Liquidity,standardized,300,-0.1991097679
2025-11-30,2025-12-31,1,liquidity_amount_20_zscore,liquidity_amount_20,20-Day Amount Liquidity,Liquidity,standardized,300,0.1900163335
2025-12-31,2026-01-31,1,liquidity_amount_20_zscore,liquidity_amount_20,20-Day Amount Liquidity,Liquidity,standardized,299,0.0542001910
2026-01-31,2026-02-28,1,liquidity_amount_20_zscore,liquidity_amount_20,20-Day Amount Liquidity,Liquidity,standardized,300,-0.1083780931
2026-02-28,2026-03-31,1,liquidity_amount_20_zscore,liquidity_amount_20,20-Day Amount Liquidity,Liquidity,standardized,300,-0.2579246723
2026-03-31,2026-04-30,1,liquidity_amount_20_zscore,liquidity_amount_20,20-Day Amount Liquidity,Liquidity,standardized,300,0.3373670096
2026-04-30,2026-05-31,1,liquidity_amount_20_zscore,liquidity_amount_20,20-Day Amount Liquidity,Liquidity,standardized,300,0.1187039856
2026-05-31,2026-06-30,1,liquidity_amount_20_zscore,liquidity_amount_20,20-Day Amount Liquidity,Liquidity,standardized,300,0.3260147335
2026-06-30,2026-07-31,1,liquidity_amount_20_zscore,liquidity_amount_20,20-Day Amount Liquidity,Liquidity,standardized,300,-0.5518519095
2026-07-31,2026-08-31,1,liquidity_amount_20_zscore,liquidity_amount_20,20-Day Amount Liquidity,Liquidity,standardized,300,0.3666585592
2026-08-31,2026-09-08,1,liquidity_amount_20_zscore,liquidity_amount_20,20-Day Amount Liquidity,Liquidity,standardized,300,-0.3960352849
2019-07-31,2019-10-31,3,liquidity_amount_20_zscore,liquidity_amount_20,20-Day Amount Liquidity,Liquidity,standardized,300,0.2157228414
2019-08-31,2019-11-30,3,liquidity_amount_20_zscore,liquidity_amount_20,20-Day Amount Liquidity,Liquidity,standardized,300,0.0500192224
2019-09-30,2019-12-31,3,liquidity_amount_20_zscore,liquidity_amount_20,20-Day Amount Liquidity,Liquidity,standardized,300,0.1531274792
2019-10-31,2020-01-31,3,liquidity_amount_20_zscore,liquidity_amount_20,20-Day Amount Liquidity,Liquidity,standardized,300,0.1054976284
2019-11-30,2020-02-29,3,liquidity_amount_20_zscore,liquidity_amount_20,20-Day Amount Liquidity,Liquidity,standardized,300,0.2939952666
2019-12-31,2020-03-31,3,liquidity_amount_20_zscore,liquidity_amount_20,20-Day Amount Liquidity,Liquidity,standardized,300,0.0862520695
2020-01-31,2020-04-30,3,liquidity_amount_20_zscore,liquidity_amount_20,20-Day Amount Liquidity,Liquidity,standardized,299,0.2105401025
2020-02-29,2020-05-31,3,liquidity_amount_20_zscore,liquidity_amount_20,20-Day Amount Liquidity,Liquidity,standardized,299,-0.0226710960
2020-03-31,2020-06-30,3,liquidity_amount_20_zscore,liquidity_amount_20,20-Day Amount Liquidity,Liquidity,standardized,300,0.3233644818
2020-04-30,2020-07-31,3,liquidity_amount_20_zscore,liquidity_amount_20,20-Day Amount Liquidity,Liquidity,standardized,299,0.1482175484
2020-05-31,2020-08-31,3,liquidity_amount_20_zscore,liquidity_amount_20,20-Day Amount Liquidity,Liquidity,standardized,299,0.1349945007
2020-06-30,2020-09-30,3,liquidity_amount_20_zscore,liquidity_amount_20,20-Day Amount Liquidity,Liquidity,standardized,299,-0.1266157886
2020-07-31,2020-10-31,3,liquidity_amount_20_zscore,liquidity_amount_20,20-Day Amount Liquidity,Liquidity,standardized,300,-0.1353868376
2020-08-31,2020-11-30,3,liquidity_amount_20_zscore,liquidity_amount_20,20-Day Amount Liquidity,Liquidity,standardized,300,-0.0703132257
2020-09-30,2020-12-31,3,liquidity_amount_20_zscore,liquidity_amount_20,20-Day Amount Liquidity,Liquidity,standardized,300,0.1600373337
2020-10-31,2021-01-31,3,liquidity_amount_20_zscore,liquidity_amount_20,20-Day Amount Liquidity,Liquidity,standardized,300,0.1957754992
2020-11-30,2021-02-28,3,liquidity_amount_20_zscore,liquidity_amount_20,20-Day Amount Liquidity,Liquidity,standardized,300,0.2844787164
2020-12-31,2021-03-31,3,liquidity_amount_20_zscore,liquidity_amount_20,20-Day Amount Liquidity,Liquidity,standardized,300,-0.2220215780
2021-01-31,2021-04-30,3,liquidity_amount_20_zscore,liquidity_amount_20,20-Day Amount Liquidity,Liquidity,standardized,300,-0.2094752164
2021-02-28,2021-05-31,3,liquidity_amount_20_zscore,liquidity_amount_20,20-Day Amount Liquidity,Liquidity,standardized,300,-0.0478505370
2021-03-31,2021-06-30,3,liquidity_amount_20_zscore,liquidity_amount_20,20-Day Amount Liquidity,Liquidity,standardized,299,0.1794949608
2021-04-30,2021-07-31,3,liquidity_amount_20_zscore,liquidity_amount_20,20-Day Amount Liquidity,Liquidity,standardized,300,0.0509552328
2021-05-31,2021-08-31,3,liquidity_amount_20_zscore,liquidity_amount_20,20-Day Amount Liquidity,Liquidity,standardized,300,-0.0489498772
2021-06-30,2021-09-30,3,liquidity_amount_20_zscore,liquidity_amount_20,20-Day Amount Liquidity,Liquidity,standardized,298,-0.2102593124
2021-07-31,2021-10-31,3,liquidity_amount_20_zscore,liquidity_amount_20,20-Day Amount Liquidity,Liquidity,standardized,300,-0.1706099146
2021-08-31,2021-11-30,3,liquidity_amount_20_zscore,liquidity_amount_20,20-Day Amount Liquidity,Liquidity,standardized,300,-0.1156626185
2021-09-30,2021-12-31,3,liquidity_amount_20_zscore,liquidity_amount_20,20-Day Amount Liquidity,Liquidity,standardized,300,-0.1662529209
2021-10-31,2022-01-31,3,liquidity_amount_20_zscore,liquidity_amount_20,20-Day Amount Liquidity,Liquidity,standardized,300,-0.2884507606
2021-11-30,2022-02-28,3,liquidity_amount_20_zscore,liquidity_amount_20,20-Day Amount Liquidity,Liquidity,standardized,300,-0.2399700263
2021-12-31,2022-03-31,3,liquidity_amount_20_zscore,liquidity_amount_20,20-Day Amount Liquidity,Liquidity,standardized,300,-0.2246393849
2022-01-31,2022-04-30,3,liquidity_amount_20_zscore,liquidity_amount_20,20-Day Amount Liquidity,Liquidity,standardized,298,0.0331026818
2022-02-28,2022-05-31,3,liquidity_amount_20_zscore,liquidity_amount_20,20-Day Amount Liquidity,Liquidity,standardized,299,-0.0153307445
2022-03-31,2022-06-30,3,liquidity_amount_20_zscore,liquidity_amount_20,20-Day Amount Liquidity,Liquidity,standardized,300,0.0051978378
2022-04-30,2022-07-31,3,liquidity_amount_20_zscore,liquidity_amount_20,20-Day Amount Liquidity,Liquidity,standardized,300,-0.0857898421
2022-05-31,2022-08-31,3,liquidity_amount_20_zscore,liquidity_amount_20,20-Day Amount Liquidity,Liquidity,standardized,299,-0.0090027160
2022-06-30,2022-09-30,3,liquidity_amount_20_zscore,liquidity_amount_20,20-Day Amount Liquidity,Liquidity,standardized,298,-0.1696140322
2022-07-31,2022-10-31,3,liquidity_amount_20_zscore,liquidity_amount_20,20-Day Amount Liquidity,Liquidity,standardized,300,-0.3139013004
2022-08-31,2022-11-30,3,liquidity_amount_20_zscore,liquidity_amount_20,20-Day Amount Liquidity,Liquidity,standardized,300,-0.3695788142
2022-09-30,2022-12-31,3,liquidity_amount_20_zscore,liquidity_amount_20,20-Day Amount Liquidity,Liquidity,standardized,300,-0.2599717775
2022-10-31,2023-01-31,3,liquidity_amount_20_zscore,liquidity_amount_20,20-Day Amount Liquidity,Liquidity,standardized,300,-0.0135730397
2022-11-30,2023-02-28,3,liquidity_amount_20_zscore,liquidity_amount_20,20-Day Amount Liquidity,Liquidity,standardized,300,-0.1782868897
2022-12-31,2023-03-31,3,liquidity_amount_20_zscore,liquidity_amount_20,20-Day Amount Liquidity,Liquidity,standardized,300,-0.2280478925
2023-01-31,2023-04-30,3,liquidity_amount_20_zscore,liquidity_amount_20,20-Day Amount Liquidity,Liquidity,standardized,300,-0.3119392784
2023-02-28,2023-05-31,3,liquidity_amount_20_zscore,liquidity_amount_20,20-Day Amount Liquidity,Liquidity,standardized,300,-0.1130537006
2023-03-31,2023-06-30,3,liquidity_amount_20_zscore,liquidity_amount_20,20-Day Amount Liquidity,Liquidity,standardized,300,-0.0196291070
2023-04-30,2023-07-31,3,liquidity_amount_20_zscore,liquidity_amount_20,20-Day Amount Liquidity,Liquidity,standardized,300,-0.2103534484
2023-05-31,2023-08-31,3,liquidity_amount_20_zscore,liquidity_amount_20,20-Day Amount Liquidity,Liquidity,standardized,300,-0.0792800008
2023-06-30,2023-09-30,3,liquidity_amount_20_zscore,liquidity_amount_20,20-Day Amount Liquidity,Liquidity,standardized,300,-0.2402022245
2023-07-31,2023-10-31,3,liquidity_amount_20_zscore,liquidity_amount_20,20-Day Amount Liquidity,Liquidity,standardized,300,-0.1681792020
2023-08-31,2023-11-30,3,liquidity_amount_20_zscore,liquidity_amount_20,20-Day Amount Liquidity,Liquidity,standardized,300,-0.1170613007
2023-09-30,2023-12-31,3,liquidity_amount_20_zscore,liquidity_amount_20,20-Day Amount Liquidity,Liquidity,standardized,300,0.0045618285
2023-10-31,2024-01-31,3,liquidity_amount_20_zscore,liquidity_amount_20,20-Day Amount Liquidity,Liquidity,standardized,300,-0.0944570495
2023-11-30,2024-02-29,3,liquidity_amount_20_zscore,liquidity_amount_20,20-Day Amount Liquidity,Liquidity,standardized,300,-0.0316823555
2023-12-31,2024-03-31,3,liquidity_amount_20_zscore,liquidity_amount_20,20-Day Amount Liquidity,Liquidity,standardized,300,-0.0324510272
2024-01-31,2024-04-30,3,liquidity_amount_20_zscore,liquidity_amount_20,20-Day Amount Liquidity,Liquidity,standardized,300,-0.0208395695
2024-02-29,2024-05-31,3,liquidity_amount_20_zscore,liquidity_amount_20,20-Day Amount Liquidity,Liquidity,standardized,300,-0.1016597962
2024-03-31,2024-06-30,3,liquidity_amount_20_zscore,liquidity_amount_20,20-Day Amount Liquidity,Liquidity,standardized,300,-0.0630480409
2024-04-30,2024-07-31,3,liquidity_amount_20_zscore,liquidity_amount_20,20-Day Amount Liquidity,Liquidity,standardized,300,0.0212677919
2024-05-31,2024-08-31,3,liquidity_amount_20_zscore,liquidity_amount_20,20-Day Amount Liquidity,Liquidity,standardized,300,0.0660318448
2024-06-30,2024-09-30,3,liquidity_amount_20_zscore,liquidity_amount_20,20-Day Amount Liquidity,Liquidity,standardized,298,-0.0987172004
2024-07-31,2024-10-31,3,liquidity_amount_20_zscore,liquidity_amount_20,20-Day Amount Liquidity,Liquidity,standardized,300,0.0230078112
2024-08-31,2024-11-30,3,liquidity_amount_20_zscore,liquidity_amount_20,20-Day Amount Liquidity,Liquidity,standardized,300,-0.0952699474
2024-09-30,2024-12-31,3,liquidity_amount_20_zscore,liquidity_amount_20,20-Day Amount Liquidity,Liquidity,standardized,298,0.0827926410
2024-10-31,2025-01-31,3,liquidity_amount_20_zscore,liquidity_amount_20,20-Day Amount Liquidity,Liquidity,standardized,300,-0.0777381971
2024-11-30,2025-02-28,3,liquidity_amount_20_zscore,liquidity_amount_20,20-Day Amount Liquidity,Liquidity,standardized,299,0.0207530718
2024-12-31,2025-03-31,3,liquidity_amount_20_zscore,liquidity_amount_20,20-Day Amount Liquidity,Liquidity,standardized,299,0.0196615115
2025-01-31,2025-04-30,3,liquidity_amount_20_zscore,liquidity_amount_20,20-Day Amount Liquidity,Liquidity,standardized,299,-0.0471437229
2025-02-28,2025-05-31,3,liquidity_amount_20_zscore,liquidity_amount_20,20-Day Amount Liquidity,Liquidity,standardized,299,-0.2112897815
2025-03-31,2025-06-30,3,liquidity_amount_20_zscore,liquidity_amount_20,20-Day Amount Liquidity,Liquidity,standardized,300,0.0937259407
2025-04-30,2025-07-31,3,liquidity_amount_20_zscore,liquidity_amount_20,20-Day Amount Liquidity,Liquidity,standardized,300,0.0660554006
2025-05-31,2025-08-31,3,liquidity_amount_20_zscore,liquidity_amount_20,20-Day Amount Liquidity,Liquidity,standardized,299,0.2266229714
2025-06-30,2025-09-30,3,liquidity_amount_20_zscore,liquidity_amount_20,20-Day Amount Liquidity,Liquidity,standardized,298,0.1432708264
2025-07-31,2025-10-31,3,liquidity_amount_20_zscore,liquidity_amount_20,20-Day Amount Liquidity,Liquidity,standardized,299,0.1317653925
2025-08-31,2025-11-30,3,liquidity_amount_20_zscore,liquidity_amount_20,20-Day Amount Liquidity,Liquidity,standardized,299,-0.1231667078
2025-09-30,2025-12-31,3,liquidity_amount_20_zscore,liquidity_amount_20,20-Day Amount Liquidity,Liquidity,standardized,300,-0.1204173380
2025-10-31,2026-01-31,3,liquidity_amount_20_zscore,liquidity_amount_20,20-Day Amount Liquidity,Liquidity,standardized,300,0.1088856543
2025-11-30,2026-02-28,3,liquidity_amount_20_zscore,liquidity_amount_20,20-Day Amount Liquidity,Liquidity,standardized,300,0.1130439227
2025-12-31,2026-03-31,3,liquidity_amount_20_zscore,liquidity_amount_20,20-Day Amount Liquidity,Liquidity,standardized,299,-0.1212587821
2026-01-31,2026-04-30,3,liquidity_amount_20_zscore,liquidity_amount_20,20-Day Amount Liquidity,Liquidity,standardized,300,0.0687776531
2026-02-28,2026-05-31,3,liquidity_amount_20_zscore,liquidity_amount_20,20-Day Amount Liquidity,Liquidity,standardized,300,0.0969477439
2026-03-31,2026-06-30,3,liquidity_amount_20_zscore,liquidity_amount_20,20-Day Amount Liquidity,Liquidity,standardized,300,0.2233940377
2026-04-30,2026-07-31,3,liquidity_amount_20_zscore,liquidity_amount_20,20-Day Amount Liquidity,Liquidity,standardized,300,-0.1025669174
2026-05-31,2026-08-31,3,liquidity_amount_20_zscore,liquidity_amount_20,20-Day Amount Liquidity,Liquidity,standardized,300,-0.1736677074
2026-06-30,2026-09-08,3,liquidity_amount_20_zscore,liquidity_amount_20,20-Day Amount Liquidity,Liquidity,standardized,300,-0.4904107823
2019-07-31,2019-08-31,1,liquidity_amount_20_neutral,liquidity_amount_20,20-Day Amount Liquidity,Liquidity,neutralized,300,0.0803820132
2019-08-31,2019-09-30,1,liquidity_amount_20_neutral,liquidity_amount_20,20-Day Amount Liquidity,Liquidity,neutralized,300,0.1199823687
2019-09-30,2019-10-31,1,liquidity_amount_20_neutral,liquidity_amount_20,20-Day Amount Liquidity,Liquidity,neutralized,300,-0.0370777700
2019-10-31,2019-11-30,1,liquidity_amount_20_neutral,liquidity_amount_20,20-Day Amount Liquidity,Liquidity,neutralized,300,-0.0454545101
2019-11-30,2019-12-31,1,liquidity_amount_20_neutral,liquidity_amount_20,20-Day Amount Liquidity,Liquidity,neutralized,300,0.1840198429
2019-12-31,2020-01-31,1,liquidity_amount_20_neutral,liquidity_amount_20,20-Day Amount Liquidity,Liquidity,neutralized,300,0.0420189160
2020-01-31,2020-02-29,1,liquidity_amount_20_neutral,liquidity_amount_20,20-Day Amount Liquidity,Liquidity,neutralized,300,0.1648736830
2020-02-29,2020-03-31,1,liquidity_amount_20_neutral,liquidity_amount_20,20-Day Amount Liquidity,Liquidity,neutralized,300,-0.1345757175
2020-03-31,2020-04-30,1,liquidity_amount_20_neutral,liquidity_amount_20,20-Day Amount Liquidity,Liquidity,neutralized,299,0.2142560209
2020-04-30,2020-05-31,1,liquidity_amount_20_neutral,liquidity_amount_20,20-Day Amount Liquidity,Liquidity,neutralized,299,-0.0338542345
2020-05-31,2020-06-30,1,liquidity_amount_20_neutral,liquidity_amount_20,20-Day Amount Liquidity,Liquidity,neutralized,299,0.0998422593
2020-06-30,2020-07-31,1,liquidity_amount_20_neutral,liquidity_amount_20,20-Day Amount Liquidity,Liquidity,neutralized,299,-0.0477048776
2020-07-31,2020-08-31,1,liquidity_amount_20_neutral,liquidity_amount_20,20-Day Amount Liquidity,Liquidity,neutralized,300,-0.1092603737
2020-08-31,2020-09-30,1,liquidity_amount_20_neutral,liquidity_amount_20,20-Day Amount Liquidity,Liquidity,neutralized,300,-0.0292723252
2020-09-30,2020-10-31,1,liquidity_amount_20_neutral,liquidity_amount_20,20-Day Amount Liquidity,Liquidity,neutralized,300,-0.0272754748
2020-10-31,2020-11-30,1,liquidity_amount_20_neutral,liquidity_amount_20,20-Day Amount Liquidity,Liquidity,neutralized,300,0.0224475852
2020-11-30,2020-12-31,1,liquidity_amount_20_neutral,liquidity_amount_20,20-Day Amount Liquidity,Liquidity,neutralized,300,0.0947772964
2020-12-31,2021-01-31,1,liquidity_amount_20_neutral,liquidity_amount_20,20-Day Amount Liquidity,Liquidity,neutralized,300,0.1027082637
2021-01-31,2021-02-28,1,liquidity_amount_20_neutral,liquidity_amount_20,20-Day Amount Liquidity,Liquidity,neutralized,300,-0.0464721235
2021-02-28,2021-03-31,1,liquidity_amount_20_neutral,liquidity_amount_20,20-Day Amount Liquidity,Liquidity,neutralized,300,-0.1927701633
2021-03-31,2021-04-30,1,liquidity_amount_20_neutral,liquidity_amount_20,20-Day Amount Liquidity,Liquidity,neutralized,300,0.0797075966
2021-04-30,2021-05-31,1,liquidity_amount_20_neutral,liquidity_amount_20,20-Day Amount Liquidity,Liquidity,neutralized,300,0.1294729302
2021-05-31,2021-06-30,1,liquidity_amount_20_neutral,liquidity_amount_20,20-Day Amount Liquidity,Liquidity,neutralized,299,0.0138645597
2021-06-30,2021-07-31,1,liquidity_amount_20_neutral,liquidity_amount_20,20-Day Amount Liquidity,Liquidity,neutralized,299,-0.0362689951
2021-07-31,2021-08-31,1,liquidity_amount_20_neutral,liquidity_amount_20,20-Day Amount Liquidity,Liquidity,neutralized,300,-0.0628535873
2021-08-31,2021-09-30,1,liquidity_amount_20_neutral,liquidity_amount_20,20-Day Amount Liquidity,Liquidity,neutralized,300,-0.1329117138
2021-09-30,2021-10-31,1,liquidity_amount_20_neutral,liquidity_amount_20,20-Day Amount Liquidity,Liquidity,neutralized,300,0.0345759551
2021-10-31,2021-11-30,1,liquidity_amount_20_neutral,liquidity_amount_20,20-Day Amount Liquidity,Liquidity,neutralized,300,-0.0170926439
2021-11-30,2021-12-31,1,liquidity_amount_20_neutral,liquidity_amount_20,20-Day Amount Liquidity,Liquidity,neutralized,300,-0.1081325468
2021-12-31,2022-01-31,1,liquidity_amount_20_neutral,liquidity_amount_20,20-Day Amount Liquidity,Liquidity,neutralized,300,-0.1682223136
2022-01-31,2022-02-28,1,liquidity_amount_20_neutral,liquidity_amount_20,20-Day Amount Liquidity,Liquidity,neutralized,298,0.1660506988
2022-02-28,2022-03-31,1,liquidity_amount_20_neutral,liquidity_amount_20,20-Day Amount Liquidity,Liquidity,neutralized,299,0.0330093601
2022-03-31,2022-04-30,1,liquidity_amount_20_neutral,liquidity_amount_20,20-Day Amount Liquidity,Liquidity,neutralized,300,-0.1389104323
2022-04-30,2022-05-31,1,liquidity_amount_20_neutral,liquidity_amount_20,20-Day Amount Liquidity,Liquidity,neutralized,300,0.0061538462
2022-05-31,2022-06-30,1,liquidity_amount_20_neutral,liquidity_amount_20,20-Day Amount Liquidity,Liquidity,neutralized,299,0.1798202262
2022-06-30,2022-07-31,1,liquidity_amount_20_neutral,liquidity_amount_20,20-Day Amount Liquidity,Liquidity,neutralized,298,-0.0983791472
2022-07-31,2022-08-31,1,liquidity_amount_20_neutral,liquidity_amount_20,20-Day Amount Liquidity,Liquidity,neutralized,300,-0.1212875833
2022-08-31,2022-09-30,1,liquidity_amount_20_neutral,liquidity_amount_20,20-Day Amount Liquidity,Liquidity,neutralized,300,-0.1607904711
2022-09-30,2022-10-31,1,liquidity_amount_20_neutral,liquidity_amount_20,20-Day Amount Liquidity,Liquidity,neutralized,300,-0.0935041916
2022-10-31,2022-11-30,1,liquidity_amount_20_neutral,liquidity_amount_20,20-Day Amount Liquidity,Liquidity,neutralized,300,-0.0829458105
2022-11-30,2022-12-31,1,liquidity_amount_20_neutral,liquidity_amount_20,20-Day Amount Liquidity,Liquidity,neutralized,300,-0.0252329498
2022-12-31,2023-01-31,1,liquidity_amount_20_neutral,liquidity_amount_20,20-Day Amount Liquidity,Liquidity,neutralized,300,0.1255765622
2023-01-31,2023-02-28,1,liquidity_amount_20_neutral,liquidity_amount_20,20-Day Amount Liquidity,Liquidity,neutralized,300,-0.3582670919
2023-02-28,2023-03-31,1,liquidity_amount_20_neutral,liquidity_amount_20,20-Day Amount Liquidity,Liquidity,neutralized,300,-0.1386713340
2023-03-31,2023-04-30,1,liquidity_amount_20_neutral,liquidity_amount_20,20-Day Amount Liquidity,Liquidity,neutralized,300,0.0292767697
2023-04-30,2023-05-31,1,liquidity_amount_20_neutral,liquidity_amount_20,20-Day Amount Liquidity,Liquidity,neutralized,300,-0.1221442596
2023-05-31,2023-06-30,1,liquidity_amount_20_neutral,liquidity_amount_20,20-Day Amount Liquidity,Liquidity,neutralized,300,-0.0018989102
2023-06-30,2023-07-31,1,liquidity_amount_20_neutral,liquidity_amount_20,20-Day Amount Liquidity,Liquidity,neutralized,300,-0.0942659468
2023-07-31,2023-08-31,1,liquidity_amount_20_neutral,liquidity_amount_20,20-Day Amount Liquidity,Liquidity,neutralized,300,-0.1356912855
2023-08-31,2023-09-30,1,liquidity_amount_20_neutral,liquidity_amount_20,20-Day Amount Liquidity,Liquidity,neutralized,300,-0.0884461430
2023-09-30,2023-10-31,1,liquidity_amount_20_neutral,liquidity_amount_20,20-Day Amount Liquidity,Liquidity,neutralized,300,-0.0031747019
2023-10-31,2023-11-30,1,liquidity_amount_20_neutral,liquidity_amount_20,20-Day Amount Liquidity,Liquidity,neutralized,300,-0.1240327390
2023-11-30,2023-12-31,1,liquidity_amount_20_neutral,liquidity_amount_20,20-Day Amount Liquidity,Liquidity,neutralized,300,-0.0025013625
2023-12-31,2024-01-31,1,liquidity_amount_20_neutral,liquidity_amount_20,20-Day Amount Liquidity,Liquidity,neutralized,300,-0.1111121358
2024-01-31,2024-02-29,1,liquidity_amount_20_neutral,liquidity_amount_20,20-Day Amount Liquidity,Liquidity,neutralized,300,0.1561450856
2024-02-29,2024-03-31,1,liquidity_amount_20_neutral,liquidity_amount_20,20-Day Amount Liquidity,Liquidity,neutralized,300,-0.0468756320
2024-03-31,2024-04-30,1,liquidity_amount_20_neutral,liquidity_amount_20,20-Day Amount Liquidity,Liquidity,neutralized,300,-0.1512735426
2024-04-30,2024-05-31,1,liquidity_amount_20_neutral,liquidity_amount_20,20-Day Amount Liquidity,Liquidity,neutralized,300,-0.0664063008
2024-05-31,2024-06-30,1,liquidity_amount_20_neutral,liquidity_amount_20,20-Day Amount Liquidity,Liquidity,neutralized,300,0.0005075612
2024-06-30,2024-07-31,1,liquidity_amount_20_neutral,liquidity_amount_20,20-Day Amount Liquidity,Liquidity,neutralized,300,-0.0435569284
2024-07-31,2024-08-31,1,liquidity_amount_20_neutral,liquidity_amount_20,20-Day Amount Liquidity,Liquidity,neutralized,300,-0.1307596751
2024-08-31,2024-09-30,1,liquidity_amount_20_neutral,liquidity_amount_20,20-Day Amount Liquidity,Liquidity,neutralized,298,0.0787913251
2024-09-30,2024-10-31,1,liquidity_amount_20_neutral,liquidity_amount_20,20-Day Amount Liquidity,Liquidity,neutralized,298,0.1234810558
2024-10-31,2024-11-30,1,liquidity_amount_20_neutral,liquidity_amount_20,20-Day Amount Liquidity,Liquidity,neutralized,300,-0.0991716676
2024-11-30,2024-12-31,1,liquidity_amount_20_neutral,liquidity_amount_20,20-Day Amount Liquidity,Liquidity,neutralized,300,-0.1553492989
2024-12-31,2025-01-31,1,liquidity_amount_20_neutral,liquidity_amount_20,20-Day Amount Liquidity,Liquidity,neutralized,300,-0.0182855365
2025-01-31,2025-02-28,1,liquidity_amount_20_neutral,liquidity_amount_20,20-Day Amount Liquidity,Liquidity,neutralized,299,-0.0228740378
2025-02-28,2025-03-31,1,liquidity_amount_20_neutral,liquidity_amount_20,20-Day Amount Liquidity,Liquidity,neutralized,299,-0.0773558481
2025-03-31,2025-04-30,1,liquidity_amount_20_neutral,liquidity_amount_20,20-Day Amount Liquidity,Liquidity,neutralized,300,-0.0388608805
2025-04-30,2025-05-31,1,liquidity_amount_20_neutral,liquidity_amount_20,20-Day Amount Liquidity,Liquidity,neutralized,300,0.0061345140
2025-05-31,2025-06-30,1,liquidity_amount_20_neutral,liquidity_amount_20,20-Day Amount Liquidity,Liquidity,neutralized,300,0.1612534010
2025-06-30,2025-07-31,1,liquidity_amount_20_neutral,liquidity_amount_20,20-Day Amount Liquidity,Liquidity,neutralized,299,0.0604217706
2025-07-31,2025-08-31,1,liquidity_amount_20_neutral,liquidity_amount_20,20-Day Amount Liquidity,Liquidity,neutralized,299,0.0761564007
2025-08-31,2025-09-30,1,liquidity_amount_20_neutral,liquidity_amount_20,20-Day Amount Liquidity,Liquidity,neutralized,299,0.0610982987
2025-09-30,2025-10-31,1,liquidity_amount_20_neutral,liquidity_amount_20,20-Day Amount Liquidity,Liquidity,neutralized,300,-0.1155541906
2025-10-31,2025-11-30,1,liquidity_amount_20_neutral,liquidity_amount_20,20-Day Amount Liquidity,Liquidity,neutralized,300,-0.1023184702
2025-11-30,2025-12-31,1,liquidity_amount_20_neutral,liquidity_amount_20,20-Day Amount Liquidity,Liquidity,neutralized,300,-0.0779906443
2025-12-31,2026-01-31,1,liquidity_amount_20_neutral,liquidity_amount_20,20-Day Amount Liquidity,Liquidity,neutralized,299,0.0247774739
2026-01-31,2026-02-28,1,liquidity_amount_20_neutral,liquidity_amount_20,20-Day Amount Liquidity,Liquidity,neutralized,300,0.0550739453
2026-02-28,2026-03-31,1,liquidity_amount_20_neutral,liquidity_amount_20,20-Day Amount Liquidity,Liquidity,neutralized,300,-0.0761939662
2026-03-31,2026-04-30,1,liquidity_amount_20_neutral,liquidity_amount_20,20-Day Amount Liquidity,Liquidity,neutralized,300,0.1814509857
2026-04-30,2026-05-31,1,liquidity_amount_20_neutral,liquidity_amount_20,20-Day Amount Liquidity,Liquidity,neutralized,300,0.0141157124
2026-05-31,2026-06-30,1,liquidity_amount_20_neutral,liquidity_amount_20,20-Day Amount Liquidity,Liquidity,neutralized,300,0.1365792953
2026-06-30,2026-07-31,1,liquidity_amount_20_neutral,liquidity_amount_20,20-Day Amount Liquidity,Liquidity,neutralized,300,-0.4295589951
2026-07-31,2026-08-31,1,liquidity_amount_20_neutral,liquidity_amount_20,20-Day Amount Liquidity,Liquidity,neutralized,300,0.1315210315
2026-08-31,2026-09-08,1,liquidity_amount_20_neutral,liquidity_amount_20,20-Day Amount Liquidity,Liquidity,neutralized,300,-0.1225566090
2019-07-31,2019-10-31,3,liquidity_amount_20_neutral,liquidity_amount_20,20-Day Amount Liquidity,Liquidity,neutralized,300,0.1000157780
2019-08-31,2019-11-30,3,liquidity_amount_20_neutral,liquidity_amount_20,20-Day Amount Liquidity,Liquidity,neutralized,300,0.0093001033
2019-09-30,2019-12-31,3,liquidity_amount_20_neutral,liquidity_amount_20,20-Day Amount Liquidity,Liquidity,neutralized,300,0.0252069467
2019-10-31,2020-01-31,3,liquidity_amount_20_neutral,liquidity_amount_20,20-Day Amount Liquidity,Liquidity,neutralized,300,0.0924468152
2019-11-30,2020-02-29,3,liquidity_amount_20_neutral,liquidity_amount_20,20-Day Amount Liquidity,Liquidity,neutralized,300,0.1931265903
2019-12-31,2020-03-31,3,liquidity_amount_20_neutral,liquidity_amount_20,20-Day Amount Liquidity,Liquidity,neutralized,300,0.0215762397
2020-01-31,2020-04-30,3,liquidity_amount_20_neutral,liquidity_amount_20,20-Day Amount Liquidity,Liquidity,neutralized,299,0.1602177999
2020-02-29,2020-05-31,3,liquidity_amount_20_neutral,liquidity_amount_20,20-Day Amount Liquidity,Liquidity,neutralized,299,0.0570766088
2020-03-31,2020-06-30,3,liquidity_amount_20_neutral,liquidity_amount_20,20-Day Amount Liquidity,Liquidity,neutralized,300,0.1543892710
2020-04-30,2020-07-31,3,liquidity_amount_20_neutral,liquidity_amount_20,20-Day Amount Liquidity,Liquidity,neutralized,299,0.0354645238
2020-05-31,2020-08-31,3,liquidity_amount_20_neutral,liquidity_amount_20,20-Day Amount Liquidity,Liquidity,neutralized,299,0.0361679873
2020-06-30,2020-09-30,3,liquidity_amount_20_neutral,liquidity_amount_20,20-Day Amount Liquidity,Liquidity,neutralized,299,-0.0392121389
2020-07-31,2020-10-31,3,liquidity_amount_20_neutral,liquidity_amount_20,20-Day Amount Liquidity,Liquidity,neutralized,300,-0.1095781064
2020-08-31,2020-11-30,3,liquidity_amount_20_neutral,liquidity_amount_20,20-Day Amount Liquidity,Liquidity,neutralized,300,-0.0114503494
2020-09-30,2020-12-31,3,liquidity_amount_20_neutral,liquidity_amount_20,20-Day Amount Liquidity,Liquidity,neutralized,300,0.0592242136
2020-10-31,2021-01-31,3,liquidity_amount_20_neutral,liquidity_amount_20,20-Day Amount Liquidity,Liquidity,neutralized,300,0.1145224159
2020-11-30,2021-02-28,3,liquidity_amount_20_neutral,liquidity_amount_20,20-Day Amount Liquidity,Liquidity,neutralized,300,0.1587386527
2020-12-31,2021-03-31,3,liquidity_amount_20_neutral,liquidity_amount_20,20-Day Amount Liquidity,Liquidity,neutralized,300,-0.1169182010
2021-01-31,2021-04-30,3,liquidity_amount_20_neutral,liquidity_amount_20,20-Day Amount Liquidity,Liquidity,neutralized,300,-0.0958472872
2021-02-28,2021-05-31,3,liquidity_amount_20_neutral,liquidity_amount_20,20-Day Amount Liquidity,Liquidity,neutralized,300,-0.0416386941
2021-03-31,2021-06-30,3,liquidity_amount_20_neutral,liquidity_amount_20,20-Day Amount Liquidity,Liquidity,neutralized,299,0.1216756214
2021-04-30,2021-07-31,3,liquidity_amount_20_neutral,liquidity_amount_20,20-Day Amount Liquidity,Liquidity,neutralized,300,0.0148030550
2021-05-31,2021-08-31,3,liquidity_amount_20_neutral,liquidity_amount_20,20-Day Amount Liquidity,Liquidity,neutralized,300,-0.0055405060
2021-06-30,2021-09-30,3,liquidity_amount_20_neutral,liquidity_amount_20,20-Day Amount Liquidity,Liquidity,neutralized,298,-0.1600315516
2021-07-31,2021-10-31,3,liquidity_amount_20_neutral,liquidity_amount_20,20-Day Amount Liquidity,Liquidity,neutralized,300,-0.0543106095
2021-08-31,2021-11-30,3,liquidity_amount_20_neutral,liquidity_amount_20,20-Day Amount Liquidity,Liquidity,neutralized,300,-0.0286358737
2021-09-30,2021-12-31,3,liquidity_amount_20_neutral,liquidity_amount_20,20-Day Amount Liquidity,Liquidity,neutralized,300,-0.0304532611
2021-10-31,2022-01-31,3,liquidity_amount_20_neutral,liquidity_amount_20,20-Day Amount Liquidity,Liquidity,neutralized,300,-0.1583982220
2021-11-30,2022-02-28,3,liquidity_amount_20_neutral,liquidity_amount_20,20-Day Amount Liquidity,Liquidity,neutralized,300,-0.1108607997
2021-12-31,2022-03-31,3,liquidity_amount_20_neutral,liquidity_amount_20,20-Day Amount Liquidity,Liquidity,neutralized,300,-0.0649691663
2022-01-31,2022-04-30,3,liquidity_amount_20_neutral,liquidity_amount_20,20-Day Amount Liquidity,Liquidity,neutralized,298,-0.0462500299
2022-02-28,2022-05-31,3,liquidity_amount_20_neutral,liquidity_amount_20,20-Day Amount Liquidity,Liquidity,neutralized,299,-0.0214845907
2022-03-31,2022-06-30,3,liquidity_amount_20_neutral,liquidity_amount_20,20-Day Amount Liquidity,Liquidity,neutralized,300,-0.0017573536
2022-04-30,2022-07-31,3,liquidity_amount_20_neutral,liquidity_amount_20,20-Day Amount Liquidity,Liquidity,neutralized,300,0.0207064523
2022-05-31,2022-08-31,3,liquidity_amount_20_neutral,liquidity_amount_20,20-Day Amount Liquidity,Liquidity,neutralized,299,0.0400817041
2022-06-30,2022-09-30,3,liquidity_amount_20_neutral,liquidity_amount_20,20-Day Amount Liquidity,Liquidity,neutralized,298,-0.2221689661
2022-07-31,2022-10-31,3,liquidity_amount_20_neutral,liquidity_amount_20,20-Day Amount Liquidity,Liquidity,neutralized,300,-0.2114923734
2022-08-31,2022-11-30,3,liquidity_amount_20_neutral,liquidity_amount_20,20-Day Amount Liquidity,Liquidity,neutralized,300,-0.2493265758
2022-09-30,2022-12-31,3,liquidity_amount_20_neutral,liquidity_amount_20,20-Day Amount Liquidity,Liquidity,neutralized,300,-0.1264991833
2022-10-31,2023-01-31,3,liquidity_amount_20_neutral,liquidity_amount_20,20-Day Amount Liquidity,Liquidity,neutralized,300,-0.0345257170
2022-11-30,2023-02-28,3,liquidity_amount_20_neutral,liquidity_amount_20,20-Day Amount Liquidity,Liquidity,neutralized,300,-0.1406344827
2022-12-31,2023-03-31,3,liquidity_amount_20_neutral,liquidity_amount_20,20-Day Amount Liquidity,Liquidity,neutralized,300,-0.1919530430
2023-01-31,2023-04-30,3,liquidity_amount_20_neutral,liquidity_amount_20,20-Day Amount Liquidity,Liquidity,neutralized,300,-0.3058507657
2023-02-28,2023-05-31,3,liquidity_amount_20_neutral,liquidity_amount_20,20-Day Amount Liquidity,Liquidity,neutralized,300,-0.1451260570
2023-03-31,2023-06-30,3,liquidity_amount_20_neutral,liquidity_amount_20,20-Day Amount Liquidity,Liquidity,neutralized,300,-0.0860378449
2023-04-30,2023-07-31,3,liquidity_amount_20_neutral,liquidity_amount_20,20-Day Amount Liquidity,Liquidity,neutralized,300,-0.2069409660
2023-05-31,2023-08-31,3,liquidity_amount_20_neutral,liquidity_amount_20,20-Day Amount Liquidity,Liquidity,neutralized,300,-0.1099681230
2023-06-30,2023-09-30,3,liquidity_amount_20_neutral,liquidity_amount_20,20-Day Amount Liquidity,Liquidity,neutralized,300,-0.1419462596
2023-07-31,2023-10-31,3,liquidity_amount_20_neutral,liquidity_amount_20,20-Day Amount Liquidity,Liquidity,neutralized,300,-0.1429598107
2023-08-31,2023-11-30,3,liquidity_amount_20_neutral,liquidity_amount_20,20-Day Amount Liquidity,Liquidity,neutralized,300,-0.1193013256
2023-09-30,2023-12-31,3,liquidity_amount_20_neutral,liquidity_amount_20,20-Day Amount Liquidity,Liquidity,neutralized,300,-0.0253793931
2023-10-31,2024-01-31,3,liquidity_amount_20_neutral,liquidity_amount_20,20-Day Amount Liquidity,Liquidity,neutralized,300,-0.1499312381
2023-11-30,2024-02-29,3,liquidity_amount_20_neutral,liquidity_amount_20,20-Day Amount Liquidity,Liquidity,neutralized,300,-0.0561570747
2023-12-31,2024-03-31,3,liquidity_amount_20_neutral,liquidity_amount_20,20-Day Amount Liquidity,Liquidity,neutralized,300,-0.0168495224
2024-01-31,2024-04-30,3,liquidity_amount_20_neutral,liquidity_amount_20,20-Day Amount Liquidity,Liquidity,neutralized,300,-0.0184795428
2024-02-29,2024-05-31,3,liquidity_amount_20_neutral,liquidity_amount_20,20-Day Amount Liquidity,Liquidity,neutralized,300,-0.1526741408
2024-03-31,2024-06-30,3,liquidity_amount_20_neutral,liquidity_amount_20,20-Day Amount Liquidity,Liquidity,neutralized,300,-0.1314656976
2024-04-30,2024-07-31,3,liquidity_amount_20_neutral,liquidity_amount_20,20-Day Amount Liquidity,Liquidity,neutralized,300,-0.0616529141
2024-05-31,2024-08-31,3,liquidity_amount_20_neutral,liquidity_amount_20,20-Day Amount Liquidity,Liquidity,neutralized,300,-0.1148519428
2024-06-30,2024-09-30,3,liquidity_amount_20_neutral,liquidity_amount_20,20-Day Amount Liquidity,Liquidity,neutralized,298,-0.0510004595
2024-07-31,2024-10-31,3,liquidity_amount_20_neutral,liquidity_amount_20,20-Day Amount Liquidity,Liquidity,neutralized,300,0.0857929533
2024-08-31,2024-11-30,3,liquidity_amount_20_neutral,liquidity_amount_20,20-Day Amount Liquidity,Liquidity,neutralized,300,0.0668198536
2024-09-30,2024-12-31,3,liquidity_amount_20_neutral,liquidity_amount_20,20-Day Amount Liquidity,Liquidity,neutralized,298,0.0367580090
2024-10-31,2025-01-31,3,liquidity_amount_20_neutral,liquidity_amount_20,20-Day Amount Liquidity,Liquidity,neutralized,300,-0.1693296780
2024-11-30,2025-02-28,3,liquidity_amount_20_neutral,liquidity_amount_20,20-Day Amount Liquidity,Liquidity,neutralized,299,-0.1187681800
2024-12-31,2025-03-31,3,liquidity_amount_20_neutral,liquidity_amount_20,20-Day Amount Liquidity,Liquidity,neutralized,299,-0.0244578124
2025-01-31,2025-04-30,3,liquidity_amount_20_neutral,liquidity_amount_20,20-Day Amount Liquidity,Liquidity,neutralized,299,-0.0681253023
2025-02-28,2025-05-31,3,liquidity_amount_20_neutral,liquidity_amount_20,20-Day Amount Liquidity,Liquidity,neutralized,299,-0.0705052795
2025-03-31,2025-06-30,3,liquidity_amount_20_neutral,liquidity_amount_20,20-Day Amount Liquidity,Liquidity,neutralized,300,0.0852674013
2025-04-30,2025-07-31,3,liquidity_amount_20_neutral,liquidity_amount_20,20-Day Amount Liquidity,Liquidity,neutralized,300,0.0859147324
2025-05-31,2025-08-31,3,liquidity_amount_20_neutral,liquidity_amount_20,20-Day Amount Liquidity,Liquidity,neutralized,299,0.1752091255
2025-06-30,2025-09-30,3,liquidity_amount_20_neutral,liquidity_amount_20,20-Day Amount Liquidity,Liquidity,neutralized,298,0.1434474646
2025-07-31,2025-10-31,3,liquidity_amount_20_neutral,liquidity_amount_20,20-Day Amount Liquidity,Liquidity,neutralized,299,0.0621750354
2025-08-31,2025-11-30,3,liquidity_amount_20_neutral,liquidity_amount_20,20-Day Amount Liquidity,Liquidity,neutralized,299,-0.0436549172
2025-09-30,2025-12-31,3,liquidity_amount_20_neutral,liquidity_amount_20,20-Day Amount Liquidity,Liquidity,neutralized,300,-0.1189657795
2025-10-31,2026-01-31,3,liquidity_amount_20_neutral,liquidity_amount_20,20-Day Amount Liquidity,Liquidity,neutralized,300,0.0013760153
2025-11-30,2026-02-28,3,liquidity_amount_20_neutral,liquidity_amount_20,20-Day Amount Liquidity,Liquidity,neutralized,300,0.0202562251
2025-12-31,2026-03-31,3,liquidity_amount_20_neutral,liquidity_amount_20,20-Day Amount Liquidity,Liquidity,neutralized,299,0.0463428430
2026-01-31,2026-04-30,3,liquidity_amount_20_neutral,liquidity_amount_20,20-Day Amount Liquidity,Liquidity,neutralized,300,0.0980188669
2026-02-28,2026-05-31,3,liquidity_amount_20_neutral,liquidity_amount_20,20-Day Amount Liquidity,Liquidity,neutralized,300,0.0474120824
2026-03-31,2026-06-30,3,liquidity_amount_20_neutral,liquidity_amount_20,20-Day Amount Liquidity,Liquidity,neutralized,300,0.0805493394
2026-04-30,2026-07-31,3,liquidity_amount_20_neutral,liquidity_amount_20,20-Day Amount Liquidity,Liquidity,neutralized,300,-0.1829722552
2026-05-31,2026-08-31,3,liquidity_amount_20_neutral,liquidity_amount_20,20-Day Amount Liquidity,Liquidity,neutralized,300,-0.1649400549
2026-06-30,2026-09-08,3,liquidity_amount_20_neutral,liquidity_amount_20,20-Day Amount Liquidity,Liquidity,neutralized,300,-0.3750028334
2019-07-31,2019-08-31,1,turnover_20_zscore,turnover_20,20-Day Turnover,Liquidity,standardized,300,0.1407511399
2019-08-31,2019-09-30,1,turnover_20_zscore,turnover_20,20-Day Turnover,Liquidity,standardized,300,0.0775313042
2019-09-30,2019-10-31,1,turnover_20_zscore,turnover_20,20-Day Turnover,Liquidity,standardized,300,-0.1224394028
2019-10-31,2019-11-30,1,turnover_20_zscore,turnover_20,20-Day Turnover,Liquidity,standardized,300,-0.0451782603
2019-11-30,2019-12-31,1,turnover_20_zscore,turnover_20,20-Day Turnover,Liquidity,standardized,300,0.2722462885
2019-12-31,2020-01-31,1,turnover_20_zscore,turnover_20,20-Day Turnover,Liquidity,standardized,300,0.2310045677
2020-01-31,2020-02-29,1,turnover_20_zscore,turnover_20,20-Day Turnover,Liquidity,standardized,300,0.3298573765
2020-02-29,2020-03-31,1,turnover_20_zscore,turnover_20,20-Day Turnover,Liquidity,standardized,300,-0.3579883428
2020-03-31,2020-04-30,1,turnover_20_zscore,turnover_20,20-Day Turnover,Liquidity,standardized,299,0.2980086042
2020-04-30,2020-05-31,1,turnover_20_zscore,turnover_20,20-Day Turnover,Liquidity,standardized,299,0.0247157264
2020-05-31,2020-06-30,1,turnover_20_zscore,turnover_20,20-Day Turnover,Liquidity,standardized,299,0.3047768702
2020-06-30,2020-07-31,1,turnover_20_zscore,turnover_20,20-Day Turnover,Liquidity,standardized,299,0.0180854720
2020-07-31,2020-08-31,1,turnover_20_zscore,turnover_20,20-Day Turnover,Liquidity,standardized,300,-0.3089868988
2020-08-31,2020-09-30,1,turnover_20_zscore,turnover_20,20-Day Turnover,Liquidity,standardized,300,-0.2317123308
2020-09-30,2020-10-31,1,turnover_20_zscore,turnover_20,20-Day Turnover,Liquidity,standardized,300,-0.1670751908
2020-10-31,2020-11-30,1,turnover_20_zscore,turnover_20,20-Day Turnover,Liquidity,standardized,300,-0.0793826228
2020-11-30,2020-12-31,1,turnover_20_zscore,turnover_20,20-Day Turnover,Liquidity,standardized,300,0.1162038178
2020-12-31,2021-01-31,1,turnover_20_zscore,turnover_20,20-Day Turnover,Liquidity,standardized,300,0.0272121346
2021-01-31,2021-02-28,1,turnover_20_zscore,turnover_20,20-Day Turnover,Liquidity,standardized,300,-0.1784535418
2021-02-28,2021-03-31,1,turnover_20_zscore,turnover_20,20-Day Turnover,Liquidity,standardized,300,-0.3884696928
2021-03-31,2021-04-30,1,turnover_20_zscore,turnover_20,20-Day Turnover,Liquidity,standardized,300,0.1561697072
2021-04-30,2021-05-31,1,turnover_20_zscore,turnover_20,20-Day Turnover,Liquidity,standardized,300,0.1477618365
2021-05-31,2021-06-30,1,turnover_20_zscore,turnover_20,20-Day Turnover,Liquidity,standardized,299,0.0733025190
2021-06-30,2021-07-31,1,turnover_20_zscore,turnover_20,20-Day Turnover,Liquidity,standardized,299,0.0318453152
2021-07-31,2021-08-31,1,turnover_20_zscore,turnover_20,20-Day Turnover,Liquidity,standardized,300,-0.1918731036
2021-08-31,2021-09-30,1,turnover_20_zscore,turnover_20,20-Day Turnover,Liquidity,standardized,300,-0.3068695801
2021-09-30,2021-10-31,1,turnover_20_zscore,turnover_20,20-Day Turnover,Liquidity,standardized,300,-0.1706679230
2021-10-31,2021-11-30,1,turnover_20_zscore,turnover_20,20-Day Turnover,Liquidity,standardized,300,0.1444306221
2021-11-30,2021-12-31,1,turnover_20_zscore,turnover_20,20-Day Turnover,Liquidity,standardized,300,-0.1377565261
2021-12-31,2022-01-31,1,turnover_20_zscore,turnover_20,20-Day Turnover,Liquidity,standardized,300,-0.4244158811
2022-01-31,2022-02-28,1,turnover_20_zscore,turnover_20,20-Day Turnover,Liquidity,standardized,298,0.1691365473
2022-02-28,2022-03-31,1,turnover_20_zscore,turnover_20,20-Day Turnover,Liquidity,standardized,299,-0.1233045412
2022-03-31,2022-04-30,1,turnover_20_zscore,turnover_20,20-Day Turnover,Liquidity,standardized,300,-0.3330562931
2022-04-30,2022-05-31,1,turnover_20_zscore,turnover_20,20-Day Turnover,Liquidity,standardized,300,0.1197164546
2022-05-31,2022-06-30,1,turnover_20_zscore,turnover_20,20-Day Turnover,Liquidity,standardized,299,0.2265034355
2022-06-30,2022-07-31,1,turnover_20_zscore,turnover_20,20-Day Turnover,Liquidity,standardized,298,-0.0845707468
2022-07-31,2022-08-31,1,turnover_20_zscore,turnover_20,20-Day Turnover,Liquidity,standardized,300,-0.3277074945
2022-08-31,2022-09-30,1,turnover_20_zscore,turnover_20,20-Day Turnover,Liquidity,standardized,300,-0.4283770611
2022-09-30,2022-10-31,1,turnover_20_zscore,turnover_20,20-Day Turnover,Liquidity,standardized,300,0.0233480735
2022-10-31,2022-11-30,1,turnover_20_zscore,turnover_20,20-Day Turnover,Liquidity,standardized,300,-0.1777504985
2022-11-30,2022-12-31,1,turnover_20_zscore,turnover_20,20-Day Turnover,Liquidity,standardized,300,-0.1353673420
2022-12-31,2023-01-31,1,turnover_20_zscore,turnover_20,20-Day Turnover,Liquidity,standardized,300,0.2593501369
2023-01-31,2023-02-28,1,turnover_20_zscore,turnover_20,20-Day Turnover,Liquidity,standardized,300,-0.2986047839
2023-02-28,2023-03-31,1,turnover_20_zscore,turnover_20,20-Day Turnover,Liquidity,standardized,300,-0.0298222284
2023-03-31,2023-04-30,1,turnover_20_zscore,turnover_20,20-Day Turnover,Liquidity,standardized,300,-0.2269562145
2023-04-30,2023-05-31,1,turnover_20_zscore,turnover_20,20-Day Turnover,Liquidity,standardized,300,-0.0835796273
2023-05-31,2023-06-30,1,turnover_20_zscore,turnover_20,20-Day Turnover,Liquidity,standardized,300,-0.0231316513
2023-06-30,2023-07-31,1,turnover_20_zscore,turnover_20,20-Day Turnover,Liquidity,standardized,300,-0.3127493423
2023-07-31,2023-08-31,1,turnover_20_zscore,turnover_20,20-Day Turnover,Liquidity,standardized,300,-0.2117808609
2023-08-31,2023-09-30,1,turnover_20_zscore,turnover_20,20-Day Turnover,Liquidity,standardized,300,-0.3016631057
2023-09-30,2023-10-31,1,turnover_20_zscore,turnover_20,20-Day Turnover,Liquidity,standardized,300,-0.0448431390
2023-10-31,2023-11-30,1,turnover_20_zscore,turnover_20,20-Day Turnover,Liquidity,standardized,300,-0.1393289766
2023-11-30,2023-12-31,1,turnover_20_zscore,turnover_20,20-Day Turnover,Liquidity,standardized,300,-0.0393205130
2023-12-31,2024-01-31,1,turnover_20_zscore,turnover_20,20-Day Turnover,Liquidity,standardized,300,-0.5323390392
2024-01-31,2024-02-29,1,turnover_20_zscore,turnover_20,20-Day Turnover,Liquidity,standardized,300,0.4190581427
2024-02-29,2024-03-31,1,turnover_20_zscore,turnover_20,20-Day Turnover,Liquidity,standardized,300,-0.1980522760
2024-03-31,2024-04-30,1,turnover_20_zscore,turnover_20,20-Day Turnover,Liquidity,standardized,300,-0.2839583238
2024-04-30,2024-05-31,1,turnover_20_zscore,turnover_20,20-Day Turnover,Liquidity,standardized,300,-0.1179526611
2024-05-31,2024-06-30,1,turnover_20_zscore,turnover_20,20-Day Turnover,Liquidity,standardized,300,-0.2054973047
2024-06-30,2024-07-31,1,turnover_20_zscore,turnover_20,20-Day Turnover,Liquidity,standardized,300,0.0093255613
2024-07-31,2024-08-31,1,turnover_20_zscore,turnover_20,20-Day Turnover,Liquidity,standardized,300,-0.3527776568
2024-08-31,2024-09-30,1,turnover_20_zscore,turnover_20,20-Day Turnover,Liquidity,standardized,298,0.3214442240
2024-09-30,2024-10-31,1,turnover_20_zscore,turnover_20,20-Day Turnover,Liquidity,standardized,298,0.3420805554
2024-10-31,2024-11-30,1,turnover_20_zscore,turnover_20,20-Day Turnover,Liquidity,standardized,300,-0.0442204623
2024-11-30,2024-12-31,1,turnover_20_zscore,turnover_20,20-Day Turnover,Liquidity,standardized,300,-0.4047000717
2024-12-31,2025-01-31,1,turnover_20_zscore,turnover_20,20-Day Turnover,Liquidity,standardized,300,0.0122786821
2025-01-31,2025-02-28,1,turnover_20_zscore,turnover_20,20-Day Turnover,Liquidity,standardized,299,0.2149034142
2025-02-28,2025-03-31,1,turnover_20_zscore,turnover_20,20-Day Turnover,Liquidity,standardized,299,-0.2738608624
2025-03-31,2025-04-30,1,turnover_20_zscore,turnover_20,20-Day Turnover,Liquidity,standardized,300,-0.3261707046
2025-04-30,2025-05-31,1,turnover_20_zscore,turnover_20,20-Day Turnover,Liquidity,standardized,300,-0.2146444598
2025-05-31,2025-06-30,1,turnover_20_zscore,turnover_20,20-Day Turnover,Liquidity,standardized,300,0.3316559218
2025-06-30,2025-07-31,1,turnover_20_zscore,turnover_20,20-Day Turnover,Liquidity,standardized,299,0.1843185019
2025-07-31,2025-08-31,1,turnover_20_zscore,turnover_20,20-Day Turnover,Liquidity,standardized,299,0.4061699042
2025-08-31,2025-09-30,1,turnover_20_zscore,turnover_20,20-Day Turnover,Liquidity,standardized,299,0.3186847821
2025-09-30,2025-10-31,1,turnover_20_zscore,turnover_20,20-Day Turnover,Liquidity,standardized,300,-0.3088058255
2025-10-31,2025-11-30,1,turnover_20_zscore,turnover_20,20-Day Turnover,Liquidity,standardized,300,-0.4219759016
2025-11-30,2025-12-31,1,turnover_20_zscore,turnover_20,20-Day Turnover,Liquidity,standardized,300,0.1559078526
2025-12-31,2026-01-31,1,turnover_20_zscore,turnover_20,20-Day Turnover,Liquidity,standardized,299,0.2331098759
2026-01-31,2026-02-28,1,turnover_20_zscore,turnover_20,20-Day Turnover,Liquidity,standardized,300,0.0034104956
2026-02-28,2026-03-31,1,turnover_20_zscore,turnover_20,20-Day Turnover,Liquidity,standardized,300,-0.4309536233
2026-03-31,2026-04-30,1,turnover_20_zscore,turnover_20,20-Day Turnover,Liquidity,standardized,300,0.3796698608
2026-04-30,2026-05-31,1,turnover_20_zscore,turnover_20,20-Day Turnover,Liquidity,standardized,300,0.0682564079
2026-05-31,2026-06-30,1,turnover_20_zscore,turnover_20,20-Day Turnover,Liquidity,standardized,300,0.2334587133
2026-06-30,2026-07-31,1,turnover_20_zscore,turnover_20,20-Day Turnover,Liquidity,standardized,300,-0.6441674332
2026-07-31,2026-08-31,1,turnover_20_zscore,turnover_20,20-Day Turnover,Liquidity,standardized,300,0.3273923003
2026-08-31,2026-09-08,1,turnover_20_zscore,turnover_20,20-Day Turnover,Liquidity,standardized,300,-0.3640735546
2019-07-31,2019-10-31,3,turnover_20_zscore,turnover_20,20-Day Turnover,Liquidity,standardized,300,0.1026734428
2019-08-31,2019-11-30,3,turnover_20_zscore,turnover_20,20-Day Turnover,Liquidity,standardized,300,-0.0004051592
2019-09-30,2019-12-31,3,turnover_20_zscore,turnover_20,20-Day Turnover,Liquidity,standardized,300,0.1173086195
2019-10-31,2020-01-31,3,turnover_20_zscore,turnover_20,20-Day Turnover,Liquidity,standardized,300,0.3070262816
2019-11-30,2020-02-29,3,turnover_20_zscore,turnover_20,20-Day Turnover,Liquidity,standardized,300,0.4594499098
2019-12-31,2020-03-31,3,turnover_20_zscore,turnover_20,20-Day Turnover,Liquidity,standardized,300,0.1055801295
2020-01-31,2020-04-30,3,turnover_20_zscore,turnover_20,20-Day Turnover,Liquidity,standardized,299,0.0974628886
2020-02-29,2020-05-31,3,turnover_20_zscore,turnover_20,20-Day Turnover,Liquidity,standardized,299,-0.0618759418
2020-03-31,2020-06-30,3,turnover_20_zscore,turnover_20,20-Day Turnover,Liquidity,standardized,300,0.3585006152
2020-04-30,2020-07-31,3,turnover_20_zscore,turnover_20,20-Day Turnover,Liquidity,standardized,299,0.2851540005
2020-05-31,2020-08-31,3,turnover_20_zscore,turnover_20,20-Day Turnover,Liquidity,standardized,299,0.1409116014
2020-06-30,2020-09-30,3,turnover_20_zscore,turnover_20,20-Day Turnover,Liquidity,standardized,299,-0.1829853802
2020-07-31,2020-10-31,3,turnover_20_zscore,turnover_20,20-Day Turnover,Liquidity,standardized,300,-0.4105186151
2020-08-31,2020-11-30,3,turnover_20_zscore,turnover_20,20-Day Turnover,Liquidity,standardized,300,-0.2106260375
2020-09-30,2020-12-31,3,turnover_20_zscore,turnover_20,20-Day Turnover,Liquidity,standardized,300,-0.0448849631
2020-10-31,2021-01-31,3,turnover_20_zscore,turnover_20,20-Day Turnover,Liquidity,standardized,300,0.0436526790
2020-11-30,2021-02-28,3,turnover_20_zscore,turnover_20,20-Day Turnover,Liquidity,standardized,300,0.1228763521
2020-12-31,2021-03-31,3,turnover_20_zscore,turnover_20,20-Day Turnover,Liquidity,standardized,300,-0.2903858836
2021-01-31,2021-04-30,3,turnover_20_zscore,turnover_20,20-Day Turnover,Liquidity,standardized,300,-0.2947241986
2021-02-28,2021-05-31,3,turnover_20_zscore,turnover_20,20-Day Turnover,Liquidity,standardized,300,-0.1579869016
2021-03-31,2021-06-30,3,turnover_20_zscore,turnover_20,20-Day Turnover,Liquidity,standardized,299,0.2199515610
2021-04-30,2021-07-31,3,turnover_20_zscore,turnover_20,20-Day Turnover,Liquidity,standardized,300,0.1209287628
2021-05-31,2021-08-31,3,turnover_20_zscore,turnover_20,20-Day Turnover,Liquidity,standardized,300,0.0308698684
2021-06-30,2021-09-30,3,turnover_20_zscore,turnover_20,20-Day Turnover,Liquidity,standardized,298,-0.2551767388
2021-07-31,2021-10-31,3,turnover_20_zscore,turnover_20,20-Day Turnover,Liquidity,standardized,300,-0.3408239455
2021-08-31,2021-11-30,3,turnover_20_zscore,turnover_20,20-Day Turnover,Liquidity,standardized,300,-0.1359944604
2021-09-30,2021-12-31,3,turnover_20_zscore,turnover_20,20-Day Turnover,Liquidity,standardized,300,-0.0810574951
2021-10-31,2022-01-31,3,turnover_20_zscore,turnover_20,20-Day Turnover,Liquidity,standardized,300,-0.2356756123
2021-11-30,2022-02-28,3,turnover_20_zscore,turnover_20,20-Day Turnover,Liquidity,standardized,300,-0.3696531414
2021-12-31,2022-03-31,3,turnover_20_zscore,turnover_20,20-Day Turnover,Liquidity,standardized,300,-0.2911447708
2022-01-31,2022-04-30,3,turnover_20_zscore,turnover_20,20-Day Turnover,Liquidity,standardized,298,-0.2054527477
2022-02-28,2022-05-31,3,turnover_20_zscore,turnover_20,20-Day Turnover,Liquidity,standardized,299,-0.2114697999
2022-03-31,2022-06-30,3,turnover_20_zscore,turnover_20,20-Day Turnover,Liquidity,standardized,300,-0.0266118749
2022-04-30,2022-07-31,3,turnover_20_zscore,turnover_20,20-Day Turnover,Liquidity,standardized,300,0.1182315490
2022-05-31,2022-08-31,3,turnover_20_zscore,turnover_20,20-Day Turnover,Liquidity,standardized,299,-0.0326055336
2022-06-30,2022-09-30,3,turnover_20_zscore,turnover_20,20-Day Turnover,Liquidity,standardized,298,-0.4509906261
2022-07-31,2022-10-31,3,turnover_20_zscore,turnover_20,20-Day Turnover,Liquidity,standardized,300,-0.2940024620
2022-08-31,2022-11-30,3,turnover_20_zscore,turnover_20,20-Day Turnover,Liquidity,standardized,300,-0.3404419766
2022-09-30,2022-12-31,3,turnover_20_zscore,turnover_20,20-Day Turnover,Liquidity,standardized,300,-0.1080406538
2022-10-31,2023-01-31,3,turnover_20_zscore,turnover_20,20-Day Turnover,Liquidity,standardized,300,-0.0114641325
2022-11-30,2023-02-28,3,turnover_20_zscore,turnover_20,20-Day Turnover,Liquidity,standardized,300,-0.0357221945
2022-12-31,2023-03-31,3,turnover_20_zscore,turnover_20,20-Day Turnover,Liquidity,standardized,300,-0.0915319263
2023-01-31,2023-04-30,3,turnover_20_zscore,turnover_20,20-Day Turnover,Liquidity,standardized,300,-0.3498189701
2023-02-28,2023-05-31,3,turnover_20_zscore,turnover_20,20-Day Turnover,Liquidity,standardized,300,-0.1559776730
2023-03-31,2023-06-30,3,turnover_20_zscore,turnover_20,20-Day Turnover,Liquidity,standardized,300,-0.2083962053
2023-04-30,2023-07-31,3,turnover_20_zscore,turnover_20,20-Day Turnover,Liquidity,standardized,300,-0.3141910901
2023-05-31,2023-08-31,3,turnover_20_zscore,turnover_20,20-Day Turnover,Liquidity,standardized,300,-0.2846053604
2023-06-30,2023-09-30,3,turnover_20_zscore,turnover_20,20-Day Turnover,Liquidity,standardized,300,-0.4333002953
2023-07-31,2023-10-31,3,turnover_20_zscore,turnover_20,20-Day Turnover,Liquidity,standardized,300,-0.2777961367
2023-08-31,2023-11-30,3,turnover_20_zscore,turnover_20,20-Day Turnover,Liquidity,standardized,300,-0.2019795517
2023-09-30,2023-12-31,3,turnover_20_zscore,turnover_20,20-Day Turnover,Liquidity,standardized,300,-0.0666755854
2023-10-31,2024-01-31,3,turnover_20_zscore,turnover_20,20-Day Turnover,Liquidity,standardized,300,-0.4970411812
2023-11-30,2024-02-29,3,turnover_20_zscore,turnover_20,20-Day Turnover,Liquidity,standardized,300,-0.3502310180
2023-12-31,2024-03-31,3,turnover_20_zscore,turnover_20,20-Day Turnover,Liquidity,standardized,300,-0.3213288981
2024-01-31,2024-04-30,3,turnover_20_zscore,turnover_20,20-Day Turnover,Liquidity,standardized,300,-0.0525476156
2024-02-29,2024-05-31,3,turnover_20_zscore,turnover_20,20-Day Turnover,Liquidity,standardized,300,-0.3493907321
2024-03-31,2024-06-30,3,turnover_20_zscore,turnover_20,20-Day Turnover,Liquidity,standardized,300,-0.3034712243
2024-04-30,2024-07-31,3,turnover_20_zscore,turnover_20,20-Day Turnover,Liquidity,standardized,300,-0.1746736031
2024-05-31,2024-08-31,3,turnover_20_zscore,turnover_20,20-Day Turnover,Liquidity,standardized,300,-0.3045116788
2024-06-30,2024-09-30,3,turnover_20_zscore,turnover_20,20-Day Turnover,Liquidity,standardized,298,0.0650422283
2024-07-31,2024-10-31,3,turnover_20_zscore,turnover_20,20-Day Turnover,Liquidity,standardized,300,0.3079414068
2024-08-31,2024-11-30,3,turnover_20_zscore,turnover_20,20-Day Turnover,Liquidity,standardized,300,0.3688157625
2024-09-30,2024-12-31,3,turnover_20_zscore,turnover_20,20-Day Turnover,Liquidity,standardized,298,0.0017839219
2024-10-31,2025-01-31,3,turnover_20_zscore,turnover_20,20-Day Turnover,Liquidity,standardized,300,-0.2953829197
2024-11-30,2025-02-28,3,turnover_20_zscore,turnover_20,20-Day Turnover,Liquidity,standardized,299,-0.1214511250
2024-12-31,2025-03-31,3,turnover_20_zscore,turnover_20,20-Day Turnover,Liquidity,standardized,299,0.1070109325
2025-01-31,2025-04-30,3,turnover_20_zscore,turnover_20,20-Day Turnover,Liquidity,standardized,299,-0.1465497985
2025-02-28,2025-05-31,3,turnover_20_zscore,turnover_20,20-Day Turnover,Liquidity,standardized,299,-0.4382389437
2025-03-31,2025-06-30,3,turnover_20_zscore,turnover_20,20-Day Turnover,Liquidity,standardized,300,-0.1081768903
2025-04-30,2025-07-31,3,turnover_20_zscore,turnover_20,20-Day Turnover,Liquidity,standardized,300,0.1298486691
2025-05-31,2025-08-31,3,turnover_20_zscore,turnover_20,20-Day Turnover,Liquidity,standardized,299,0.5054544965
2025-06-30,2025-09-30,3,turnover_20_zscore,turnover_20,20-Day Turnover,Liquidity,standardized,298,0.5111302681
2025-07-31,2025-10-31,3,turnover_20_zscore,turnover_20,20-Day Turnover,Liquidity,standardized,299,0.3313084629
2025-08-31,2025-11-30,3,turnover_20_zscore,turnover_20,20-Day Turnover,Liquidity,standardized,299,-0.1604462176
2025-09-30,2025-12-31,3,turnover_20_zscore,turnover_20,20-Day Turnover,Liquidity,standardized,300,-0.2847770288
2025-10-31,2026-01-31,3,turnover_20_zscore,turnover_20,20-Day Turnover,Liquidity,standardized,300,0.1455288420
2025-11-30,2026-02-28,3,turnover_20_zscore,turnover_20,20-Day Turnover,Liquidity,standardized,300,0.2956300049
2025-12-31,2026-03-31,3,turnover_20_zscore,turnover_20,20-Day Turnover,Liquidity,standardized,299,-0.1314265577
2026-01-31,2026-04-30,3,turnover_20_zscore,turnover_20,20-Day Turnover,Liquidity,standardized,300,-0.0478033837
2026-02-28,2026-05-31,3,turnover_20_zscore,turnover_20,20-Day Turnover,Liquidity,standardized,300,-0.0499378602
2026-03-31,2026-06-30,3,turnover_20_zscore,turnover_20,20-Day Turnover,Liquidity,standardized,300,0.1550471319
2026-04-30,2026-07-31,3,turnover_20_zscore,turnover_20,20-Day Turnover,Liquidity,standardized,300,-0.3002110333
2026-05-31,2026-08-31,3,turnover_20_zscore,turnover_20,20-Day Turnover,Liquidity,standardized,300,-0.3537750210
2026-06-30,2026-09-08,3,turnover_20_zscore,turnover_20,20-Day Turnover,Liquidity,standardized,300,-0.5946159896
2019-07-31,2019-08-31,1,turnover_20_neutral,turnover_20,20-Day Turnover,Liquidity,neutralized,300,0.0735112776
2019-08-31,2019-09-30,1,turnover_20_neutral,turnover_20,20-Day Turnover,Liquidity,neutralized,300,0.0792471996
2019-09-30,2019-10-31,1,turnover_20_neutral,turnover_20,20-Day Turnover,Liquidity,neutralized,300,-0.0330779488
2019-10-31,2019-11-30,1,turnover_20_neutral,turnover_20,20-Day Turnover,Liquidity,neutralized,300,-0.1050463016
2019-11-30,2019-12-31,1,turnover_20_neutral,turnover_20,20-Day Turnover,Liquidity,neutralized,300,0.0630969303
2019-12-31,2020-01-31,1,turnover_20_neutral,turnover_20,20-Day Turnover,Liquidity,neutralized,300,0.0656698481
2020-01-31,2020-02-29,1,turnover_20_neutral,turnover_20,20-Day Turnover,Liquidity,neutralized,300,0.1280514512
2020-02-29,2020-03-31,1,turnover_20_neutral,turnover_20,20-Day Turnover,Liquidity,neutralized,300,-0.1091683241
2020-03-31,2020-04-30,1,turnover_20_neutral,turnover_20,20-Day Turnover,Liquidity,neutralized,299,0.1612026332
2020-04-30,2020-05-31,1,turnover_20_neutral,turnover_20,20-Day Turnover,Liquidity,neutralized,299,-0.0318982739
2020-05-31,2020-06-30,1,turnover_20_neutral,turnover_20,20-Day Turnover,Liquidity,neutralized,299,0.0324197170
2020-06-30,2020-07-31,1,turnover_20_neutral,turnover_20,20-Day Turnover,Liquidity,neutralized,299,-0.0931314673
2020-07-31,2020-08-31,1,turnover_20_neutral,turnover_20,20-Day Turnover,Liquidity,neutralized,300,-0.1399078389
2020-08-31,2020-09-30,1,turnover_20_neutral,turnover_20,20-Day Turnover,Liquidity,neutralized,300,-0.0637309303
2020-09-30,2020-10-31,1,turnover_20_neutral,turnover_20,20-Day Turnover,Liquidity,neutralized,300,-0.0388036285
2020-10-31,2020-11-30,1,turnover_20_neutral,turnover_20,20-Day Turnover,Liquidity,neutralized,300,-0.0175559748
2020-11-30,2020-12-31,1,turnover_20_neutral,turnover_20,20-Day Turnover,Liquidity,neutralized,300,0.0117814669
2020-12-31,2021-01-31,1,turnover_20_neutral,turnover_20,20-Day Turnover,Liquidity,neutralized,300,0.1278889765
2021-01-31,2021-02-28,1,turnover_20_neutral,turnover_20,20-Day Turnover,Liquidity,neutralized,300,-0.0231862860
2021-02-28,2021-03-31,1,turnover_20_neutral,turnover_20,20-Day Turnover,Liquidity,neutralized,300,-0.1490207669
2021-03-31,2021-04-30,1,turnover_20_neutral,turnover_20,20-Day Turnover,Liquidity,neutralized,300,0.0595898196
2021-04-30,2021-05-31,1,turnover_20_neutral,turnover_20,20-Day Turnover,Liquidity,neutralized,300,0.0765822864
2021-05-31,2021-06-30,1,turnover_20_neutral,turnover_20,20-Day Turnover,Liquidity,neutralized,299,-0.0121698741
2021-06-30,2021-07-31,1,turnover_20_neutral,turnover_20,20-Day Turnover,Liquidity,neutralized,299,-0.0426993830
2021-07-31,2021-08-31,1,turnover_20_neutral,turnover_20,20-Day Turnover,Liquidity,neutralized,300,-0.1124741386
2021-08-31,2021-09-30,1,turnover_20_neutral,turnover_20,20-Day Turnover,Liquidity,neutralized,300,-0.0651365088
2021-09-30,2021-10-31,1,turnover_20_neutral,turnover_20,20-Day Turnover,Liquidity,neutralized,300,0.0070725262
2021-10-31,2021-11-30,1,turnover_20_neutral,turnover_20,20-Day Turnover,Liquidity,neutralized,300,0.0197828953
2021-11-30,2021-12-31,1,turnover_20_neutral,turnover_20,20-Day Turnover,Liquidity,neutralized,300,-0.0891970010
2021-12-31,2022-01-31,1,turnover_20_neutral,turnover_20,20-Day Turnover,Liquidity,neutralized,300,-0.1775259725
2022-01-31,2022-02-28,1,turnover_20_neutral,turnover_20,20-Day Turnover,Liquidity,neutralized,298,0.1526865710
2022-02-28,2022-03-31,1,turnover_20_neutral,turnover_20,20-Day Turnover,Liquidity,neutralized,299,0.0316881776
2022-03-31,2022-04-30,1,turnover_20_neutral,turnover_20,20-Day Turnover,Liquidity,neutralized,300,-0.1290330036
2022-04-30,2022-05-31,1,turnover_20_neutral,turnover_20,20-Day Turnover,Liquidity,neutralized,300,0.0219624662
2022-05-31,2022-06-30,1,turnover_20_neutral,turnover_20,20-Day Turnover,Liquidity,neutralized,299,0.1718940477
2022-06-30,2022-07-31,1,turnover_20_neutral,turnover_20,20-Day Turnover,Liquidity,neutralized,298,-0.1008738368
2022-07-31,2022-08-31,1,turnover_20_neutral,turnover_20,20-Day Turnover,Liquidity,neutralized,300,-0.1129037115
2022-08-31,2022-09-30,1,turnover_20_neutral,turnover_20,20-Day Turnover,Liquidity,neutralized,300,-0.1035264951
2022-09-30,2022-10-31,1,turnover_20_neutral,turnover_20,20-Day Turnover,Liquidity,neutralized,300,-0.1089305921
2022-10-31,2022-11-30,1,turnover_20_neutral,turnover_20,20-Day Turnover,Liquidity,neutralized,300,-0.0901396682
2022-11-30,2022-12-31,1,turnover_20_neutral,turnover_20,20-Day Turnover,Liquidity,neutralized,300,-0.0246496072
2022-12-31,2023-01-31,1,turnover_20_neutral,turnover_20,20-Day Turnover,Liquidity,neutralized,300,0.0748430954
2023-01-31,2023-02-28,1,turnover_20_neutral,turnover_20,20-Day Turnover,Liquidity,neutralized,300,-0.3618000200
2023-02-28,2023-03-31,1,turnover_20_neutral,turnover_20,20-Day Turnover,Liquidity,neutralized,300,-0.1335099576
2023-03-31,2023-04-30,1,turnover_20_neutral,turnover_20,20-Day Turnover,Liquidity,neutralized,300,0.0734941499
2023-04-30,2023-05-31,1,turnover_20_neutral,turnover_20,20-Day Turnover,Liquidity,neutralized,300,-0.0862358566
2023-05-31,2023-06-30,1,turnover_20_neutral,turnover_20,20-Day Turnover,Liquidity,neutralized,300,-0.0035738179
2023-06-30,2023-07-31,1,turnover_20_neutral,turnover_20,20-Day Turnover,Liquidity,neutralized,300,-0.0600122224
2023-07-31,2023-08-31,1,turnover_20_neutral,turnover_20,20-Day Turnover,Liquidity,neutralized,300,-0.1613573484
2023-08-31,2023-09-30,1,turnover_20_neutral,turnover_20,20-Day Turnover,Liquidity,neutralized,300,-0.0441336260
2023-09-30,2023-10-31,1,turnover_20_neutral,turnover_20,20-Day Turnover,Liquidity,neutralized,300,0.0321599165
2023-10-31,2023-11-30,1,turnover_20_neutral,turnover_20,20-Day Turnover,Liquidity,neutralized,300,-0.1132899380
2023-11-30,2023-12-31,1,turnover_20_neutral,turnover_20,20-Day Turnover,Liquidity,neutralized,300,-0.0368215407
2023-12-31,2024-01-31,1,turnover_20_neutral,turnover_20,20-Day Turnover,Liquidity,neutralized,300,-0.1019522439
2024-01-31,2024-02-29,1,turnover_20_neutral,turnover_20,20-Day Turnover,Liquidity,neutralized,300,0.1208749255
2024-02-29,2024-03-31,1,turnover_20_neutral,turnover_20,20-Day Turnover,Liquidity,neutralized,300,-0.0954775159
2024-03-31,2024-04-30,1,turnover_20_neutral,turnover_20,20-Day Turnover,Liquidity,neutralized,300,-0.1762269645
2024-04-30,2024-05-31,1,turnover_20_neutral,turnover_20,20-Day Turnover,Liquidity,neutralized,300,-0.0704223459
2024-05-31,2024-06-30,1,turnover_20_neutral,turnover_20,20-Day Turnover,Liquidity,neutralized,300,-0.0349310626
2024-06-30,2024-07-31,1,turnover_20_neutral,turnover_20,20-Day Turnover,Liquidity,neutralized,300,0.0037753757
2024-07-31,2024-08-31,1,turnover_20_neutral,turnover_20,20-Day Turnover,Liquidity,neutralized,300,-0.0676980855
2024-08-31,2024-09-30,1,turnover_20_neutral,turnover_20,20-Day Turnover,Liquidity,neutralized,298,0.0480391443
2024-09-30,2024-10-31,1,turnover_20_neutral,turnover_20,20-Day Turnover,Liquidity,neutralized,298,0.1118559798
2024-10-31,2024-11-30,1,turnover_20_neutral,turnover_20,20-Day Turnover,Liquidity,neutralized,300,-0.0435951995
2024-11-30,2024-12-31,1,turnover_20_neutral,turnover_20,20-Day Turnover,Liquidity,neutralized,300,-0.1544879388
2024-12-31,2025-01-31,1,turnover_20_neutral,turnover_20,20-Day Turnover,Liquidity,neutralized,300,-0.0743203813
2025-01-31,2025-02-28,1,turnover_20_neutral,turnover_20,20-Day Turnover,Liquidity,neutralized,299,-0.0163848358
2025-02-28,2025-03-31,1,turnover_20_neutral,turnover_20,20-Day Turnover,Liquidity,neutralized,299,-0.1072227335
2025-03-31,2025-04-30,1,turnover_20_neutral,turnover_20,20-Day Turnover,Liquidity,neutralized,300,0.0006155625
2025-04-30,2025-05-31,1,turnover_20_neutral,turnover_20,20-Day Turnover,Liquidity,neutralized,300,-0.0184828761
2025-05-31,2025-06-30,1,turnover_20_neutral,turnover_20,20-Day Turnover,Liquidity,neutralized,300,0.1398549184
2025-06-30,2025-07-31,1,turnover_20_neutral,turnover_20,20-Day Turnover,Liquidity,neutralized,299,0.0448560077
2025-07-31,2025-08-31,1,turnover_20_neutral,turnover_20,20-Day Turnover,Liquidity,neutralized,299,0.0319519561
2025-08-31,2025-09-30,1,turnover_20_neutral,turnover_20,20-Day Turnover,Liquidity,neutralized,299,0.0408192858
2025-09-30,2025-10-31,1,turnover_20_neutral,turnover_20,20-Day Turnover,Liquidity,neutralized,300,-0.0794580808
2025-10-31,2025-11-30,1,turnover_20_neutral,turnover_20,20-Day Turnover,Liquidity,neutralized,300,-0.0682629807
2025-11-30,2025-12-31,1,turnover_20_neutral,turnover_20,20-Day Turnover,Liquidity,neutralized,300,-0.1379259770
2025-12-31,2026-01-31,1,turnover_20_neutral,turnover_20,20-Day Turnover,Liquidity,neutralized,299,-0.0078326051
2026-01-31,2026-02-28,1,turnover_20_neutral,turnover_20,20-Day Turnover,Liquidity,neutralized,300,0.0342092690
2026-02-28,2026-03-31,1,turnover_20_neutral,turnover_20,20-Day Turnover,Liquidity,neutralized,300,-0.0286396547
2026-03-31,2026-04-30,1,turnover_20_neutral,turnover_20,20-Day Turnover,Liquidity,neutralized,300,0.1047096544
2026-04-30,2026-05-31,1,turnover_20_neutral,turnover_20,20-Day Turnover,Liquidity,neutralized,300,-0.0537250414
2026-05-31,2026-06-30,1,turnover_20_neutral,turnover_20,20-Day Turnover,Liquidity,neutralized,300,0.1444371604
2026-06-30,2026-07-31,1,turnover_20_neutral,turnover_20,20-Day Turnover,Liquidity,neutralized,300,-0.4066862965
2026-07-31,2026-08-31,1,turnover_20_neutral,turnover_20,20-Day Turnover,Liquidity,neutralized,300,0.1304294782
2026-08-31,2026-09-08,1,turnover_20_neutral,turnover_20,20-Day Turnover,Liquidity,neutralized,300,-0.1088264412
2019-07-31,2019-10-31,3,turnover_20_neutral,turnover_20,20-Day Turnover,Liquidity,neutralized,300,0.0857676292
2019-08-31,2019-11-30,3,turnover_20_neutral,turnover_20,20-Day Turnover,Liquidity,neutralized,300,-0.0344123824
2019-09-30,2019-12-31,3,turnover_20_neutral,turnover_20,20-Day Turnover,Liquidity,neutralized,300,-0.0754177352
2019-10-31,2020-01-31,3,turnover_20_neutral,turnover_20,20-Day Turnover,Liquidity,neutralized,300,-0.0168915248
2019-11-30,2020-02-29,3,turnover_20_neutral,turnover_20,20-Day Turnover,Liquidity,neutralized,300,0.1008562317
2019-12-31,2020-03-31,3,turnover_20_neutral,turnover_20,20-Day Turnover,Liquidity,neutralized,300,0.0150103890
2020-01-31,2020-04-30,3,turnover_20_neutral,turnover_20,20-Day Turnover,Liquidity,neutralized,299,0.1387120690
2020-02-29,2020-05-31,3,turnover_20_neutral,turnover_20,20-Day Turnover,Liquidity,neutralized,299,0.0583304527
2020-03-31,2020-06-30,3,turnover_20_neutral,turnover_20,20-Day Turnover,Liquidity,neutralized,300,0.0944557267
2020-04-30,2020-07-31,3,turnover_20_neutral,turnover_20,20-Day Turnover,Liquidity,neutralized,299,-0.0443963098
2020-05-31,2020-08-31,3,turnover_20_neutral,turnover_20,20-Day Turnover,Liquidity,neutralized,299,-0.0942124756
2020-06-30,2020-09-30,3,turnover_20_neutral,turnover_20,20-Day Turnover,Liquidity,neutralized,299,-0.1509169267
2020-07-31,2020-10-31,3,turnover_20_neutral,turnover_20,20-Day Turnover,Liquidity,neutralized,300,-0.1466242958
2020-08-31,2020-11-30,3,turnover_20_neutral,turnover_20,20-Day Turnover,Liquidity,neutralized,300,-0.0594024378
2020-09-30,2020-12-31,3,turnover_20_neutral,turnover_20,20-Day Turnover,Liquidity,neutralized,300,-0.0261856243
2020-10-31,2021-01-31,3,turnover_20_neutral,turnover_20,20-Day Turnover,Liquidity,neutralized,300,0.0611114815
2020-11-30,2021-02-28,3,turnover_20_neutral,turnover_20,20-Day Turnover,Liquidity,neutralized,300,0.1326134735
2020-12-31,2021-03-31,3,turnover_20_neutral,turnover_20,20-Day Turnover,Liquidity,neutralized,300,-0.0695114390
2021-01-31,2021-04-30,3,turnover_20_neutral,turnover_20,20-Day Turnover,Liquidity,neutralized,300,-0.0925292606
2021-02-28,2021-05-31,3,turnover_20_neutral,turnover_20,20-Day Turnover,Liquidity,neutralized,300,-0.0552590646
2021-03-31,2021-06-30,3,turnover_20_neutral,turnover_20,20-Day Turnover,Liquidity,neutralized,299,0.0761179579
2021-04-30,2021-07-31,3,turnover_20_neutral,turnover_20,20-Day Turnover,Liquidity,neutralized,300,-0.0206882345
2021-05-31,2021-08-31,3,turnover_20_neutral,turnover_20,20-Day Turnover,Liquidity,neutralized,300,-0.0279554248
2021-06-30,2021-09-30,3,turnover_20_neutral,turnover_20,20-Day Turnover,Liquidity,neutralized,298,-0.1296779754
2021-07-31,2021-10-31,3,turnover_20_neutral,turnover_20,20-Day Turnover,Liquidity,neutralized,300,-0.0521023625
2021-08-31,2021-11-30,3,turnover_20_neutral,turnover_20,20-Day Turnover,Liquidity,neutralized,300,0.0263420705
2021-09-30,2021-12-31,3,turnover_20_neutral,turnover_20,20-Day Turnover,Liquidity,neutralized,300,-0.0394235930
2021-10-31,2022-01-31,3,turnover_20_neutral,turnover_20,20-Day Turnover,Liquidity,neutralized,300,-0.1572341915
2021-11-30,2022-02-28,3,turnover_20_neutral,turnover_20,20-Day Turnover,Liquidity,neutralized,300,-0.0842838347
2021-12-31,2022-03-31,3,turnover_20_neutral,turnover_20,20-Day Turnover,Liquidity,neutralized,300,-0.0512539028
2022-01-31,2022-04-30,3,turnover_20_neutral,turnover_20,20-Day Turnover,Liquidity,neutralized,298,-0.0398882361
2022-02-28,2022-05-31,3,turnover_20_neutral,turnover_20,20-Day Turnover,Liquidity,neutralized,299,-0.0260874054
2022-03-31,2022-06-30,3,turnover_20_neutral,turnover_20,20-Day Turnover,Liquidity,neutralized,300,0.0075300879
2022-04-30,2022-07-31,3,turnover_20_neutral,turnover_20,20-Day Turnover,Liquidity,neutralized,300,0.0541961577
2022-05-31,2022-08-31,3,turnover_20_neutral,turnover_20,20-Day Turnover,Liquidity,neutralized,299,0.0379259767
2022-06-30,2022-09-30,3,turnover_20_neutral,turnover_20,20-Day Turnover,Liquidity,neutralized,298,-0.2040337835
2022-07-31,2022-10-31,3,turnover_20_neutral,turnover_20,20-Day Turnover,Liquidity,neutralized,300,-0.2164037619
2022-08-31,2022-11-30,3,turnover_20_neutral,turnover_20,20-Day Turnover,Liquidity,neutralized,300,-0.2181455592
2022-09-30,2022-12-31,3,turnover_20_neutral,turnover_20,20-Day Turnover,Liquidity,neutralized,300,-0.1409033434
2022-10-31,2023-01-31,3,turnover_20_neutral,turnover_20,20-Day Turnover,Liquidity,neutralized,300,-0.0630295892
2022-11-30,2023-02-28,3,turnover_20_neutral,turnover_20,20-Day Turnover,Liquidity,neutralized,300,-0.1719543742
2022-12-31,2023-03-31,3,turnover_20_neutral,turnover_20,20-Day Turnover,Liquidity,neutralized,300,-0.2030474123
2023-01-31,2023-04-30,3,turnover_20_neutral,turnover_20,20-Day Turnover,Liquidity,neutralized,300,-0.3027589532
2023-02-28,2023-05-31,3,turnover_20_neutral,turnover_20,20-Day Turnover,Liquidity,neutralized,300,-0.1138466109
2023-03-31,2023-06-30,3,turnover_20_neutral,turnover_20,20-Day Turnover,Liquidity,neutralized,300,-0.0648051645
2023-04-30,2023-07-31,3,turnover_20_neutral,turnover_20,20-Day Turnover,Liquidity,neutralized,300,-0.1887243192
2023-05-31,2023-08-31,3,turnover_20_neutral,turnover_20,20-Day Turnover,Liquidity,neutralized,300,-0.1382066621
2023-06-30,2023-09-30,3,turnover_20_neutral,turnover_20,20-Day Turnover,Liquidity,neutralized,300,-0.1238427094
2023-07-31,2023-10-31,3,turnover_20_neutral,turnover_20,20-Day Turnover,Liquidity,neutralized,300,-0.1332112579
2023-08-31,2023-11-30,3,turnover_20_neutral,turnover_20,20-Day Turnover,Liquidity,neutralized,300,-0.0735003722
2023-09-30,2023-12-31,3,turnover_20_neutral,turnover_20,20-Day Turnover,Liquidity,neutralized,300,-0.0141806036
2023-10-31,2024-01-31,3,turnover_20_neutral,turnover_20,20-Day Turnover,Liquidity,neutralized,300,-0.1265751842
2023-11-30,2024-02-29,3,turnover_20_neutral,turnover_20,20-Day Turnover,Liquidity,neutralized,300,-0.0654271787
2023-12-31,2024-03-31,3,turnover_20_neutral,turnover_20,20-Day Turnover,Liquidity,neutralized,300,-0.0427698086
2024-01-31,2024-04-30,3,turnover_20_neutral,turnover_20,20-Day Turnover,Liquidity,neutralized,300,-0.0901803654
2024-02-29,2024-05-31,3,turnover_20_neutral,turnover_20,20-Day Turnover,Liquidity,neutralized,300,-0.1843200685
2024-03-31,2024-06-30,3,turnover_20_neutral,turnover_20,20-Day Turnover,Liquidity,neutralized,300,-0.1580442356
2024-04-30,2024-07-31,3,turnover_20_neutral,turnover_20,20-Day Turnover,Liquidity,neutralized,300,-0.0690552194
2024-05-31,2024-08-31,3,turnover_20_neutral,turnover_20,20-Day Turnover,Liquidity,neutralized,300,-0.1421140551
2024-06-30,2024-09-30,3,turnover_20_neutral,turnover_20,20-Day Turnover,Liquidity,neutralized,298,-0.0297994716
2024-07-31,2024-10-31,3,turnover_20_neutral,turnover_20,20-Day Turnover,Liquidity,neutralized,300,0.0754266159
2024-08-31,2024-11-30,3,turnover_20_neutral,turnover_20,20-Day Turnover,Liquidity,neutralized,300,0.0672545251
2024-09-30,2024-12-31,3,turnover_20_neutral,turnover_20,20-Day Turnover,Liquidity,neutralized,298,0.0753094541
2024-10-31,2025-01-31,3,turnover_20_neutral,turnover_20,20-Day Turnover,Liquidity,neutralized,300,-0.1690165446
2024-11-30,2025-02-28,3,turnover_20_neutral,turnover_20,20-Day Turnover,Liquidity,neutralized,299,-0.1680631375
2024-12-31,2025-03-31,3,turnover_20_neutral,turnover_20,20-Day Turnover,Liquidity,neutralized,299,-0.0877327108
2025-01-31,2025-04-30,3,turnover_20_neutral,turnover_20,20-Day Turnover,Liquidity,neutralized,299,-0.0572786245
2025-02-28,2025-05-31,3,turnover_20_neutral,turnover_20,20-Day Turnover,Liquidity,neutralized,299,-0.0585849991
2025-03-31,2025-06-30,3,turnover_20_neutral,turnover_20,20-Day Turnover,Liquidity,neutralized,300,0.0990920009
2025-04-30,2025-07-31,3,turnover_20_neutral,turnover_20,20-Day Turnover,Liquidity,neutralized,300,0.0298674430
2025-05-31,2025-08-31,3,turnover_20_neutral,turnover_20,20-Day Turnover,Liquidity,neutralized,299,0.1155013485
2025-06-30,2025-09-30,3,turnover_20_neutral,turnover_20,20-Day Turnover,Liquidity,neutralized,298,0.0944374499
2025-07-31,2025-10-31,3,turnover_20_neutral,turnover_20,20-Day Turnover,Liquidity,neutralized,299,0.0276999394
2025-08-31,2025-11-30,3,turnover_20_neutral,turnover_20,20-Day Turnover,Liquidity,neutralized,299,-0.0063186012
2025-09-30,2025-12-31,3,turnover_20_neutral,turnover_20,20-Day Turnover,Liquidity,neutralized,300,-0.1035073723
2025-10-31,2026-01-31,3,turnover_20_neutral,turnover_20,20-Day Turnover,Liquidity,neutralized,300,-0.0270376338
2025-11-30,2026-02-28,3,turnover_20_neutral,turnover_20,20-Day Turnover,Liquidity,neutralized,300,-0.0161695130
2025-12-31,2026-03-31,3,turnover_20_neutral,turnover_20,20-Day Turnover,Liquidity,neutralized,299,0.0777288950
2026-01-31,2026-04-30,3,turnover_20_neutral,turnover_20,20-Day Turnover,Liquidity,neutralized,300,0.0574681941
2026-02-28,2026-05-31,3,turnover_20_neutral,turnover_20,20-Day Turnover,Liquidity,neutralized,300,0.0045289392
2026-03-31,2026-06-30,3,turnover_20_neutral,turnover_20,20-Day Turnover,Liquidity,neutralized,300,0.0263642929
2026-04-30,2026-07-31,3,turnover_20_neutral,turnover_20,20-Day Turnover,Liquidity,neutralized,300,-0.1600480005
2026-05-31,2026-08-31,3,turnover_20_neutral,turnover_20,20-Day Turnover,Liquidity,neutralized,300,-0.0870743008
2026-06-30,2026-09-08,3,turnover_20_neutral,turnover_20,20-Day Turnover,Liquidity,neutralized,300,-0.3427700308
2019-07-31,2019-08-31,1,turnover_stability_20_zscore,turnover_stability_20,Turnover Stability,Liquidity,standardized,300,-0.1526845978
2019-08-31,2019-09-30,1,turnover_stability_20_zscore,turnover_stability_20,Turnover Stability,Liquidity,standardized,300,-0.0576366786
2019-09-30,2019-10-31,1,turnover_stability_20_zscore,turnover_stability_20,Turnover Stability,Liquidity,standardized,300,0.1378692992
2019-10-31,2019-11-30,1,turnover_stability_20_zscore,turnover_stability_20,Turnover Stability,Liquidity,standardized,300,0.0782508592
2019-11-30,2019-12-31,1,turnover_stability_20_zscore,turnover_stability_20,Turnover Stability,Liquidity,standardized,300,-0.2647463558
2019-12-31,2020-01-31,1,turnover_stability_20_zscore,turnover_stability_20,Turnover Stability,Liquidity,standardized,300,-0.1624713170
2020-01-31,2020-02-29,1,turnover_stability_20_zscore,turnover_stability_20,Turnover Stability,Liquidity,standardized,300,-0.3010857174
2020-02-29,2020-03-31,1,turnover_stability_20_zscore,turnover_stability_20,Turnover Stability,Liquidity,standardized,300,0.3293084566
2020-03-31,2020-04-30,1,turnover_stability_20_zscore,turnover_stability_20,Turnover Stability,Liquidity,standardized,299,-0.2044332435
2020-04-30,2020-05-31,1,turnover_stability_20_zscore,turnover_stability_20,Turnover Stability,Liquidity,standardized,299,-0.0407652835
2020-05-31,2020-06-30,1,turnover_stability_20_zscore,turnover_stability_20,Turnover Stability,Liquidity,standardized,299,-0.2266532973
2020-06-30,2020-07-31,1,turnover_stability_20_zscore,turnover_stability_20,Turnover Stability,Liquidity,standardized,299,-0.0226778585
2020-07-31,2020-08-31,1,turnover_stability_20_zscore,turnover_stability_20,Turnover Stability,Liquidity,standardized,300,0.2946743029
2020-08-31,2020-09-30,1,turnover_stability_20_zscore,turnover_stability_20,Turnover Stability,Liquidity,standardized,300,0.2186698231
2020-09-30,2020-10-31,1,turnover_stability_20_zscore,turnover_stability_20,Turnover Stability,Liquidity,standardized,300,0.1975003778
2020-10-31,2020-11-30,1,turnover_stability_20_zscore,turnover_stability_20,Turnover Stability,Liquidity,standardized,300,0.0827575877
2020-11-30,2020-12-31,1,turnover_stability_20_zscore,turnover_stability_20,Turnover Stability,Liquidity,standardized,300,-0.0216998244
2020-12-31,2021-01-31,1,turnover_stability_20_zscore,turnover_stability_20,Turnover Stability,Liquidity,standardized,300,0.0016454182
2021-01-31,2021-02-28,1,turnover_stability_20_zscore,turnover_stability_20,Turnover Stability,Liquidity,standardized,300,0.0704259656
2021-02-28,2021-03-31,1,turnover_stability_20_zscore,turnover_stability_20,Turnover Stability,Liquidity,standardized,300,0.3539054576
2021-03-31,2021-04-30,1,turnover_stability_20_zscore,turnover_stability_20,Turnover Stability,Liquidity,standardized,300,-0.0742420515
2021-04-30,2021-05-31,1,turnover_stability_20_zscore,turnover_stability_20,Turnover Stability,Liquidity,standardized,300,-0.1529969094
2021-05-31,2021-06-30,1,turnover_stability_20_zscore,turnover_stability_20,Turnover Stability,Liquidity,standardized,299,-0.0377992834
2021-06-30,2021-07-31,1,turnover_stability_20_zscore,turnover_stability_20,Turnover Stability,Liquidity,standardized,299,-0.0295001771
2021-07-31,2021-08-31,1,turnover_stability_20_zscore,turnover_stability_20,Turnover Stability,Liquidity,standardized,300,0.1767840942
2021-08-31,2021-09-30,1,turnover_stability_20_zscore,turnover_stability_20,Turnover Stability,Liquidity,standardized,300,0.2399680706
2021-09-30,2021-10-31,1,turnover_stability_20_zscore,turnover_stability_20,Turnover Stability,Liquidity,standardized,300,0.2239651298
2021-10-31,2021-11-30,1,turnover_stability_20_zscore,turnover_stability_20,Turnover Stability,Liquidity,standardized,300,-0.1522456532
2021-11-30,2021-12-31,1,turnover_stability_20_zscore,turnover_stability_20,Turnover Stability,Liquidity,standardized,300,0.1012004321
2021-12-31,2022-01-31,1,turnover_stability_20_zscore,turnover_stability_20,Turnover Stability,Liquidity,standardized,300,0.3511245609
2022-01-31,2022-02-28,1,turnover_stability_20_zscore,turnover_stability_20,Turnover Stability,Liquidity,standardized,298,-0.1828192349
2022-02-28,2022-03-31,1,turnover_stability_20_zscore,turnover_stability_20,Turnover Stability,Liquidity,standardized,299,0.1477604268
2022-03-31,2022-04-30,1,turnover_stability_20_zscore,turnover_stability_20,Turnover Stability,Liquidity,standardized,300,0.3070963842
2022-04-30,2022-05-31,1,turnover_stability_20_zscore,turnover_stability_20,Turnover Stability,Liquidity,standardized,300,-0.1193686957
2022-05-31,2022-06-30,1,turnover_stability_20_zscore,turnover_stability_20,Turnover Stability,Liquidity,standardized,299,-0.2238143588
2022-06-30,2022-07-31,1,turnover_stability_20_zscore,turnover_stability_20,Turnover Stability,Liquidity,standardized,298,0.0534381114
2022-07-31,2022-08-31,1,turnover_stability_20_zscore,turnover_stability_20,Turnover Stability,Liquidity,standardized,300,0.3019055897
2022-08-31,2022-09-30,1,turnover_stability_20_zscore,turnover_stability_20,Turnover Stability,Liquidity,standardized,300,0.3857100745
2022-09-30,2022-10-31,1,turnover_stability_20_zscore,turnover_stability_20,Turnover Stability,Liquidity,standardized,300,-0.0742533201
2022-10-31,2022-11-30,1,turnover_stability_20_zscore,turnover_stability_20,Turnover Stability,Liquidity,standardized,300,0.1950821567
2022-11-30,2022-12-31,1,turnover_stability_20_zscore,turnover_stability_20,Turnover Stability,Liquidity,standardized,300,0.1229425108
2022-12-31,2023-01-31,1,turnover_stability_20_zscore,turnover_stability_20,Turnover Stability,Liquidity,standardized,300,-0.2059669588
2023-01-31,2023-02-28,1,turnover_stability_20_zscore,turnover_stability_20,Turnover Stability,Liquidity,standardized,300,0.2539002673
2023-02-28,2023-03-31,1,turnover_stability_20_zscore,turnover_stability_20,Turnover Stability,Liquidity,standardized,300,0.0232979054
2023-03-31,2023-04-30,1,turnover_stability_20_zscore,turnover_stability_20,Turnover Stability,Liquidity,standardized,300,0.2276851520
2023-04-30,2023-05-31,1,turnover_stability_20_zscore,turnover_stability_20,Turnover Stability,Liquidity,standardized,300,0.0428453136
2023-05-31,2023-06-30,1,turnover_stability_20_zscore,turnover_stability_20,Turnover Stability,Liquidity,standardized,300,0.0661154034
2023-06-30,2023-07-31,1,turnover_stability_20_zscore,turnover_stability_20,Turnover Stability,Liquidity,standardized,300,0.2953775862
2023-07-31,2023-08-31,1,turnover_stability_20_zscore,turnover_stability_20,Turnover Stability,Liquidity,standardized,300,0.1650957501
2023-08-31,2023-09-30,1,turnover_stability_20_zscore,turnover_stability_20,Turnover Stability,Liquidity,standardized,300,0.2654893650
2023-09-30,2023-10-31,1,turnover_stability_20_zscore,turnover_stability_20,Turnover Stability,Liquidity,standardized,300,0.0603284436
2023-10-31,2023-11-30,1,turnover_stability_20_zscore,turnover_stability_20,Turnover Stability,Liquidity,standardized,300,0.1635201021
2023-11-30,2023-12-31,1,turnover_stability_20_zscore,turnover_stability_20,Turnover Stability,Liquidity,standardized,300,0.0194027670
2023-12-31,2024-01-31,1,turnover_stability_20_zscore,turnover_stability_20,Turnover Stability,Liquidity,standardized,300,0.5211603678
2024-01-31,2024-02-29,1,turnover_stability_20_zscore,turnover_stability_20,Turnover Stability,Liquidity,standardized,300,-0.2806896136
2024-02-29,2024-03-31,1,turnover_stability_20_zscore,turnover_stability_20,Turnover Stability,Liquidity,standardized,300,0.2086911729
2024-03-31,2024-04-30,1,turnover_stability_20_zscore,turnover_stability_20,Turnover Stability,Liquidity,standardized,300,0.2827022224
2024-04-30,2024-05-31,1,turnover_stability_20_zscore,turnover_stability_20,Turnover Stability,Liquidity,standardized,300,0.1669755597
2024-05-31,2024-06-30,1,turnover_stability_20_zscore,turnover_stability_20,Turnover Stability,Liquidity,standardized,300,0.2394571162
2024-06-30,2024-07-31,1,turnover_stability_20_zscore,turnover_stability_20,Turnover Stability,Liquidity,standardized,300,-0.0444392393
2024-07-31,2024-08-31,1,turnover_stability_20_zscore,turnover_stability_20,Turnover Stability,Liquidity,standardized,300,0.3544433253
2024-08-31,2024-09-30,1,turnover_stability_20_zscore,turnover_stability_20,Turnover Stability,Liquidity,standardized,298,-0.3194745526
2024-09-30,2024-10-31,1,turnover_stability_20_zscore,turnover_stability_20,Turnover Stability,Liquidity,standardized,298,-0.3477344387
2024-10-31,2024-11-30,1,turnover_stability_20_zscore,turnover_stability_20,Turnover Stability,Liquidity,standardized,300,0.0164558362
2024-11-30,2024-12-31,1,turnover_stability_20_zscore,turnover_stability_20,Turnover Stability,Liquidity,standardized,300,0.3995086122
2024-12-31,2025-01-31,1,turnover_stability_20_zscore,turnover_stability_20,Turnover Stability,Liquidity,standardized,300,0.0272601120
2025-01-31,2025-02-28,1,turnover_stability_20_zscore,turnover_stability_20,Turnover Stability,Liquidity,standardized,299,-0.1865135924
2025-02-28,2025-03-31,1,turnover_stability_20_zscore,turnover_stability_20,Turnover Stability,Liquidity,standardized,299,0.2796319498
2025-03-31,2025-04-30,1,turnover_stability_20_zscore,turnover_stability_20,Turnover Stability,Liquidity,standardized,300,0.2738493229
2025-04-30,2025-05-31,1,turnover_stability_20_zscore,turnover_stability_20,Turnover Stability,Liquidity,standardized,300,0.2119105089
2025-05-31,2025-06-30,1,turnover_stability_20_zscore,turnover_stability_20,Turnover Stability,Liquidity,standardized,300,-0.3671962341
2025-06-30,2025-07-31,1,turnover_stability_20_zscore,turnover_stability_20,Turnover Stability,Liquidity,standardized,299,-0.2143286932
2025-07-31,2025-08-31,1,turnover_stability_20_zscore,turnover_stability_20,Turnover Stability,Liquidity,standardized,299,-0.3140557099
2025-08-31,2025-09-30,1,turnover_stability_20_zscore,turnover_stability_20,Turnover Stability,Liquidity,standardized,299,-0.2988082828
2025-09-30,2025-10-31,1,turnover_stability_20_zscore,turnover_stability_20,Turnover Stability,Liquidity,standardized,300,0.2945392196
2025-10-31,2025-11-30,1,turnover_stability_20_zscore,turnover_stability_20,Turnover Stability,Liquidity,standardized,300,0.4266974247
2025-11-30,2025-12-31,1,turnover_stability_20_zscore,turnover_stability_20,Turnover Stability,Liquidity,standardized,300,-0.1202476255
2025-12-31,2026-01-31,1,turnover_stability_20_zscore,turnover_stability_20,Turnover Stability,Liquidity,standardized,299,-0.1901343178
2026-01-31,2026-02-28,1,turnover_stability_20_zscore,turnover_stability_20,Turnover Stability,Liquidity,standardized,300,0.0032788357
2026-02-28,2026-03-31,1,turnover_stability_20_zscore,turnover_stability_20,Turnover Stability,Liquidity,standardized,300,0.4031427883
2026-03-31,2026-04-30,1,turnover_stability_20_zscore,turnover_stability_20,Turnover Stability,Liquidity,standardized,300,-0.3137587046
2026-04-30,2026-05-31,1,turnover_stability_20_zscore,turnover_stability_20,Turnover Stability,Liquidity,standardized,300,-0.0832922303
2026-05-31,2026-06-30,1,turnover_stability_20_zscore,turnover_stability_20,Turnover Stability,Liquidity,standardized,300,-0.2119764259
2026-06-30,2026-07-31,1,turnover_stability_20_zscore,turnover_stability_20,Turnover Stability,Liquidity,standardized,300,0.6284226256
2026-07-31,2026-08-31,1,turnover_stability_20_zscore,turnover_stability_20,Turnover Stability,Liquidity,standardized,300,-0.2753867623
2026-08-31,2026-09-08,1,turnover_stability_20_zscore,turnover_stability_20,Turnover Stability,Liquidity,standardized,300,0.3016388315
2019-07-31,2019-10-31,3,turnover_stability_20_zscore,turnover_stability_20,Turnover Stability,Liquidity,standardized,300,-0.0852201228
2019-08-31,2019-11-30,3,turnover_stability_20_zscore,turnover_stability_20,Turnover Stability,Liquidity,standardized,300,0.0305975492
2019-09-30,2019-12-31,3,turnover_stability_20_zscore,turnover_stability_20,Turnover Stability,Liquidity,standardized,300,-0.1316372920
2019-10-31,2020-01-31,3,turnover_stability_20_zscore,turnover_stability_20,Turnover Stability,Liquidity,standardized,300,-0.2531145384
2019-11-30,2020-02-29,3,turnover_stability_20_zscore,turnover_stability_20,Turnover Stability,Liquidity,standardized,300,-0.4084594111
2019-12-31,2020-03-31,3,turnover_stability_20_zscore,turnover_stability_20,Turnover Stability,Liquidity,standardized,300,-0.0287227451
2020-01-31,2020-04-30,3,turnover_stability_20_zscore,turnover_stability_20,Turnover Stability,Liquidity,standardized,299,-0.0861040970
2020-02-29,2020-05-31,3,turnover_stability_20_zscore,turnover_stability_20,Turnover Stability,Liquidity,standardized,299,0.0840822314
2020-03-31,2020-06-30,3,turnover_stability_20_zscore,turnover_stability_20,Turnover Stability,Liquidity,standardized,300,-0.2680588167
2020-04-30,2020-07-31,3,turnover_stability_20_zscore,turnover_stability_20,Turnover Stability,Liquidity,standardized,299,-0.2529525328
2020-05-31,2020-08-31,3,turnover_stability_20_zscore,turnover_stability_20,Turnover Stability,Liquidity,standardized,299,-0.0936728995
2020-06-30,2020-09-30,3,turnover_stability_20_zscore,turnover_stability_20,Turnover Stability,Liquidity,standardized,299,0.1713580364
2020-07-31,2020-10-31,3,turnover_stability_20_zscore,turnover_stability_20,Turnover Stability,Liquidity,standardized,300,0.4101772948
2020-08-31,2020-11-30,3,turnover_stability_20_zscore,turnover_stability_20,Turnover Stability,Liquidity,standardized,300,0.1935114107
2020-09-30,2020-12-31,3,turnover_stability_20_zscore,turnover_stability_20,Turnover Stability,Liquidity,standardized,300,0.0920364720
2020-10-31,2021-01-31,3,turnover_stability_20_zscore,turnover_stability_20,Turnover Stability,Liquidity,standardized,300,-0.0025005111
2020-11-30,2021-02-28,3,turnover_stability_20_zscore,turnover_stability_20,Turnover Stability,Liquidity,standardized,300,-0.0240203636
2020-12-31,2021-03-31,3,turnover_stability_20_zscore,turnover_stability_20,Turnover Stability,Liquidity,standardized,300,0.2872854781
2021-01-31,2021-04-30,3,turnover_stability_20_zscore,turnover_stability_20,Turnover Stability,Liquidity,standardized,300,0.2155241802
2021-02-28,2021-05-31,3,turnover_stability_20_zscore,turnover_stability_20,Turnover Stability,Liquidity,standardized,300,0.2050017695
2021-03-31,2021-06-30,3,turnover_stability_20_zscore,turnover_stability_20,Turnover Stability,Liquidity,standardized,299,-0.1938629816
2021-04-30,2021-07-31,3,turnover_stability_20_zscore,turnover_stability_20,Turnover Stability,Liquidity,standardized,300,-0.1143790490
2021-05-31,2021-08-31,3,turnover_stability_20_zscore,turnover_stability_20,Turnover Stability,Liquidity,standardized,300,-0.0500699125
2021-06-30,2021-09-30,3,turnover_stability_20_zscore,turnover_stability_20,Turnover Stability,Liquidity,standardized,298,0.2242746696
2021-07-31,2021-10-31,3,turnover_stability_20_zscore,turnover_stability_20,Turnover Stability,Liquidity,standardized,300,0.3257194046
2021-08-31,2021-11-30,3,turnover_stability_20_zscore,turnover_stability_20,Turnover Stability,Liquidity,standardized,300,0.1478506622
2021-09-30,2021-12-31,3,turnover_stability_20_zscore,turnover_stability_20,Turnover Stability,Liquidity,standardized,300,0.0615864628
2021-10-31,2022-01-31,3,turnover_stability_20_zscore,turnover_stability_20,Turnover Stability,Liquidity,standardized,300,0.1549238434
2021-11-30,2022-02-28,3,turnover_stability_20_zscore,turnover_stability_20,Turnover Stability,Liquidity,standardized,300,0.3308553271
2021-12-31,2022-03-31,3,turnover_stability_20_zscore,turnover_stability_20,Turnover Stability,Liquidity,standardized,300,0.2780168528
2022-01-31,2022-04-30,3,turnover_stability_20_zscore,turnover_stability_20,Turnover Stability,Liquidity,standardized,298,0.1718546475
2022-02-28,2022-05-31,3,turnover_stability_20_zscore,turnover_stability_20,Turnover Stability,Liquidity,standardized,299,0.2070907658
2022-03-31,2022-06-30,3,turnover_stability_20_zscore,turnover_stability_20,Turnover Stability,Liquidity,standardized,300,0.0295924570
2022-04-30,2022-07-31,3,turnover_stability_20_zscore,turnover_stability_20,Turnover Stability,Liquidity,standardized,300,-0.1170806398
2022-05-31,2022-08-31,3,turnover_stability_20_zscore,turnover_stability_20,Turnover Stability,Liquidity,standardized,299,0.0447542025
2022-06-30,2022-09-30,3,turnover_stability_20_zscore,turnover_stability_20,Turnover Stability,Liquidity,standardized,298,0.4131692192
2022-07-31,2022-10-31,3,turnover_stability_20_zscore,turnover_stability_20,Turnover Stability,Liquidity,standardized,300,0.2775702038
2022-08-31,2022-11-30,3,turnover_stability_20_zscore,turnover_stability_20,Turnover Stability,Liquidity,standardized,300,0.3009587129
2022-09-30,2022-12-31,3,turnover_stability_20_zscore,turnover_stability_20,Turnover Stability,Liquidity,standardized,300,0.0364308537
2022-10-31,2023-01-31,3,turnover_stability_20_zscore,turnover_stability_20,Turnover Stability,Liquidity,standardized,300,-0.0002128917
2022-11-30,2023-02-28,3,turnover_stability_20_zscore,turnover_stability_20,Turnover Stability,Liquidity,standardized,300,0.0166553628
2022-12-31,2023-03-31,3,turnover_stability_20_zscore,turnover_stability_20,Turnover Stability,Liquidity,standardized,300,0.0134422031
2023-01-31,2023-04-30,3,turnover_stability_20_zscore,turnover_stability_20,Turnover Stability,Liquidity,standardized,300,0.3140249970
2023-02-28,2023-05-31,3,turnover_stability_20_zscore,turnover_stability_20,Turnover Stability,Liquidity,standardized,300,0.1291867135
2023-03-31,2023-06-30,3,turnover_stability_20_zscore,turnover_stability_20,Turnover Stability,Liquidity,standardized,300,0.1757926185
2023-04-30,2023-07-31,3,turnover_stability_20_zscore,turnover_stability_20,Turnover Stability,Liquidity,standardized,300,0.2430218755
2023-05-31,2023-08-31,3,turnover_stability_20_zscore,turnover_stability_20,Turnover Stability,Liquidity,standardized,300,0.1987555851
2023-06-30,2023-09-30,3,turnover_stability_20_zscore,turnover_stability_20,Turnover Stability,Liquidity,standardized,300,0.4239280380
2023-07-31,2023-10-31,3,turnover_stability_20_zscore,turnover_stability_20,Turnover Stability,Liquidity,standardized,300,0.2123860314
2023-08-31,2023-11-30,3,turnover_stability_20_zscore,turnover_stability_20,Turnover Stability,Liquidity,standardized,300,0.1321046971
2023-09-30,2023-12-31,3,turnover_stability_20_zscore,turnover_stability_20,Turnover Stability,Liquidity,standardized,300,0.0816455427
2023-10-31,2024-01-31,3,turnover_stability_20_zscore,turnover_stability_20,Turnover Stability,Liquidity,standardized,300,0.4819112740
2023-11-30,2024-02-29,3,turnover_stability_20_zscore,turnover_stability_20,Turnover Stability,Liquidity,standardized,300,0.3356997670
2023-12-31,2024-03-31,3,turnover_stability_20_zscore,turnover_stability_20,Turnover Stability,Liquidity,standardized,300,0.2955991929
2024-01-31,2024-04-30,3,turnover_stability_20_zscore,turnover_stability_20,Turnover Stability,Liquidity,standardized,300,0.1254640519
2024-02-29,2024-05-31,3,turnover_stability_20_zscore,turnover_stability_20,Turnover Stability,Liquidity,standardized,300,0.3511781729
2024-03-31,2024-06-30,3,turnover_stability_20_zscore,turnover_stability_20,Turnover Stability,Liquidity,standardized,300,0.3213718258
2024-04-30,2024-07-31,3,turnover_stability_20_zscore,turnover_stability_20,Turnover Stability,Liquidity,standardized,300,0.1965772877
2024-05-31,2024-08-31,3,turnover_stability_20_zscore,turnover_stability_20,Turnover Stability,Liquidity,standardized,300,0.3091586722
2024-06-30,2024-09-30,3,turnover_stability_20_zscore,turnover_stability_20,Turnover Stability,Liquidity,standardized,298,-0.0515662336
2024-07-31,2024-10-31,3,turnover_stability_20_zscore,turnover_stability_20,Turnover Stability,Liquidity,standardized,300,-0.3223259352
2024-08-31,2024-11-30,3,turnover_stability_20_zscore,turnover_stability_20,Turnover Stability,Liquidity,standardized,300,-0.3750482790
2024-09-30,2024-12-31,3,turnover_stability_20_zscore,turnover_stability_20,Turnover Stability,Liquidity,standardized,298,-0.0161001004
2024-10-31,2025-01-31,3,turnover_stability_20_zscore,turnover_stability_20,Turnover Stability,Liquidity,standardized,300,0.3158695229
2024-11-30,2025-02-28,3,turnover_stability_20_zscore,turnover_stability_20,Turnover Stability,Liquidity,standardized,299,0.1471668996
2024-12-31,2025-03-31,3,turnover_stability_20_zscore,turnover_stability_20,Turnover Stability,Liquidity,standardized,299,-0.0759997092
2025-01-31,2025-04-30,3,turnover_stability_20_zscore,turnover_stability_20,Turnover Stability,Liquidity,standardized,299,0.1515443829
2025-02-28,2025-05-31,3,turnover_stability_20_zscore,turnover_stability_20,Turnover Stability,Liquidity,standardized,299,0.4392411418
2025-03-31,2025-06-30,3,turnover_stability_20_zscore,turnover_stability_20,Turnover Stability,Liquidity,standardized,300,0.0443035802
2025-04-30,2025-07-31,3,turnover_stability_20_zscore,turnover_stability_20,Turnover Stability,Liquidity,standardized,300,-0.1378105022
2025-05-31,2025-08-31,3,turnover_stability_20_zscore,turnover_stability_20,Turnover Stability,Liquidity,standardized,299,-0.5182424884
2025-06-30,2025-09-30,3,turnover_stability_20_zscore,turnover_stability_20,Turnover Stability,Liquidity,standardized,298,-0.4727217739
2025-07-31,2025-10-31,3,turnover_stability_20_zscore,turnover_stability_20,Turnover Stability,Liquidity,standardized,299,-0.2803424851
2025-08-31,2025-11-30,3,turnover_stability_20_zscore,turnover_stability_20,Turnover Stability,Liquidity,standardized,299,0.1755540977
2025-09-30,2025-12-31,3,turnover_stability_20_zscore,turnover_stability_20,Turnover Stability,Liquidity,standardized,300,0.2946054110
2025-10-31,2026-01-31,3,turnover_stability_20_zscore,turnover_stability_20,Turnover Stability,Liquidity,standardized,300,-0.1330364263
2025-11-30,2026-02-28,3,turnover_stability_20_zscore,turnover_stability_20,Turnover Stability,Liquidity,standardized,300,-0.2671928157
2025-12-31,2026-03-31,3,turnover_stability_20_zscore,turnover_stability_20,Turnover Stability,Liquidity,standardized,299,0.1647699446
2026-01-31,2026-04-30,3,turnover_stability_20_zscore,turnover_stability_20,Turnover Stability,Liquidity,standardized,300,0.1363932542
2026-02-28,2026-05-31,3,turnover_stability_20_zscore,turnover_stability_20,Turnover Stability,Liquidity,standardized,300,0.0832798135
2026-03-31,2026-06-30,3,turnover_stability_20_zscore,turnover_stability_20,Turnover Stability,Liquidity,standardized,300,-0.1028506537
2026-04-30,2026-07-31,3,turnover_stability_20_zscore,turnover_stability_20,Turnover Stability,Liquidity,standardized,300,0.2359056128
2026-05-31,2026-08-31,3,turnover_stability_20_zscore,turnover_stability_20,Turnover Stability,Liquidity,standardized,300,0.3544832706
2026-06-30,2026-09-08,3,turnover_stability_20_zscore,turnover_stability_20,Turnover Stability,Liquidity,standardized,300,0.5729137129
2019-07-31,2019-08-31,1,turnover_stability_20_neutral,turnover_stability_20,Turnover Stability,Liquidity,neutralized,300,-0.0905081268
2019-08-31,2019-09-30,1,turnover_stability_20_neutral,turnover_stability_20,Turnover Stability,Liquidity,neutralized,300,-0.0749002571
2019-09-30,2019-10-31,1,turnover_stability_20_neutral,turnover_stability_20,Turnover Stability,Liquidity,neutralized,300,0.0729899708
2019-10-31,2019-11-30,1,turnover_stability_20_neutral,turnover_stability_20,Turnover Stability,Liquidity,neutralized,300,0.1084356613
2019-11-30,2019-12-31,1,turnover_stability_20_neutral,turnover_stability_20,Turnover Stability,Liquidity,neutralized,300,-0.0597422260
2019-12-31,2020-01-31,1,turnover_stability_20_neutral,turnover_stability_20,Turnover Stability,Liquidity,neutralized,300,0.0314259082
2020-01-31,2020-02-29,1,turnover_stability_20_neutral,turnover_stability_20,Turnover Stability,Liquidity,neutralized,300,-0.1238607371
2020-02-29,2020-03-31,1,turnover_stability_20_neutral,turnover_stability_20,Turnover Stability,Liquidity,neutralized,300,0.0857853976
2020-03-31,2020-04-30,1,turnover_stability_20_neutral,turnover_stability_20,Turnover Stability,Liquidity,neutralized,299,-0.0562706479
2020-04-30,2020-05-31,1,turnover_stability_20_neutral,turnover_stability_20,Turnover Stability,Liquidity,neutralized,299,0.0280074521
2020-05-31,2020-06-30,1,turnover_stability_20_neutral,turnover_stability_20,Turnover Stability,Liquidity,neutralized,299,0.0126500037
2020-06-30,2020-07-31,1,turnover_stability_20_neutral,turnover_stability_20,Turnover Stability,Liquidity,neutralized,299,0.0577769298
2020-07-31,2020-08-31,1,turnover_stability_20_neutral,turnover_stability_20,Turnover Stability,Liquidity,neutralized,300,0.1646512360
2020-08-31,2020-09-30,1,turnover_stability_20_neutral,turnover_stability_20,Turnover Stability,Liquidity,neutralized,300,0.0425142502
2020-09-30,2020-10-31,1,turnover_stability_20_neutral,turnover_stability_20,Turnover Stability,Liquidity,neutralized,300,0.0461232919
2020-10-31,2020-11-30,1,turnover_stability_20_neutral,turnover_stability_20,Turnover Stability,Liquidity,neutralized,300,0.0301107824
2020-11-30,2020-12-31,1,turnover_stability_20_neutral,turnover_stability_20,Turnover Stability,Liquidity,neutralized,300,0.0171733057
2020-12-31,2021-01-31,1,turnover_stability_20_neutral,turnover_stability_20,Turnover Stability,Liquidity,neutralized,300,-0.0987339969
2021-01-31,2021-02-28,1,turnover_stability_20_neutral,turnover_stability_20,Turnover Stability,Liquidity,neutralized,300,-0.0315454967
2021-02-28,2021-03-31,1,turnover_stability_20_neutral,turnover_stability_20,Turnover Stability,Liquidity,neutralized,300,0.1347517344
2021-03-31,2021-04-30,1,turnover_stability_20_neutral,turnover_stability_20,Turnover Stability,Liquidity,neutralized,300,0.0250407338
2021-04-30,2021-05-31,1,turnover_stability_20_neutral,turnover_stability_20,Turnover Stability,Liquidity,neutralized,300,-0.1513347554
2021-05-31,2021-06-30,1,turnover_stability_20_neutral,turnover_stability_20,Turnover Stability,Liquidity,neutralized,299,0.0002639671
2021-06-30,2021-07-31,1,turnover_stability_20_neutral,turnover_stability_20,Turnover Stability,Liquidity,neutralized,299,0.0358259074
2021-07-31,2021-08-31,1,turnover_stability_20_neutral,turnover_stability_20,Turnover Stability,Liquidity,neutralized,300,0.1027700308
2021-08-31,2021-09-30,1,turnover_stability_20_neutral,turnover_stability_20,Turnover Stability,Liquidity,neutralized,300,0.0334665978
2021-09-30,2021-10-31,1,turnover_stability_20_neutral,turnover_stability_20,Turnover Stability,Liquidity,neutralized,300,0.0693910241
2021-10-31,2021-11-30,1,turnover_stability_20_neutral,turnover_stability_20,Turnover Stability,Liquidity,neutralized,300,-0.0456507497
2021-11-30,2021-12-31,1,turnover_stability_20_neutral,turnover_stability_20,Turnover Stability,Liquidity,neutralized,300,0.1013020370
2021-12-31,2022-01-31,1,turnover_stability_20_neutral,turnover_stability_20,Turnover Stability,Liquidity,neutralized,300,0.1088052210
2022-01-31,2022-02-28,1,turnover_stability_20_neutral,turnover_stability_20,Turnover Stability,Liquidity,neutralized,298,-0.1614516956
2022-02-28,2022-03-31,1,turnover_stability_20_neutral,turnover_stability_20,Turnover Stability,Liquidity,neutralized,299,-0.0360880788
2022-03-31,2022-04-30,1,turnover_stability_20_neutral,turnover_stability_20,Turnover Stability,Liquidity,neutralized,300,0.1059098552
2022-04-30,2022-05-31,1,turnover_stability_20_neutral,turnover_stability_20,Turnover Stability,Liquidity,neutralized,300,0.0214993500
2022-05-31,2022-06-30,1,turnover_stability_20_neutral,turnover_stability_20,Turnover Stability,Liquidity,neutralized,299,-0.1170665212
2022-06-30,2022-07-31,1,turnover_stability_20_neutral,turnover_stability_20,Turnover Stability,Liquidity,neutralized,298,0.0747324199
2022-07-31,2022-08-31,1,turnover_stability_20_neutral,turnover_stability_20,Turnover Stability,Liquidity,neutralized,300,0.0957004073
2022-08-31,2022-09-30,1,turnover_stability_20_neutral,turnover_stability_20,Turnover Stability,Liquidity,neutralized,300,0.0579393233
2022-09-30,2022-10-31,1,turnover_stability_20_neutral,turnover_stability_20,Turnover Stability,Liquidity,neutralized,300,0.0346070704
2022-10-31,2022-11-30,1,turnover_stability_20_neutral,turnover_stability_20,Turnover Stability,Liquidity,neutralized,300,0.1266196291
2022-11-30,2022-12-31,1,turnover_stability_20_neutral,turnover_stability_20,Turnover Stability,Liquidity,neutralized,300,-0.0063551817
2022-12-31,2023-01-31,1,turnover_stability_20_neutral,turnover_stability_20,Turnover Stability,Liquidity,neutralized,300,-0.0235638278
2023-01-31,2023-02-28,1,turnover_stability_20_neutral,turnover_stability_20,Turnover Stability,Liquidity,neutralized,300,0.2986147176
2023-02-28,2023-03-31,1,turnover_stability_20_neutral,turnover_stability_20,Turnover Stability,Liquidity,neutralized,300,0.1494161212
2023-03-31,2023-04-30,1,turnover_stability_20_neutral,turnover_stability_20,Turnover Stability,Liquidity,neutralized,300,-0.0534503717
2023-04-30,2023-05-31,1,turnover_stability_20_neutral,turnover_stability_20,Turnover Stability,Liquidity,neutralized,300,0.0680994309
2023-05-31,2023-06-30,1,turnover_stability_20_neutral,turnover_stability_20,Turnover Stability,Liquidity,neutralized,300,-0.0016009069
2023-06-30,2023-07-31,1,turnover_stability_20_neutral,turnover_stability_20,Turnover Stability,Liquidity,neutralized,300,0.0205073390
2023-07-31,2023-08-31,1,turnover_stability_20_neutral,turnover_stability_20,Turnover Stability,Liquidity,neutralized,300,0.1609293437
2023-08-31,2023-09-30,1,turnover_stability_20_neutral,turnover_stability_20,Turnover Stability,Liquidity,neutralized,300,-0.0196862297
2023-09-30,2023-10-31,1,turnover_stability_20_neutral,turnover_stability_20,Turnover Stability,Liquidity,neutralized,300,-0.0007573417
2023-10-31,2023-11-30,1,turnover_stability_20_neutral,turnover_stability_20,Turnover Stability,Liquidity,neutralized,300,0.0928021526
2023-11-30,2023-12-31,1,turnover_stability_20_neutral,turnover_stability_20,Turnover Stability,Liquidity,neutralized,300,0.0414207101
2023-12-31,2024-01-31,1,turnover_stability_20_neutral,turnover_stability_20,Turnover Stability,Liquidity,neutralized,300,0.0489365492
2024-01-31,2024-02-29,1,turnover_stability_20_neutral,turnover_stability_20,Turnover Stability,Liquidity,neutralized,300,-0.1006862522
2024-02-29,2024-03-31,1,turnover_stability_20_neutral,turnover_stability_20,Turnover Stability,Liquidity,neutralized,300,0.0831644796
2024-03-31,2024-04-30,1,turnover_stability_20_neutral,turnover_stability_20,Turnover Stability,Liquidity,neutralized,300,0.1889455377
2024-04-30,2024-05-31,1,turnover_stability_20_neutral,turnover_stability_20,Turnover Stability,Liquidity,neutralized,300,0.0972753031
2024-05-31,2024-06-30,1,turnover_stability_20_neutral,turnover_stability_20,Turnover Stability,Liquidity,neutralized,300,0.0140477116
2024-06-30,2024-07-31,1,turnover_stability_20_neutral,turnover_stability_20,Turnover Stability,Liquidity,neutralized,300,0.0401982244
2024-07-31,2024-08-31,1,turnover_stability_20_neutral,turnover_stability_20,Turnover Stability,Liquidity,neutralized,300,0.1131937022
2024-08-31,2024-09-30,1,turnover_stability_20_neutral,turnover_stability_20,Turnover Stability,Liquidity,neutralized,298,-0.0024729348
2024-09-30,2024-10-31,1,turnover_stability_20_neutral,turnover_stability_20,Turnover Stability,Liquidity,neutralized,298,-0.0967449272
2024-10-31,2024-11-30,1,turnover_stability_20_neutral,turnover_stability_20,Turnover Stability,Liquidity,neutralized,300,0.0347550915
2024-11-30,2024-12-31,1,turnover_stability_20_neutral,turnover_stability_20,Turnover Stability,Liquidity,neutralized,300,0.1403415594
2024-12-31,2025-01-31,1,turnover_stability_20_neutral,turnover_stability_20,Turnover Stability,Liquidity,neutralized,300,0.0551952799
2025-01-31,2025-02-28,1,turnover_stability_20_neutral,turnover_stability_20,Turnover Stability,Liquidity,neutralized,299,0.0468627545
2025-02-28,2025-03-31,1,turnover_stability_20_neutral,turnover_stability_20,Turnover Stability,Liquidity,neutralized,299,0.0933707436
2025-03-31,2025-04-30,1,turnover_stability_20_neutral,turnover_stability_20,Turnover Stability,Liquidity,neutralized,300,-0.0079594227
2025-04-30,2025-05-31,1,turnover_stability_20_neutral,turnover_stability_20,Turnover Stability,Liquidity,neutralized,300,0.0324168118
2025-05-31,2025-06-30,1,turnover_stability_20_neutral,turnover_stability_20,Turnover Stability,Liquidity,neutralized,300,-0.1510741398
2025-06-30,2025-07-31,1,turnover_stability_20_neutral,turnover_stability_20,Turnover Stability,Liquidity,neutralized,299,-0.0405176090
2025-07-31,2025-08-31,1,turnover_stability_20_neutral,turnover_stability_20,Turnover Stability,Liquidity,neutralized,299,0.0248333649
2025-08-31,2025-09-30,1,turnover_stability_20_neutral,turnover_stability_20,Turnover Stability,Liquidity,neutralized,299,-0.0177549325
2025-09-30,2025-10-31,1,turnover_stability_20_neutral,turnover_stability_20,Turnover Stability,Liquidity,neutralized,300,0.0446873370
2025-10-31,2025-11-30,1,turnover_stability_20_neutral,turnover_stability_20,Turnover Stability,Liquidity,neutralized,300,0.0679074212
2025-11-30,2025-12-31,1,turnover_stability_20_neutral,turnover_stability_20,Turnover Stability,Liquidity,neutralized,300,0.1220844676
2025-12-31,2026-01-31,1,turnover_stability_20_neutral,turnover_stability_20,Turnover Stability,Liquidity,neutralized,299,0.0186947753
2026-01-31,2026-02-28,1,turnover_stability_20_neutral,turnover_stability_20,Turnover Stability,Liquidity,neutralized,300,-0.0083827598
2026-02-28,2026-03-31,1,turnover_stability_20_neutral,turnover_stability_20,Turnover Stability,Liquidity,neutralized,300,0.0685358802
2026-03-31,2026-04-30,1,turnover_stability_20_neutral,turnover_stability_20,Turnover Stability,Liquidity,neutralized,300,-0.0836094106
2026-04-30,2026-05-31,1,turnover_stability_20_neutral,turnover_stability_20,Turnover Stability,Liquidity,neutralized,300,0.0437284859
2026-05-31,2026-06-30,1,turnover_stability_20_neutral,turnover_stability_20,Turnover Stability,Liquidity,neutralized,300,-0.1216155735
2026-06-30,2026-07-31,1,turnover_stability_20_neutral,turnover_stability_20,Turnover Stability,Liquidity,neutralized,300,0.3092469916
2026-07-31,2026-08-31,1,turnover_stability_20_neutral,turnover_stability_20,Turnover Stability,Liquidity,neutralized,300,-0.0970810895
2026-08-31,2026-09-08,1,turnover_stability_20_neutral,turnover_stability_20,Turnover Stability,Liquidity,neutralized,300,0.0357537703
2019-07-31,2019-10-31,3,turnover_stability_20_neutral,turnover_stability_20,Turnover Stability,Liquidity,neutralized,300,-0.0817195747
2019-08-31,2019-11-30,3,turnover_stability_20_neutral,turnover_stability_20,Turnover Stability,Liquidity,neutralized,300,0.0423640263
2019-09-30,2019-12-31,3,turnover_stability_20_neutral,turnover_stability_20,Turnover Stability,Liquidity,neutralized,300,0.0818311315
2019-10-31,2020-01-31,3,turnover_stability_20_neutral,turnover_stability_20,Turnover Stability,Liquidity,neutralized,300,0.0459087374
2019-11-30,2020-02-29,3,turnover_stability_20_neutral,turnover_stability_20,Turnover Stability,Liquidity,neutralized,300,-0.0675225280
2019-12-31,2020-03-31,3,turnover_stability_20_neutral,turnover_stability_20,Turnover Stability,Liquidity,neutralized,300,0.0753137257
2020-01-31,2020-04-30,3,turnover_stability_20_neutral,turnover_stability_20,Turnover Stability,Liquidity,neutralized,299,-0.1331413735
2020-02-29,2020-05-31,3,turnover_stability_20_neutral,turnover_stability_20,Turnover Stability,Liquidity,neutralized,299,0.0134237166
2020-03-31,2020-06-30,3,turnover_stability_20_neutral,turnover_stability_20,Turnover Stability,Liquidity,neutralized,300,0.0076054178
2020-04-30,2020-07-31,3,turnover_stability_20_neutral,turnover_stability_20,Turnover Stability,Liquidity,neutralized,299,0.0061825773
2020-05-31,2020-08-31,3,turnover_stability_20_neutral,turnover_stability_20,Turnover Stability,Liquidity,neutralized,299,0.1478795089
2020-06-30,2020-09-30,3,turnover_stability_20_neutral,turnover_stability_20,Turnover Stability,Liquidity,neutralized,299,0.0964472178
2020-07-31,2020-10-31,3,turnover_stability_20_neutral,turnover_stability_20,Turnover Stability,Liquidity,neutralized,300,0.1858389538
2020-08-31,2020-11-30,3,turnover_stability_20_neutral,turnover_stability_20,Turnover Stability,Liquidity,neutralized,300,0.0642864921
2020-09-30,2020-12-31,3,turnover_stability_20_neutral,turnover_stability_20,Turnover Stability,Liquidity,neutralized,300,0.0540875019
2020-10-31,2021-01-31,3,turnover_stability_20_neutral,turnover_stability_20,Turnover Stability,Liquidity,neutralized,300,-0.0314959755
2020-11-30,2021-02-28,3,turnover_stability_20_neutral,turnover_stability_20,Turnover Stability,Liquidity,neutralized,300,-0.0684363160
2020-12-31,2021-03-31,3,turnover_stability_20_neutral,turnover_stability_20,Turnover Stability,Liquidity,neutralized,300,0.0714979135
2021-01-31,2021-04-30,3,turnover_stability_20_neutral,turnover_stability_20,Turnover Stability,Liquidity,neutralized,300,0.0392031023
2021-02-28,2021-05-31,3,turnover_stability_20_neutral,turnover_stability_20,Turnover Stability,Liquidity,neutralized,300,0.0797746819
2021-03-31,2021-06-30,3,turnover_stability_20_neutral,turnover_stability_20,Turnover Stability,Liquidity,neutralized,299,-0.0379362977
2021-04-30,2021-07-31,3,turnover_stability_20_neutral,turnover_stability_20,Turnover Stability,Liquidity,neutralized,300,-0.0178906452
2021-05-31,2021-08-31,3,turnover_stability_20_neutral,turnover_stability_20,Turnover Stability,Liquidity,neutralized,300,0.0233527039
2021-06-30,2021-09-30,3,turnover_stability_20_neutral,turnover_stability_20,Turnover Stability,Liquidity,neutralized,298,0.1347167892
2021-07-31,2021-10-31,3,turnover_stability_20_neutral,turnover_stability_20,Turnover Stability,Liquidity,neutralized,300,0.0508527929
2021-08-31,2021-11-30,3,turnover_stability_20_neutral,turnover_stability_20,Turnover Stability,Liquidity,neutralized,300,0.0078965322
2021-09-30,2021-12-31,3,turnover_stability_20_neutral,turnover_stability_20,Turnover Stability,Liquidity,neutralized,300,0.0462121204
2021-10-31,2022-01-31,3,turnover_stability_20_neutral,turnover_stability_20,Turnover Stability,Liquidity,neutralized,300,0.0512339026
2021-11-30,2022-02-28,3,turnover_stability_20_neutral,turnover_stability_20,Turnover Stability,Liquidity,neutralized,300,0.0902190225
2021-12-31,2022-03-31,3,turnover_stability_20_neutral,turnover_stability_20,Turnover Stability,Liquidity,neutralized,300,0.0396971122
2022-01-31,2022-04-30,3,turnover_stability_20_neutral,turnover_stability_20,Turnover Stability,Liquidity,neutralized,298,0.0169124070
2022-02-28,2022-05-31,3,turnover_stability_20_neutral,turnover_stability_20,Turnover Stability,Liquidity,neutralized,299,-0.0254822563
2022-03-31,2022-06-30,3,turnover_stability_20_neutral,turnover_stability_20,Turnover Stability,Liquidity,neutralized,300,-0.0051649491
2022-04-30,2022-07-31,3,turnover_stability_20_neutral,turnover_stability_20,Turnover Stability,Liquidity,neutralized,300,-0.0218144646
2022-05-31,2022-08-31,3,turnover_stability_20_neutral,turnover_stability_20,Turnover Stability,Liquidity,neutralized,299,-0.0298570178
2022-06-30,2022-09-30,3,turnover_stability_20_neutral,turnover_stability_20,Turnover Stability,Liquidity,neutralized,298,0.1769700325
2022-07-31,2022-10-31,3,turnover_stability_20_neutral,turnover_stability_20,Turnover Stability,Liquidity,neutralized,300,0.2027856090
2022-08-31,2022-11-30,3,turnover_stability_20_neutral,turnover_stability_20,Turnover Stability,Liquidity,neutralized,300,0.1896441493
2022-09-30,2022-12-31,3,turnover_stability_20_neutral,turnover_stability_20,Turnover Stability,Liquidity,neutralized,300,0.0629898180
2022-10-31,2023-01-31,3,turnover_stability_20_neutral,turnover_stability_20,Turnover Stability,Liquidity,neutralized,300,0.0789559884
2022-11-30,2023-02-28,3,turnover_stability_20_neutral,turnover_stability_20,Turnover Stability,Liquidity,neutralized,300,0.1482678861
2022-12-31,2023-03-31,3,turnover_stability_20_neutral,turnover_stability_20,Turnover Stability,Liquidity,neutralized,300,0.1065258621
2023-01-31,2023-04-30,3,turnover_stability_20_neutral,turnover_stability_20,Turnover Stability,Liquidity,neutralized,300,0.2690957463
2023-02-28,2023-05-31,3,turnover_stability_20_neutral,turnover_stability_20,Turnover Stability,Liquidity,neutralized,300,0.0919721330
2023-03-31,2023-06-30,3,turnover_stability_20_neutral,turnover_stability_20,Turnover Stability,Liquidity,neutralized,300,0.0375519728
2023-04-30,2023-07-31,3,turnover_stability_20_neutral,turnover_stability_20,Turnover Stability,Liquidity,neutralized,300,0.1360028445
2023-05-31,2023-08-31,3,turnover_stability_20_neutral,turnover_stability_20,Turnover Stability,Liquidity,neutralized,300,0.0942852803
2023-06-30,2023-09-30,3,turnover_stability_20_neutral,turnover_stability_20,Turnover Stability,Liquidity,neutralized,300,0.1078087534
2023-07-31,2023-10-31,3,turnover_stability_20_neutral,turnover_stability_20,Turnover Stability,Liquidity,neutralized,300,0.1197337748
2023-08-31,2023-11-30,3,turnover_stability_20_neutral,turnover_stability_20,Turnover Stability,Liquidity,neutralized,300,0.0156206180
2023-09-30,2023-12-31,3,turnover_stability_20_neutral,turnover_stability_20,Turnover Stability,Liquidity,neutralized,300,0.0366510739
2023-10-31,2024-01-31,3,turnover_stability_20_neutral,turnover_stability_20,Turnover Stability,Liquidity,neutralized,300,0.0824560273
2023-11-30,2024-02-29,3,turnover_stability_20_neutral,turnover_stability_20,Turnover Stability,Liquidity,neutralized,300,0.0873803236
2023-12-31,2024-03-31,3,turnover_stability_20_neutral,turnover_stability_20,Turnover Stability,Liquidity,neutralized,300,0.0005268948
2024-01-31,2024-04-30,3,turnover_stability_20_neutral,turnover_stability_20,Turnover Stability,Liquidity,neutralized,300,0.0891867985
2024-02-29,2024-05-31,3,turnover_stability_20_neutral,turnover_stability_20,Turnover Stability,Liquidity,neutralized,300,0.1802997811
2024-03-31,2024-06-30,3,turnover_stability_20_neutral,turnover_stability_20,Turnover Stability,Liquidity,neutralized,300,0.1680165522
2024-04-30,2024-07-31,3,turnover_stability_20_neutral,turnover_stability_20,Turnover Stability,Liquidity,neutralized,300,0.1043909377
2024-05-31,2024-08-31,3,turnover_stability_20_neutral,turnover_stability_20,Turnover Stability,Liquidity,neutralized,300,0.1215262392
2024-06-30,2024-09-30,3,turnover_stability_20_neutral,turnover_stability_20,Turnover Stability,Liquidity,neutralized,298,0.0881176117
2024-07-31,2024-10-31,3,turnover_stability_20_neutral,turnover_stability_20,Turnover Stability,Liquidity,neutralized,300,-0.0320119112
2024-08-31,2024-11-30,3,turnover_stability_20_neutral,turnover_stability_20,Turnover Stability,Liquidity,neutralized,300,-0.0371777464
2024-09-30,2024-12-31,3,turnover_stability_20_neutral,turnover_stability_20,Turnover Stability,Liquidity,neutralized,298,-0.0316962845
2024-10-31,2025-01-31,3,turnover_stability_20_neutral,turnover_stability_20,Turnover Stability,Liquidity,neutralized,300,0.1635195947
2024-11-30,2025-02-28,3,turnover_stability_20_neutral,turnover_stability_20,Turnover Stability,Liquidity,neutralized,299,0.1889663744
2024-12-31,2025-03-31,3,turnover_stability_20_neutral,turnover_stability_20,Turnover Stability,Liquidity,neutralized,299,0.0921622410
2025-01-31,2025-04-30,3,turnover_stability_20_neutral,turnover_stability_20,Turnover Stability,Liquidity,neutralized,299,0.0604729479
2025-02-28,2025-05-31,3,turnover_stability_20_neutral,turnover_stability_20,Turnover Stability,Liquidity,neutralized,299,0.0552910210
2025-03-31,2025-06-30,3,turnover_stability_20_neutral,turnover_stability_20,Turnover Stability,Liquidity,neutralized,300,-0.1304814643
2025-04-30,2025-07-31,3,turnover_stability_20_neutral,turnover_stability_20,Turnover Stability,Liquidity,neutralized,300,-0.0396444405
2025-05-31,2025-08-31,3,turnover_stability_20_neutral,turnover_stability_20,Turnover Stability,Liquidity,neutralized,299,-0.0935372943
2025-06-30,2025-09-30,3,turnover_stability_20_neutral,turnover_stability_20,Turnover Stability,Liquidity,neutralized,298,-0.0720592833
2025-07-31,2025-10-31,3,turnover_stability_20_neutral,turnover_stability_20,Turnover Stability,Liquidity,neutralized,299,0.0279854549
2025-08-31,2025-11-30,3,turnover_stability_20_neutral,turnover_stability_20,Turnover Stability,Liquidity,neutralized,299,0.0311005365
2025-09-30,2025-12-31,3,turnover_stability_20_neutral,turnover_stability_20,Turnover Stability,Liquidity,neutralized,300,0.1105403393
2025-10-31,2026-01-31,3,turnover_stability_20_neutral,turnover_stability_20,Turnover Stability,Liquidity,neutralized,300,0.0076063067
2025-11-30,2026-02-28,3,turnover_stability_20_neutral,turnover_stability_20,Turnover Stability,Liquidity,neutralized,300,0.0149877221
2025-12-31,2026-03-31,3,turnover_stability_20_neutral,turnover_stability_20,Turnover Stability,Liquidity,neutralized,299,-0.0474382169
2026-01-31,2026-04-30,3,turnover_stability_20_neutral,turnover_stability_20,Turnover Stability,Liquidity,neutralized,300,0.0723390260
2026-02-28,2026-05-31,3,turnover_stability_20_neutral,turnover_stability_20,Turnover Stability,Liquidity,neutralized,300,0.0116881299
2026-03-31,2026-06-30,3,turnover_stability_20_neutral,turnover_stability_20,Turnover Stability,Liquidity,neutralized,300,-0.0187562084
2026-04-30,2026-07-31,3,turnover_stability_20_neutral,turnover_stability_20,Turnover Stability,Liquidity,neutralized,300,0.1515070167
2026-05-31,2026-08-31,3,turnover_stability_20_neutral,turnover_stability_20,Turnover Stability,Liquidity,neutralized,300,0.0841111568
2026-06-30,2026-09-08,3,turnover_stability_20_neutral,turnover_stability_20,Turnover Stability,Liquidity,neutralized,300,0.2626100290
2019-07-31,2019-08-31,1,amihud_liquidity_score_20_zscore,amihud_liquidity_score_20,Amihud Liquidity,Liquidity,standardized,300,0.0916267874
2019-08-31,2019-09-30,1,amihud_liquidity_score_20_zscore,amihud_liquidity_score_20,Amihud Liquidity,Liquidity,standardized,300,0.0453138707
2019-09-30,2019-10-31,1,amihud_liquidity_score_20_zscore,amihud_liquidity_score_20,Amihud Liquidity,Liquidity,standardized,300,0.1169658832
2019-10-31,2019-11-30,1,amihud_liquidity_score_20_zscore,amihud_liquidity_score_20,Amihud Liquidity,Liquidity,standardized,300,-0.0590761417
2019-11-30,2019-12-31,1,amihud_liquidity_score_20_zscore,amihud_liquidity_score_20,Amihud Liquidity,Liquidity,standardized,300,0.0762771526
2019-12-31,2020-01-31,1,amihud_liquidity_score_20_zscore,amihud_liquidity_score_20,Amihud Liquidity,Liquidity,standardized,300,0.1194017977
2020-01-31,2020-02-29,1,amihud_liquidity_score_20_zscore,amihud_liquidity_score_20,Amihud Liquidity,Liquidity,standardized,300,0.2148207523
2020-02-29,2020-03-31,1,amihud_liquidity_score_20_zscore,amihud_liquidity_score_20,Amihud Liquidity,Liquidity,standardized,300,-0.0761597109
2020-03-31,2020-04-30,1,amihud_liquidity_score_20_zscore,amihud_liquidity_score_20,Amihud Liquidity,Liquidity,standardized,299,0.3115081779
2020-04-30,2020-05-31,1,amihud_liquidity_score_20_zscore,amihud_liquidity_score_20,Amihud Liquidity,Liquidity,standardized,299,-0.1193186677
2020-05-31,2020-06-30,1,amihud_liquidity_score_20_zscore,amihud_liquidity_score_20,Amihud Liquidity,Liquidity,standardized,299,0.2647987238
2020-06-30,2020-07-31,1,amihud_liquidity_score_20_zscore,amihud_liquidity_score_20,Amihud Liquidity,Liquidity,standardized,299,-0.1287876960
2020-07-31,2020-08-31,1,amihud_liquidity_score_20_zscore,amihud_liquidity_score_20,Amihud Liquidity,Liquidity,standardized,300,-0.0646026679
2020-08-31,2020-09-30,1,amihud_liquidity_score_20_zscore,amihud_liquidity_score_20,Amihud Liquidity,Liquidity,standardized,300,-0.0418945039
2020-09-30,2020-10-31,1,amihud_liquidity_score_20_zscore,amihud_liquidity_score_20,Amihud Liquidity,Liquidity,standardized,300,0.0991301990
2020-10-31,2020-11-30,1,amihud_liquidity_score_20_zscore,amihud_liquidity_score_20,Amihud Liquidity,Liquidity,standardized,300,-0.0516511099
2020-11-30,2020-12-31,1,amihud_liquidity_score_20_zscore,amihud_liquidity_score_20,Amihud Liquidity,Liquidity,standardized,300,0.1871274702
2020-12-31,2021-01-31,1,amihud_liquidity_score_20_zscore,amihud_liquidity_score_20,Amihud Liquidity,Liquidity,standardized,300,0.1731330050
2021-01-31,2021-02-28,1,amihud_liquidity_score_20_zscore,amihud_liquidity_score_20,Amihud Liquidity,Liquidity,standardized,300,-0.0675519126
2021-02-28,2021-03-31,1,amihud_liquidity_score_20_zscore,amihud_liquidity_score_20,Amihud Liquidity,Liquidity,standardized,300,-0.2002634712
2021-03-31,2021-04-30,1,amihud_liquidity_score_20_zscore,amihud_liquidity_score_20,Amihud Liquidity,Liquidity,standardized,300,0.1302697897
2021-04-30,2021-05-31,1,amihud_liquidity_score_20_zscore,amihud_liquidity_score_20,Amihud Liquidity,Liquidity,standardized,300,0.0703519643
2021-05-31,2021-06-30,1,amihud_liquidity_score_20_zscore,amihud_liquidity_score_20,Amihud Liquidity,Liquidity,standardized,299,0.0099418755
2021-06-30,2021-07-31,1,amihud_liquidity_score_20_zscore,amihud_liquidity_score_20,Amihud Liquidity,Liquidity,standardized,299,0.0551696057
2021-07-31,2021-08-31,1,amihud_liquidity_score_20_zscore,amihud_liquidity_score_20,Amihud Liquidity,Liquidity,standardized,300,-0.0828779939
2021-08-31,2021-09-30,1,amihud_liquidity_score_20_zscore,amihud_liquidity_score_20,Amihud Liquidity,Liquidity,standardized,300,-0.2086520419
2021-09-30,2021-10-31,1,amihud_liquidity_score_20_zscore,amihud_liquidity_score_20,Amihud Liquidity,Liquidity,standardized,300,0.1189120588
2021-10-31,2021-11-30,1,amihud_liquidity_score_20_zscore,amihud_liquidity_score_20,Amihud Liquidity,Liquidity,standardized,300,-0.1214093156
2021-11-30,2021-12-31,1,amihud_liquidity_score_20_zscore,amihud_liquidity_score_20,Amihud Liquidity,Liquidity,standardized,300,-0.1556932043
2021-12-31,2022-01-31,1,amihud_liquidity_score_20_zscore,amihud_liquidity_score_20,Amihud Liquidity,Liquidity,standardized,300,-0.0567006552
2022-01-31,2022-02-28,1,amihud_liquidity_score_20_zscore,amihud_liquidity_score_20,Amihud Liquidity,Liquidity,standardized,298,0.0991155383
2022-02-28,2022-03-31,1,amihud_liquidity_score_20_zscore,amihud_liquidity_score_20,Amihud Liquidity,Liquidity,standardized,299,0.0679419265
2022-03-31,2022-04-30,1,amihud_liquidity_score_20_zscore,amihud_liquidity_score_20,Amihud Liquidity,Liquidity,standardized,300,0.0113845962
2022-04-30,2022-05-31,1,amihud_liquidity_score_20_zscore,amihud_liquidity_score_20,Amihud Liquidity,Liquidity,standardized,300,-0.2621528287
2022-05-31,2022-06-30,1,amihud_liquidity_score_20_zscore,amihud_liquidity_score_20,Amihud Liquidity,Liquidity,standardized,299,0.0243810327
2022-06-30,2022-07-31,1,amihud_liquidity_score_20_zscore,amihud_liquidity_score_20,Amihud Liquidity,Liquidity,standardized,298,-0.0113832718
2022-07-31,2022-08-31,1,amihud_liquidity_score_20_zscore,amihud_liquidity_score_20,Amihud Liquidity,Liquidity,standardized,300,-0.0450083407
2022-08-31,2022-09-30,1,amihud_liquidity_score_20_zscore,amihud_liquidity_score_20,Amihud Liquidity,Liquidity,standardized,300,-0.0199709685
2022-09-30,2022-10-31,1,amihud_liquidity_score_20_zscore,amihud_liquidity_score_20,Amihud Liquidity,Liquidity,standardized,300,-0.2233752277
2022-10-31,2022-11-30,1,amihud_liquidity_score_20_zscore,amihud_liquidity_score_20,Amihud Liquidity,Liquidity,standardized,300,-0.0797369377
2022-11-30,2022-12-31,1,amihud_liquidity_score_20_zscore,amihud_liquidity_score_20,Amihud Liquidity,Liquidity,standardized,300,0.0248283035
2022-12-31,2023-01-31,1,amihud_liquidity_score_20_zscore,amihud_liquidity_score_20,Amihud Liquidity,Liquidity,standardized,300,0.0460530790
2023-01-31,2023-02-28,1,amihud_liquidity_score_20_zscore,amihud_liquidity_score_20,Amihud Liquidity,Liquidity,standardized,300,-0.3147851662
2023-02-28,2023-03-31,1,amihud_liquidity_score_20_zscore,amihud_liquidity_score_20,Amihud Liquidity,Liquidity,standardized,300,0.0445086485
2023-03-31,2023-04-30,1,amihud_liquidity_score_20_zscore,amihud_liquidity_score_20,Amihud Liquidity,Liquidity,standardized,300,0.1547417933
2023-04-30,2023-05-31,1,amihud_liquidity_score_20_zscore,amihud_liquidity_score_20,Amihud Liquidity,Liquidity,standardized,300,-0.0317989250
2023-05-31,2023-06-30,1,amihud_liquidity_score_20_zscore,amihud_liquidity_score_20,Amihud Liquidity,Liquidity,standardized,300,-0.0244307729
2023-06-30,2023-07-31,1,amihud_liquidity_score_20_zscore,amihud_liquidity_score_20,Amihud Liquidity,Liquidity,standardized,300,-0.1170733117
2023-07-31,2023-08-31,1,amihud_liquidity_score_20_zscore,amihud_liquidity_score_20,Amihud Liquidity,Liquidity,standardized,300,0.0009849020
2023-08-31,2023-09-30,1,amihud_liquidity_score_20_zscore,amihud_liquidity_score_20,Amihud Liquidity,Liquidity,standardized,300,0.0170311254
2023-09-30,2023-10-31,1,amihud_liquidity_score_20_zscore,amihud_liquidity_score_20,Amihud Liquidity,Liquidity,standardized,300,-0.0106832536
2023-10-31,2023-11-30,1,amihud_liquidity_score_20_zscore,amihud_liquidity_score_20,Amihud Liquidity,Liquidity,standardized,300,0.0005437841
2023-11-30,2023-12-31,1,amihud_liquidity_score_20_zscore,amihud_liquidity_score_20,Amihud Liquidity,Liquidity,standardized,300,0.1173296432
2023-12-31,2024-01-31,1,amihud_liquidity_score_20_zscore,amihud_liquidity_score_20,Amihud Liquidity,Liquidity,standardized,300,0.1455590153
2024-01-31,2024-02-29,1,amihud_liquidity_score_20_zscore,amihud_liquidity_score_20,Amihud Liquidity,Liquidity,standardized,300,-0.1834537998
2024-02-29,2024-03-31,1,amihud_liquidity_score_20_zscore,amihud_liquidity_score_20,Amihud Liquidity,Liquidity,standardized,300,0.1383492465
2024-03-31,2024-04-30,1,amihud_liquidity_score_20_zscore,amihud_liquidity_score_20,Amihud Liquidity,Liquidity,standardized,300,0.0167195655
2024-04-30,2024-05-31,1,amihud_liquidity_score_20_zscore,amihud_liquidity_score_20,Amihud Liquidity,Liquidity,standardized,300,-0.0298357275
2024-05-31,2024-06-30,1,amihud_liquidity_score_20_zscore,amihud_liquidity_score_20,Amihud Liquidity,Liquidity,standardized,300,0.3148415312
2024-06-30,2024-07-31,1,amihud_liquidity_score_20_zscore,amihud_liquidity_score_20,Amihud Liquidity,Liquidity,standardized,300,0.0038609404
2024-07-31,2024-08-31,1,amihud_liquidity_score_20_zscore,amihud_liquidity_score_20,Amihud Liquidity,Liquidity,standardized,300,0.1335922104
2024-08-31,2024-09-30,1,amihud_liquidity_score_20_zscore,amihud_liquidity_score_20,Amihud Liquidity,Liquidity,standardized,298,-0.2084096656
2024-09-30,2024-10-31,1,amihud_liquidity_score_20_zscore,amihud_liquidity_score_20,Amihud Liquidity,Liquidity,standardized,298,0.0079602877
2024-10-31,2024-11-30,1,amihud_liquidity_score_20_zscore,amihud_liquidity_score_20,Amihud Liquidity,Liquidity,standardized,300,-0.0819764264
2024-11-30,2024-12-31,1,amihud_liquidity_score_20_zscore,amihud_liquidity_score_20,Amihud Liquidity,Liquidity,standardized,300,0.1761026429
2024-12-31,2025-01-31,1,amihud_liquidity_score_20_zscore,amihud_liquidity_score_20,Amihud Liquidity,Liquidity,standardized,300,0.0351706286
2025-01-31,2025-02-28,1,amihud_liquidity_score_20_zscore,amihud_liquidity_score_20,Amihud Liquidity,Liquidity,standardized,299,-0.0750626306
2025-02-28,2025-03-31,1,amihud_liquidity_score_20_zscore,amihud_liquidity_score_20,Amihud Liquidity,Liquidity,standardized,299,0.0042201120
2025-03-31,2025-04-30,1,amihud_liquidity_score_20_zscore,amihud_liquidity_score_20,Amihud Liquidity,Liquidity,standardized,300,0.0346089097
2025-04-30,2025-05-31,1,amihud_liquidity_score_20_zscore,amihud_liquidity_score_20,Amihud Liquidity,Liquidity,standardized,300,0.0448594023
2025-05-31,2025-06-30,1,amihud_liquidity_score_20_zscore,amihud_liquidity_score_20,Amihud Liquidity,Liquidity,standardized,300,0.1378904976
2025-06-30,2025-07-31,1,amihud_liquidity_score_20_zscore,amihud_liquidity_score_20,Amihud Liquidity,Liquidity,standardized,299,-0.0026877074
2025-07-31,2025-08-31,1,amihud_liquidity_score_20_zscore,amihud_liquidity_score_20,Amihud Liquidity,Liquidity,standardized,299,0.1080838964
2025-08-31,2025-09-30,1,amihud_liquidity_score_20_zscore,amihud_liquidity_score_20,Amihud Liquidity,Liquidity,standardized,299,-0.0260963956
2025-09-30,2025-10-31,1,amihud_liquidity_score_20_zscore,amihud_liquidity_score_20,Amihud Liquidity,Liquidity,standardized,300,-0.0833337315
2025-10-31,2025-11-30,1,amihud_liquidity_score_20_zscore,amihud_liquidity_score_20,Amihud Liquidity,Liquidity,standardized,300,-0.0011333464
2025-11-30,2025-12-31,1,amihud_liquidity_score_20_zscore,amihud_liquidity_score_20,Amihud Liquidity,Liquidity,standardized,300,0.0729010403
2025-12-31,2026-01-31,1,amihud_liquidity_score_20_zscore,amihud_liquidity_score_20,Amihud Liquidity,Liquidity,standardized,299,-0.0388822411
2026-01-31,2026-02-28,1,amihud_liquidity_score_20_zscore,amihud_liquidity_score_20,Amihud Liquidity,Liquidity,standardized,300,-0.0771053354
2026-02-28,2026-03-31,1,amihud_liquidity_score_20_zscore,amihud_liquidity_score_20,Amihud Liquidity,Liquidity,standardized,300,-0.0172530902
2026-03-31,2026-04-30,1,amihud_liquidity_score_20_zscore,amihud_liquidity_score_20,Amihud Liquidity,Liquidity,standardized,300,0.2348745306
2026-04-30,2026-05-31,1,amihud_liquidity_score_20_zscore,amihud_liquidity_score_20,Amihud Liquidity,Liquidity,standardized,300,0.1647307460
2026-05-31,2026-06-30,1,amihud_liquidity_score_20_zscore,amihud_liquidity_score_20,Amihud Liquidity,Liquidity,standardized,300,0.3195652000
2026-06-30,2026-07-31,1,amihud_liquidity_score_20_zscore,amihud_liquidity_score_20,Amihud Liquidity,Liquidity,standardized,300,-0.4203372602
2026-07-31,2026-08-31,1,amihud_liquidity_score_20_zscore,amihud_liquidity_score_20,Amihud Liquidity,Liquidity,standardized,300,0.2431883322
2026-08-31,2026-09-08,1,amihud_liquidity_score_20_zscore,amihud_liquidity_score_20,Amihud Liquidity,Liquidity,standardized,300,-0.2590448402
2019-07-31,2019-10-31,3,amihud_liquidity_score_20_zscore,amihud_liquidity_score_20,Amihud Liquidity,Liquidity,standardized,300,0.1588536736
2019-08-31,2019-11-30,3,amihud_liquidity_score_20_zscore,amihud_liquidity_score_20,Amihud Liquidity,Liquidity,standardized,300,0.0652231112
2019-09-30,2019-12-31,3,amihud_liquidity_score_20_zscore,amihud_liquidity_score_20,Amihud Liquidity,Liquidity,standardized,300,0.0857677089
2019-10-31,2020-01-31,3,amihud_liquidity_score_20_zscore,amihud_liquidity_score_20,Amihud Liquidity,Liquidity,standardized,300,-0.0031291657
2019-11-30,2020-02-29,3,amihud_liquidity_score_20_zscore,amihud_liquidity_score_20,Amihud Liquidity,Liquidity,standardized,300,0.2079128965
2019-12-31,2020-03-31,3,amihud_liquidity_score_20_zscore,amihud_liquidity_score_20,Amihud Liquidity,Liquidity,standardized,300,0.0759357411
2020-01-31,2020-04-30,3,amihud_liquidity_score_20_zscore,amihud_liquidity_score_20,Amihud Liquidity,Liquidity,standardized,299,0.1985440497
2020-02-29,2020-05-31,3,amihud_liquidity_score_20_zscore,amihud_liquidity_score_20,Amihud Liquidity,Liquidity,standardized,299,0.1101861060
2020-03-31,2020-06-30,3,amihud_liquidity_score_20_zscore,amihud_liquidity_score_20,Amihud Liquidity,Liquidity,standardized,300,0.2544552717
2020-04-30,2020-07-31,3,amihud_liquidity_score_20_zscore,amihud_liquidity_score_20,Amihud Liquidity,Liquidity,standardized,299,0.0381345403
2020-05-31,2020-08-31,3,amihud_liquidity_score_20_zscore,amihud_liquidity_score_20,Amihud Liquidity,Liquidity,standardized,299,0.0728933215
2020-06-30,2020-09-30,3,amihud_liquidity_score_20_zscore,amihud_liquidity_score_20,Amihud Liquidity,Liquidity,standardized,299,-0.1526053459
2020-07-31,2020-10-31,3,amihud_liquidity_score_20_zscore,amihud_liquidity_score_20,Amihud Liquidity,Liquidity,standardized,300,-0.0194642595
2020-08-31,2020-11-30,3,amihud_liquidity_score_20_zscore,amihud_liquidity_score_20,Amihud Liquidity,Liquidity,standardized,300,-0.0532062556
2020-09-30,2020-12-31,3,amihud_liquidity_score_20_zscore,amihud_liquidity_score_20,Amihud Liquidity,Liquidity,standardized,300,0.1054910231
2020-10-31,2021-01-31,3,amihud_liquidity_score_20_zscore,amihud_liquidity_score_20,Amihud Liquidity,Liquidity,standardized,300,0.1614088370
2020-11-30,2021-02-28,3,amihud_liquidity_score_20_zscore,amihud_liquidity_score_20,Amihud Liquidity,Liquidity,standardized,300,0.2157308592
2020-12-31,2021-03-31,3,amihud_liquidity_score_20_zscore,amihud_liquidity_score_20,Amihud Liquidity,Liquidity,standardized,300,-0.0814449954
2021-01-31,2021-04-30,3,amihud_liquidity_score_20_zscore,amihud_liquidity_score_20,Amihud Liquidity,Liquidity,standardized,300,-0.1133375201
2021-02-28,2021-05-31,3,amihud_liquidity_score_20_zscore,amihud_liquidity_score_20,Amihud Liquidity,Liquidity,standardized,300,0.0028707167
2021-03-31,2021-06-30,3,amihud_liquidity_score_20_zscore,amihud_liquidity_score_20,Amihud Liquidity,Liquidity,standardized,299,0.1018596176
2021-04-30,2021-07-31,3,amihud_liquidity_score_20_zscore,amihud_liquidity_score_20,Amihud Liquidity,Liquidity,standardized,300,0.0691194203
2021-05-31,2021-08-31,3,amihud_liquidity_score_20_zscore,amihud_liquidity_score_20,Amihud Liquidity,Liquidity,standardized,300,-0.0268861064
2021-06-30,2021-09-30,3,amihud_liquidity_score_20_zscore,amihud_liquidity_score_20,Amihud Liquidity,Liquidity,standardized,298,-0.0700550295
2021-07-31,2021-10-31,3,amihud_liquidity_score_20_zscore,amihud_liquidity_score_20,Amihud Liquidity,Liquidity,standardized,300,-0.0705836156
2021-08-31,2021-11-30,3,amihud_liquidity_score_20_zscore,amihud_liquidity_score_20,Amihud Liquidity,Liquidity,standardized,300,-0.1090631915
2021-09-30,2021-12-31,3,amihud_liquidity_score_20_zscore,amihud_liquidity_score_20,Amihud Liquidity,Liquidity,standardized,300,-0.1499828608
2021-10-31,2022-01-31,3,amihud_liquidity_score_20_zscore,amihud_liquidity_score_20,Amihud Liquidity,Liquidity,standardized,300,-0.1968790730
2021-11-30,2022-02-28,3,amihud_liquidity_score_20_zscore,amihud_liquidity_score_20,Amihud Liquidity,Liquidity,standardized,300,-0.1164348987
2021-12-31,2022-03-31,3,amihud_liquidity_score_20_zscore,amihud_liquidity_score_20,Amihud Liquidity,Liquidity,standardized,300,0.0151419528
2022-01-31,2022-04-30,3,amihud_liquidity_score_20_zscore,amihud_liquidity_score_20,Amihud Liquidity,Liquidity,standardized,298,0.1044394397
2022-02-28,2022-05-31,3,amihud_liquidity_score_20_zscore,amihud_liquidity_score_20,Amihud Liquidity,Liquidity,standardized,299,0.0519986353
2022-03-31,2022-06-30,3,amihud_liquidity_score_20_zscore,amihud_liquidity_score_20,Amihud Liquidity,Liquidity,standardized,300,-0.0657217944
2022-04-30,2022-07-31,3,amihud_liquidity_score_20_zscore,amihud_liquidity_score_20,Amihud Liquidity,Liquidity,standardized,300,-0.1506317862
2022-05-31,2022-08-31,3,amihud_liquidity_score_20_zscore,amihud_liquidity_score_20,Amihud Liquidity,Liquidity,standardized,299,0.0517992652
2022-06-30,2022-09-30,3,amihud_liquidity_score_20_zscore,amihud_liquidity_score_20,Amihud Liquidity,Liquidity,standardized,298,0.0166819824
2022-07-31,2022-10-31,3,amihud_liquidity_score_20_zscore,amihud_liquidity_score_20,Amihud Liquidity,Liquidity,standardized,300,-0.1823071803
2022-08-31,2022-11-30,3,amihud_liquidity_score_20_zscore,amihud_liquidity_score_20,Amihud Liquidity,Liquidity,standardized,300,-0.2357684516
2022-09-30,2022-12-31,3,amihud_liquidity_score_20_zscore,amihud_liquidity_score_20,Amihud Liquidity,Liquidity,standardized,300,-0.2600696788
2022-10-31,2023-01-31,3,amihud_liquidity_score_20_zscore,amihud_liquidity_score_20,Amihud Liquidity,Liquidity,standardized,300,-0.0778546828
2022-11-30,2023-02-28,3,amihud_liquidity_score_20_zscore,amihud_liquidity_score_20,Amihud Liquidity,Liquidity,standardized,300,-0.1585499554
2022-12-31,2023-03-31,3,amihud_liquidity_score_20_zscore,amihud_liquidity_score_20,Amihud Liquidity,Liquidity,standardized,300,-0.1610626098
2023-01-31,2023-04-30,3,amihud_liquidity_score_20_zscore,amihud_liquidity_score_20,Amihud Liquidity,Liquidity,standardized,300,-0.1312410943
2023-02-28,2023-05-31,3,amihud_liquidity_score_20_zscore,amihud_liquidity_score_20,Amihud Liquidity,Liquidity,standardized,300,0.0437526251
2023-03-31,2023-06-30,3,amihud_liquidity_score_20_zscore,amihud_liquidity_score_20,Amihud Liquidity,Liquidity,standardized,300,0.0823934282
2023-04-30,2023-07-31,3,amihud_liquidity_score_20_zscore,amihud_liquidity_score_20,Amihud Liquidity,Liquidity,standardized,300,-0.0947523102
2023-05-31,2023-08-31,3,amihud_liquidity_score_20_zscore,amihud_liquidity_score_20,Amihud Liquidity,Liquidity,standardized,300,-0.0414218902
2023-06-30,2023-09-30,3,amihud_liquidity_score_20_zscore,amihud_liquidity_score_20,Amihud Liquidity,Liquidity,standardized,300,-0.0929022824
2023-07-31,2023-10-31,3,amihud_liquidity_score_20_zscore,amihud_liquidity_score_20,Amihud Liquidity,Liquidity,standardized,300,-0.0466770668
2023-08-31,2023-11-30,3,amihud_liquidity_score_20_zscore,amihud_liquidity_score_20,Amihud Liquidity,Liquidity,standardized,300,-0.0255674520
2023-09-30,2023-12-31,3,amihud_liquidity_score_20_zscore,amihud_liquidity_score_20,Amihud Liquidity,Liquidity,standardized,300,0.0779125944
2023-10-31,2024-01-31,3,amihud_liquidity_score_20_zscore,amihud_liquidity_score_20,Amihud Liquidity,Liquidity,standardized,300,0.1172462437
2023-11-30,2024-02-29,3,amihud_liquidity_score_20_zscore,amihud_liquidity_score_20,Amihud Liquidity,Liquidity,standardized,300,0.1846470431
2023-12-31,2024-03-31,3,amihud_liquidity_score_20_zscore,amihud_liquidity_score_20,Amihud Liquidity,Liquidity,standardized,300,0.1611934182
2024-01-31,2024-04-30,3,amihud_liquidity_score_20_zscore,amihud_liquidity_score_20,Amihud Liquidity,Liquidity,standardized,300,-0.0101299151
2024-02-29,2024-05-31,3,amihud_liquidity_score_20_zscore,amihud_liquidity_score_20,Amihud Liquidity,Liquidity,standardized,300,0.0668901509
2024-03-31,2024-06-30,3,amihud_liquidity_score_20_zscore,amihud_liquidity_score_20,Amihud Liquidity,Liquidity,standardized,300,0.1205385095
2024-04-30,2024-07-31,3,amihud_liquidity_score_20_zscore,amihud_liquidity_score_20,Amihud Liquidity,Liquidity,standardized,300,0.1646076305
2024-05-31,2024-08-31,3,amihud_liquidity_score_20_zscore,amihud_liquidity_score_20,Amihud Liquidity,Liquidity,standardized,300,0.2183220221
2024-06-30,2024-09-30,3,amihud_liquidity_score_20_zscore,amihud_liquidity_score_20,Amihud Liquidity,Liquidity,standardized,298,-0.1115079258
2024-07-31,2024-10-31,3,amihud_liquidity_score_20_zscore,amihud_liquidity_score_20,Amihud Liquidity,Liquidity,standardized,300,-0.0769911119
2024-08-31,2024-11-30,3,amihud_liquidity_score_20_zscore,amihud_liquidity_score_20,Amihud Liquidity,Liquidity,standardized,300,-0.1845222553
2024-09-30,2024-12-31,3,amihud_liquidity_score_20_zscore,amihud_liquidity_score_20,Amihud Liquidity,Liquidity,standardized,298,0.1111458261
2024-10-31,2025-01-31,3,amihud_liquidity_score_20_zscore,amihud_liquidity_score_20,Amihud Liquidity,Liquidity,standardized,300,0.1332480730
2024-11-30,2025-02-28,3,amihud_liquidity_score_20_zscore,amihud_liquidity_score_20,Amihud Liquidity,Liquidity,standardized,299,0.0880463038
2024-12-31,2025-03-31,3,amihud_liquidity_score_20_zscore,amihud_liquidity_score_20,Amihud Liquidity,Liquidity,standardized,299,0.0059450993
2025-01-31,2025-04-30,3,amihud_liquidity_score_20_zscore,amihud_liquidity_score_20,Amihud Liquidity,Liquidity,standardized,299,0.0476541706
2025-02-28,2025-05-31,3,amihud_liquidity_score_20_zscore,amihud_liquidity_score_20,Amihud Liquidity,Liquidity,standardized,299,0.0587648590
2025-03-31,2025-06-30,3,amihud_liquidity_score_20_zscore,amihud_liquidity_score_20,Amihud Liquidity,Liquidity,standardized,300,0.1871094045
2025-04-30,2025-07-31,3,amihud_liquidity_score_20_zscore,amihud_liquidity_score_20,Amihud Liquidity,Liquidity,standardized,300,0.0567986374
2025-05-31,2025-08-31,3,amihud_liquidity_score_20_zscore,amihud_liquidity_score_20,Amihud Liquidity,Liquidity,standardized,299,0.0184768102
2025-06-30,2025-09-30,3,amihud_liquidity_score_20_zscore,amihud_liquidity_score_20,Amihud Liquidity,Liquidity,standardized,298,-0.0072882116
2025-07-31,2025-10-31,3,amihud_liquidity_score_20_zscore,amihud_liquidity_score_20,Amihud Liquidity,Liquidity,standardized,299,0.0085655181
2025-08-31,2025-11-30,3,amihud_liquidity_score_20_zscore,amihud_liquidity_score_20,Amihud Liquidity,Liquidity,standardized,299,-0.0579614635
2025-09-30,2025-12-31,3,amihud_liquidity_score_20_zscore,amihud_liquidity_score_20,Amihud Liquidity,Liquidity,standardized,300,-0.0037907105
2025-10-31,2026-01-31,3,amihud_liquidity_score_20_zscore,amihud_liquidity_score_20,Amihud Liquidity,Liquidity,standardized,300,-0.0224953711
2025-11-30,2026-02-28,3,amihud_liquidity_score_20_zscore,amihud_liquidity_score_20,Amihud Liquidity,Liquidity,standardized,300,-0.0845336153
2025-12-31,2026-03-31,3,amihud_liquidity_score_20_zscore,amihud_liquidity_score_20,Amihud Liquidity,Liquidity,standardized,299,-0.0339619914
2026-01-31,2026-04-30,3,amihud_liquidity_score_20_zscore,amihud_liquidity_score_20,Amihud Liquidity,Liquidity,standardized,300,0.1813883183
2026-02-28,2026-05-31,3,amihud_liquidity_score_20_zscore,amihud_liquidity_score_20,Amihud Liquidity,Liquidity,standardized,300,0.2371409625
2026-03-31,2026-06-30,3,amihud_liquidity_score_20_zscore,amihud_liquidity_score_20,Amihud Liquidity,Liquidity,standardized,300,0.2295028050
2026-04-30,2026-07-31,3,amihud_liquidity_score_20_zscore,amihud_liquidity_score_20,Amihud Liquidity,Liquidity,standardized,300,0.0467034384
2026-05-31,2026-08-31,3,amihud_liquidity_score_20_zscore,amihud_liquidity_score_20,Amihud Liquidity,Liquidity,standardized,300,-0.0368871986
2026-06-30,2026-09-08,3,amihud_liquidity_score_20_zscore,amihud_liquidity_score_20,Amihud Liquidity,Liquidity,standardized,300,-0.3830573870
2019-07-31,2019-08-31,1,amihud_liquidity_score_20_neutral,amihud_liquidity_score_20,Amihud Liquidity,Liquidity,neutralized,300,0.0257194026
2019-08-31,2019-09-30,1,amihud_liquidity_score_20_neutral,amihud_liquidity_score_20,Amihud Liquidity,Liquidity,neutralized,300,0.1158954294
2019-09-30,2019-10-31,1,amihud_liquidity_score_20_neutral,amihud_liquidity_score_20,Amihud Liquidity,Liquidity,neutralized,300,-0.0758731158
2019-10-31,2019-11-30,1,amihud_liquidity_score_20_neutral,amihud_liquidity_score_20,Amihud Liquidity,Liquidity,neutralized,300,0.0029667000
2019-11-30,2019-12-31,1,amihud_liquidity_score_20_neutral,amihud_liquidity_score_20,Amihud Liquidity,Liquidity,neutralized,300,0.1840283079
2019-12-31,2020-01-31,1,amihud_liquidity_score_20_neutral,amihud_liquidity_score_20,Amihud Liquidity,Liquidity,neutralized,300,0.0270234204
2020-01-31,2020-02-29,1,amihud_liquidity_score_20_neutral,amihud_liquidity_score_20,Amihud Liquidity,Liquidity,neutralized,300,0.1087523436
2020-02-29,2020-03-31,1,amihud_liquidity_score_20_neutral,amihud_liquidity_score_20,Amihud Liquidity,Liquidity,neutralized,300,-0.0307332304
2020-03-31,2020-04-30,1,amihud_liquidity_score_20_neutral,amihud_liquidity_score_20,Amihud Liquidity,Liquidity,neutralized,299,0.1638340062
2020-04-30,2020-05-31,1,amihud_liquidity_score_20_neutral,amihud_liquidity_score_20,Amihud Liquidity,Liquidity,neutralized,299,0.0227597610
2020-05-31,2020-06-30,1,amihud_liquidity_score_20_neutral,amihud_liquidity_score_20,Amihud Liquidity,Liquidity,neutralized,299,0.0833981748
2020-06-30,2020-07-31,1,amihud_liquidity_score_20_neutral,amihud_liquidity_score_20,Amihud Liquidity,Liquidity,neutralized,299,-0.0148023613
2020-07-31,2020-08-31,1,amihud_liquidity_score_20_neutral,amihud_liquidity_score_20,Amihud Liquidity,Liquidity,neutralized,300,0.0225971500
2020-08-31,2020-09-30,1,amihud_liquidity_score_20_neutral,amihud_liquidity_score_20,Amihud Liquidity,Liquidity,neutralized,300,-0.0343061590
2020-09-30,2020-10-31,1,amihud_liquidity_score_20_neutral,amihud_liquidity_score_20,Amihud Liquidity,Liquidity,neutralized,300,-0.0032009316
2020-10-31,2020-11-30,1,amihud_liquidity_score_20_neutral,amihud_liquidity_score_20,Amihud Liquidity,Liquidity,neutralized,300,0.0195033300
2020-11-30,2020-12-31,1,amihud_liquidity_score_20_neutral,amihud_liquidity_score_20,Amihud Liquidity,Liquidity,neutralized,300,0.0406645765
2020-12-31,2021-01-31,1,amihud_liquidity_score_20_neutral,amihud_liquidity_score_20,Amihud Liquidity,Liquidity,neutralized,300,-0.0413775755
2021-01-31,2021-02-28,1,amihud_liquidity_score_20_neutral,amihud_liquidity_score_20,Amihud Liquidity,Liquidity,neutralized,300,0.0213138161
2021-02-28,2021-03-31,1,amihud_liquidity_score_20_neutral,amihud_liquidity_score_20,Amihud Liquidity,Liquidity,neutralized,300,-0.0612260136
2021-03-31,2021-04-30,1,amihud_liquidity_score_20_neutral,amihud_liquidity_score_20,Amihud Liquidity,Liquidity,neutralized,300,0.0305714712
2021-04-30,2021-05-31,1,amihud_liquidity_score_20_neutral,amihud_liquidity_score_20,Amihud Liquidity,Liquidity,neutralized,300,0.1153905214
2021-05-31,2021-06-30,1,amihud_liquidity_score_20_neutral,amihud_liquidity_score_20,Amihud Liquidity,Liquidity,neutralized,299,0.0166905344
2021-06-30,2021-07-31,1,amihud_liquidity_score_20_neutral,amihud_liquidity_score_20,Amihud Liquidity,Liquidity,neutralized,299,0.0337680601
2021-07-31,2021-08-31,1,amihud_liquidity_score_20_neutral,amihud_liquidity_score_20,Amihud Liquidity,Liquidity,neutralized,300,-0.0403204480
2021-08-31,2021-09-30,1,amihud_liquidity_score_20_neutral,amihud_liquidity_score_20,Amihud Liquidity,Liquidity,neutralized,300,-0.0757095163
2021-09-30,2021-10-31,1,amihud_liquidity_score_20_neutral,amihud_liquidity_score_20,Amihud Liquidity,Liquidity,neutralized,300,0.0412413700
2021-10-31,2021-11-30,1,amihud_liquidity_score_20_neutral,amihud_liquidity_score_20,Amihud Liquidity,Liquidity,neutralized,300,0.0624993889
2021-11-30,2021-12-31,1,amihud_liquidity_score_20_neutral,amihud_liquidity_score_20,Amihud Liquidity,Liquidity,neutralized,300,-0.0069298571
2021-12-31,2022-01-31,1,amihud_liquidity_score_20_neutral,amihud_liquidity_score_20,Amihud Liquidity,Liquidity,neutralized,300,-0.0703467894
2022-01-31,2022-02-28,1,amihud_liquidity_score_20_neutral,amihud_liquidity_score_20,Amihud Liquidity,Liquidity,neutralized,298,0.1288001454
2022-02-28,2022-03-31,1,amihud_liquidity_score_20_neutral,amihud_liquidity_score_20,Amihud Liquidity,Liquidity,neutralized,299,0.0734268591
2022-03-31,2022-04-30,1,amihud_liquidity_score_20_neutral,amihud_liquidity_score_20,Amihud Liquidity,Liquidity,neutralized,300,-0.1200340137
2022-04-30,2022-05-31,1,amihud_liquidity_score_20_neutral,amihud_liquidity_score_20,Amihud Liquidity,Liquidity,neutralized,300,-0.0016369071
2022-05-31,2022-06-30,1,amihud_liquidity_score_20_neutral,amihud_liquidity_score_20,Amihud Liquidity,Liquidity,neutralized,299,0.0946104677
2022-06-30,2022-07-31,1,amihud_liquidity_score_20_neutral,amihud_liquidity_score_20,Amihud Liquidity,Liquidity,neutralized,298,-0.0157304698
2022-07-31,2022-08-31,1,amihud_liquidity_score_20_neutral,amihud_liquidity_score_20,Amihud Liquidity,Liquidity,neutralized,300,-0.0421884781
2022-08-31,2022-09-30,1,amihud_liquidity_score_20_neutral,amihud_liquidity_score_20,Amihud Liquidity,Liquidity,neutralized,300,-0.0787384392
2022-09-30,2022-10-31,1,amihud_liquidity_score_20_neutral,amihud_liquidity_score_20,Amihud Liquidity,Liquidity,neutralized,300,-0.0131326020
2022-10-31,2022-11-30,1,amihud_liquidity_score_20_neutral,amihud_liquidity_score_20,Amihud Liquidity,Liquidity,neutralized,300,-0.0740199336
2022-11-30,2022-12-31,1,amihud_liquidity_score_20_neutral,amihud_liquidity_score_20,Amihud Liquidity,Liquidity,neutralized,300,-0.0256178430
2022-12-31,2023-01-31,1,amihud_liquidity_score_20_neutral,amihud_liquidity_score_20,Amihud Liquidity,Liquidity,neutralized,300,0.0910712746
2023-01-31,2023-02-28,1,amihud_liquidity_score_20_neutral,amihud_liquidity_score_20,Amihud Liquidity,Liquidity,neutralized,300,-0.2278487539
2023-02-28,2023-03-31,1,amihud_liquidity_score_20_neutral,amihud_liquidity_score_20,Amihud Liquidity,Liquidity,neutralized,300,-0.0146608312
2023-03-31,2023-04-30,1,amihud_liquidity_score_20_neutral,amihud_liquidity_score_20,Amihud Liquidity,Liquidity,neutralized,300,0.0006124512
2023-04-30,2023-05-31,1,amihud_liquidity_score_20_neutral,amihud_liquidity_score_20,Amihud Liquidity,Liquidity,neutralized,300,-0.0705859032
2023-05-31,2023-06-30,1,amihud_liquidity_score_20_neutral,amihud_liquidity_score_20,Amihud Liquidity,Liquidity,neutralized,300,-0.0427158174
2023-06-30,2023-07-31,1,amihud_liquidity_score_20_neutral,amihud_liquidity_score_20,Amihud Liquidity,Liquidity,neutralized,300,-0.0658531761
2023-07-31,2023-08-31,1,amihud_liquidity_score_20_neutral,amihud_liquidity_score_20,Amihud Liquidity,Liquidity,neutralized,300,-0.0776177513
2023-08-31,2023-09-30,1,amihud_liquidity_score_20_neutral,amihud_liquidity_score_20,Amihud Liquidity,Liquidity,neutralized,300,-0.0538735234
2023-09-30,2023-10-31,1,amihud_liquidity_score_20_neutral,amihud_liquidity_score_20,Amihud Liquidity,Liquidity,neutralized,300,0.0307143447
2023-10-31,2023-11-30,1,amihud_liquidity_score_20_neutral,amihud_liquidity_score_20,Amihud Liquidity,Liquidity,neutralized,300,-0.0894439125
2023-11-30,2023-12-31,1,amihud_liquidity_score_20_neutral,amihud_liquidity_score_20,Amihud Liquidity,Liquidity,neutralized,300,0.0058405139
2023-12-31,2024-01-31,1,amihud_liquidity_score_20_neutral,amihud_liquidity_score_20,Amihud Liquidity,Liquidity,neutralized,300,-0.0371028649
2024-01-31,2024-02-29,1,amihud_liquidity_score_20_neutral,amihud_liquidity_score_20,Amihud Liquidity,Liquidity,neutralized,300,0.1039898452
2024-02-29,2024-03-31,1,amihud_liquidity_score_20_neutral,amihud_liquidity_score_20,Amihud Liquidity,Liquidity,neutralized,300,0.0104612285
2024-03-31,2024-04-30,1,amihud_liquidity_score_20_neutral,amihud_liquidity_score_20,Amihud Liquidity,Liquidity,neutralized,300,-0.0659518879
2024-04-30,2024-05-31,1,amihud_liquidity_score_20_neutral,amihud_liquidity_score_20,Amihud Liquidity,Liquidity,neutralized,300,-0.0336745964
2024-05-31,2024-06-30,1,amihud_liquidity_score_20_neutral,amihud_liquidity_score_20,Amihud Liquidity,Liquidity,neutralized,300,0.0760364089
2024-06-30,2024-07-31,1,amihud_liquidity_score_20_neutral,amihud_liquidity_score_20,Amihud Liquidity,Liquidity,neutralized,300,-0.0390448783
2024-07-31,2024-08-31,1,amihud_liquidity_score_20_neutral,amihud_liquidity_score_20,Amihud Liquidity,Liquidity,neutralized,300,-0.1589649127
2024-08-31,2024-09-30,1,amihud_liquidity_score_20_neutral,amihud_liquidity_score_20,Amihud Liquidity,Liquidity,neutralized,298,0.0458221972
2024-09-30,2024-10-31,1,amihud_liquidity_score_20_neutral,amihud_liquidity_score_20,Amihud Liquidity,Liquidity,neutralized,298,0.1401946289
2024-10-31,2024-11-30,1,amihud_liquidity_score_20_neutral,amihud_liquidity_score_20,Amihud Liquidity,Liquidity,neutralized,300,-0.1002232250
2024-11-30,2024-12-31,1,amihud_liquidity_score_20_neutral,amihud_liquidity_score_20,Amihud Liquidity,Liquidity,neutralized,300,0.0120101348
2024-12-31,2025-01-31,1,amihud_liquidity_score_20_neutral,amihud_liquidity_score_20,Amihud Liquidity,Liquidity,neutralized,300,0.0206753408
2025-01-31,2025-02-28,1,amihud_liquidity_score_20_neutral,amihud_liquidity_score_20,Amihud Liquidity,Liquidity,neutralized,299,-0.0620774641
2025-02-28,2025-03-31,1,amihud_liquidity_score_20_neutral,amihud_liquidity_score_20,Amihud Liquidity,Liquidity,neutralized,299,0.0307683364
2025-03-31,2025-04-30,1,amihud_liquidity_score_20_neutral,amihud_liquidity_score_20,Amihud Liquidity,Liquidity,neutralized,300,-0.0563266321
2025-04-30,2025-05-31,1,amihud_liquidity_score_20_neutral,amihud_liquidity_score_20,Amihud Liquidity,Liquidity,neutralized,300,-0.0384197688
2025-05-31,2025-06-30,1,amihud_liquidity_score_20_neutral,amihud_liquidity_score_20,Amihud Liquidity,Liquidity,neutralized,300,0.0867265288
2025-06-30,2025-07-31,1,amihud_liquidity_score_20_neutral,amihud_liquidity_score_20,Amihud Liquidity,Liquidity,neutralized,299,0.0673623488
2025-07-31,2025-08-31,1,amihud_liquidity_score_20_neutral,amihud_liquidity_score_20,Amihud Liquidity,Liquidity,neutralized,299,0.0025938841
2025-08-31,2025-09-30,1,amihud_liquidity_score_20_neutral,amihud_liquidity_score_20,Amihud Liquidity,Liquidity,neutralized,299,-0.0253857405
2025-09-30,2025-10-31,1,amihud_liquidity_score_20_neutral,amihud_liquidity_score_20,Amihud Liquidity,Liquidity,neutralized,300,-0.0502031975
2025-10-31,2025-11-30,1,amihud_liquidity_score_20_neutral,amihud_liquidity_score_20,Amihud Liquidity,Liquidity,neutralized,300,0.0097189980
2025-11-30,2025-12-31,1,amihud_liquidity_score_20_neutral,amihud_liquidity_score_20,Amihud Liquidity,Liquidity,neutralized,300,-0.0678843098
2025-12-31,2026-01-31,1,amihud_liquidity_score_20_neutral,amihud_liquidity_score_20,Amihud Liquidity,Liquidity,neutralized,299,0.0932218056
2026-01-31,2026-02-28,1,amihud_liquidity_score_20_neutral,amihud_liquidity_score_20,Amihud Liquidity,Liquidity,neutralized,300,0.1681098679
2026-02-28,2026-03-31,1,amihud_liquidity_score_20_neutral,amihud_liquidity_score_20,Amihud Liquidity,Liquidity,neutralized,300,0.0353399521
2026-03-31,2026-04-30,1,amihud_liquidity_score_20_neutral,amihud_liquidity_score_20,Amihud Liquidity,Liquidity,neutralized,300,0.0666478813
2026-04-30,2026-05-31,1,amihud_liquidity_score_20_neutral,amihud_liquidity_score_20,Amihud Liquidity,Liquidity,neutralized,300,-0.0617635820
2026-05-31,2026-06-30,1,amihud_liquidity_score_20_neutral,amihud_liquidity_score_20,Amihud Liquidity,Liquidity,neutralized,300,0.0869889762
2026-06-30,2026-07-31,1,amihud_liquidity_score_20_neutral,amihud_liquidity_score_20,Amihud Liquidity,Liquidity,neutralized,300,-0.2105147835
2026-07-31,2026-08-31,1,amihud_liquidity_score_20_neutral,amihud_liquidity_score_20,Amihud Liquidity,Liquidity,neutralized,300,-0.0507972367
2026-08-31,2026-09-08,1,amihud_liquidity_score_20_neutral,amihud_liquidity_score_20,Amihud Liquidity,Liquidity,neutralized,300,-0.0390462550
2019-07-31,2019-10-31,3,amihud_liquidity_score_20_neutral,amihud_liquidity_score_20,Amihud Liquidity,Liquidity,neutralized,300,0.0514356883
2019-08-31,2019-11-30,3,amihud_liquidity_score_20_neutral,amihud_liquidity_score_20,Amihud Liquidity,Liquidity,neutralized,300,0.0132028134
2019-09-30,2019-12-31,3,amihud_liquidity_score_20_neutral,amihud_liquidity_score_20,Amihud Liquidity,Liquidity,neutralized,300,0.0032831476
2019-10-31,2020-01-31,3,amihud_liquidity_score_20_neutral,amihud_liquidity_score_20,Amihud Liquidity,Liquidity,neutralized,300,0.1114790288
2019-11-30,2020-02-29,3,amihud_liquidity_score_20_neutral,amihud_liquidity_score_20,Amihud Liquidity,Liquidity,neutralized,300,0.1275285423
2019-12-31,2020-03-31,3,amihud_liquidity_score_20_neutral,amihud_liquidity_score_20,Amihud Liquidity,Liquidity,neutralized,300,0.0097032211
2020-01-31,2020-04-30,3,amihud_liquidity_score_20_neutral,amihud_liquidity_score_20,Amihud Liquidity,Liquidity,neutralized,299,0.1452044051
2020-02-29,2020-05-31,3,amihud_liquidity_score_20_neutral,amihud_liquidity_score_20,Amihud Liquidity,Liquidity,neutralized,299,0.1195088775
2020-03-31,2020-06-30,3,amihud_liquidity_score_20_neutral,amihud_liquidity_score_20,Amihud Liquidity,Liquidity,neutralized,300,0.1094518828
2020-04-30,2020-07-31,3,amihud_liquidity_score_20_neutral,amihud_liquidity_score_20,Amihud Liquidity,Liquidity,neutralized,299,0.0462986292
2020-05-31,2020-08-31,3,amihud_liquidity_score_20_neutral,amihud_liquidity_score_20,Amihud Liquidity,Liquidity,neutralized,299,0.0685641175
2020-06-30,2020-09-30,3,amihud_liquidity_score_20_neutral,amihud_liquidity_score_20,Amihud Liquidity,Liquidity,neutralized,299,0.0032102534
2020-07-31,2020-10-31,3,amihud_liquidity_score_20_neutral,amihud_liquidity_score_20,Amihud Liquidity,Liquidity,neutralized,300,0.0066147402
2020-08-31,2020-11-30,3,amihud_liquidity_score_20_neutral,amihud_liquidity_score_20,Amihud Liquidity,Liquidity,neutralized,300,-0.0082636474
2020-09-30,2020-12-31,3,amihud_liquidity_score_20_neutral,amihud_liquidity_score_20,Amihud Liquidity,Liquidity,neutralized,300,0.0405848954
2020-10-31,2021-01-31,3,amihud_liquidity_score_20_neutral,amihud_liquidity_score_20,Amihud Liquidity,Liquidity,neutralized,300,0.0758543447
2020-11-30,2021-02-28,3,amihud_liquidity_score_20_neutral,amihud_liquidity_score_20,Amihud Liquidity,Liquidity,neutralized,300,0.0830275984
2020-12-31,2021-03-31,3,amihud_liquidity_score_20_neutral,amihud_liquidity_score_20,Amihud Liquidity,Liquidity,neutralized,300,-0.1128412663
2021-01-31,2021-04-30,3,amihud_liquidity_score_20_neutral,amihud_liquidity_score_20,Amihud Liquidity,Liquidity,neutralized,300,-0.0572681919
2021-02-28,2021-05-31,3,amihud_liquidity_score_20_neutral,amihud_liquidity_score_20,Amihud Liquidity,Liquidity,neutralized,300,0.0240802702
2021-03-31,2021-06-30,3,amihud_liquidity_score_20_neutral,amihud_liquidity_score_20,Amihud Liquidity,Liquidity,neutralized,299,0.1056382810
2021-04-30,2021-07-31,3,amihud_liquidity_score_20_neutral,amihud_liquidity_score_20,Amihud Liquidity,Liquidity,neutralized,300,0.0699772220
2021-05-31,2021-08-31,3,amihud_liquidity_score_20_neutral,amihud_liquidity_score_20,Amihud Liquidity,Liquidity,neutralized,300,0.0513356815
2021-06-30,2021-09-30,3,amihud_liquidity_score_20_neutral,amihud_liquidity_score_20,Amihud Liquidity,Liquidity,neutralized,298,-0.0386573410
2021-07-31,2021-10-31,3,amihud_liquidity_score_20_neutral,amihud_liquidity_score_20,Amihud Liquidity,Liquidity,neutralized,300,-0.0565337455
2021-08-31,2021-11-30,3,amihud_liquidity_score_20_neutral,amihud_liquidity_score_20,Amihud Liquidity,Liquidity,neutralized,300,0.0157948422
2021-09-30,2021-12-31,3,amihud_liquidity_score_20_neutral,amihud_liquidity_score_20,Amihud Liquidity,Liquidity,neutralized,300,0.0108614673
2021-10-31,2022-01-31,3,amihud_liquidity_score_20_neutral,amihud_liquidity_score_20,Amihud Liquidity,Liquidity,neutralized,300,-0.0649464994
2021-11-30,2022-02-28,3,amihud_liquidity_score_20_neutral,amihud_liquidity_score_20,Amihud Liquidity,Liquidity,neutralized,300,-0.0188533269
2021-12-31,2022-03-31,3,amihud_liquidity_score_20_neutral,amihud_liquidity_score_20,Amihud Liquidity,Liquidity,neutralized,300,0.0469043041
2022-01-31,2022-04-30,3,amihud_liquidity_score_20_neutral,amihud_liquidity_score_20,Amihud Liquidity,Liquidity,neutralized,298,-0.0291192807
2022-02-28,2022-05-31,3,amihud_liquidity_score_20_neutral,amihud_liquidity_score_20,Amihud Liquidity,Liquidity,neutralized,299,0.0693901371
2022-03-31,2022-06-30,3,amihud_liquidity_score_20_neutral,amihud_liquidity_score_20,Amihud Liquidity,Liquidity,neutralized,300,-0.0532461768
2022-04-30,2022-07-31,3,amihud_liquidity_score_20_neutral,amihud_liquidity_score_20,Amihud Liquidity,Liquidity,neutralized,300,0.0286260958
2022-05-31,2022-08-31,3,amihud_liquidity_score_20_neutral,amihud_liquidity_score_20,Amihud Liquidity,Liquidity,neutralized,299,0.0879394501
2022-06-30,2022-09-30,3,amihud_liquidity_score_20_neutral,amihud_liquidity_score_20,Amihud Liquidity,Liquidity,neutralized,298,-0.1147383370
2022-07-31,2022-10-31,3,amihud_liquidity_score_20_neutral,amihud_liquidity_score_20,Amihud Liquidity,Liquidity,neutralized,300,-0.0963242028
2022-08-31,2022-11-30,3,amihud_liquidity_score_20_neutral,amihud_liquidity_score_20,Amihud Liquidity,Liquidity,neutralized,300,-0.0872769794
2022-09-30,2022-12-31,3,amihud_liquidity_score_20_neutral,amihud_liquidity_score_20,Amihud Liquidity,Liquidity,neutralized,300,-0.0720381658
2022-10-31,2023-01-31,3,amihud_liquidity_score_20_neutral,amihud_liquidity_score_20,Amihud Liquidity,Liquidity,neutralized,300,-0.0646193847
2022-11-30,2023-02-28,3,amihud_liquidity_score_20_neutral,amihud_liquidity_score_20,Amihud Liquidity,Liquidity,neutralized,300,-0.0652982956
2022-12-31,2023-03-31,3,amihud_liquidity_score_20_neutral,amihud_liquidity_score_20,Amihud Liquidity,Liquidity,neutralized,300,-0.0981162122
2023-01-31,2023-04-30,3,amihud_liquidity_score_20_neutral,amihud_liquidity_score_20,Amihud Liquidity,Liquidity,neutralized,300,-0.1603513551
2023-02-28,2023-05-31,3,amihud_liquidity_score_20_neutral,amihud_liquidity_score_20,Amihud Liquidity,Liquidity,neutralized,300,-0.0527592529
2023-03-31,2023-06-30,3,amihud_liquidity_score_20_neutral,amihud_liquidity_score_20,Amihud Liquidity,Liquidity,neutralized,300,-0.0830587007
2023-04-30,2023-07-31,3,amihud_liquidity_score_20_neutral,amihud_liquidity_score_20,Amihud Liquidity,Liquidity,neutralized,300,-0.1470678563
2023-05-31,2023-08-31,3,amihud_liquidity_score_20_neutral,amihud_liquidity_score_20,Amihud Liquidity,Liquidity,neutralized,300,-0.1299719175
2023-06-30,2023-09-30,3,amihud_liquidity_score_20_neutral,amihud_liquidity_score_20,Amihud Liquidity,Liquidity,neutralized,300,-0.0859080656
2023-07-31,2023-10-31,3,amihud_liquidity_score_20_neutral,amihud_liquidity_score_20,Amihud Liquidity,Liquidity,neutralized,300,-0.0612309026
2023-08-31,2023-11-30,3,amihud_liquidity_score_20_neutral,amihud_liquidity_score_20,Amihud Liquidity,Liquidity,neutralized,300,-0.0724841468
2023-09-30,2023-12-31,3,amihud_liquidity_score_20_neutral,amihud_liquidity_score_20,Amihud Liquidity,Liquidity,neutralized,300,0.0301956722
2023-10-31,2024-01-31,3,amihud_liquidity_score_20_neutral,amihud_liquidity_score_20,Amihud Liquidity,Liquidity,neutralized,300,-0.1142481837
2023-11-30,2024-02-29,3,amihud_liquidity_score_20_neutral,amihud_liquidity_score_20,Amihud Liquidity,Liquidity,neutralized,300,0.0090769928
2023-12-31,2024-03-31,3,amihud_liquidity_score_20_neutral,amihud_liquidity_score_20,Amihud Liquidity,Liquidity,neutralized,300,0.0217289129
2024-01-31,2024-04-30,3,amihud_liquidity_score_20_neutral,amihud_liquidity_score_20,Amihud Liquidity,Liquidity,neutralized,300,0.0073209727
2024-02-29,2024-05-31,3,amihud_liquidity_score_20_neutral,amihud_liquidity_score_20,Amihud Liquidity,Liquidity,neutralized,300,-0.1249191796
2024-03-31,2024-06-30,3,amihud_liquidity_score_20_neutral,amihud_liquidity_score_20,Amihud Liquidity,Liquidity,neutralized,300,-0.0146837220
2024-04-30,2024-07-31,3,amihud_liquidity_score_20_neutral,amihud_liquidity_score_20,Amihud Liquidity,Liquidity,neutralized,300,0.0215562395
2024-05-31,2024-08-31,3,amihud_liquidity_score_20_neutral,amihud_liquidity_score_20,Amihud Liquidity,Liquidity,neutralized,300,-0.0709121291
2024-06-30,2024-09-30,3,amihud_liquidity_score_20_neutral,amihud_liquidity_score_20,Amihud Liquidity,Liquidity,neutralized,298,-0.0703436319
2024-07-31,2024-10-31,3,amihud_liquidity_score_20_neutral,amihud_liquidity_score_20,Amihud Liquidity,Liquidity,neutralized,300,0.0753452984
2024-08-31,2024-11-30,3,amihud_liquidity_score_20_neutral,amihud_liquidity_score_20,Amihud Liquidity,Liquidity,neutralized,300,0.0907636953
2024-09-30,2024-12-31,3,amihud_liquidity_score_20_neutral,amihud_liquidity_score_20,Amihud Liquidity,Liquidity,neutralized,298,0.1275068024
2024-10-31,2025-01-31,3,amihud_liquidity_score_20_neutral,amihud_liquidity_score_20,Amihud Liquidity,Liquidity,neutralized,300,-0.0221491350
2024-11-30,2025-02-28,3,amihud_liquidity_score_20_neutral,amihud_liquidity_score_20,Amihud Liquidity,Liquidity,neutralized,299,0.0089690487
2024-12-31,2025-03-31,3,amihud_liquidity_score_20_neutral,amihud_liquidity_score_20,Amihud Liquidity,Liquidity,neutralized,299,0.0327862450
2025-01-31,2025-04-30,3,amihud_liquidity_score_20_neutral,amihud_liquidity_score_20,Amihud Liquidity,Liquidity,neutralized,299,-0.0740064196
2025-02-28,2025-05-31,3,amihud_liquidity_score_20_neutral,amihud_liquidity_score_20,Amihud Liquidity,Liquidity,neutralized,299,-0.0103187381
2025-03-31,2025-06-30,3,amihud_liquidity_score_20_neutral,amihud_liquidity_score_20,Amihud Liquidity,Liquidity,neutralized,300,0.0130799246
2025-04-30,2025-07-31,3,amihud_liquidity_score_20_neutral,amihud_liquidity_score_20,Amihud Liquidity,Liquidity,neutralized,300,0.0302945588
2025-05-31,2025-08-31,3,amihud_liquidity_score_20_neutral,amihud_liquidity_score_20,Amihud Liquidity,Liquidity,neutralized,299,0.1009234361
2025-06-30,2025-09-30,3,amihud_liquidity_score_20_neutral,amihud_liquidity_score_20,Amihud Liquidity,Liquidity,neutralized,298,0.1021240213
2025-07-31,2025-10-31,3,amihud_liquidity_score_20_neutral,amihud_liquidity_score_20,Amihud Liquidity,Liquidity,neutralized,299,-0.0157231039
2025-08-31,2025-11-30,3,amihud_liquidity_score_20_neutral,amihud_liquidity_score_20,Amihud Liquidity,Liquidity,neutralized,299,-0.0874602240
2025-09-30,2025-12-31,3,amihud_liquidity_score_20_neutral,amihud_liquidity_score_20,Amihud Liquidity,Liquidity,neutralized,300,-0.0340257114
2025-10-31,2026-01-31,3,amihud_liquidity_score_20_neutral,amihud_liquidity_score_20,Amihud Liquidity,Liquidity,neutralized,300,0.0152161708
2025-11-30,2026-02-28,3,amihud_liquidity_score_20_neutral,amihud_liquidity_score_20,Amihud Liquidity,Liquidity,neutralized,300,0.0183562040
2025-12-31,2026-03-31,3,amihud_liquidity_score_20_neutral,amihud_liquidity_score_20,Amihud Liquidity,Liquidity,neutralized,299,0.1072357523
2026-01-31,2026-04-30,3,amihud_liquidity_score_20_neutral,amihud_liquidity_score_20,Amihud Liquidity,Liquidity,neutralized,300,0.0923485817
2026-02-28,2026-05-31,3,amihud_liquidity_score_20_neutral,amihud_liquidity_score_20,Amihud Liquidity,Liquidity,neutralized,300,-0.0121685797
2026-03-31,2026-06-30,3,amihud_liquidity_score_20_neutral,amihud_liquidity_score_20,Amihud Liquidity,Liquidity,neutralized,300,0.0269820776
2026-04-30,2026-07-31,3,amihud_liquidity_score_20_neutral,amihud_liquidity_score_20,Amihud Liquidity,Liquidity,neutralized,300,-0.1067316422
2026-05-31,2026-08-31,3,amihud_liquidity_score_20_neutral,amihud_liquidity_score_20,Amihud Liquidity,Liquidity,neutralized,300,-0.0270854151
2026-06-30,2026-09-08,3,amihud_liquidity_score_20_neutral,amihud_liquidity_score_20,Amihud Liquidity,Liquidity,neutralized,300,-0.2174388604
2019-07-31,2019-08-31,1,value_pe_score_zscore,value_pe_score,Earnings Yield Style,Value,standardized,300,-0.3685228902
2019-08-31,2019-09-30,1,value_pe_score_zscore,value_pe_score,Earnings Yield Style,Value,standardized,300,0.1868208108
2019-09-30,2019-10-31,1,value_pe_score_zscore,value_pe_score,Earnings Yield Style,Value,standardized,300,0.1199561195
2019-10-31,2019-11-30,1,value_pe_score_zscore,value_pe_score,Earnings Yield Style,Value,standardized,300,0.0902650932
2019-11-30,2019-12-31,1,value_pe_score_zscore,value_pe_score,Earnings Yield Style,Value,standardized,300,-0.0745589030
2019-12-31,2020-01-31,1,value_pe_score_zscore,value_pe_score,Earnings Yield Style,Value,standardized,300,-0.3228958389
2020-01-31,2020-02-29,1,value_pe_score_zscore,value_pe_score,Earnings Yield Style,Value,standardized,300,-0.2486085389
2020-02-29,2020-03-31,1,value_pe_score_zscore,value_pe_score,Earnings Yield Style,Value,standardized,300,0.1720095814
2020-03-31,2020-04-30,1,value_pe_score_zscore,value_pe_score,Earnings Yield Style,Value,standardized,299,-0.2296939353
2020-04-30,2020-05-31,1,value_pe_score_zscore,value_pe_score,Earnings Yield Style,Value,standardized,299,-0.1483124796
2020-05-31,2020-06-30,1,value_pe_score_zscore,value_pe_score,Earnings Yield Style,Value,standardized,299,-0.3276503510
2020-06-30,2020-07-31,1,value_pe_score_zscore,value_pe_score,Earnings Yield Style,Value,standardized,299,-0.1270533826
2020-07-31,2020-08-31,1,value_pe_score_zscore,value_pe_score,Earnings Yield Style,Value,standardized,300,0.1840521732
2020-08-31,2020-09-30,1,value_pe_score_zscore,value_pe_score,Earnings Yield Style,Value,standardized,300,0.1367136918
2020-09-30,2020-10-31,1,value_pe_score_zscore,value_pe_score,Earnings Yield Style,Value,standardized,300,0.0056618696
2020-10-31,2020-11-30,1,value_pe_score_zscore,value_pe_score,Earnings Yield Style,Value,standardized,300,0.2028372842
2020-11-30,2020-12-31,1,value_pe_score_zscore,value_pe_score,Earnings Yield Style,Value,standardized,300,-0.3738706091
2020-12-31,2021-01-31,1,value_pe_score_zscore,value_pe_score,Earnings Yield Style,Value,standardized,300,-0.0879537612
2021-01-31,2021-02-28,1,value_pe_score_zscore,value_pe_score,Earnings Yield Style,Value,standardized,300,0.4374195961
2021-02-28,2021-03-31,1,value_pe_score_zscore,value_pe_score,Earnings Yield Style,Value,standardized,300,0.3011461920
2021-03-31,2021-04-30,1,value_pe_score_zscore,value_pe_score,Earnings Yield Style,Value,standardized,300,-0.3254508765
2021-04-30,2021-05-31,1,value_pe_score_zscore,value_pe_score,Earnings Yield Style,Value,standardized,300,-0.2527453382
2021-05-31,2021-06-30,1,value_pe_score_zscore,value_pe_score,Earnings Yield Style,Value,standardized,299,-0.1438563286
2021-06-30,2021-07-31,1,value_pe_score_zscore,value_pe_score,Earnings Yield Style,Value,standardized,299,-0.0277306277
2021-07-31,2021-08-31,1,value_pe_score_zscore,value_pe_score,Earnings Yield Style,Value,standardized,300,0.3136187037
2021-08-31,2021-09-30,1,value_pe_score_zscore,value_pe_score,Earnings Yield Style,Value,standardized,300,0.1658082408
2021-09-30,2021-10-31,1,value_pe_score_zscore,value_pe_score,Earnings Yield Style,Value,standardized,300,-0.1974132101
2021-10-31,2021-11-30,1,value_pe_score_zscore,value_pe_score,Earnings Yield Style,Value,standardized,300,-0.1711317459
2021-11-30,2021-12-31,1,value_pe_score_zscore,value_pe_score,Earnings Yield Style,Value,standardized,300,0.2832773432
2021-12-31,2022-01-31,1,value_pe_score_zscore,value_pe_score,Earnings Yield Style,Value,standardized,300,0.5226745519
2022-01-31,2022-02-28,1,value_pe_score_zscore,value_pe_score,Earnings Yield Style,Value,standardized,298,-0.0885585924
2022-02-28,2022-03-31,1,value_pe_score_zscore,value_pe_score,Earnings Yield Style,Value,standardized,299,0.3984473405
2022-03-31,2022-04-30,1,value_pe_score_zscore,value_pe_score,Earnings Yield Style,Value,standardized,300,0.1852774912
2022-04-30,2022-05-31,1,value_pe_score_zscore,value_pe_score,Earnings Yield Style,Value,standardized,300,-0.3046718313
2022-05-31,2022-06-30,1,value_pe_score_zscore,value_pe_score,Earnings Yield Style,Value,standardized,299,-0.2576043123
2022-06-30,2022-07-31,1,value_pe_score_zscore,value_pe_score,Earnings Yield Style,Value,standardized,298,0.0406810512
2022-07-31,2022-08-31,1,value_pe_score_zscore,value_pe_score,Earnings Yield Style,Value,standardized,300,0.2292555320
2022-08-31,2022-09-30,1,value_pe_score_zscore,value_pe_score,Earnings Yield Style,Value,standardized,300,0.2013907855
2022-09-30,2022-10-31,1,value_pe_score_zscore,value_pe_score,Earnings Yield Style,Value,standardized,300,-0.2205354940
2022-10-31,2022-11-30,1,value_pe_score_zscore,value_pe_score,Earnings Yield Style,Value,standardized,300,0.3250457149
2022-11-30,2022-12-31,1,value_pe_score_zscore,value_pe_score,Earnings Yield Style,Value,standardized,300,-0.1020221425
2022-12-31,2023-01-31,1,value_pe_score_zscore,value_pe_score,Earnings Yield Style,Value,standardized,300,-0.0833660100
2023-01-31,2023-02-28,1,value_pe_score_zscore,value_pe_score,Earnings Yield Style,Value,standardized,300,0.1607478202
2023-02-28,2023-03-31,1,value_pe_score_zscore,value_pe_score,Earnings Yield Style,Value,standardized,300,0.0404273000
2023-03-31,2023-04-30,1,value_pe_score_zscore,value_pe_score,Earnings Yield Style,Value,standardized,300,0.3557887642
2023-04-30,2023-05-31,1,value_pe_score_zscore,value_pe_score,Earnings Yield Style,Value,standardized,300,0.0043130690
2023-05-31,2023-06-30,1,value_pe_score_zscore,value_pe_score,Earnings Yield Style,Value,standardized,300,-0.0024682672
2023-06-30,2023-07-31,1,value_pe_score_zscore,value_pe_score,Earnings Yield Style,Value,standardized,300,0.2660803908
2023-07-31,2023-08-31,1,value_pe_score_zscore,value_pe_score,Earnings Yield Style,Value,standardized,300,-0.0003075604
2023-08-31,2023-09-30,1,value_pe_score_zscore,value_pe_score,Earnings Yield Style,Value,standardized,300,0.3311415190
2023-09-30,2023-10-31,1,value_pe_score_zscore,value_pe_score,Earnings Yield Style,Value,standardized,300,-0.1418048220
2023-10-31,2023-11-30,1,value_pe_score_zscore,value_pe_score,Earnings Yield Style,Value,standardized,300,-0.1195115173
2023-11-30,2023-12-31,1,value_pe_score_zscore,value_pe_score,Earnings Yield Style,Value,standardized,300,0.1907659726
2023-12-31,2024-01-31,1,value_pe_score_zscore,value_pe_score,Earnings Yield Style,Value,standardized,300,0.5640404264
2024-01-31,2024-02-29,1,value_pe_score_zscore,value_pe_score,Earnings Yield Style,Value,standardized,300,-0.3370052049
2024-02-29,2024-03-31,1,value_pe_score_zscore,value_pe_score,Earnings Yield Style,Value,standardized,300,0.0562205899
2024-03-31,2024-04-30,1,value_pe_score_zscore,value_pe_score,Earnings Yield Style,Value,standardized,300,0.0100165724
2024-04-30,2024-05-31,1,value_pe_score_zscore,value_pe_score,Earnings Yield Style,Value,standardized,300,0.3046531011
2024-05-31,2024-06-30,1,value_pe_score_zscore,value_pe_score,Earnings Yield Style,Value,standardized,300,0.1070302246
2024-06-30,2024-07-31,1,value_pe_score_zscore,value_pe_score,Earnings Yield Style,Value,standardized,300,-0.1752073532
2024-07-31,2024-08-31,1,value_pe_score_zscore,value_pe_score,Earnings Yield Style,Value,standardized,300,0.1981223953
2024-08-31,2024-09-30,1,value_pe_score_zscore,value_pe_score,Earnings Yield Style,Value,standardized,298,-0.1666694819
2024-09-30,2024-10-31,1,value_pe_score_zscore,value_pe_score,Earnings Yield Style,Value,standardized,298,-0.1625079993
2024-10-31,2024-11-30,1,value_pe_score_zscore,value_pe_score,Earnings Yield Style,Value,standardized,300,-0.0349303900
2024-11-30,2024-12-31,1,value_pe_score_zscore,value_pe_score,Earnings Yield Style,Value,standardized,300,0.3566731320
2024-12-31,2025-01-31,1,value_pe_score_zscore,value_pe_score,Earnings Yield Style,Value,standardized,300,0.1338271656
2025-01-31,2025-02-28,1,value_pe_score_zscore,value_pe_score,Earnings Yield Style,Value,standardized,299,-0.2500235407
2025-02-28,2025-03-31,1,value_pe_score_zscore,value_pe_score,Earnings Yield Style,Value,standardized,299,0.3681001343
2025-03-31,2025-04-30,1,value_pe_score_zscore,value_pe_score,Earnings Yield Style,Value,standardized,300,0.0855407554
2025-04-30,2025-05-31,1,value_pe_score_zscore,value_pe_score,Earnings Yield Style,Value,standardized,300,0.2912667283
2025-05-31,2025-06-30,1,value_pe_score_zscore,value_pe_score,Earnings Yield Style,Value,standardized,300,0.0457662283
2025-06-30,2025-07-31,1,value_pe_score_zscore,value_pe_score,Earnings Yield Style,Value,standardized,299,-0.0387842008
2025-07-31,2025-08-31,1,value_pe_score_zscore,value_pe_score,Earnings Yield Style,Value,standardized,299,-0.3781370976
2025-08-31,2025-09-30,1,value_pe_score_zscore,value_pe_score,Earnings Yield Style,Value,standardized,299,-0.2224006215
2025-09-30,2025-10-31,1,value_pe_score_zscore,value_pe_score,Earnings Yield Style,Value,standardized,300,0.4489992295
2025-10-31,2025-11-30,1,value_pe_score_zscore,value_pe_score,Earnings Yield Style,Value,standardized,300,0.4750918382
2025-11-30,2025-12-31,1,value_pe_score_zscore,value_pe_score,Earnings Yield Style,Value,standardized,300,-0.0934465107
2025-12-31,2026-01-31,1,value_pe_score_zscore,value_pe_score,Earnings Yield Style,Value,standardized,299,-0.1448574027
2026-01-31,2026-02-28,1,value_pe_score_zscore,value_pe_score,Earnings Yield Style,Value,standardized,300,0.0604455325
2026-02-28,2026-03-31,1,value_pe_score_zscore,value_pe_score,Earnings Yield Style,Value,standardized,300,0.5210472145
2026-03-31,2026-04-30,1,value_pe_score_zscore,value_pe_score,Earnings Yield Style,Value,standardized,300,-0.3530941335
2026-04-30,2026-05-31,1,value_pe_score_zscore,value_pe_score,Earnings Yield Style,Value,standardized,300,-0.0662201471
2026-05-31,2026-06-30,1,value_pe_score_zscore,value_pe_score,Earnings Yield Style,Value,standardized,300,-0.1628993173
2026-06-30,2026-07-31,1,value_pe_score_zscore,value_pe_score,Earnings Yield Style,Value,standardized,300,0.6124748607
2026-07-31,2026-08-31,1,value_pe_score_zscore,value_pe_score,Earnings Yield Style,Value,standardized,300,-0.1578458706
2026-08-31,2026-09-08,1,value_pe_score_zscore,value_pe_score,Earnings Yield Style,Value,standardized,300,0.2180719537
2019-07-31,2019-10-31,3,value_pe_score_zscore,value_pe_score,Earnings Yield Style,Value,standardized,300,-0.0574760550
2019-08-31,2019-11-30,3,value_pe_score_zscore,value_pe_score,Earnings Yield Style,Value,standardized,300,0.1787818238
2019-09-30,2019-12-31,3,value_pe_score_zscore,value_pe_score,Earnings Yield Style,Value,standardized,300,0.0323968152
2019-10-31,2020-01-31,3,value_pe_score_zscore,value_pe_score,Earnings Yield Style,Value,standardized,300,-0.1957419262
2019-11-30,2020-02-29,3,value_pe_score_zscore,value_pe_score,Earnings Yield Style,Value,standardized,300,-0.3215131915
2019-12-31,2020-03-31,3,value_pe_score_zscore,value_pe_score,Earnings Yield Style,Value,standardized,300,-0.2311129442
2020-01-31,2020-04-30,3,value_pe_score_zscore,value_pe_score,Earnings Yield Style,Value,standardized,299,-0.2086969619
2020-02-29,2020-05-31,3,value_pe_score_zscore,value_pe_score,Earnings Yield Style,Value,standardized,299,-0.0705540194
2020-03-31,2020-06-30,3,value_pe_score_zscore,value_pe_score,Earnings Yield Style,Value,standardized,300,-0.4133024693
2020-04-30,2020-07-31,3,value_pe_score_zscore,value_pe_score,Earnings Yield Style,Value,standardized,299,-0.3965195292
2020-05-31,2020-08-31,3,value_pe_score_zscore,value_pe_score,Earnings Yield Style,Value,standardized,299,-0.2574813915
2020-06-30,2020-09-30,3,value_pe_score_zscore,value_pe_score,Earnings Yield Style,Value,standardized,299,0.0513924753
2020-07-31,2020-10-31,3,value_pe_score_zscore,value_pe_score,Earnings Yield Style,Value,standardized,300,0.1878072542
2020-08-31,2020-11-30,3,value_pe_score_zscore,value_pe_score,Earnings Yield Style,Value,standardized,300,0.1771018128
2020-09-30,2020-12-31,3,value_pe_score_zscore,value_pe_score,Earnings Yield Style,Value,standardized,300,-0.1551357275
2020-10-31,2021-01-31,3,value_pe_score_zscore,value_pe_score,Earnings Yield Style,Value,standardized,300,-0.1538767013
2020-11-30,2021-02-28,3,value_pe_score_zscore,value_pe_score,Earnings Yield Style,Value,standardized,300,-0.1393268240
2020-12-31,2021-03-31,3,value_pe_score_zscore,value_pe_score,Earnings Yield Style,Value,standardized,300,0.3694205972
2021-01-31,2021-04-30,3,value_pe_score_zscore,value_pe_score,Earnings Yield Style,Value,standardized,300,0.2532131511
2021-02-28,2021-05-31,3,value_pe_score_zscore,value_pe_score,Earnings Yield Style,Value,standardized,300,-0.1177585896
2021-03-31,2021-06-30,3,value_pe_score_zscore,value_pe_score,Earnings Yield Style,Value,standardized,299,-0.3763531599
2021-04-30,2021-07-31,3,value_pe_score_zscore,value_pe_score,Earnings Yield Style,Value,standardized,300,-0.1737625186
2021-05-31,2021-08-31,3,value_pe_score_zscore,value_pe_score,Earnings Yield Style,Value,standardized,300,0.0759491421
2021-06-30,2021-09-30,3,value_pe_score_zscore,value_pe_score,Earnings Yield Style,Value,standardized,298,0.2427584528
2021-07-31,2021-10-31,3,value_pe_score_zscore,value_pe_score,Earnings Yield Style,Value,standardized,300,0.2780368881
2021-08-31,2021-11-30,3,value_pe_score_zscore,value_pe_score,Earnings Yield Style,Value,standardized,300,-0.1146220136
2021-09-30,2021-12-31,3,value_pe_score_zscore,value_pe_score,Earnings Yield Style,Value,standardized,300,-0.0875975314
2021-10-31,2022-01-31,3,value_pe_score_zscore,value_pe_score,Earnings Yield Style,Value,standardized,300,0.4570933577
2021-11-30,2022-02-28,3,value_pe_score_zscore,value_pe_score,Earnings Yield Style,Value,standardized,300,0.5229115041
2021-12-31,2022-03-31,3,value_pe_score_zscore,value_pe_score,Earnings Yield Style,Value,standardized,300,0.5030232329
2022-01-31,2022-04-30,3,value_pe_score_zscore,value_pe_score,Earnings Yield Style,Value,standardized,298,0.3068212968
2022-02-28,2022-05-31,3,value_pe_score_zscore,value_pe_score,Earnings Yield Style,Value,standardized,299,0.1833281688
2022-03-31,2022-06-30,3,value_pe_score_zscore,value_pe_score,Earnings Yield Style,Value,standardized,300,-0.2507193455
2022-04-30,2022-07-31,3,value_pe_score_zscore,value_pe_score,Earnings Yield Style,Value,standardized,300,-0.3006144322
2022-05-31,2022-08-31,3,value_pe_score_zscore,value_pe_score,Earnings Yield Style,Value,standardized,299,-0.0540805652
2022-06-30,2022-09-30,3,value_pe_score_zscore,value_pe_score,Earnings Yield Style,Value,standardized,298,0.2148867063
2022-07-31,2022-10-31,3,value_pe_score_zscore,value_pe_score,Earnings Yield Style,Value,standardized,300,0.0657898407
2022-08-31,2022-11-30,3,value_pe_score_zscore,value_pe_score,Earnings Yield Style,Value,standardized,300,0.2432623548
2022-09-30,2022-12-31,3,value_pe_score_zscore,value_pe_score,Earnings Yield Style,Value,standardized,300,-0.0068341466
2022-10-31,2023-01-31,3,value_pe_score_zscore,value_pe_score,Earnings Yield Style,Value,standardized,300,0.1273491188
2022-11-30,2023-02-28,3,value_pe_score_zscore,value_pe_score,Earnings Yield Style,Value,standardized,300,-0.0886360934
2022-12-31,2023-03-31,3,value_pe_score_zscore,value_pe_score,Earnings Yield Style,Value,standardized,300,0.0645369180
2023-01-31,2023-04-30,3,value_pe_score_zscore,value_pe_score,Earnings Yield Style,Value,standardized,300,0.2805781456
2023-02-28,2023-05-31,3,value_pe_score_zscore,value_pe_score,Earnings Yield Style,Value,standardized,300,0.2035269438
2023-03-31,2023-06-30,3,value_pe_score_zscore,value_pe_score,Earnings Yield Style,Value,standardized,300,0.2332354836
2023-04-30,2023-07-31,3,value_pe_score_zscore,value_pe_score,Earnings Yield Style,Value,standardized,300,0.1774270413
2023-05-31,2023-08-31,3,value_pe_score_zscore,value_pe_score,Earnings Yield Style,Value,standardized,300,0.1836389019
2023-06-30,2023-09-30,3,value_pe_score_zscore,value_pe_score,Earnings Yield Style,Value,standardized,300,0.3645121551
2023-07-31,2023-10-31,3,value_pe_score_zscore,value_pe_score,Earnings Yield Style,Value,standardized,300,0.0854391258
2023-08-31,2023-11-30,3,value_pe_score_zscore,value_pe_score,Earnings Yield Style,Value,standardized,300,0.0048211888
2023-09-30,2023-12-31,3,value_pe_score_zscore,value_pe_score,Earnings Yield Style,Value,standardized,300,-0.0705686271
2023-10-31,2024-01-31,3,value_pe_score_zscore,value_pe_score,Earnings Yield Style,Value,standardized,300,0.4821736314
2023-11-30,2024-02-29,3,value_pe_score_zscore,value_pe_score,Earnings Yield Style,Value,standardized,300,0.4962472232
2023-12-31,2024-03-31,3,value_pe_score_zscore,value_pe_score,Earnings Yield Style,Value,standardized,300,0.3697772255
2024-01-31,2024-04-30,3,value_pe_score_zscore,value_pe_score,Earnings Yield Style,Value,standardized,300,-0.1413530877
2024-02-29,2024-05-31,3,value_pe_score_zscore,value_pe_score,Earnings Yield Style,Value,standardized,300,0.1888956174
2024-03-31,2024-06-30,3,value_pe_score_zscore,value_pe_score,Earnings Yield Style,Value,standardized,300,0.1090311225
2024-04-30,2024-07-31,3,value_pe_score_zscore,value_pe_score,Earnings Yield Style,Value,standardized,300,0.1096789298
2024-05-31,2024-08-31,3,value_pe_score_zscore,value_pe_score,Earnings Yield Style,Value,standardized,300,0.0385954507
2024-06-30,2024-09-30,3,value_pe_score_zscore,value_pe_score,Earnings Yield Style,Value,standardized,298,-0.1519056939
2024-07-31,2024-10-31,3,value_pe_score_zscore,value_pe_score,Earnings Yield Style,Value,standardized,300,-0.1124987236
2024-08-31,2024-11-30,3,value_pe_score_zscore,value_pe_score,Earnings Yield Style,Value,standardized,300,-0.2194795903
2024-09-30,2024-12-31,3,value_pe_score_zscore,value_pe_score,Earnings Yield Style,Value,standardized,298,0.0236098636
2024-10-31,2025-01-31,3,value_pe_score_zscore,value_pe_score,Earnings Yield Style,Value,standardized,300,0.2401939155
2024-11-30,2025-02-28,3,value_pe_score_zscore,value_pe_score,Earnings Yield Style,Value,standardized,299,0.1542156916
2024-12-31,2025-03-31,3,value_pe_score_zscore,value_pe_score,Earnings Yield Style,Value,standardized,299,0.0822947575
2025-01-31,2025-04-30,3,value_pe_score_zscore,value_pe_score,Earnings Yield Style,Value,standardized,299,0.0557507706
2025-02-28,2025-05-31,3,value_pe_score_zscore,value_pe_score,Earnings Yield Style,Value,standardized,299,0.3380491706
2025-03-31,2025-06-30,3,value_pe_score_zscore,value_pe_score,Earnings Yield Style,Value,standardized,300,0.1385251072
2025-04-30,2025-07-31,3,value_pe_score_zscore,value_pe_score,Earnings Yield Style,Value,standardized,300,0.2042410825
2025-05-31,2025-08-31,3,value_pe_score_zscore,value_pe_score,Earnings Yield Style,Value,standardized,299,-0.2222925043
2025-06-30,2025-09-30,3,value_pe_score_zscore,value_pe_score,Earnings Yield Style,Value,standardized,298,-0.3462005135
2025-07-31,2025-10-31,3,value_pe_score_zscore,value_pe_score,Earnings Yield Style,Value,standardized,299,-0.1685704015
2025-08-31,2025-11-30,3,value_pe_score_zscore,value_pe_score,Earnings Yield Style,Value,standardized,299,0.3103307134
2025-09-30,2025-12-31,3,value_pe_score_zscore,value_pe_score,Earnings Yield Style,Value,standardized,300,0.3974338988
2025-10-31,2026-01-31,3,value_pe_score_zscore,value_pe_score,Earnings Yield Style,Value,standardized,300,0.0375308299
2025-11-30,2026-02-28,3,value_pe_score_zscore,value_pe_score,Earnings Yield Style,Value,standardized,300,-0.1464694608
2025-12-31,2026-03-31,3,value_pe_score_zscore,value_pe_score,Earnings Yield Style,Value,standardized,299,0.2538043743
2026-01-31,2026-04-30,3,value_pe_score_zscore,value_pe_score,Earnings Yield Style,Value,standardized,300,0.1466270837
2026-02-28,2026-05-31,3,value_pe_score_zscore,value_pe_score,Earnings Yield Style,Value,standardized,300,0.0700268160
2026-03-31,2026-06-30,3,value_pe_score_zscore,value_pe_score,Earnings Yield Style,Value,standardized,300,-0.1880584126
2026-04-30,2026-07-31,3,value_pe_score_zscore,value_pe_score,Earnings Yield Style,Value,standardized,300,0.3146257557
2026-05-31,2026-08-31,3,value_pe_score_zscore,value_pe_score,Earnings Yield Style,Value,standardized,300,0.4072399598
2026-06-30,2026-09-08,3,value_pe_score_zscore,value_pe_score,Earnings Yield Style,Value,standardized,300,0.5974859609
2019-07-31,2019-08-31,1,value_pe_score_neutral,value_pe_score,Earnings Yield Style,Value,neutralized,300,-0.2071087917
2019-08-31,2019-09-30,1,value_pe_score_neutral,value_pe_score,Earnings Yield Style,Value,neutralized,300,0.1133885096
2019-09-30,2019-10-31,1,value_pe_score_neutral,value_pe_score,Earnings Yield Style,Value,neutralized,300,-0.0232796101
2019-10-31,2019-11-30,1,value_pe_score_neutral,value_pe_score,Earnings Yield Style,Value,neutralized,300,0.1501190180
2019-11-30,2019-12-31,1,value_pe_score_neutral,value_pe_score,Earnings Yield Style,Value,neutralized,300,0.1452032496
2019-12-31,2020-01-31,1,value_pe_score_neutral,value_pe_score,Earnings Yield Style,Value,neutralized,300,-0.1160026351
2020-01-31,2020-02-29,1,value_pe_score_neutral,value_pe_score,Earnings Yield Style,Value,neutralized,300,-0.0489414436
2020-02-29,2020-03-31,1,value_pe_score_neutral,value_pe_score,Earnings Yield Style,Value,neutralized,300,-0.0068369656
2020-03-31,2020-04-30,1,value_pe_score_neutral,value_pe_score,Earnings Yield Style,Value,neutralized,299,-0.1036931506
2020-04-30,2020-05-31,1,value_pe_score_neutral,value_pe_score,Earnings Yield Style,Value,neutralized,299,-0.1161432964
2020-05-31,2020-06-30,1,value_pe_score_neutral,value_pe_score,Earnings Yield Style,Value,neutralized,299,-0.0039622028
2020-06-30,2020-07-31,1,value_pe_score_neutral,value_pe_score,Earnings Yield Style,Value,neutralized,299,-0.0679383179
2020-07-31,2020-08-31,1,value_pe_score_neutral,value_pe_score,Earnings Yield Style,Value,neutralized,300,0.1095003764
2020-08-31,2020-09-30,1,value_pe_score_neutral,value_pe_score,Earnings Yield Style,Value,neutralized,300,0.0060747342
2020-09-30,2020-10-31,1,value_pe_score_neutral,value_pe_score,Earnings Yield Style,Value,neutralized,300,0.0085018911
2020-10-31,2020-11-30,1,value_pe_score_neutral,value_pe_score,Earnings Yield Style,Value,neutralized,300,0.0581737640
2020-11-30,2020-12-31,1,value_pe_score_neutral,value_pe_score,Earnings Yield Style,Value,neutralized,300,-0.2144093189
2020-12-31,2021-01-31,1,value_pe_score_neutral,value_pe_score,Earnings Yield Style,Value,neutralized,300,-0.0806569051
2021-01-31,2021-02-28,1,value_pe_score_neutral,value_pe_score,Earnings Yield Style,Value,neutralized,300,0.2592599794
2021-02-28,2021-03-31,1,value_pe_score_neutral,value_pe_score,Earnings Yield Style,Value,neutralized,300,0.1359339548
2021-03-31,2021-04-30,1,value_pe_score_neutral,value_pe_score,Earnings Yield Style,Value,neutralized,300,-0.1929280072
2021-04-30,2021-05-31,1,value_pe_score_neutral,value_pe_score,Earnings Yield Style,Value,neutralized,300,-0.1815437744
2021-05-31,2021-06-30,1,value_pe_score_neutral,value_pe_score,Earnings Yield Style,Value,neutralized,299,-0.1670512446
2021-06-30,2021-07-31,1,value_pe_score_neutral,value_pe_score,Earnings Yield Style,Value,neutralized,299,-0.0343785774
2021-07-31,2021-08-31,1,value_pe_score_neutral,value_pe_score,Earnings Yield Style,Value,neutralized,300,0.1100487783
2021-08-31,2021-09-30,1,value_pe_score_neutral,value_pe_score,Earnings Yield Style,Value,neutralized,300,0.1135339408
2021-09-30,2021-10-31,1,value_pe_score_neutral,value_pe_score,Earnings Yield Style,Value,neutralized,300,-0.0988891537
2021-10-31,2021-11-30,1,value_pe_score_neutral,value_pe_score,Earnings Yield Style,Value,neutralized,300,0.0298750119
2021-11-30,2021-12-31,1,value_pe_score_neutral,value_pe_score,Earnings Yield Style,Value,neutralized,300,0.2552641980
2021-12-31,2022-01-31,1,value_pe_score_neutral,value_pe_score,Earnings Yield Style,Value,neutralized,300,0.1673960822
2022-01-31,2022-02-28,1,value_pe_score_neutral,value_pe_score,Earnings Yield Style,Value,neutralized,298,-0.1107912208
2022-02-28,2022-03-31,1,value_pe_score_neutral,value_pe_score,Earnings Yield Style,Value,neutralized,299,0.1046905911
2022-03-31,2022-04-30,1,value_pe_score_neutral,value_pe_score,Earnings Yield Style,Value,neutralized,300,0.0732221469
2022-04-30,2022-05-31,1,value_pe_score_neutral,value_pe_score,Earnings Yield Style,Value,neutralized,300,-0.1473536373
2022-05-31,2022-06-30,1,value_pe_score_neutral,value_pe_score,Earnings Yield Style,Value,neutralized,299,-0.1088206896
2022-06-30,2022-07-31,1,value_pe_score_neutral,value_pe_score,Earnings Yield Style,Value,neutralized,298,0.0000111097
2022-07-31,2022-08-31,1,value_pe_score_neutral,value_pe_score,Earnings Yield Style,Value,neutralized,300,0.0768148620
2022-08-31,2022-09-30,1,value_pe_score_neutral,value_pe_score,Earnings Yield Style,Value,neutralized,300,0.0156061751
2022-09-30,2022-10-31,1,value_pe_score_neutral,value_pe_score,Earnings Yield Style,Value,neutralized,300,-0.0384155550
2022-10-31,2022-11-30,1,value_pe_score_neutral,value_pe_score,Earnings Yield Style,Value,neutralized,300,0.1612720141
2022-11-30,2022-12-31,1,value_pe_score_neutral,value_pe_score,Earnings Yield Style,Value,neutralized,300,-0.0086743186
2022-12-31,2023-01-31,1,value_pe_score_neutral,value_pe_score,Earnings Yield Style,Value,neutralized,300,0.1395607238
2023-01-31,2023-02-28,1,value_pe_score_neutral,value_pe_score,Earnings Yield Style,Value,neutralized,300,0.1811020122
2023-02-28,2023-03-31,1,value_pe_score_neutral,value_pe_score,Earnings Yield Style,Value,neutralized,300,0.1624884901
2023-03-31,2023-04-30,1,value_pe_score_neutral,value_pe_score,Earnings Yield Style,Value,neutralized,300,0.0475294170
2023-04-30,2023-05-31,1,value_pe_score_neutral,value_pe_score,Earnings Yield Style,Value,neutralized,300,0.0393319969
2023-05-31,2023-06-30,1,value_pe_score_neutral,value_pe_score,Earnings Yield Style,Value,neutralized,300,0.0603413438
2023-06-30,2023-07-31,1,value_pe_score_neutral,value_pe_score,Earnings Yield Style,Value,neutralized,300,0.0777568640
2023-07-31,2023-08-31,1,value_pe_score_neutral,value_pe_score,Earnings Yield Style,Value,neutralized,300,0.0294976611
2023-08-31,2023-09-30,1,value_pe_score_neutral,value_pe_score,Earnings Yield Style,Value,neutralized,300,-0.0014435724
2023-09-30,2023-10-31,1,value_pe_score_neutral,value_pe_score,Earnings Yield Style,Value,neutralized,300,-0.0356603962
2023-10-31,2023-11-30,1,value_pe_score_neutral,value_pe_score,Earnings Yield Style,Value,neutralized,300,-0.0561377473
2023-11-30,2023-12-31,1,value_pe_score_neutral,value_pe_score,Earnings Yield Style,Value,neutralized,300,0.1210611902
2023-12-31,2024-01-31,1,value_pe_score_neutral,value_pe_score,Earnings Yield Style,Value,neutralized,300,0.0873938696
2024-01-31,2024-02-29,1,value_pe_score_neutral,value_pe_score,Earnings Yield Style,Value,neutralized,300,0.0136277085
2024-02-29,2024-03-31,1,value_pe_score_neutral,value_pe_score,Earnings Yield Style,Value,neutralized,300,0.0107678986
2024-03-31,2024-04-30,1,value_pe_score_neutral,value_pe_score,Earnings Yield Style,Value,neutralized,300,-0.0990462667
2024-04-30,2024-05-31,1,value_pe_score_neutral,value_pe_score,Earnings Yield Style,Value,neutralized,300,0.0875356393
2024-05-31,2024-06-30,1,value_pe_score_neutral,value_pe_score,Earnings Yield Style,Value,neutralized,300,0.0188264314
2024-06-30,2024-07-31,1,value_pe_score_neutral,value_pe_score,Earnings Yield Style,Value,neutralized,300,-0.2045409393
2024-07-31,2024-08-31,1,value_pe_score_neutral,value_pe_score,Earnings Yield Style,Value,neutralized,300,0.0331808131
2024-08-31,2024-09-30,1,value_pe_score_neutral,value_pe_score,Earnings Yield Style,Value,neutralized,298,0.0489723670
2024-09-30,2024-10-31,1,value_pe_score_neutral,value_pe_score,Earnings Yield Style,Value,neutralized,298,-0.0568453301
2024-10-31,2024-11-30,1,value_pe_score_neutral,value_pe_score,Earnings Yield Style,Value,neutralized,300,0.0083801024
2024-11-30,2024-12-31,1,value_pe_score_neutral,value_pe_score,Earnings Yield Style,Value,neutralized,300,0.1955399504
2024-12-31,2025-01-31,1,value_pe_score_neutral,value_pe_score,Earnings Yield Style,Value,neutralized,300,0.1142243803
2025-01-31,2025-02-28,1,value_pe_score_neutral,value_pe_score,Earnings Yield Style,Value,neutralized,299,0.0114848280
2025-02-28,2025-03-31,1,value_pe_score_neutral,value_pe_score,Earnings Yield Style,Value,neutralized,299,0.0738591726
2025-03-31,2025-04-30,1,value_pe_score_neutral,value_pe_score,Earnings Yield Style,Value,neutralized,300,-0.2174582181
2025-04-30,2025-05-31,1,value_pe_score_neutral,value_pe_score,Earnings Yield Style,Value,neutralized,300,0.0956401950
2025-05-31,2025-06-30,1,value_pe_score_neutral,value_pe_score,Earnings Yield Style,Value,neutralized,300,0.0039458221
2025-06-30,2025-07-31,1,value_pe_score_neutral,value_pe_score,Earnings Yield Style,Value,neutralized,299,0.1072344055
2025-07-31,2025-08-31,1,value_pe_score_neutral,value_pe_score,Earnings Yield Style,Value,neutralized,299,-0.0465788047
2025-08-31,2025-09-30,1,value_pe_score_neutral,value_pe_score,Earnings Yield Style,Value,neutralized,299,-0.0463217436
2025-09-30,2025-10-31,1,value_pe_score_neutral,value_pe_score,Earnings Yield Style,Value,neutralized,300,0.1341102339
2025-10-31,2025-11-30,1,value_pe_score_neutral,value_pe_score,Earnings Yield Style,Value,neutralized,300,0.1898461094
2025-11-30,2025-12-31,1,value_pe_score_neutral,value_pe_score,Earnings Yield Style,Value,neutralized,300,0.0382013176
2025-12-31,2026-01-31,1,value_pe_score_neutral,value_pe_score,Earnings Yield Style,Value,neutralized,299,-0.0023160000
2026-01-31,2026-02-28,1,value_pe_score_neutral,value_pe_score,Earnings Yield Style,Value,neutralized,300,0.0877436416
2026-02-28,2026-03-31,1,value_pe_score_neutral,value_pe_score,Earnings Yield Style,Value,neutralized,300,0.0837980515
2026-03-31,2026-04-30,1,value_pe_score_neutral,value_pe_score,Earnings Yield Style,Value,neutralized,300,-0.0833169628
2026-04-30,2026-05-31,1,value_pe_score_neutral,value_pe_score,Earnings Yield Style,Value,neutralized,300,-0.0124943610
2026-05-31,2026-06-30,1,value_pe_score_neutral,value_pe_score,Earnings Yield Style,Value,neutralized,300,-0.1103532261
2026-06-30,2026-07-31,1,value_pe_score_neutral,value_pe_score,Earnings Yield Style,Value,neutralized,300,0.3606711186
2026-07-31,2026-08-31,1,value_pe_score_neutral,value_pe_score,Earnings Yield Style,Value,neutralized,300,-0.1182642161
2026-08-31,2026-09-08,1,value_pe_score_neutral,value_pe_score,Earnings Yield Style,Value,neutralized,300,0.0979558639
2019-07-31,2019-10-31,3,value_pe_score_neutral,value_pe_score,Earnings Yield Style,Value,neutralized,300,-0.0744503911
2019-08-31,2019-11-30,3,value_pe_score_neutral,value_pe_score,Earnings Yield Style,Value,neutralized,300,0.0854138379
2019-09-30,2019-12-31,3,value_pe_score_neutral,value_pe_score,Earnings Yield Style,Value,neutralized,300,0.1131570477
2019-10-31,2020-01-31,3,value_pe_score_neutral,value_pe_score,Earnings Yield Style,Value,neutralized,300,0.0652682880
2019-11-30,2020-02-29,3,value_pe_score_neutral,value_pe_score,Earnings Yield Style,Value,neutralized,300,-0.0554957524
2019-12-31,2020-03-31,3,value_pe_score_neutral,value_pe_score,Earnings Yield Style,Value,neutralized,300,-0.1113843487
2020-01-31,2020-04-30,3,value_pe_score_neutral,value_pe_score,Earnings Yield Style,Value,neutralized,299,-0.1328361053
2020-02-29,2020-05-31,3,value_pe_score_neutral,value_pe_score,Earnings Yield Style,Value,neutralized,299,-0.1169356599
2020-03-31,2020-06-30,3,value_pe_score_neutral,value_pe_score,Earnings Yield Style,Value,neutralized,300,-0.0866689630
2020-04-30,2020-07-31,3,value_pe_score_neutral,value_pe_score,Earnings Yield Style,Value,neutralized,299,-0.1064137730
2020-05-31,2020-08-31,3,value_pe_score_neutral,value_pe_score,Earnings Yield Style,Value,neutralized,299,-0.0538627640
2020-06-30,2020-09-30,3,value_pe_score_neutral,value_pe_score,Earnings Yield Style,Value,neutralized,299,0.0175897286
2020-07-31,2020-10-31,3,value_pe_score_neutral,value_pe_score,Earnings Yield Style,Value,neutralized,300,0.0949414993
2020-08-31,2020-11-30,3,value_pe_score_neutral,value_pe_score,Earnings Yield Style,Value,neutralized,300,0.0805960066
2020-09-30,2020-12-31,3,value_pe_score_neutral,value_pe_score,Earnings Yield Style,Value,neutralized,300,-0.0998153313
2020-10-31,2021-01-31,3,value_pe_score_neutral,value_pe_score,Earnings Yield Style,Value,neutralized,300,-0.1034044898
2020-11-30,2021-02-28,3,value_pe_score_neutral,value_pe_score,Earnings Yield Style,Value,neutralized,300,-0.0896921077
2020-12-31,2021-03-31,3,value_pe_score_neutral,value_pe_score,Earnings Yield Style,Value,neutralized,300,0.2173426613
2021-01-31,2021-04-30,3,value_pe_score_neutral,value_pe_score,Earnings Yield Style,Value,neutralized,300,0.1572131675
2021-02-28,2021-05-31,3,value_pe_score_neutral,value_pe_score,Earnings Yield Style,Value,neutralized,300,-0.1195662307
2021-03-31,2021-06-30,3,value_pe_score_neutral,value_pe_score,Earnings Yield Style,Value,neutralized,299,-0.2885713003
2021-04-30,2021-07-31,3,value_pe_score_neutral,value_pe_score,Earnings Yield Style,Value,neutralized,300,-0.1516163513
2021-05-31,2021-08-31,3,value_pe_score_neutral,value_pe_score,Earnings Yield Style,Value,neutralized,300,-0.0422835809
2021-06-30,2021-09-30,3,value_pe_score_neutral,value_pe_score,Earnings Yield Style,Value,neutralized,298,0.0879135455
2021-07-31,2021-10-31,3,value_pe_score_neutral,value_pe_score,Earnings Yield Style,Value,neutralized,300,0.0829631533
2021-08-31,2021-11-30,3,value_pe_score_neutral,value_pe_score,Earnings Yield Style,Value,neutralized,300,0.0105307837
2021-09-30,2021-12-31,3,value_pe_score_neutral,value_pe_score,Earnings Yield Style,Value,neutralized,300,0.0797578726
2021-10-31,2022-01-31,3,value_pe_score_neutral,value_pe_score,Earnings Yield Style,Value,neutralized,300,0.3003988933
2021-11-30,2022-02-28,3,value_pe_score_neutral,value_pe_score,Earnings Yield Style,Value,neutralized,300,0.2209667020
2021-12-31,2022-03-31,3,value_pe_score_neutral,value_pe_score,Earnings Yield Style,Value,neutralized,300,0.1264889610
2022-01-31,2022-04-30,3,value_pe_score_neutral,value_pe_score,Earnings Yield Style,Value,neutralized,298,0.0772105695
2022-02-28,2022-05-31,3,value_pe_score_neutral,value_pe_score,Earnings Yield Style,Value,neutralized,299,0.0043101170
2022-03-31,2022-06-30,3,value_pe_score_neutral,value_pe_score,Earnings Yield Style,Value,neutralized,300,-0.1866754905
2022-04-30,2022-07-31,3,value_pe_score_neutral,value_pe_score,Earnings Yield Style,Value,neutralized,300,-0.1038278203
2022-05-31,2022-08-31,3,value_pe_score_neutral,value_pe_score,Earnings Yield Style,Value,neutralized,299,-0.0161406029
2022-06-30,2022-09-30,3,value_pe_score_neutral,value_pe_score,Earnings Yield Style,Value,neutralized,298,0.0307066082
2022-07-31,2022-10-31,3,value_pe_score_neutral,value_pe_score,Earnings Yield Style,Value,neutralized,300,0.0288127678
2022-08-31,2022-11-30,3,value_pe_score_neutral,value_pe_score,Earnings Yield Style,Value,neutralized,300,0.1109376894
2022-09-30,2022-12-31,3,value_pe_score_neutral,value_pe_score,Earnings Yield Style,Value,neutralized,300,0.0964437383
2022-10-31,2023-01-31,3,value_pe_score_neutral,value_pe_score,Earnings Yield Style,Value,neutralized,300,0.1857962866
2022-11-30,2023-02-28,3,value_pe_score_neutral,value_pe_score,Earnings Yield Style,Value,neutralized,300,0.1726137149
2022-12-31,2023-03-31,3,value_pe_score_neutral,value_pe_score,Earnings Yield Style,Value,neutralized,300,0.2346519666
2023-01-31,2023-04-30,3,value_pe_score_neutral,value_pe_score,Earnings Yield Style,Value,neutralized,300,0.1761073096
2023-02-28,2023-05-31,3,value_pe_score_neutral,value_pe_score,Earnings Yield Style,Value,neutralized,300,0.1290405449
2023-03-31,2023-06-30,3,value_pe_score_neutral,value_pe_score,Earnings Yield Style,Value,neutralized,300,0.0737270414
2023-04-30,2023-07-31,3,value_pe_score_neutral,value_pe_score,Earnings Yield Style,Value,neutralized,300,0.1015375726
2023-05-31,2023-08-31,3,value_pe_score_neutral,value_pe_score,Earnings Yield Style,Value,neutralized,300,0.0763957462
2023-06-30,2023-09-30,3,value_pe_score_neutral,value_pe_score,Earnings Yield Style,Value,neutralized,300,0.0910285670
2023-07-31,2023-10-31,3,value_pe_score_neutral,value_pe_score,Earnings Yield Style,Value,neutralized,300,-0.0060836232
2023-08-31,2023-11-30,3,value_pe_score_neutral,value_pe_score,Earnings Yield Style,Value,neutralized,300,-0.0587010967
2023-09-30,2023-12-31,3,value_pe_score_neutral,value_pe_score,Earnings Yield Style,Value,neutralized,300,0.0034093712
2023-10-31,2024-01-31,3,value_pe_score_neutral,value_pe_score,Earnings Yield Style,Value,neutralized,300,0.1067065308
2023-11-30,2024-02-29,3,value_pe_score_neutral,value_pe_score,Earnings Yield Style,Value,neutralized,300,0.1681216645
2023-12-31,2024-03-31,3,value_pe_score_neutral,value_pe_score,Earnings Yield Style,Value,neutralized,300,0.0978010975
2024-01-31,2024-04-30,3,value_pe_score_neutral,value_pe_score,Earnings Yield Style,Value,neutralized,300,-0.0620813703
2024-02-29,2024-05-31,3,value_pe_score_neutral,value_pe_score,Earnings Yield Style,Value,neutralized,300,-0.0015542397
2024-03-31,2024-06-30,3,value_pe_score_neutral,value_pe_score,Earnings Yield Style,Value,neutralized,300,-0.0101843365
2024-04-30,2024-07-31,3,value_pe_score_neutral,value_pe_score,Earnings Yield Style,Value,neutralized,300,-0.0405346726
2024-05-31,2024-08-31,3,value_pe_score_neutral,value_pe_score,Earnings Yield Style,Value,neutralized,300,-0.0922943588
2024-06-30,2024-09-30,3,value_pe_score_neutral,value_pe_score,Earnings Yield Style,Value,neutralized,298,-0.1047849264
2024-07-31,2024-10-31,3,value_pe_score_neutral,value_pe_score,Earnings Yield Style,Value,neutralized,300,0.0062742919
2024-08-31,2024-11-30,3,value_pe_score_neutral,value_pe_score,Earnings Yield Style,Value,neutralized,300,-0.0186217645
2024-09-30,2024-12-31,3,value_pe_score_neutral,value_pe_score,Earnings Yield Style,Value,neutralized,298,0.0186192240
2024-10-31,2025-01-31,3,value_pe_score_neutral,value_pe_score,Earnings Yield Style,Value,neutralized,300,0.1345890510
2024-11-30,2025-02-28,3,value_pe_score_neutral,value_pe_score,Earnings Yield Style,Value,neutralized,299,0.1776775132
2024-12-31,2025-03-31,3,value_pe_score_neutral,value_pe_score,Earnings Yield Style,Value,neutralized,299,0.1397131378
2025-01-31,2025-04-30,3,value_pe_score_neutral,value_pe_score,Earnings Yield Style,Value,neutralized,299,-0.0635348253
2025-02-28,2025-05-31,3,value_pe_score_neutral,value_pe_score,Earnings Yield Style,Value,neutralized,299,-0.0816585578
2025-03-31,2025-06-30,3,value_pe_score_neutral,value_pe_score,Earnings Yield Style,Value,neutralized,300,-0.1404346871
2025-04-30,2025-07-31,3,value_pe_score_neutral,value_pe_score,Earnings Yield Style,Value,neutralized,300,0.1064789609
2025-05-31,2025-08-31,3,value_pe_score_neutral,value_pe_score,Earnings Yield Style,Value,neutralized,299,0.0148809230
2025-06-30,2025-09-30,3,value_pe_score_neutral,value_pe_score,Earnings Yield Style,Value,neutralized,298,-0.0086735234
2025-07-31,2025-10-31,3,value_pe_score_neutral,value_pe_score,Earnings Yield Style,Value,neutralized,299,-0.0232160894
2025-08-31,2025-11-30,3,value_pe_score_neutral,value_pe_score,Earnings Yield Style,Value,neutralized,299,0.0975789545
2025-09-30,2025-12-31,3,value_pe_score_neutral,value_pe_score,Earnings Yield Style,Value,neutralized,300,0.1687898754
2025-10-31,2026-01-31,3,value_pe_score_neutral,value_pe_score,Earnings Yield Style,Value,neutralized,300,0.0780226447
2025-11-30,2026-02-28,3,value_pe_score_neutral,value_pe_score,Earnings Yield Style,Value,neutralized,300,0.0173701949
2025-12-31,2026-03-31,3,value_pe_score_neutral,value_pe_score,Earnings Yield Style,Value,neutralized,299,0.0360122107
2026-01-31,2026-04-30,3,value_pe_score_neutral,value_pe_score,Earnings Yield Style,Value,neutralized,300,0.0026493628
2026-02-28,2026-05-31,3,value_pe_score_neutral,value_pe_score,Earnings Yield Style,Value,neutralized,300,-0.0253776153
2026-03-31,2026-06-30,3,value_pe_score_neutral,value_pe_score,Earnings Yield Style,Value,neutralized,300,-0.0714523495
2026-04-30,2026-07-31,3,value_pe_score_neutral,value_pe_score,Earnings Yield Style,Value,neutralized,300,0.2011697908
2026-05-31,2026-08-31,3,value_pe_score_neutral,value_pe_score,Earnings Yield Style,Value,neutralized,300,0.1795219947
2026-06-30,2026-09-08,3,value_pe_score_neutral,value_pe_score,Earnings Yield Style,Value,neutralized,300,0.3039335993
2019-07-31,2019-08-31,1,value_pb_score_zscore,value_pb_score,Book-to-Price Style,Value,standardized,300,-0.4320150704
2019-08-31,2019-09-30,1,value_pb_score_zscore,value_pb_score,Book-to-Price Style,Value,standardized,300,0.1696196475
2019-09-30,2019-10-31,1,value_pb_score_zscore,value_pb_score,Book-to-Price Style,Value,standardized,300,-0.0347297424
2019-10-31,2019-11-30,1,value_pb_score_zscore,value_pb_score,Book-to-Price Style,Value,standardized,300,0.0651180641
2019-11-30,2019-12-31,1,value_pb_score_zscore,value_pb_score,Book-to-Price Style,Value,standardized,300,-0.0718448063
2019-12-31,2020-01-31,1,value_pb_score_zscore,value_pb_score,Book-to-Price Style,Value,standardized,300,-0.3361584391
2020-01-31,2020-02-29,1,value_pb_score_zscore,value_pb_score,Book-to-Price Style,Value,standardized,300,-0.2416494054
2020-02-29,2020-03-31,1,value_pb_score_zscore,value_pb_score,Book-to-Price Style,Value,standardized,300,0.1541412682
2020-03-31,2020-04-30,1,value_pb_score_zscore,value_pb_score,Book-to-Price Style,Value,standardized,299,-0.4151326425
2020-04-30,2020-05-31,1,value_pb_score_zscore,value_pb_score,Book-to-Price Style,Value,standardized,299,-0.1861758434
2020-05-31,2020-06-30,1,value_pb_score_zscore,value_pb_score,Book-to-Price Style,Value,standardized,299,-0.4532724592
2020-06-30,2020-07-31,1,value_pb_score_zscore,value_pb_score,Book-to-Price Style,Value,standardized,299,-0.0837372898
2020-07-31,2020-08-31,1,value_pb_score_zscore,value_pb_score,Book-to-Price Style,Value,standardized,300,0.1168857951
2020-08-31,2020-09-30,1,value_pb_score_zscore,value_pb_score,Book-to-Price Style,Value,standardized,300,0.1765241836
2020-09-30,2020-10-31,1,value_pb_score_zscore,value_pb_score,Book-to-Price Style,Value,standardized,300,-0.1052138473
2020-10-31,2020-11-30,1,value_pb_score_zscore,value_pb_score,Book-to-Price Style,Value,standardized,300,0.2943261919
2020-11-30,2020-12-31,1,value_pb_score_zscore,value_pb_score,Book-to-Price Style,Value,standardized,300,-0.4650830487
2020-12-31,2021-01-31,1,value_pb_score_zscore,value_pb_score,Book-to-Price Style,Value,standardized,300,-0.2382337582
2021-01-31,2021-02-28,1,value_pb_score_zscore,value_pb_score,Book-to-Price Style,Value,standardized,300,0.4880139646
2021-02-28,2021-03-31,1,value_pb_score_zscore,value_pb_score,Book-to-Price Style,Value,standardized,300,0.4219126879
2021-03-31,2021-04-30,1,value_pb_score_zscore,value_pb_score,Book-to-Price Style,Value,standardized,300,-0.3817839673
2021-04-30,2021-05-31,1,value_pb_score_zscore,value_pb_score,Book-to-Price Style,Value,standardized,300,-0.1067039708
2021-05-31,2021-06-30,1,value_pb_score_zscore,value_pb_score,Book-to-Price Style,Value,standardized,299,-0.1052806895
2021-06-30,2021-07-31,1,value_pb_score_zscore,value_pb_score,Book-to-Price Style,Value,standardized,299,0.0805261386
2021-07-31,2021-08-31,1,value_pb_score_zscore,value_pb_score,Book-to-Price Style,Value,standardized,300,0.4299074434
2021-08-31,2021-09-30,1,value_pb_score_zscore,value_pb_score,Book-to-Price Style,Value,standardized,300,0.1993889043
2021-09-30,2021-10-31,1,value_pb_score_zscore,value_pb_score,Book-to-Price Style,Value,standardized,300,-0.2169709517
2021-10-31,2021-11-30,1,value_pb_score_zscore,value_pb_score,Book-to-Price Style,Value,standardized,300,-0.1084216973
2021-11-30,2021-12-31,1,value_pb_score_zscore,value_pb_score,Book-to-Price Style,Value,standardized,300,0.2451027506
2021-12-31,2022-01-31,1,value_pb_score_zscore,value_pb_score,Book-to-Price Style,Value,standardized,300,0.5044549384
2022-01-31,2022-02-28,1,value_pb_score_zscore,value_pb_score,Book-to-Price Style,Value,standardized,298,-0.1026348480
2022-02-28,2022-03-31,1,value_pb_score_zscore,value_pb_score,Book-to-Price Style,Value,standardized,299,0.4456182802
2022-03-31,2022-04-30,1,value_pb_score_zscore,value_pb_score,Book-to-Price Style,Value,standardized,300,0.1203240036
2022-04-30,2022-05-31,1,value_pb_score_zscore,value_pb_score,Book-to-Price Style,Value,standardized,300,-0.3130910343
2022-05-31,2022-06-30,1,value_pb_score_zscore,value_pb_score,Book-to-Price Style,Value,standardized,299,-0.3416071852
2022-06-30,2022-07-31,1,value_pb_score_zscore,value_pb_score,Book-to-Price Style,Value,standardized,298,0.2259009026
2022-07-31,2022-08-31,1,value_pb_score_zscore,value_pb_score,Book-to-Price Style,Value,standardized,300,0.2641467421
2022-08-31,2022-09-30,1,value_pb_score_zscore,value_pb_score,Book-to-Price Style,Value,standardized,300,0.1271396490
2022-09-30,2022-10-31,1,value_pb_score_zscore,value_pb_score,Book-to-Price Style,Value,standardized,300,-0.0067294111
2022-10-31,2022-11-30,1,value_pb_score_zscore,value_pb_score,Book-to-Price Style,Value,standardized,300,0.2990037667
2022-11-30,2022-12-31,1,value_pb_score_zscore,value_pb_score,Book-to-Price Style,Value,standardized,300,-0.2172926366
2022-12-31,2023-01-31,1,value_pb_score_zscore,value_pb_score,Book-to-Price Style,Value,standardized,300,-0.1266121297
2023-01-31,2023-02-28,1,value_pb_score_zscore,value_pb_score,Book-to-Price Style,Value,standardized,300,0.2467374082
2023-02-28,2023-03-31,1,value_pb_score_zscore,value_pb_score,Book-to-Price Style,Value,standardized,300,0.1596066800
2023-03-31,2023-04-30,1,value_pb_score_zscore,value_pb_score,Book-to-Price Style,Value,standardized,300,0.5542737142
2023-04-30,2023-05-31,1,value_pb_score_zscore,value_pb_score,Book-to-Price Style,Value,standardized,300,0.1556853027
2023-05-31,2023-06-30,1,value_pb_score_zscore,value_pb_score,Book-to-Price Style,Value,standardized,300,-0.1136866091
2023-06-30,2023-07-31,1,value_pb_score_zscore,value_pb_score,Book-to-Price Style,Value,standardized,300,0.3822820254
2023-07-31,2023-08-31,1,value_pb_score_zscore,value_pb_score,Book-to-Price Style,Value,standardized,300,0.0170321892
2023-08-31,2023-09-30,1,value_pb_score_zscore,value_pb_score,Book-to-Price Style,Value,standardized,300,0.4310690291
2023-09-30,2023-10-31,1,value_pb_score_zscore,value_pb_score,Book-to-Price Style,Value,standardized,300,-0.0732212580
2023-10-31,2023-11-30,1,value_pb_score_zscore,value_pb_score,Book-to-Price Style,Value,standardized,300,0.0338857136
2023-11-30,2023-12-31,1,value_pb_score_zscore,value_pb_score,Book-to-Price Style,Value,standardized,300,0.0254942974
2023-12-31,2024-01-31,1,value_pb_score_zscore,value_pb_score,Book-to-Price Style,Value,standardized,300,0.6320359115
2024-01-31,2024-02-29,1,value_pb_score_zscore,value_pb_score,Book-to-Price Style,Value,standardized,300,-0.5382947075
2024-02-29,2024-03-31,1,value_pb_score_zscore,value_pb_score,Book-to-Price Style,Value,standardized,300,0.0124996944
2024-03-31,2024-04-30,1,value_pb_score_zscore,value_pb_score,Book-to-Price Style,Value,standardized,300,0.0590533556
2024-04-30,2024-05-31,1,value_pb_score_zscore,value_pb_score,Book-to-Price Style,Value,standardized,300,0.3131163680
2024-05-31,2024-06-30,1,value_pb_score_zscore,value_pb_score,Book-to-Price Style,Value,standardized,300,0.0609037878
2024-06-30,2024-07-31,1,value_pb_score_zscore,value_pb_score,Book-to-Price Style,Value,standardized,300,0.1325099168
2024-07-31,2024-08-31,1,value_pb_score_zscore,value_pb_score,Book-to-Price Style,Value,standardized,300,0.1493749931
2024-08-31,2024-09-30,1,value_pb_score_zscore,value_pb_score,Book-to-Price Style,Value,standardized,298,-0.1025502721
2024-09-30,2024-10-31,1,value_pb_score_zscore,value_pb_score,Book-to-Price Style,Value,standardized,298,0.1156910923
2024-10-31,2024-11-30,1,value_pb_score_zscore,value_pb_score,Book-to-Price Style,Value,standardized,300,-0.0078452070
2024-11-30,2024-12-31,1,value_pb_score_zscore,value_pb_score,Book-to-Price Style,Value,standardized,300,0.2208664541
2024-12-31,2025-01-31,1,value_pb_score_zscore,value_pb_score,Book-to-Price Style,Value,standardized,300,-0.0807402394
2025-01-31,2025-02-28,1,value_pb_score_zscore,value_pb_score,Book-to-Price Style,Value,standardized,299,-0.1666853344
2025-02-28,2025-03-31,1,value_pb_score_zscore,value_pb_score,Book-to-Price Style,Value,standardized,299,0.1731907252
2025-03-31,2025-04-30,1,value_pb_score_zscore,value_pb_score,Book-to-Price Style,Value,standardized,300,0.0606233470
2025-04-30,2025-05-31,1,value_pb_score_zscore,value_pb_score,Book-to-Price Style,Value,standardized,300,0.1801973756
2025-05-31,2025-06-30,1,value_pb_score_zscore,value_pb_score,Book-to-Price Style,Value,standardized,300,0.1042396142
2025-06-30,2025-07-31,1,value_pb_score_zscore,value_pb_score,Book-to-Price Style,Value,standardized,299,0.0976400081
2025-07-31,2025-08-31,1,value_pb_score_zscore,value_pb_score,Book-to-Price Style,Value,standardized,299,-0.5004012260
2025-08-31,2025-09-30,1,value_pb_score_zscore,value_pb_score,Book-to-Price Style,Value,standardized,299,-0.2911553052
2025-09-30,2025-10-31,1,value_pb_score_zscore,value_pb_score,Book-to-Price Style,Value,standardized,300,0.3957808256
2025-10-31,2025-11-30,1,value_pb_score_zscore,value_pb_score,Book-to-Price Style,Value,standardized,300,0.3246716075
2025-11-30,2025-12-31,1,value_pb_score_zscore,value_pb_score,Book-to-Price Style,Value,standardized,300,-0.1644231603
2025-12-31,2026-01-31,1,value_pb_score_zscore,value_pb_score,Book-to-Price Style,Value,standardized,299,-0.0739562232
2026-01-31,2026-02-28,1,value_pb_score_zscore,value_pb_score,Book-to-Price Style,Value,standardized,300,0.1210342337
2026-02-28,2026-03-31,1,value_pb_score_zscore,value_pb_score,Book-to-Price Style,Value,standardized,300,0.3719328406
2026-03-31,2026-04-30,1,value_pb_score_zscore,value_pb_score,Book-to-Price Style,Value,standardized,300,-0.3941374434
2026-04-30,2026-05-31,1,value_pb_score_zscore,value_pb_score,Book-to-Price Style,Value,standardized,300,-0.0901356682
2026-05-31,2026-06-30,1,value_pb_score_zscore,value_pb_score,Book-to-Price Style,Value,standardized,300,-0.1888567651
2026-06-30,2026-07-31,1,value_pb_score_zscore,value_pb_score,Book-to-Price Style,Value,standardized,300,0.5102607807
2026-07-31,2026-08-31,1,value_pb_score_zscore,value_pb_score,Book-to-Price Style,Value,standardized,300,-0.2021729355
2026-08-31,2026-09-08,1,value_pb_score_zscore,value_pb_score,Book-to-Price Style,Value,standardized,300,0.3596037285
2019-07-31,2019-10-31,3,value_pb_score_zscore,value_pb_score,Book-to-Price Style,Value,standardized,300,-0.2115472394
2019-08-31,2019-11-30,3,value_pb_score_zscore,value_pb_score,Book-to-Price Style,Value,standardized,300,0.0822111357
2019-09-30,2019-12-31,3,value_pb_score_zscore,value_pb_score,Book-to-Price Style,Value,standardized,300,-0.0521312459
2019-10-31,2020-01-31,3,value_pb_score_zscore,value_pb_score,Book-to-Price Style,Value,standardized,300,-0.2115534852
2019-11-30,2020-02-29,3,value_pb_score_zscore,value_pb_score,Book-to-Price Style,Value,standardized,300,-0.3521563573
2019-12-31,2020-03-31,3,value_pb_score_zscore,value_pb_score,Book-to-Price Style,Value,standardized,300,-0.2392857698
2020-01-31,2020-04-30,3,value_pb_score_zscore,value_pb_score,Book-to-Price Style,Value,standardized,299,-0.3361613289
2020-02-29,2020-05-31,3,value_pb_score_zscore,value_pb_score,Book-to-Price Style,Value,standardized,299,-0.2477996005
2020-03-31,2020-06-30,3,value_pb_score_zscore,value_pb_score,Book-to-Price Style,Value,standardized,300,-0.5871038567
2020-04-30,2020-07-31,3,value_pb_score_zscore,value_pb_score,Book-to-Price Style,Value,standardized,299,-0.4473147629
2020-05-31,2020-08-31,3,value_pb_score_zscore,value_pb_score,Book-to-Price Style,Value,standardized,299,-0.3371066867
2020-06-30,2020-09-30,3,value_pb_score_zscore,value_pb_score,Book-to-Price Style,Value,standardized,299,0.0680878095
2020-07-31,2020-10-31,3,value_pb_score_zscore,value_pb_score,Book-to-Price Style,Value,standardized,300,0.1123123590
2020-08-31,2020-11-30,3,value_pb_score_zscore,value_pb_score,Book-to-Price Style,Value,standardized,300,0.2042276025
2020-09-30,2020-12-31,3,value_pb_score_zscore,value_pb_score,Book-to-Price Style,Value,standardized,300,-0.1922728030
2020-10-31,2021-01-31,3,value_pb_score_zscore,value_pb_score,Book-to-Price Style,Value,standardized,300,-0.2136175149
2020-11-30,2021-02-28,3,value_pb_score_zscore,value_pb_score,Book-to-Price Style,Value,standardized,300,-0.2588224314
2020-12-31,2021-03-31,3,value_pb_score_zscore,value_pb_score,Book-to-Price Style,Value,standardized,300,0.3548088312
2021-01-31,2021-04-30,3,value_pb_score_zscore,value_pb_score,Book-to-Price Style,Value,standardized,300,0.3302645585
2021-02-28,2021-05-31,3,value_pb_score_zscore,value_pb_score,Book-to-Price Style,Value,standardized,300,0.0015335728
2021-03-31,2021-06-30,3,value_pb_score_zscore,value_pb_score,Book-to-Price Style,Value,standardized,299,-0.3106583466
2021-04-30,2021-07-31,3,value_pb_score_zscore,value_pb_score,Book-to-Price Style,Value,standardized,300,-0.0252989478
2021-05-31,2021-08-31,3,value_pb_score_zscore,value_pb_score,Book-to-Price Style,Value,standardized,300,0.2137094857
2021-06-30,2021-09-30,3,value_pb_score_zscore,value_pb_score,Book-to-Price Style,Value,standardized,298,0.3764164053
2021-07-31,2021-10-31,3,value_pb_score_zscore,value_pb_score,Book-to-Price Style,Value,standardized,300,0.3451672069
2021-08-31,2021-11-30,3,value_pb_score_zscore,value_pb_score,Book-to-Price Style,Value,standardized,300,-0.0772564140
2021-09-30,2021-12-31,3,value_pb_score_zscore,value_pb_score,Book-to-Price Style,Value,standardized,300,-0.1178681073
2021-10-31,2022-01-31,3,value_pb_score_zscore,value_pb_score,Book-to-Price Style,Value,standardized,300,0.4126121401
2021-11-30,2022-02-28,3,value_pb_score_zscore,value_pb_score,Book-to-Price Style,Value,standardized,300,0.4903190580
2021-12-31,2022-03-31,3,value_pb_score_zscore,value_pb_score,Book-to-Price Style,Value,standardized,300,0.5519292437
2022-01-31,2022-04-30,3,value_pb_score_zscore,value_pb_score,Book-to-Price Style,Value,standardized,298,0.2824498719
2022-02-28,2022-05-31,3,value_pb_score_zscore,value_pb_score,Book-to-Price Style,Value,standardized,299,0.1990339162
2022-03-31,2022-06-30,3,value_pb_score_zscore,value_pb_score,Book-to-Price Style,Value,standardized,300,-0.3229712877
2022-04-30,2022-07-31,3,value_pb_score_zscore,value_pb_score,Book-to-Price Style,Value,standardized,300,-0.2658673985
2022-05-31,2022-08-31,3,value_pb_score_zscore,value_pb_score,Book-to-Price Style,Value,standardized,299,0.0255724900
2022-06-30,2022-09-30,3,value_pb_score_zscore,value_pb_score,Book-to-Price Style,Value,standardized,298,0.2923148569
2022-07-31,2022-10-31,3,value_pb_score_zscore,value_pb_score,Book-to-Price Style,Value,standardized,300,0.2096750197
2022-08-31,2022-11-30,3,value_pb_score_zscore,value_pb_score,Book-to-Price Style,Value,standardized,300,0.3709803854
2022-09-30,2022-12-31,3,value_pb_score_zscore,value_pb_score,Book-to-Price Style,Value,standardized,300,0.1053673930
2022-10-31,2023-01-31,3,value_pb_score_zscore,value_pb_score,Book-to-Price Style,Value,standardized,300,0.0615509061
2022-11-30,2023-02-28,3,value_pb_score_zscore,value_pb_score,Book-to-Price Style,Value,standardized,300,-0.1283994409
2022-12-31,2023-03-31,3,value_pb_score_zscore,value_pb_score,Book-to-Price Style,Value,standardized,300,0.1635622800
2023-01-31,2023-04-30,3,value_pb_score_zscore,value_pb_score,Book-to-Price Style,Value,standardized,300,0.4718132948
2023-02-28,2023-05-31,3,value_pb_score_zscore,value_pb_score,Book-to-Price Style,Value,standardized,300,0.4343594929
2023-03-31,2023-06-30,3,value_pb_score_zscore,value_pb_score,Book-to-Price Style,Value,standardized,300,0.3953621707
2023-04-30,2023-07-31,3,value_pb_score_zscore,value_pb_score,Book-to-Price Style,Value,standardized,300,0.2982868699
2023-05-31,2023-08-31,3,value_pb_score_zscore,value_pb_score,Book-to-Price Style,Value,standardized,300,0.2030429453
2023-06-30,2023-09-30,3,value_pb_score_zscore,value_pb_score,Book-to-Price Style,Value,standardized,300,0.4199059990
2023-07-31,2023-10-31,3,value_pb_score_zscore,value_pb_score,Book-to-Price Style,Value,standardized,300,0.1486367626
2023-08-31,2023-11-30,3,value_pb_score_zscore,value_pb_score,Book-to-Price Style,Value,standardized,300,0.1681112012
2023-09-30,2023-12-31,3,value_pb_score_zscore,value_pb_score,Book-to-Price Style,Value,standardized,300,-0.0453538373
2023-10-31,2024-01-31,3,value_pb_score_zscore,value_pb_score,Book-to-Price Style,Value,standardized,300,0.5261605129
2023-11-30,2024-02-29,3,value_pb_score_zscore,value_pb_score,Book-to-Price Style,Value,standardized,300,0.4028634099
2023-12-31,2024-03-31,3,value_pb_score_zscore,value_pb_score,Book-to-Price Style,Value,standardized,300,0.3379588662
2024-01-31,2024-04-30,3,value_pb_score_zscore,value_pb_score,Book-to-Price Style,Value,standardized,300,-0.2249254380
2024-02-29,2024-05-31,3,value_pb_score_zscore,value_pb_score,Book-to-Price Style,Value,standardized,300,0.1884572051
2024-03-31,2024-06-30,3,value_pb_score_zscore,value_pb_score,Book-to-Price Style,Value,standardized,300,0.1708014723
2024-04-30,2024-07-31,3,value_pb_score_zscore,value_pb_score,Book-to-Price Style,Value,standardized,300,0.2540321559
2024-05-31,2024-08-31,3,value_pb_score_zscore,value_pb_score,Book-to-Price Style,Value,standardized,300,0.1631471461
2024-06-30,2024-09-30,3,value_pb_score_zscore,value_pb_score,Book-to-Price Style,Value,standardized,298,-0.0014703387
2024-07-31,2024-10-31,3,value_pb_score_zscore,value_pb_score,Book-to-Price Style,Value,standardized,300,0.0117916866
2024-08-31,2024-11-30,3,value_pb_score_zscore,value_pb_score,Book-to-Price Style,Value,standardized,300,0.0126628074
2024-09-30,2024-12-31,3,value_pb_score_zscore,value_pb_score,Book-to-Price Style,Value,standardized,298,0.1551600492
2024-10-31,2025-01-31,3,value_pb_score_zscore,value_pb_score,Book-to-Price Style,Value,standardized,300,0.0757830643
2024-11-30,2025-02-28,3,value_pb_score_zscore,value_pb_score,Book-to-Price Style,Value,standardized,299,0.0022787370
2024-12-31,2025-03-31,3,value_pb_score_zscore,value_pb_score,Book-to-Price Style,Value,standardized,299,-0.1221584389
2025-01-31,2025-04-30,3,value_pb_score_zscore,value_pb_score,Book-to-Price Style,Value,standardized,299,-0.0290305493
2025-02-28,2025-05-31,3,value_pb_score_zscore,value_pb_score,Book-to-Price Style,Value,standardized,299,0.2263410727
2025-03-31,2025-06-30,3,value_pb_score_zscore,value_pb_score,Book-to-Price Style,Value,standardized,300,0.1562228643
2025-04-30,2025-07-31,3,value_pb_score_zscore,value_pb_score,Book-to-Price Style,Value,standardized,300,0.2825004722
2025-05-31,2025-08-31,3,value_pb_score_zscore,value_pb_score,Book-to-Price Style,Value,standardized,299,-0.1761554174
2025-06-30,2025-09-30,3,value_pb_score_zscore,value_pb_score,Book-to-Price Style,Value,standardized,298,-0.3713354052
2025-07-31,2025-10-31,3,value_pb_score_zscore,value_pb_score,Book-to-Price Style,Value,standardized,299,-0.3175865862
2025-08-31,2025-11-30,3,value_pb_score_zscore,value_pb_score,Book-to-Price Style,Value,standardized,299,0.1544212251
2025-09-30,2025-12-31,3,value_pb_score_zscore,value_pb_score,Book-to-Price Style,Value,standardized,300,0.3165452949
2025-10-31,2026-01-31,3,value_pb_score_zscore,value_pb_score,Book-to-Price Style,Value,standardized,300,-0.0051956133
2025-11-30,2026-02-28,3,value_pb_score_zscore,value_pb_score,Book-to-Price Style,Value,standardized,300,-0.1135861510
2025-12-31,2026-03-31,3,value_pb_score_zscore,value_pb_score,Book-to-Price Style,Value,standardized,299,0.2241655631
2026-01-31,2026-04-30,3,value_pb_score_zscore,value_pb_score,Book-to-Price Style,Value,standardized,300,0.0346132735
2026-02-28,2026-05-31,3,value_pb_score_zscore,value_pb_score,Book-to-Price Style,Value,standardized,300,-0.0473694152
2026-03-31,2026-06-30,3,value_pb_score_zscore,value_pb_score,Book-to-Price Style,Value,standardized,300,-0.2360732897
2026-04-30,2026-07-31,3,value_pb_score_zscore,value_pb_score,Book-to-Price Style,Value,standardized,300,0.1760219558
2026-05-31,2026-08-31,3,value_pb_score_zscore,value_pb_score,Book-to-Price Style,Value,standardized,300,0.2862911810
2026-06-30,2026-09-08,3,value_pb_score_zscore,value_pb_score,Book-to-Price Style,Value,standardized,300,0.5241698241
2019-07-31,2019-08-31,1,value_pb_score_neutral,value_pb_score,Book-to-Price Style,Value,neutralized,300,-0.2355035318
2019-08-31,2019-09-30,1,value_pb_score_neutral,value_pb_score,Book-to-Price Style,Value,neutralized,300,0.0186937861
2019-09-30,2019-10-31,1,value_pb_score_neutral,value_pb_score,Book-to-Price Style,Value,neutralized,300,-0.0287554498
2019-10-31,2019-11-30,1,value_pb_score_neutral,value_pb_score,Book-to-Price Style,Value,neutralized,300,0.1008142425
2019-11-30,2019-12-31,1,value_pb_score_neutral,value_pb_score,Book-to-Price Style,Value,neutralized,300,-0.0006073402
2019-12-31,2020-01-31,1,value_pb_score_neutral,value_pb_score,Book-to-Price Style,Value,neutralized,300,-0.0531928251
2020-01-31,2020-02-29,1,value_pb_score_neutral,value_pb_score,Book-to-Price Style,Value,neutralized,300,-0.0411993741
2020-02-29,2020-03-31,1,value_pb_score_neutral,value_pb_score,Book-to-Price Style,Value,neutralized,300,0.0284480970
2020-03-31,2020-04-30,1,value_pb_score_neutral,value_pb_score,Book-to-Price Style,Value,neutralized,299,-0.2131599634
2020-04-30,2020-05-31,1,value_pb_score_neutral,value_pb_score,Book-to-Price Style,Value,neutralized,299,-0.1330347392
2020-05-31,2020-06-30,1,value_pb_score_neutral,value_pb_score,Book-to-Price Style,Value,neutralized,299,-0.1053743493
2020-06-30,2020-07-31,1,value_pb_score_neutral,value_pb_score,Book-to-Price Style,Value,neutralized,299,-0.0763002038
2020-07-31,2020-08-31,1,value_pb_score_neutral,value_pb_score,Book-to-Price Style,Value,neutralized,300,0.0959913315
2020-08-31,2020-09-30,1,value_pb_score_neutral,value_pb_score,Book-to-Price Style,Value,neutralized,300,-0.0787199858
2020-09-30,2020-10-31,1,value_pb_score_neutral,value_pb_score,Book-to-Price Style,Value,neutralized,300,-0.0311044147
2020-10-31,2020-11-30,1,value_pb_score_neutral,value_pb_score,Book-to-Price Style,Value,neutralized,300,0.0348203908
2020-11-30,2020-12-31,1,value_pb_score_neutral,value_pb_score,Book-to-Price Style,Value,neutralized,300,-0.3182080508
2020-12-31,2021-01-31,1,value_pb_score_neutral,value_pb_score,Book-to-Price Style,Value,neutralized,300,-0.1989479883
2021-01-31,2021-02-28,1,value_pb_score_neutral,value_pb_score,Book-to-Price Style,Value,neutralized,300,0.3284487175
2021-02-28,2021-03-31,1,value_pb_score_neutral,value_pb_score,Book-to-Price Style,Value,neutralized,300,0.1928592754
2021-03-31,2021-04-30,1,value_pb_score_neutral,value_pb_score,Book-to-Price Style,Value,neutralized,300,-0.2298298946
2021-04-30,2021-05-31,1,value_pb_score_neutral,value_pb_score,Book-to-Price Style,Value,neutralized,300,-0.1366856706
2021-05-31,2021-06-30,1,value_pb_score_neutral,value_pb_score,Book-to-Price Style,Value,neutralized,299,-0.0953343359
2021-06-30,2021-07-31,1,value_pb_score_neutral,value_pb_score,Book-to-Price Style,Value,neutralized,299,0.0711642836
2021-07-31,2021-08-31,1,value_pb_score_neutral,value_pb_score,Book-to-Price Style,Value,neutralized,300,0.1814197936
2021-08-31,2021-09-30,1,value_pb_score_neutral,value_pb_score,Book-to-Price Style,Value,neutralized,300,0.1239256129
2021-09-30,2021-10-31,1,value_pb_score_neutral,value_pb_score,Book-to-Price Style,Value,neutralized,300,-0.1143173210
2021-10-31,2021-11-30,1,value_pb_score_neutral,value_pb_score,Book-to-Price Style,Value,neutralized,300,0.0738684174
2021-11-30,2021-12-31,1,value_pb_score_neutral,value_pb_score,Book-to-Price Style,Value,neutralized,300,0.2043754728
2021-12-31,2022-01-31,1,value_pb_score_neutral,value_pb_score,Book-to-Price Style,Value,neutralized,300,0.1457680803
2022-01-31,2022-02-28,1,value_pb_score_neutral,value_pb_score,Book-to-Price Style,Value,neutralized,298,-0.1098017725
2022-02-28,2022-03-31,1,value_pb_score_neutral,value_pb_score,Book-to-Price Style,Value,neutralized,299,0.0862023299
2022-03-31,2022-04-30,1,value_pb_score_neutral,value_pb_score,Book-to-Price Style,Value,neutralized,300,-0.0268242980
2022-04-30,2022-05-31,1,value_pb_score_neutral,value_pb_score,Book-to-Price Style,Value,neutralized,300,-0.0931961466
2022-05-31,2022-06-30,1,value_pb_score_neutral,value_pb_score,Book-to-Price Style,Value,neutralized,299,-0.1439525649
2022-06-30,2022-07-31,1,value_pb_score_neutral,value_pb_score,Book-to-Price Style,Value,neutralized,298,0.0806432487
2022-07-31,2022-08-31,1,value_pb_score_neutral,value_pb_score,Book-to-Price Style,Value,neutralized,300,0.0992891142
2022-08-31,2022-09-30,1,value_pb_score_neutral,value_pb_score,Book-to-Price Style,Value,neutralized,300,-0.0202906744
2022-09-30,2022-10-31,1,value_pb_score_neutral,value_pb_score,Book-to-Price Style,Value,neutralized,300,0.0923975121
2022-10-31,2022-11-30,1,value_pb_score_neutral,value_pb_score,Book-to-Price Style,Value,neutralized,300,0.1674987500
2022-11-30,2022-12-31,1,value_pb_score_neutral,value_pb_score,Book-to-Price Style,Value,neutralized,300,-0.0337746012
2022-12-31,2023-01-31,1,value_pb_score_neutral,value_pb_score,Book-to-Price Style,Value,neutralized,300,0.1039060896
2023-01-31,2023-02-28,1,value_pb_score_neutral,value_pb_score,Book-to-Price Style,Value,neutralized,300,0.3087660974
2023-02-28,2023-03-31,1,value_pb_score_neutral,value_pb_score,Book-to-Price Style,Value,neutralized,300,0.2564219887
2023-03-31,2023-04-30,1,value_pb_score_neutral,value_pb_score,Book-to-Price Style,Value,neutralized,300,0.1632795920
2023-04-30,2023-05-31,1,value_pb_score_neutral,value_pb_score,Book-to-Price Style,Value,neutralized,300,0.1377033231
2023-05-31,2023-06-30,1,value_pb_score_neutral,value_pb_score,Book-to-Price Style,Value,neutralized,300,-0.0335857140
2023-06-30,2023-07-31,1,value_pb_score_neutral,value_pb_score,Book-to-Price Style,Value,neutralized,300,0.2107423416
2023-07-31,2023-08-31,1,value_pb_score_neutral,value_pb_score,Book-to-Price Style,Value,neutralized,300,-0.0085880954
2023-08-31,2023-09-30,1,value_pb_score_neutral,value_pb_score,Book-to-Price Style,Value,neutralized,300,0.2050790593
2023-09-30,2023-10-31,1,value_pb_score_neutral,value_pb_score,Book-to-Price Style,Value,neutralized,300,0.0469511883
2023-10-31,2023-11-30,1,value_pb_score_neutral,value_pb_score,Book-to-Price Style,Value,neutralized,300,0.0530252617
2023-11-30,2023-12-31,1,value_pb_score_neutral,value_pb_score,Book-to-Price Style,Value,neutralized,300,-0.0300650174
2023-12-31,2024-01-31,1,value_pb_score_neutral,value_pb_score,Book-to-Price Style,Value,neutralized,300,0.1732148135
2024-01-31,2024-02-29,1,value_pb_score_neutral,value_pb_score,Book-to-Price Style,Value,neutralized,300,-0.1224982636
2024-02-29,2024-03-31,1,value_pb_score_neutral,value_pb_score,Book-to-Price Style,Value,neutralized,300,0.0390933233
2024-03-31,2024-04-30,1,value_pb_score_neutral,value_pb_score,Book-to-Price Style,Value,neutralized,300,-0.0960642319
2024-04-30,2024-05-31,1,value_pb_score_neutral,value_pb_score,Book-to-Price Style,Value,neutralized,300,0.1272943033
2024-05-31,2024-06-30,1,value_pb_score_neutral,value_pb_score,Book-to-Price Style,Value,neutralized,300,-0.0317007967
2024-06-30,2024-07-31,1,value_pb_score_neutral,value_pb_score,Book-to-Price Style,Value,neutralized,300,0.0116952411
2024-07-31,2024-08-31,1,value_pb_score_neutral,value_pb_score,Book-to-Price Style,Value,neutralized,300,-0.0358381760
2024-08-31,2024-09-30,1,value_pb_score_neutral,value_pb_score,Book-to-Price Style,Value,neutralized,298,0.0409062455
2024-09-30,2024-10-31,1,value_pb_score_neutral,value_pb_score,Book-to-Price Style,Value,neutralized,298,0.1260719051
2024-10-31,2024-11-30,1,value_pb_score_neutral,value_pb_score,Book-to-Price Style,Value,neutralized,300,-0.0138532804
2024-11-30,2024-12-31,1,value_pb_score_neutral,value_pb_score,Book-to-Price Style,Value,neutralized,300,0.0527303695
2024-12-31,2025-01-31,1,value_pb_score_neutral,value_pb_score,Book-to-Price Style,Value,neutralized,300,-0.1338605985
2025-01-31,2025-02-28,1,value_pb_score_neutral,value_pb_score,Book-to-Price Style,Value,neutralized,299,0.0625340200
2025-02-28,2025-03-31,1,value_pb_score_neutral,value_pb_score,Book-to-Price Style,Value,neutralized,299,-0.0491432291
2025-03-31,2025-04-30,1,value_pb_score_neutral,value_pb_score,Book-to-Price Style,Value,neutralized,300,-0.1114016946
2025-04-30,2025-05-31,1,value_pb_score_neutral,value_pb_score,Book-to-Price Style,Value,neutralized,300,-0.0785586681
2025-05-31,2025-06-30,1,value_pb_score_neutral,value_pb_score,Book-to-Price Style,Value,neutralized,300,-0.0041384909
2025-06-30,2025-07-31,1,value_pb_score_neutral,value_pb_score,Book-to-Price Style,Value,neutralized,299,0.2352494893
2025-07-31,2025-08-31,1,value_pb_score_neutral,value_pb_score,Book-to-Price Style,Value,neutralized,299,-0.1596482230
2025-08-31,2025-09-30,1,value_pb_score_neutral,value_pb_score,Book-to-Price Style,Value,neutralized,299,-0.1061336446
2025-09-30,2025-10-31,1,value_pb_score_neutral,value_pb_score,Book-to-Price Style,Value,neutralized,300,0.1274868012
2025-10-31,2025-11-30,1,value_pb_score_neutral,value_pb_score,Book-to-Price Style,Value,neutralized,300,0.0692389915
2025-11-30,2025-12-31,1,value_pb_score_neutral,value_pb_score,Book-to-Price Style,Value,neutralized,300,-0.0208660096
2025-12-31,2026-01-31,1,value_pb_score_neutral,value_pb_score,Book-to-Price Style,Value,neutralized,299,0.0293448288
2026-01-31,2026-02-28,1,value_pb_score_neutral,value_pb_score,Book-to-Price Style,Value,neutralized,300,0.0588922099
2026-02-28,2026-03-31,1,value_pb_score_neutral,value_pb_score,Book-to-Price Style,Value,neutralized,300,-0.0159926239
2026-03-31,2026-04-30,1,value_pb_score_neutral,value_pb_score,Book-to-Price Style,Value,neutralized,300,-0.1593213966
2026-04-30,2026-05-31,1,value_pb_score_neutral,value_pb_score,Book-to-Price Style,Value,neutralized,300,-0.0431951466
2026-05-31,2026-06-30,1,value_pb_score_neutral,value_pb_score,Book-to-Price Style,Value,neutralized,300,-0.0316630185
2026-06-30,2026-07-31,1,value_pb_score_neutral,value_pb_score,Book-to-Price Style,Value,neutralized,300,0.2832613696
2026-07-31,2026-08-31,1,value_pb_score_neutral,value_pb_score,Book-to-Price Style,Value,neutralized,300,-0.1148499555
2026-08-31,2026-09-08,1,value_pb_score_neutral,value_pb_score,Book-to-Price Style,Value,neutralized,300,0.0796060841
2019-07-31,2019-10-31,3,value_pb_score_neutral,value_pb_score,Book-to-Price Style,Value,neutralized,300,-0.1614889054
2019-08-31,2019-11-30,3,value_pb_score_neutral,value_pb_score,Book-to-Price Style,Value,neutralized,300,0.0450125001
2019-09-30,2019-12-31,3,value_pb_score_neutral,value_pb_score,Book-to-Price Style,Value,neutralized,300,0.0617020189
2019-10-31,2020-01-31,3,value_pb_score_neutral,value_pb_score,Book-to-Price Style,Value,neutralized,300,-0.0089589894
2019-11-30,2020-02-29,3,value_pb_score_neutral,value_pb_score,Book-to-Price Style,Value,neutralized,300,-0.0784326580
2019-12-31,2020-03-31,3,value_pb_score_neutral,value_pb_score,Book-to-Price Style,Value,neutralized,300,-0.0282905397
2020-01-31,2020-04-30,3,value_pb_score_neutral,value_pb_score,Book-to-Price Style,Value,neutralized,299,-0.1753144769
2020-02-29,2020-05-31,3,value_pb_score_neutral,value_pb_score,Book-to-Price Style,Value,neutralized,299,-0.1865599186
2020-03-31,2020-06-30,3,value_pb_score_neutral,value_pb_score,Book-to-Price Style,Value,neutralized,300,-0.2281527573
2020-04-30,2020-07-31,3,value_pb_score_neutral,value_pb_score,Book-to-Price Style,Value,neutralized,299,-0.1751619689
2020-05-31,2020-08-31,3,value_pb_score_neutral,value_pb_score,Book-to-Price Style,Value,neutralized,299,-0.1124037620
2020-06-30,2020-09-30,3,value_pb_score_neutral,value_pb_score,Book-to-Price Style,Value,neutralized,299,-0.0571924376
2020-07-31,2020-10-31,3,value_pb_score_neutral,value_pb_score,Book-to-Price Style,Value,neutralized,300,0.0116587962
2020-08-31,2020-11-30,3,value_pb_score_neutral,value_pb_score,Book-to-Price Style,Value,neutralized,300,-0.0272678585
2020-09-30,2020-12-31,3,value_pb_score_neutral,value_pb_score,Book-to-Price Style,Value,neutralized,300,-0.1772659696
2020-10-31,2021-01-31,3,value_pb_score_neutral,value_pb_score,Book-to-Price Style,Value,neutralized,300,-0.2148015307
2020-11-30,2021-02-28,3,value_pb_score_neutral,value_pb_score,Book-to-Price Style,Value,neutralized,300,-0.1684725386
2020-12-31,2021-03-31,3,value_pb_score_neutral,value_pb_score,Book-to-Price Style,Value,neutralized,300,0.2050565006
2021-01-31,2021-04-30,3,value_pb_score_neutral,value_pb_score,Book-to-Price Style,Value,neutralized,300,0.2025502731
2021-02-28,2021-05-31,3,value_pb_score_neutral,value_pb_score,Book-to-Price Style,Value,neutralized,300,-0.0685092209
2021-03-31,2021-06-30,3,value_pb_score_neutral,value_pb_score,Book-to-Price Style,Value,neutralized,299,-0.2428487816
2021-04-30,2021-07-31,3,value_pb_score_neutral,value_pb_score,Book-to-Price Style,Value,neutralized,300,-0.0422818031
2021-05-31,2021-08-31,3,value_pb_score_neutral,value_pb_score,Book-to-Price Style,Value,neutralized,300,0.0855267281
2021-06-30,2021-09-30,3,value_pb_score_neutral,value_pb_score,Book-to-Price Style,Value,neutralized,298,0.2107436058
2021-07-31,2021-10-31,3,value_pb_score_neutral,value_pb_score,Book-to-Price Style,Value,neutralized,300,0.1625780467
2021-08-31,2021-11-30,3,value_pb_score_neutral,value_pb_score,Book-to-Price Style,Value,neutralized,300,0.0294101046
2021-09-30,2021-12-31,3,value_pb_score_neutral,value_pb_score,Book-to-Price Style,Value,neutralized,300,0.0461105636
2021-10-31,2022-01-31,3,value_pb_score_neutral,value_pb_score,Book-to-Price Style,Value,neutralized,300,0.2397109123
2021-11-30,2022-02-28,3,value_pb_score_neutral,value_pb_score,Book-to-Price Style,Value,neutralized,300,0.1756595854
2021-12-31,2022-03-31,3,value_pb_score_neutral,value_pb_score,Book-to-Price Style,Value,neutralized,300,0.1320072592
2022-01-31,2022-04-30,3,value_pb_score_neutral,value_pb_score,Book-to-Price Style,Value,neutralized,298,-0.0124218096
2022-02-28,2022-05-31,3,value_pb_score_neutral,value_pb_score,Book-to-Price Style,Value,neutralized,299,-0.0311122085
2022-03-31,2022-06-30,3,value_pb_score_neutral,value_pb_score,Book-to-Price Style,Value,neutralized,300,-0.1978747310
2022-04-30,2022-07-31,3,value_pb_score_neutral,value_pb_score,Book-to-Price Style,Value,neutralized,300,-0.0357537306
2022-05-31,2022-08-31,3,value_pb_score_neutral,value_pb_score,Book-to-Price Style,Value,neutralized,299,0.0376687392
2022-06-30,2022-09-30,3,value_pb_score_neutral,value_pb_score,Book-to-Price Style,Value,neutralized,298,0.0776717366
2022-07-31,2022-10-31,3,value_pb_score_neutral,value_pb_score,Book-to-Price Style,Value,neutralized,300,0.1247751780
2022-08-31,2022-11-30,3,value_pb_score_neutral,value_pb_score,Book-to-Price Style,Value,neutralized,300,0.2075590190
2022-09-30,2022-12-31,3,value_pb_score_neutral,value_pb_score,Book-to-Price Style,Value,neutralized,300,0.1813251258
2022-10-31,2023-01-31,3,value_pb_score_neutral,value_pb_score,Book-to-Price Style,Value,neutralized,300,0.1752939477
2022-11-30,2023-02-28,3,value_pb_score_neutral,value_pb_score,Book-to-Price Style,Value,neutralized,300,0.2228458589
2022-12-31,2023-03-31,3,value_pb_score_neutral,value_pb_score,Book-to-Price Style,Value,neutralized,300,0.3565228899
2023-01-31,2023-04-30,3,value_pb_score_neutral,value_pb_score,Book-to-Price Style,Value,neutralized,300,0.3595342570
2023-02-28,2023-05-31,3,value_pb_score_neutral,value_pb_score,Book-to-Price Style,Value,neutralized,300,0.2867667419
2023-03-31,2023-06-30,3,value_pb_score_neutral,value_pb_score,Book-to-Price Style,Value,neutralized,300,0.1489212102
2023-04-30,2023-07-31,3,value_pb_score_neutral,value_pb_score,Book-to-Price Style,Value,neutralized,300,0.2164406271
2023-05-31,2023-08-31,3,value_pb_score_neutral,value_pb_score,Book-to-Price Style,Value,neutralized,300,0.1112932613
2023-06-30,2023-09-30,3,value_pb_score_neutral,value_pb_score,Book-to-Price Style,Value,neutralized,300,0.2006560073
2023-07-31,2023-10-31,3,value_pb_score_neutral,value_pb_score,Book-to-Price Style,Value,neutralized,300,0.0887752086
2023-08-31,2023-11-30,3,value_pb_score_neutral,value_pb_score,Book-to-Price Style,Value,neutralized,300,0.1208897877
2023-09-30,2023-12-31,3,value_pb_score_neutral,value_pb_score,Book-to-Price Style,Value,neutralized,300,-0.0333785931
2023-10-31,2024-01-31,3,value_pb_score_neutral,value_pb_score,Book-to-Price Style,Value,neutralized,300,0.1537572640
2023-11-30,2024-02-29,3,value_pb_score_neutral,value_pb_score,Book-to-Price Style,Value,neutralized,300,0.1334577199
2023-12-31,2024-03-31,3,value_pb_score_neutral,value_pb_score,Book-to-Price Style,Value,neutralized,300,0.1444918277
2024-01-31,2024-04-30,3,value_pb_score_neutral,value_pb_score,Book-to-Price Style,Value,neutralized,300,-0.0886918941
2024-02-29,2024-05-31,3,value_pb_score_neutral,value_pb_score,Book-to-Price Style,Value,neutralized,300,0.0290132113
2024-03-31,2024-06-30,3,value_pb_score_neutral,value_pb_score,Book-to-Price Style,Value,neutralized,300,-0.0049716113
2024-04-30,2024-07-31,3,value_pb_score_neutral,value_pb_score,Book-to-Price Style,Value,neutralized,300,0.0476996411
2024-05-31,2024-08-31,3,value_pb_score_neutral,value_pb_score,Book-to-Price Style,Value,neutralized,300,-0.0253838376
2024-06-30,2024-09-30,3,value_pb_score_neutral,value_pb_score,Book-to-Price Style,Value,neutralized,298,-0.0328102049
2024-07-31,2024-10-31,3,value_pb_score_neutral,value_pb_score,Book-to-Price Style,Value,neutralized,300,0.0538317092
2024-08-31,2024-11-30,3,value_pb_score_neutral,value_pb_score,Book-to-Price Style,Value,neutralized,300,0.0998659985
2024-09-30,2024-12-31,3,value_pb_score_neutral,value_pb_score,Book-to-Price Style,Value,neutralized,298,0.0629955662
2024-10-31,2025-01-31,3,value_pb_score_neutral,value_pb_score,Book-to-Price Style,Value,neutralized,300,-0.0328012533
2024-11-30,2025-02-28,3,value_pb_score_neutral,value_pb_score,Book-to-Price Style,Value,neutralized,299,0.0243770116
2024-12-31,2025-03-31,3,value_pb_score_neutral,value_pb_score,Book-to-Price Style,Value,neutralized,299,-0.0848263788
2025-01-31,2025-04-30,3,value_pb_score_neutral,value_pb_score,Book-to-Price Style,Value,neutralized,299,-0.0788179839
2025-02-28,2025-05-31,3,value_pb_score_neutral,value_pb_score,Book-to-Price Style,Value,neutralized,299,-0.1021519272
2025-03-31,2025-06-30,3,value_pb_score_neutral,value_pb_score,Book-to-Price Style,Value,neutralized,300,-0.1278629905
2025-04-30,2025-07-31,3,value_pb_score_neutral,value_pb_score,Book-to-Price Style,Value,neutralized,300,0.1240933788
2025-05-31,2025-08-31,3,value_pb_score_neutral,value_pb_score,Book-to-Price Style,Value,neutralized,299,-0.0036416691
2025-06-30,2025-09-30,3,value_pb_score_neutral,value_pb_score,Book-to-Price Style,Value,neutralized,298,-0.0866660817
2025-07-31,2025-10-31,3,value_pb_score_neutral,value_pb_score,Book-to-Price Style,Value,neutralized,299,-0.1400875401
2025-08-31,2025-11-30,3,value_pb_score_neutral,value_pb_score,Book-to-Price Style,Value,neutralized,299,-0.0072119593
2025-09-30,2025-12-31,3,value_pb_score_neutral,value_pb_score,Book-to-Price Style,Value,neutralized,300,0.0860485117
2025-10-31,2026-01-31,3,value_pb_score_neutral,value_pb_score,Book-to-Price Style,Value,neutralized,300,0.0092081023
2025-11-30,2026-02-28,3,value_pb_score_neutral,value_pb_score,Book-to-Price Style,Value,neutralized,300,-0.0183090923
2025-12-31,2026-03-31,3,value_pb_score_neutral,value_pb_score,Book-to-Price Style,Value,neutralized,299,-0.0159902135
2026-01-31,2026-04-30,3,value_pb_score_neutral,value_pb_score,Book-to-Price Style,Value,neutralized,300,-0.1278796431
2026-02-28,2026-05-31,3,value_pb_score_neutral,value_pb_score,Book-to-Price Style,Value,neutralized,300,-0.1323103590
2026-03-31,2026-06-30,3,value_pb_score_neutral,value_pb_score,Book-to-Price Style,Value,neutralized,300,-0.0828991433
2026-04-30,2026-07-31,3,value_pb_score_neutral,value_pb_score,Book-to-Price Style,Value,neutralized,300,0.1280832009
2026-05-31,2026-08-31,3,value_pb_score_neutral,value_pb_score,Book-to-Price Style,Value,neutralized,300,0.1311934577
2026-06-30,2026-09-08,3,value_pb_score_neutral,value_pb_score,Book-to-Price Style,Value,neutralized,300,0.2354915055
2019-07-31,2019-08-31,1,value_ps_score_zscore,value_ps_score,Sales-to-Price Style,Value,standardized,300,-0.2588977943
2019-08-31,2019-09-30,1,value_ps_score_zscore,value_ps_score,Sales-to-Price Style,Value,standardized,300,-0.0165930935
2019-09-30,2019-10-31,1,value_ps_score_zscore,value_ps_score,Sales-to-Price Style,Value,standardized,300,-0.0526981762
2019-10-31,2019-11-30,1,value_ps_score_zscore,value_ps_score,Sales-to-Price Style,Value,standardized,300,0.1211240259
2019-11-30,2019-12-31,1,value_ps_score_zscore,value_ps_score,Sales-to-Price Style,Value,standardized,300,-0.0904745709
2019-12-31,2020-01-31,1,value_ps_score_zscore,value_ps_score,Sales-to-Price Style,Value,standardized,300,-0.2059409778
2020-01-31,2020-02-29,1,value_ps_score_zscore,value_ps_score,Sales-to-Price Style,Value,standardized,300,-0.1580964584
2020-02-29,2020-03-31,1,value_ps_score_zscore,value_ps_score,Sales-to-Price Style,Value,standardized,300,0.1441820465
2020-03-31,2020-04-30,1,value_ps_score_zscore,value_ps_score,Sales-to-Price Style,Value,standardized,299,-0.3018075186
2020-04-30,2020-05-31,1,value_ps_score_zscore,value_ps_score,Sales-to-Price Style,Value,standardized,299,-0.2353998788
2020-05-31,2020-06-30,1,value_ps_score_zscore,value_ps_score,Sales-to-Price Style,Value,standardized,299,-0.3865821118
2020-06-30,2020-07-31,1,value_ps_score_zscore,value_ps_score,Sales-to-Price Style,Value,standardized,299,-0.0905030190
2020-07-31,2020-08-31,1,value_ps_score_zscore,value_ps_score,Sales-to-Price Style,Value,standardized,300,0.1175453583
2020-08-31,2020-09-30,1,value_ps_score_zscore,value_ps_score,Sales-to-Price Style,Value,standardized,300,0.0295092168
2020-09-30,2020-10-31,1,value_ps_score_zscore,value_ps_score,Sales-to-Price Style,Value,standardized,300,0.0210433917
2020-10-31,2020-11-30,1,value_ps_score_zscore,value_ps_score,Sales-to-Price Style,Value,standardized,300,0.2197604662
2020-11-30,2020-12-31,1,value_ps_score_zscore,value_ps_score,Sales-to-Price Style,Value,standardized,300,-0.4002565362
2020-12-31,2021-01-31,1,value_ps_score_zscore,value_ps_score,Sales-to-Price Style,Value,standardized,300,-0.1286218736
2021-01-31,2021-02-28,1,value_ps_score_zscore,value_ps_score,Sales-to-Price Style,Value,standardized,300,0.5208581438
2021-02-28,2021-03-31,1,value_ps_score_zscore,value_ps_score,Sales-to-Price Style,Value,standardized,300,0.2162801809
2021-03-31,2021-04-30,1,value_ps_score_zscore,value_ps_score,Sales-to-Price Style,Value,standardized,300,-0.2875193224
2021-04-30,2021-05-31,1,value_ps_score_zscore,value_ps_score,Sales-to-Price Style,Value,standardized,300,-0.2630252148
2021-05-31,2021-06-30,1,value_ps_score_zscore,value_ps_score,Sales-to-Price Style,Value,standardized,299,-0.0899508429
2021-06-30,2021-07-31,1,value_ps_score_zscore,value_ps_score,Sales-to-Price Style,Value,standardized,299,0.1029606518
2021-07-31,2021-08-31,1,value_ps_score_zscore,value_ps_score,Sales-to-Price Style,Value,standardized,300,0.3266182958
2021-08-31,2021-09-30,1,value_ps_score_zscore,value_ps_score,Sales-to-Price Style,Value,standardized,300,0.1091961143
2021-09-30,2021-10-31,1,value_ps_score_zscore,value_ps_score,Sales-to-Price Style,Value,standardized,300,-0.1179400295
2021-10-31,2021-11-30,1,value_ps_score_zscore,value_ps_score,Sales-to-Price Style,Value,standardized,300,-0.1237312076
2021-11-30,2021-12-31,1,value_ps_score_zscore,value_ps_score,Sales-to-Price Style,Value,standardized,300,0.2799675863
2021-12-31,2022-01-31,1,value_ps_score_zscore,value_ps_score,Sales-to-Price Style,Value,standardized,300,0.3728241425
2022-01-31,2022-02-28,1,value_ps_score_zscore,value_ps_score,Sales-to-Price Style,Value,standardized,298,-0.0360488820
2022-02-28,2022-03-31,1,value_ps_score_zscore,value_ps_score,Sales-to-Price Style,Value,standardized,299,0.2104073983
2022-03-31,2022-04-30,1,value_ps_score_zscore,value_ps_score,Sales-to-Price Style,Value,standardized,300,0.1555626174
2022-04-30,2022-05-31,1,value_ps_score_zscore,value_ps_score,Sales-to-Price Style,Value,standardized,300,-0.1240911566
2022-05-31,2022-06-30,1,value_ps_score_zscore,value_ps_score,Sales-to-Price Style,Value,standardized,299,-0.3295174440
2022-06-30,2022-07-31,1,value_ps_score_zscore,value_ps_score,Sales-to-Price Style,Value,standardized,298,0.2248094285
2022-07-31,2022-08-31,1,value_ps_score_zscore,value_ps_score,Sales-to-Price Style,Value,standardized,300,0.0703863454
2022-08-31,2022-09-30,1,value_ps_score_zscore,value_ps_score,Sales-to-Price Style,Value,standardized,300,0.0935430498
2022-09-30,2022-10-31,1,value_ps_score_zscore,value_ps_score,Sales-to-Price Style,Value,standardized,300,-0.1194431580
2022-10-31,2022-11-30,1,value_ps_score_zscore,value_ps_score,Sales-to-Price Style,Value,standardized,300,0.3034273714
2022-11-30,2022-12-31,1,value_ps_score_zscore,value_ps_score,Sales-to-Price Style,Value,standardized,300,-0.2118779098
2022-12-31,2023-01-31,1,value_ps_score_zscore,value_ps_score,Sales-to-Price Style,Value,standardized,300,-0.0368733150
2023-01-31,2023-02-28,1,value_ps_score_zscore,value_ps_score,Sales-to-Price Style,Value,standardized,300,0.2766519628
2023-02-28,2023-03-31,1,value_ps_score_zscore,value_ps_score,Sales-to-Price Style,Value,standardized,300,0.0546917249
2023-03-31,2023-04-30,1,value_ps_score_zscore,value_ps_score,Sales-to-Price Style,Value,standardized,300,0.3567626307
2023-04-30,2023-05-31,1,value_ps_score_zscore,value_ps_score,Sales-to-Price Style,Value,standardized,300,-0.0170721916
2023-05-31,2023-06-30,1,value_ps_score_zscore,value_ps_score,Sales-to-Price Style,Value,standardized,300,0.0818144737
2023-06-30,2023-07-31,1,value_ps_score_zscore,value_ps_score,Sales-to-Price Style,Value,standardized,300,0.1280374226
2023-07-31,2023-08-31,1,value_ps_score_zscore,value_ps_score,Sales-to-Price Style,Value,standardized,300,-0.1279587551
2023-08-31,2023-09-30,1,value_ps_score_zscore,value_ps_score,Sales-to-Price Style,Value,standardized,300,0.2427730546
2023-09-30,2023-10-31,1,value_ps_score_zscore,value_ps_score,Sales-to-Price Style,Value,standardized,300,-0.1978386427
2023-10-31,2023-11-30,1,value_ps_score_zscore,value_ps_score,Sales-to-Price Style,Value,standardized,300,-0.0679460958
2023-11-30,2023-12-31,1,value_ps_score_zscore,value_ps_score,Sales-to-Price Style,Value,standardized,300,0.0797600416
2023-12-31,2024-01-31,1,value_ps_score_zscore,value_ps_score,Sales-to-Price Style,Value,standardized,300,0.4496089957
2024-01-31,2024-02-29,1,value_ps_score_zscore,value_ps_score,Sales-to-Price Style,Value,standardized,300,-0.3018982769
2024-02-29,2024-03-31,1,value_ps_score_zscore,value_ps_score,Sales-to-Price Style,Value,standardized,300,0.1579013100
2024-03-31,2024-04-30,1,value_ps_score_zscore,value_ps_score,Sales-to-Price Style,Value,standardized,300,-0.0004313384
2024-04-30,2024-05-31,1,value_ps_score_zscore,value_ps_score,Sales-to-Price Style,Value,standardized,300,0.3430931455
2024-05-31,2024-06-30,1,value_ps_score_zscore,value_ps_score,Sales-to-Price Style,Value,standardized,300,0.0367999644
2024-06-30,2024-07-31,1,value_ps_score_zscore,value_ps_score,Sales-to-Price Style,Value,standardized,300,-0.1855438394
2024-07-31,2024-08-31,1,value_ps_score_zscore,value_ps_score,Sales-to-Price Style,Value,standardized,300,0.0708981211
2024-08-31,2024-09-30,1,value_ps_score_zscore,value_ps_score,Sales-to-Price Style,Value,standardized,298,-0.1709349562
2024-09-30,2024-10-31,1,value_ps_score_zscore,value_ps_score,Sales-to-Price Style,Value,standardized,298,-0.0271882376
2024-10-31,2024-11-30,1,value_ps_score_zscore,value_ps_score,Sales-to-Price Style,Value,standardized,300,-0.1239335147
2024-11-30,2024-12-31,1,value_ps_score_zscore,value_ps_score,Sales-to-Price Style,Value,standardized,300,0.1662267359
2024-12-31,2025-01-31,1,value_ps_score_zscore,value_ps_score,Sales-to-Price Style,Value,standardized,300,0.0282598696
2025-01-31,2025-02-28,1,value_ps_score_zscore,value_ps_score,Sales-to-Price Style,Value,standardized,299,-0.1491211747
2025-02-28,2025-03-31,1,value_ps_score_zscore,value_ps_score,Sales-to-Price Style,Value,standardized,299,0.0727952235
2025-03-31,2025-04-30,1,value_ps_score_zscore,value_ps_score,Sales-to-Price Style,Value,standardized,300,-0.0382146511
2025-04-30,2025-05-31,1,value_ps_score_zscore,value_ps_score,Sales-to-Price Style,Value,standardized,300,0.0886301156
2025-05-31,2025-06-30,1,value_ps_score_zscore,value_ps_score,Sales-to-Price Style,Value,standardized,300,-0.0350603935
2025-06-30,2025-07-31,1,value_ps_score_zscore,value_ps_score,Sales-to-Price Style,Value,standardized,299,0.0787475029
2025-07-31,2025-08-31,1,value_ps_score_zscore,value_ps_score,Sales-to-Price Style,Value,standardized,299,-0.2107840574
2025-08-31,2025-09-30,1,value_ps_score_zscore,value_ps_score,Sales-to-Price Style,Value,standardized,299,-0.0125855761
2025-09-30,2025-10-31,1,value_ps_score_zscore,value_ps_score,Sales-to-Price Style,Value,standardized,300,0.2807897674
2025-10-31,2025-11-30,1,value_ps_score_zscore,value_ps_score,Sales-to-Price Style,Value,standardized,300,0.2148779431
2025-11-30,2025-12-31,1,value_ps_score_zscore,value_ps_score,Sales-to-Price Style,Value,standardized,300,-0.0273154146
2025-12-31,2026-01-31,1,value_ps_score_zscore,value_ps_score,Sales-to-Price Style,Value,standardized,299,0.0050028114
2026-01-31,2026-02-28,1,value_ps_score_zscore,value_ps_score,Sales-to-Price Style,Value,standardized,300,0.2073405260
2026-02-28,2026-03-31,1,value_ps_score_zscore,value_ps_score,Sales-to-Price Style,Value,standardized,300,0.1603384660
2026-03-31,2026-04-30,1,value_ps_score_zscore,value_ps_score,Sales-to-Price Style,Value,standardized,300,-0.2550060578
2026-04-30,2026-05-31,1,value_ps_score_zscore,value_ps_score,Sales-to-Price Style,Value,standardized,300,-0.1225746953
2026-05-31,2026-06-30,1,value_ps_score_zscore,value_ps_score,Sales-to-Price Style,Value,standardized,300,-0.3391828798
2026-06-30,2026-07-31,1,value_ps_score_zscore,value_ps_score,Sales-to-Price Style,Value,standardized,300,0.4467974089
2026-07-31,2026-08-31,1,value_ps_score_zscore,value_ps_score,Sales-to-Price Style,Value,standardized,300,-0.1498825709
2026-08-31,2026-09-08,1,value_ps_score_zscore,value_ps_score,Sales-to-Price Style,Value,standardized,300,0.2038558249
2019-07-31,2019-10-31,3,value_ps_score_zscore,value_ps_score,Sales-to-Price Style,Value,standardized,300,-0.2045236058
2019-08-31,2019-11-30,3,value_ps_score_zscore,value_ps_score,Sales-to-Price Style,Value,standardized,300,0.0206340070
2019-09-30,2019-12-31,3,value_ps_score_zscore,value_ps_score,Sales-to-Price Style,Value,standardized,300,-0.0683469816
2019-10-31,2020-01-31,3,value_ps_score_zscore,value_ps_score,Sales-to-Price Style,Value,standardized,300,-0.1300514595
2019-11-30,2020-02-29,3,value_ps_score_zscore,value_ps_score,Sales-to-Price Style,Value,standardized,300,-0.2075240836
2019-12-31,2020-03-31,3,value_ps_score_zscore,value_ps_score,Sales-to-Price Style,Value,standardized,300,-0.1414002378
2020-01-31,2020-04-30,3,value_ps_score_zscore,value_ps_score,Sales-to-Price Style,Value,standardized,299,-0.2478685659
2020-02-29,2020-05-31,3,value_ps_score_zscore,value_ps_score,Sales-to-Price Style,Value,standardized,299,-0.2216735876
2020-03-31,2020-06-30,3,value_ps_score_zscore,value_ps_score,Sales-to-Price Style,Value,standardized,300,-0.4974570829
2020-04-30,2020-07-31,3,value_ps_score_zscore,value_ps_score,Sales-to-Price Style,Value,standardized,299,-0.4010370138
2020-05-31,2020-08-31,3,value_ps_score_zscore,value_ps_score,Sales-to-Price Style,Value,standardized,299,-0.2726933178
2020-06-30,2020-09-30,3,value_ps_score_zscore,value_ps_score,Sales-to-Price Style,Value,standardized,299,0.0032304550
2020-07-31,2020-10-31,3,value_ps_score_zscore,value_ps_score,Sales-to-Price Style,Value,standardized,300,0.1034860387
2020-08-31,2020-11-30,3,value_ps_score_zscore,value_ps_score,Sales-to-Price Style,Value,standardized,300,0.1669009656
2020-09-30,2020-12-31,3,value_ps_score_zscore,value_ps_score,Sales-to-Price Style,Value,standardized,300,-0.1125381393
2020-10-31,2021-01-31,3,value_ps_score_zscore,value_ps_score,Sales-to-Price Style,Value,standardized,300,-0.1565056423
2020-11-30,2021-02-28,3,value_ps_score_zscore,value_ps_score,Sales-to-Price Style,Value,standardized,300,-0.1126292514
2020-12-31,2021-03-31,3,value_ps_score_zscore,value_ps_score,Sales-to-Price Style,Value,standardized,300,0.3513714597
2021-01-31,2021-04-30,3,value_ps_score_zscore,value_ps_score,Sales-to-Price Style,Value,standardized,300,0.2862480694
2021-02-28,2021-05-31,3,value_ps_score_zscore,value_ps_score,Sales-to-Price Style,Value,standardized,300,-0.1597913488
2021-03-31,2021-06-30,3,value_ps_score_zscore,value_ps_score,Sales-to-Price Style,Value,standardized,299,-0.3365024354
2021-04-30,2021-07-31,3,value_ps_score_zscore,value_ps_score,Sales-to-Price Style,Value,standardized,300,-0.0774288603
2021-05-31,2021-08-31,3,value_ps_score_zscore,value_ps_score,Sales-to-Price Style,Value,standardized,300,0.1758512872
2021-06-30,2021-09-30,3,value_ps_score_zscore,value_ps_score,Sales-to-Price Style,Value,standardized,298,0.2989575674
2021-07-31,2021-10-31,3,value_ps_score_zscore,value_ps_score,Sales-to-Price Style,Value,standardized,300,0.2558204264
2021-08-31,2021-11-30,3,value_ps_score_zscore,value_ps_score,Sales-to-Price Style,Value,standardized,300,-0.0617051301
2021-09-30,2021-12-31,3,value_ps_score_zscore,value_ps_score,Sales-to-Price Style,Value,standardized,300,0.0007022308
2021-10-31,2022-01-31,3,value_ps_score_zscore,value_ps_score,Sales-to-Price Style,Value,standardized,300,0.3690521006
2021-11-30,2022-02-28,3,value_ps_score_zscore,value_ps_score,Sales-to-Price Style,Value,standardized,300,0.4813991801
2021-12-31,2022-03-31,3,value_ps_score_zscore,value_ps_score,Sales-to-Price Style,Value,standardized,300,0.3621284681
2022-01-31,2022-04-30,3,value_ps_score_zscore,value_ps_score,Sales-to-Price Style,Value,standardized,298,0.2220877718
2022-02-28,2022-05-31,3,value_ps_score_zscore,value_ps_score,Sales-to-Price Style,Value,standardized,299,0.1773311486
2022-03-31,2022-06-30,3,value_ps_score_zscore,value_ps_score,Sales-to-Price Style,Value,standardized,300,-0.1647592372
2022-04-30,2022-07-31,3,value_ps_score_zscore,value_ps_score,Sales-to-Price Style,Value,standardized,300,-0.1341539350
2022-05-31,2022-08-31,3,value_ps_score_zscore,value_ps_score,Sales-to-Price Style,Value,standardized,299,-0.0433673767
2022-06-30,2022-09-30,3,value_ps_score_zscore,value_ps_score,Sales-to-Price Style,Value,standardized,298,0.1845894921
2022-07-31,2022-10-31,3,value_ps_score_zscore,value_ps_score,Sales-to-Price Style,Value,standardized,300,0.0320785822
2022-08-31,2022-11-30,3,value_ps_score_zscore,value_ps_score,Sales-to-Price Style,Value,standardized,300,0.2574382224
2022-09-30,2022-12-31,3,value_ps_score_zscore,value_ps_score,Sales-to-Price Style,Value,standardized,300,0.0401728908
2022-10-31,2023-01-31,3,value_ps_score_zscore,value_ps_score,Sales-to-Price Style,Value,standardized,300,0.1241796020
2022-11-30,2023-02-28,3,value_ps_score_zscore,value_ps_score,Sales-to-Price Style,Value,standardized,300,-0.0514359106
2022-12-31,2023-03-31,3,value_ps_score_zscore,value_ps_score,Sales-to-Price Style,Value,standardized,300,0.1434271651
2023-01-31,2023-04-30,3,value_ps_score_zscore,value_ps_score,Sales-to-Price Style,Value,standardized,300,0.3217589442
2023-02-28,2023-05-31,3,value_ps_score_zscore,value_ps_score,Sales-to-Price Style,Value,standardized,300,0.2094645496
2023-03-31,2023-06-30,3,value_ps_score_zscore,value_ps_score,Sales-to-Price Style,Value,standardized,300,0.2667296303
2023-04-30,2023-07-31,3,value_ps_score_zscore,value_ps_score,Sales-to-Price Style,Value,standardized,300,0.1205862287
2023-05-31,2023-08-31,3,value_ps_score_zscore,value_ps_score,Sales-to-Price Style,Value,standardized,300,0.0997862309
2023-06-30,2023-09-30,3,value_ps_score_zscore,value_ps_score,Sales-to-Price Style,Value,standardized,300,0.1249644996
2023-07-31,2023-10-31,3,value_ps_score_zscore,value_ps_score,Sales-to-Price Style,Value,standardized,300,-0.0558428427
2023-08-31,2023-11-30,3,value_ps_score_zscore,value_ps_score,Sales-to-Price Style,Value,standardized,300,-0.0608580095
2023-09-30,2023-12-31,3,value_ps_score_zscore,value_ps_score,Sales-to-Price Style,Value,standardized,300,-0.1635084834
2023-10-31,2024-01-31,3,value_ps_score_zscore,value_ps_score,Sales-to-Price Style,Value,standardized,300,0.3405228947
2023-11-30,2024-02-29,3,value_ps_score_zscore,value_ps_score,Sales-to-Price Style,Value,standardized,300,0.3147064206
2023-12-31,2024-03-31,3,value_ps_score_zscore,value_ps_score,Sales-to-Price Style,Value,standardized,300,0.3401966689
2024-01-31,2024-04-30,3,value_ps_score_zscore,value_ps_score,Sales-to-Price Style,Value,standardized,300,-0.0589940019
2024-02-29,2024-05-31,3,value_ps_score_zscore,value_ps_score,Sales-to-Price Style,Value,standardized,300,0.2617086857
2024-03-31,2024-06-30,3,value_ps_score_zscore,value_ps_score,Sales-to-Price Style,Value,standardized,300,0.1464271988
2024-04-30,2024-07-31,3,value_ps_score_zscore,value_ps_score,Sales-to-Price Style,Value,standardized,300,0.0772315248
2024-05-31,2024-08-31,3,value_ps_score_zscore,value_ps_score,Sales-to-Price Style,Value,standardized,300,-0.0466400738
2024-06-30,2024-09-30,3,value_ps_score_zscore,value_ps_score,Sales-to-Price Style,Value,standardized,298,-0.2225117806
2024-07-31,2024-10-31,3,value_ps_score_zscore,value_ps_score,Sales-to-Price Style,Value,standardized,300,-0.1302476694
2024-08-31,2024-11-30,3,value_ps_score_zscore,value_ps_score,Sales-to-Price Style,Value,standardized,300,-0.1514799053
2024-09-30,2024-12-31,3,value_ps_score_zscore,value_ps_score,Sales-to-Price Style,Value,standardized,298,-0.0211771823
2024-10-31,2025-01-31,3,value_ps_score_zscore,value_ps_score,Sales-to-Price Style,Value,standardized,300,0.0250202780
2024-11-30,2025-02-28,3,value_ps_score_zscore,value_ps_score,Sales-to-Price Style,Value,standardized,299,0.0355951646
2024-12-31,2025-03-31,3,value_ps_score_zscore,value_ps_score,Sales-to-Price Style,Value,standardized,299,-0.0706974030
2025-01-31,2025-04-30,3,value_ps_score_zscore,value_ps_score,Sales-to-Price Style,Value,standardized,299,-0.1204579022
2025-02-28,2025-05-31,3,value_ps_score_zscore,value_ps_score,Sales-to-Price Style,Value,standardized,299,0.0805144756
2025-03-31,2025-06-30,3,value_ps_score_zscore,value_ps_score,Sales-to-Price Style,Value,standardized,300,-0.0538457154
2025-04-30,2025-07-31,3,value_ps_score_zscore,value_ps_score,Sales-to-Price Style,Value,standardized,300,0.1177466416
2025-05-31,2025-08-31,3,value_ps_score_zscore,value_ps_score,Sales-to-Price Style,Value,standardized,299,-0.1007200736
2025-06-30,2025-09-30,3,value_ps_score_zscore,value_ps_score,Sales-to-Price Style,Value,standardized,298,-0.0992890001
2025-07-31,2025-10-31,3,value_ps_score_zscore,value_ps_score,Sales-to-Price Style,Value,standardized,299,-0.0385104711
2025-08-31,2025-11-30,3,value_ps_score_zscore,value_ps_score,Sales-to-Price Style,Value,standardized,299,0.2238023838
2025-09-30,2025-12-31,3,value_ps_score_zscore,value_ps_score,Sales-to-Price Style,Value,standardized,300,0.2537792642
2025-10-31,2026-01-31,3,value_ps_score_zscore,value_ps_score,Sales-to-Price Style,Value,standardized,300,0.0818413538
2025-11-30,2026-02-28,3,value_ps_score_zscore,value_ps_score,Sales-to-Price Style,Value,standardized,300,0.0813462372
2025-12-31,2026-03-31,3,value_ps_score_zscore,value_ps_score,Sales-to-Price Style,Value,standardized,299,0.1755682252
2026-01-31,2026-04-30,3,value_ps_score_zscore,value_ps_score,Sales-to-Price Style,Value,standardized,300,-0.0072551917
2026-02-28,2026-05-31,3,value_ps_score_zscore,value_ps_score,Sales-to-Price Style,Value,standardized,300,-0.1307463416
2026-03-31,2026-06-30,3,value_ps_score_zscore,value_ps_score,Sales-to-Price Style,Value,standardized,300,-0.2877089745
2026-04-30,2026-07-31,3,value_ps_score_zscore,value_ps_score,Sales-to-Price Style,Value,standardized,300,-0.0327981422
2026-05-31,2026-08-31,3,value_ps_score_zscore,value_ps_score,Sales-to-Price Style,Value,standardized,300,0.1211542350
2026-06-30,2026-09-08,3,value_ps_score_zscore,value_ps_score,Sales-to-Price Style,Value,standardized,300,0.4386395404
2019-07-31,2019-08-31,1,value_ps_score_neutral,value_ps_score,Sales-to-Price Style,Value,neutralized,300,-0.1767493365
2019-08-31,2019-09-30,1,value_ps_score_neutral,value_ps_score,Sales-to-Price Style,Value,neutralized,300,-0.0195406898
2019-09-30,2019-10-31,1,value_ps_score_neutral,value_ps_score,Sales-to-Price Style,Value,neutralized,300,0.0265760937
2019-10-31,2019-11-30,1,value_ps_score_neutral,value_ps_score,Sales-to-Price Style,Value,neutralized,300,0.1028451542
2019-11-30,2019-12-31,1,value_ps_score_neutral,value_ps_score,Sales-to-Price Style,Value,neutralized,300,0.1094805619
2019-12-31,2020-01-31,1,value_ps_score_neutral,value_ps_score,Sales-to-Price Style,Value,neutralized,300,-0.0945555056
2020-01-31,2020-02-29,1,value_ps_score_neutral,value_ps_score,Sales-to-Price Style,Value,neutralized,300,-0.0714243730
2020-02-29,2020-03-31,1,value_ps_score_neutral,value_ps_score,Sales-to-Price Style,Value,neutralized,300,0.1054291949
2020-03-31,2020-04-30,1,value_ps_score_neutral,value_ps_score,Sales-to-Price Style,Value,neutralized,299,-0.2022840107
2020-04-30,2020-05-31,1,value_ps_score_neutral,value_ps_score,Sales-to-Price Style,Value,neutralized,299,-0.1938645597
2020-05-31,2020-06-30,1,value_ps_score_neutral,value_ps_score,Sales-to-Price Style,Value,neutralized,299,-0.0729474495
2020-06-30,2020-07-31,1,value_ps_score_neutral,value_ps_score,Sales-to-Price Style,Value,neutralized,299,-0.0743790263
2020-07-31,2020-08-31,1,value_ps_score_neutral,value_ps_score,Sales-to-Price Style,Value,neutralized,300,0.1470221434
2020-08-31,2020-09-30,1,value_ps_score_neutral,value_ps_score,Sales-to-Price Style,Value,neutralized,300,-0.0166459627
2020-09-30,2020-10-31,1,value_ps_score_neutral,value_ps_score,Sales-to-Price Style,Value,neutralized,300,-0.0643657471
2020-10-31,2020-11-30,1,value_ps_score_neutral,value_ps_score,Sales-to-Price Style,Value,neutralized,300,0.0351661724
2020-11-30,2020-12-31,1,value_ps_score_neutral,value_ps_score,Sales-to-Price Style,Value,neutralized,300,-0.2681021496
2020-12-31,2021-01-31,1,value_ps_score_neutral,value_ps_score,Sales-to-Price Style,Value,neutralized,300,-0.1714685719
2021-01-31,2021-02-28,1,value_ps_score_neutral,value_ps_score,Sales-to-Price Style,Value,neutralized,300,0.3007443424
2021-02-28,2021-03-31,1,value_ps_score_neutral,value_ps_score,Sales-to-Price Style,Value,neutralized,300,0.1465745175
2021-03-31,2021-04-30,1,value_ps_score_neutral,value_ps_score,Sales-to-Price Style,Value,neutralized,300,-0.2261359716
2021-04-30,2021-05-31,1,value_ps_score_neutral,value_ps_score,Sales-to-Price Style,Value,neutralized,300,-0.1619070900
2021-05-31,2021-06-30,1,value_ps_score_neutral,value_ps_score,Sales-to-Price Style,Value,neutralized,299,-0.1164955032
2021-06-30,2021-07-31,1,value_ps_score_neutral,value_ps_score,Sales-to-Price Style,Value,neutralized,299,-0.0185971134
2021-07-31,2021-08-31,1,value_ps_score_neutral,value_ps_score,Sales-to-Price Style,Value,neutralized,300,0.1491341181
2021-08-31,2021-09-30,1,value_ps_score_neutral,value_ps_score,Sales-to-Price Style,Value,neutralized,300,0.0999120101
2021-09-30,2021-10-31,1,value_ps_score_neutral,value_ps_score,Sales-to-Price Style,Value,neutralized,300,-0.0831965169
2021-10-31,2021-11-30,1,value_ps_score_neutral,value_ps_score,Sales-to-Price Style,Value,neutralized,300,0.0435887308
2021-11-30,2021-12-31,1,value_ps_score_neutral,value_ps_score,Sales-to-Price Style,Value,neutralized,300,0.2498512483
2021-12-31,2022-01-31,1,value_ps_score_neutral,value_ps_score,Sales-to-Price Style,Value,neutralized,300,0.1108270092
2022-01-31,2022-02-28,1,value_ps_score_neutral,value_ps_score,Sales-to-Price Style,Value,neutralized,298,-0.1403892064
2022-02-28,2022-03-31,1,value_ps_score_neutral,value_ps_score,Sales-to-Price Style,Value,neutralized,299,0.0324791812
2022-03-31,2022-04-30,1,value_ps_score_neutral,value_ps_score,Sales-to-Price Style,Value,neutralized,300,0.0383422038
2022-04-30,2022-05-31,1,value_ps_score_neutral,value_ps_score,Sales-to-Price Style,Value,neutralized,300,-0.1152470583
2022-05-31,2022-06-30,1,value_ps_score_neutral,value_ps_score,Sales-to-Price Style,Value,neutralized,299,-0.1582649276
2022-06-30,2022-07-31,1,value_ps_score_neutral,value_ps_score,Sales-to-Price Style,Value,neutralized,298,0.1069311326
2022-07-31,2022-08-31,1,value_ps_score_neutral,value_ps_score,Sales-to-Price Style,Value,neutralized,300,0.0403620085
2022-08-31,2022-09-30,1,value_ps_score_neutral,value_ps_score,Sales-to-Price Style,Value,neutralized,300,-0.0333950414
2022-09-30,2022-10-31,1,value_ps_score_neutral,value_ps_score,Sales-to-Price Style,Value,neutralized,300,0.0234642711
2022-10-31,2022-11-30,1,value_ps_score_neutral,value_ps_score,Sales-to-Price Style,Value,neutralized,300,0.1828891432
2022-11-30,2022-12-31,1,value_ps_score_neutral,value_ps_score,Sales-to-Price Style,Value,neutralized,300,-0.0109076768
2022-12-31,2023-01-31,1,value_ps_score_neutral,value_ps_score,Sales-to-Price Style,Value,neutralized,300,0.1070941264
2023-01-31,2023-02-28,1,value_ps_score_neutral,value_ps_score,Sales-to-Price Style,Value,neutralized,300,0.2852827254
2023-02-28,2023-03-31,1,value_ps_score_neutral,value_ps_score,Sales-to-Price Style,Value,neutralized,300,0.1426516009
2023-03-31,2023-04-30,1,value_ps_score_neutral,value_ps_score,Sales-to-Price Style,Value,neutralized,300,0.1389535439
2023-04-30,2023-05-31,1,value_ps_score_neutral,value_ps_score,Sales-to-Price Style,Value,neutralized,300,0.0648476166
2023-05-31,2023-06-30,1,value_ps_score_neutral,value_ps_score,Sales-to-Price Style,Value,neutralized,300,0.0967215299
2023-06-30,2023-07-31,1,value_ps_score_neutral,value_ps_score,Sales-to-Price Style,Value,neutralized,300,0.0630480409
2023-07-31,2023-08-31,1,value_ps_score_neutral,value_ps_score,Sales-to-Price Style,Value,neutralized,300,-0.0795546617
2023-08-31,2023-09-30,1,value_ps_score_neutral,value_ps_score,Sales-to-Price Style,Value,neutralized,300,0.1113799785
2023-09-30,2023-10-31,1,value_ps_score_neutral,value_ps_score,Sales-to-Price Style,Value,neutralized,300,-0.0381986467
2023-10-31,2023-11-30,1,value_ps_score_neutral,value_ps_score,Sales-to-Price Style,Value,neutralized,300,0.0539777169
2023-11-30,2023-12-31,1,value_ps_score_neutral,value_ps_score,Sales-to-Price Style,Value,neutralized,300,0.0393171254
2023-12-31,2024-01-31,1,value_ps_score_neutral,value_ps_score,Sales-to-Price Style,Value,neutralized,300,0.1836473739
2024-01-31,2024-02-29,1,value_ps_score_neutral,value_ps_score,Sales-to-Price Style,Value,neutralized,300,-0.1556199686
2024-02-29,2024-03-31,1,value_ps_score_neutral,value_ps_score,Sales-to-Price Style,Value,neutralized,300,0.0870334115
2024-03-31,2024-04-30,1,value_ps_score_neutral,value_ps_score,Sales-to-Price Style,Value,neutralized,300,-0.0787149183
2024-04-30,2024-05-31,1,value_ps_score_neutral,value_ps_score,Sales-to-Price Style,Value,neutralized,300,0.1254658385
2024-05-31,2024-06-30,1,value_ps_score_neutral,value_ps_score,Sales-to-Price Style,Value,neutralized,300,-0.0410453449
2024-06-30,2024-07-31,1,value_ps_score_neutral,value_ps_score,Sales-to-Price Style,Value,neutralized,300,-0.0850756120
2024-07-31,2024-08-31,1,value_ps_score_neutral,value_ps_score,Sales-to-Price Style,Value,neutralized,300,0.0036475961
2024-08-31,2024-09-30,1,value_ps_score_neutral,value_ps_score,Sales-to-Price Style,Value,neutralized,298,-0.0352303081
2024-09-30,2024-10-31,1,value_ps_score_neutral,value_ps_score,Sales-to-Price Style,Value,neutralized,298,0.0119901228
2024-10-31,2024-11-30,1,value_ps_score_neutral,value_ps_score,Sales-to-Price Style,Value,neutralized,300,-0.0336541891
2024-11-30,2024-12-31,1,value_ps_score_neutral,value_ps_score,Sales-to-Price Style,Value,neutralized,300,0.1061385127
2024-12-31,2025-01-31,1,value_ps_score_neutral,value_ps_score,Sales-to-Price Style,Value,neutralized,300,-0.0554499494
2025-01-31,2025-02-28,1,value_ps_score_neutral,value_ps_score,Sales-to-Price Style,Value,neutralized,299,0.0423889951
2025-02-28,2025-03-31,1,value_ps_score_neutral,value_ps_score,Sales-to-Price Style,Value,neutralized,299,-0.0743327871
2025-03-31,2025-04-30,1,value_ps_score_neutral,value_ps_score,Sales-to-Price Style,Value,neutralized,300,-0.1507085802
2025-04-30,2025-05-31,1,value_ps_score_neutral,value_ps_score,Sales-to-Price Style,Value,neutralized,300,-0.0148892799
2025-05-31,2025-06-30,1,value_ps_score_neutral,value_ps_score,Sales-to-Price Style,Value,neutralized,300,-0.0186348758
2025-06-30,2025-07-31,1,value_ps_score_neutral,value_ps_score,Sales-to-Price Style,Value,neutralized,299,0.1621330792
2025-07-31,2025-08-31,1,value_ps_score_neutral,value_ps_score,Sales-to-Price Style,Value,neutralized,299,-0.1095763513
2025-08-31,2025-09-30,1,value_ps_score_neutral,value_ps_score,Sales-to-Price Style,Value,neutralized,299,-0.0585751162
2025-09-30,2025-10-31,1,value_ps_score_neutral,value_ps_score,Sales-to-Price Style,Value,neutralized,300,0.0952307724
2025-10-31,2025-11-30,1,value_ps_score_neutral,value_ps_score,Sales-to-Price Style,Value,neutralized,300,0.0147610529
2025-11-30,2025-12-31,1,value_ps_score_neutral,value_ps_score,Sales-to-Price Style,Value,neutralized,300,-0.0134085934
2025-12-31,2026-01-31,1,value_ps_score_neutral,value_ps_score,Sales-to-Price Style,Value,neutralized,299,-0.0015833557
2026-01-31,2026-02-28,1,value_ps_score_neutral,value_ps_score,Sales-to-Price Style,Value,neutralized,300,0.1001660018
2026-02-28,2026-03-31,1,value_ps_score_neutral,value_ps_score,Sales-to-Price Style,Value,neutralized,300,-0.0379559815
2026-03-31,2026-04-30,1,value_ps_score_neutral,value_ps_score,Sales-to-Price Style,Value,neutralized,300,-0.1348020022
2026-04-30,2026-05-31,1,value_ps_score_neutral,value_ps_score,Sales-to-Price Style,Value,neutralized,300,-0.0483120924
2026-05-31,2026-06-30,1,value_ps_score_neutral,value_ps_score,Sales-to-Price Style,Value,neutralized,300,-0.1023842487
2026-06-30,2026-07-31,1,value_ps_score_neutral,value_ps_score,Sales-to-Price Style,Value,neutralized,300,0.2673127479
2026-07-31,2026-08-31,1,value_ps_score_neutral,value_ps_score,Sales-to-Price Style,Value,neutralized,300,-0.0756628491
2026-08-31,2026-09-08,1,value_ps_score_neutral,value_ps_score,Sales-to-Price Style,Value,neutralized,300,0.1368072276
2019-07-31,2019-10-31,3,value_ps_score_neutral,value_ps_score,Sales-to-Price Style,Value,neutralized,300,-0.1553035206
2019-08-31,2019-11-30,3,value_ps_score_neutral,value_ps_score,Sales-to-Price Style,Value,neutralized,300,0.0315803579
2019-09-30,2019-12-31,3,value_ps_score_neutral,value_ps_score,Sales-to-Price Style,Value,neutralized,300,0.1189862242
2019-10-31,2020-01-31,3,value_ps_score_neutral,value_ps_score,Sales-to-Price Style,Value,neutralized,300,0.0472038631
2019-11-30,2020-02-29,3,value_ps_score_neutral,value_ps_score,Sales-to-Price Style,Value,neutralized,300,-0.0362884032
2019-12-31,2020-03-31,3,value_ps_score_neutral,value_ps_score,Sales-to-Price Style,Value,neutralized,300,-0.0414093490
2020-01-31,2020-04-30,3,value_ps_score_neutral,value_ps_score,Sales-to-Price Style,Value,neutralized,299,-0.1451727723
2020-02-29,2020-05-31,3,value_ps_score_neutral,value_ps_score,Sales-to-Price Style,Value,neutralized,299,-0.1641963512
2020-03-31,2020-06-30,3,value_ps_score_neutral,value_ps_score,Sales-to-Price Style,Value,neutralized,300,-0.2298545539
2020-04-30,2020-07-31,3,value_ps_score_neutral,value_ps_score,Sales-to-Price Style,Value,neutralized,299,-0.1748391731
2020-05-31,2020-08-31,3,value_ps_score_neutral,value_ps_score,Sales-to-Price Style,Value,neutralized,299,-0.0370164531
2020-06-30,2020-09-30,3,value_ps_score_neutral,value_ps_score,Sales-to-Price Style,Value,neutralized,299,0.0260918947
2020-07-31,2020-10-31,3,value_ps_score_neutral,value_ps_score,Sales-to-Price Style,Value,neutralized,300,0.0503232258
2020-08-31,2020-11-30,3,value_ps_score_neutral,value_ps_score,Sales-to-Price Style,Value,neutralized,300,-0.0263291814
2020-09-30,2020-12-31,3,value_ps_score_neutral,value_ps_score,Sales-to-Price Style,Value,neutralized,300,-0.1835767064
2020-10-31,2021-01-31,3,value_ps_score_neutral,value_ps_score,Sales-to-Price Style,Value,neutralized,300,-0.1915389983
2020-11-30,2021-02-28,3,value_ps_score_neutral,value_ps_score,Sales-to-Price Style,Value,neutralized,300,-0.1566266292
2020-12-31,2021-03-31,3,value_ps_score_neutral,value_ps_score,Sales-to-Price Style,Value,neutralized,300,0.2013342370
2021-01-31,2021-04-30,3,value_ps_score_neutral,value_ps_score,Sales-to-Price Style,Value,neutralized,300,0.1540181558
2021-02-28,2021-05-31,3,value_ps_score_neutral,value_ps_score,Sales-to-Price Style,Value,neutralized,300,-0.1390120045
2021-03-31,2021-06-30,3,value_ps_score_neutral,value_ps_score,Sales-to-Price Style,Value,neutralized,299,-0.2948520005
2021-04-30,2021-07-31,3,value_ps_score_neutral,value_ps_score,Sales-to-Price Style,Value,neutralized,300,-0.1173141924
2021-05-31,2021-08-31,3,value_ps_score_neutral,value_ps_score,Sales-to-Price Style,Value,neutralized,300,0.0192284401
2021-06-30,2021-09-30,3,value_ps_score_neutral,value_ps_score,Sales-to-Price Style,Value,neutralized,298,0.1318164700
2021-07-31,2021-10-31,3,value_ps_score_neutral,value_ps_score,Sales-to-Price Style,Value,neutralized,300,0.1301310304
2021-08-31,2021-11-30,3,value_ps_score_neutral,value_ps_score,Sales-to-Price Style,Value,neutralized,300,0.0421369126
2021-09-30,2021-12-31,3,value_ps_score_neutral,value_ps_score,Sales-to-Price Style,Value,neutralized,300,0.1073615344
2021-10-31,2022-01-31,3,value_ps_score_neutral,value_ps_score,Sales-to-Price Style,Value,neutralized,300,0.2619847178
2021-11-30,2022-02-28,3,value_ps_score_neutral,value_ps_score,Sales-to-Price Style,Value,neutralized,300,0.1857540846
2021-12-31,2022-03-31,3,value_ps_score_neutral,value_ps_score,Sales-to-Price Style,Value,neutralized,300,0.0746963855
2022-01-31,2022-04-30,3,value_ps_score_neutral,value_ps_score,Sales-to-Price Style,Value,neutralized,298,0.0088925448
2022-02-28,2022-05-31,3,value_ps_score_neutral,value_ps_score,Sales-to-Price Style,Value,neutralized,299,-0.0299800229
2022-03-31,2022-06-30,3,value_ps_score_neutral,value_ps_score,Sales-to-Price Style,Value,neutralized,300,-0.1416878595
2022-04-30,2022-07-31,3,value_ps_score_neutral,value_ps_score,Sales-to-Price Style,Value,neutralized,300,-0.0500450005
2022-05-31,2022-08-31,3,value_ps_score_neutral,value_ps_score,Sales-to-Price Style,Value,neutralized,299,0.0203308568
2022-06-30,2022-09-30,3,value_ps_score_neutral,value_ps_score,Sales-to-Price Style,Value,neutralized,298,0.0398914058
2022-07-31,2022-10-31,3,value_ps_score_neutral,value_ps_score,Sales-to-Price Style,Value,neutralized,300,0.0417691354
2022-08-31,2022-11-30,3,value_ps_score_neutral,value_ps_score,Sales-to-Price Style,Value,neutralized,300,0.1606493584
2022-09-30,2022-12-31,3,value_ps_score_neutral,value_ps_score,Sales-to-Price Style,Value,neutralized,300,0.1667929644
2022-10-31,2023-01-31,3,value_ps_score_neutral,value_ps_score,Sales-to-Price Style,Value,neutralized,300,0.1921474683
2022-11-30,2023-02-28,3,value_ps_score_neutral,value_ps_score,Sales-to-Price Style,Value,neutralized,300,0.1930563887
2022-12-31,2023-03-31,3,value_ps_score_neutral,value_ps_score,Sales-to-Price Style,Value,neutralized,300,0.2776980053
2023-01-31,2023-04-30,3,value_ps_score_neutral,value_ps_score,Sales-to-Price Style,Value,neutralized,300,0.2767231054
2023-02-28,2023-05-31,3,value_ps_score_neutral,value_ps_score,Sales-to-Price Style,Value,neutralized,300,0.1669516328
2023-03-31,2023-06-30,3,value_ps_score_neutral,value_ps_score,Sales-to-Price Style,Value,neutralized,300,0.1496456627
2023-04-30,2023-07-31,3,value_ps_score_neutral,value_ps_score,Sales-to-Price Style,Value,neutralized,300,0.1274836387
2023-05-31,2023-08-31,3,value_ps_score_neutral,value_ps_score,Sales-to-Price Style,Value,neutralized,300,0.0686121033
2023-06-30,2023-09-30,3,value_ps_score_neutral,value_ps_score,Sales-to-Price Style,Value,neutralized,300,0.0430511498
2023-07-31,2023-10-31,3,value_ps_score_neutral,value_ps_score,Sales-to-Price Style,Value,neutralized,300,-0.0106938966
2023-08-31,2023-11-30,3,value_ps_score_neutral,value_ps_score,Sales-to-Price Style,Value,neutralized,300,0.0159995129
2023-09-30,2023-12-31,3,value_ps_score_neutral,value_ps_score,Sales-to-Price Style,Value,neutralized,300,-0.0584202047
2023-10-31,2024-01-31,3,value_ps_score_neutral,value_ps_score,Sales-to-Price Style,Value,neutralized,300,0.1774873054
2023-11-30,2024-02-29,3,value_ps_score_neutral,value_ps_score,Sales-to-Price Style,Value,neutralized,300,0.1518981491
2023-12-31,2024-03-31,3,value_ps_score_neutral,value_ps_score,Sales-to-Price Style,Value,neutralized,300,0.1570261892
2024-01-31,2024-04-30,3,value_ps_score_neutral,value_ps_score,Sales-to-Price Style,Value,neutralized,300,-0.0766637577
2024-02-29,2024-05-31,3,value_ps_score_neutral,value_ps_score,Sales-to-Price Style,Value,neutralized,300,0.0645247169
2024-03-31,2024-06-30,3,value_ps_score_neutral,value_ps_score,Sales-to-Price Style,Value,neutralized,300,-0.0056202853
2024-04-30,2024-07-31,3,value_ps_score_neutral,value_ps_score,Sales-to-Price Style,Value,neutralized,300,-0.0173886377
2024-05-31,2024-08-31,3,value_ps_score_neutral,value_ps_score,Sales-to-Price Style,Value,neutralized,300,-0.0747457194
2024-06-30,2024-09-30,3,value_ps_score_neutral,value_ps_score,Sales-to-Price Style,Value,neutralized,298,-0.1122583733
2024-07-31,2024-10-31,3,value_ps_score_neutral,value_ps_score,Sales-to-Price Style,Value,neutralized,300,-0.0416782409
2024-08-31,2024-11-30,3,value_ps_score_neutral,value_ps_score,Sales-to-Price Style,Value,neutralized,300,-0.0255433949
2024-09-30,2024-12-31,3,value_ps_score_neutral,value_ps_score,Sales-to-Price Style,Value,neutralized,298,-0.0042105869
2024-10-31,2025-01-31,3,value_ps_score_neutral,value_ps_score,Sales-to-Price Style,Value,neutralized,300,-0.0033000367
2024-11-30,2025-02-28,3,value_ps_score_neutral,value_ps_score,Sales-to-Price Style,Value,neutralized,299,0.0742416640
2024-12-31,2025-03-31,3,value_ps_score_neutral,value_ps_score,Sales-to-Price Style,Value,neutralized,299,-0.0488312271
2025-01-31,2025-04-30,3,value_ps_score_neutral,value_ps_score,Sales-to-Price Style,Value,neutralized,299,-0.1197580301
2025-02-28,2025-05-31,3,value_ps_score_neutral,value_ps_score,Sales-to-Price Style,Value,neutralized,299,-0.1185001592
2025-03-31,2025-06-30,3,value_ps_score_neutral,value_ps_score,Sales-to-Price Style,Value,neutralized,300,-0.1449607379
2025-04-30,2025-07-31,3,value_ps_score_neutral,value_ps_score,Sales-to-Price Style,Value,neutralized,300,0.1156839520
2025-05-31,2025-08-31,3,value_ps_score_neutral,value_ps_score,Sales-to-Price Style,Value,neutralized,299,-0.0111355525
2025-06-30,2025-09-30,3,value_ps_score_neutral,value_ps_score,Sales-to-Price Style,Value,neutralized,298,-0.0595179874
2025-07-31,2025-10-31,3,value_ps_score_neutral,value_ps_score,Sales-to-Price Style,Value,neutralized,299,-0.0904011235
2025-08-31,2025-11-30,3,value_ps_score_neutral,value_ps_score,Sales-to-Price Style,Value,neutralized,299,-0.0064160176
2025-09-30,2025-12-31,3,value_ps_score_neutral,value_ps_score,Sales-to-Price Style,Value,neutralized,300,0.0466816350
2025-10-31,2026-01-31,3,value_ps_score_neutral,value_ps_score,Sales-to-Price Style,Value,neutralized,300,-0.0353079479
2025-11-30,2026-02-28,3,value_ps_score_neutral,value_ps_score,Sales-to-Price Style,Value,neutralized,300,0.0060809565
2025-12-31,2026-03-31,3,value_ps_score_neutral,value_ps_score,Sales-to-Price Style,Value,neutralized,299,-0.0265641624
2026-01-31,2026-04-30,3,value_ps_score_neutral,value_ps_score,Sales-to-Price Style,Value,neutralized,300,-0.1204711163
2026-02-28,2026-05-31,3,value_ps_score_neutral,value_ps_score,Sales-to-Price Style,Value,neutralized,300,-0.1432047023
2026-03-31,2026-06-30,3,value_ps_score_neutral,value_ps_score,Sales-to-Price Style,Value,neutralized,300,-0.0741719352
2026-04-30,2026-07-31,3,value_ps_score_neutral,value_ps_score,Sales-to-Price Style,Value,neutralized,300,0.1069389660
2026-05-31,2026-08-31,3,value_ps_score_neutral,value_ps_score,Sales-to-Price Style,Value,neutralized,300,0.1762766253
2026-06-30,2026-09-08,3,value_ps_score_neutral,value_ps_score,Sales-to-Price Style,Value,neutralized,300,0.2860142890
2019-07-31,2019-08-31,1,value_pcf_score_zscore,value_pcf_score,Cash-Flow Yield Style,Value,standardized,300,-0.3377002033
2019-08-31,2019-09-30,1,value_pcf_score_zscore,value_pcf_score,Cash-Flow Yield Style,Value,standardized,300,0.1721960997
2019-09-30,2019-10-31,1,value_pcf_score_zscore,value_pcf_score,Cash-Flow Yield Style,Value,standardized,300,-0.0099620802
2019-10-31,2019-11-30,1,value_pcf_score_zscore,value_pcf_score,Cash-Flow Yield Style,Value,standardized,300,0.0126986276
2019-11-30,2019-12-31,1,value_pcf_score_zscore,value_pcf_score,Cash-Flow Yield Style,Value,standardized,300,0.1654306780
2019-12-31,2020-01-31,1,value_pcf_score_zscore,value_pcf_score,Cash-Flow Yield Style,Value,standardized,300,-0.2833317621
2020-01-31,2020-02-29,1,value_pcf_score_zscore,value_pcf_score,Cash-Flow Yield Style,Value,standardized,300,-0.0300505707
2020-02-29,2020-03-31,1,value_pcf_score_zscore,value_pcf_score,Cash-Flow Yield Style,Value,standardized,300,0.0866171161
2020-03-31,2020-04-30,1,value_pcf_score_zscore,value_pcf_score,Cash-Flow Yield Style,Value,standardized,299,-0.3209206512
2020-04-30,2020-05-31,1,value_pcf_score_zscore,value_pcf_score,Cash-Flow Yield Style,Value,standardized,299,-0.1850580408
2020-05-31,2020-06-30,1,value_pcf_score_zscore,value_pcf_score,Cash-Flow Yield Style,Value,standardized,299,-0.2433948256
2020-06-30,2020-07-31,1,value_pcf_score_zscore,value_pcf_score,Cash-Flow Yield Style,Value,standardized,299,0.0220178290
2020-07-31,2020-08-31,1,value_pcf_score_zscore,value_pcf_score,Cash-Flow Yield Style,Value,standardized,300,0.1083368109
2020-08-31,2020-09-30,1,value_pcf_score_zscore,value_pcf_score,Cash-Flow Yield Style,Value,standardized,300,0.1321209517
2020-09-30,2020-10-31,1,value_pcf_score_zscore,value_pcf_score,Cash-Flow Yield Style,Value,standardized,300,-0.1211956889
2020-10-31,2020-11-30,1,value_pcf_score_zscore,value_pcf_score,Cash-Flow Yield Style,Value,standardized,300,0.1628915229
2020-11-30,2020-12-31,1,value_pcf_score_zscore,value_pcf_score,Cash-Flow Yield Style,Value,standardized,300,-0.2872731080
2020-12-31,2021-01-31,1,value_pcf_score_zscore,value_pcf_score,Cash-Flow Yield Style,Value,standardized,300,-0.1682615628
2021-01-31,2021-02-28,1,value_pcf_score_zscore,value_pcf_score,Cash-Flow Yield Style,Value,standardized,300,0.2948841371
2021-02-28,2021-03-31,1,value_pcf_score_zscore,value_pcf_score,Cash-Flow Yield Style,Value,standardized,300,0.2224031249
2021-03-31,2021-04-30,1,value_pcf_score_zscore,value_pcf_score,Cash-Flow Yield Style,Value,standardized,300,-0.3003386873
2021-04-30,2021-05-31,1,value_pcf_score_zscore,value_pcf_score,Cash-Flow Yield Style,Value,standardized,300,0.0340531595
2021-05-31,2021-06-30,1,value_pcf_score_zscore,value_pcf_score,Cash-Flow Yield Style,Value,standardized,299,-0.0338973578
2021-06-30,2021-07-31,1,value_pcf_score_zscore,value_pcf_score,Cash-Flow Yield Style,Value,standardized,299,0.1090905217
2021-07-31,2021-08-31,1,value_pcf_score_zscore,value_pcf_score,Cash-Flow Yield Style,Value,standardized,300,0.3016712195
2021-08-31,2021-09-30,1,value_pcf_score_zscore,value_pcf_score,Cash-Flow Yield Style,Value,standardized,300,0.1646755697
2021-09-30,2021-10-31,1,value_pcf_score_zscore,value_pcf_score,Cash-Flow Yield Style,Value,standardized,300,-0.1647262890
2021-10-31,2021-11-30,1,value_pcf_score_zscore,value_pcf_score,Cash-Flow Yield Style,Value,standardized,300,0.0077812926
2021-11-30,2021-12-31,1,value_pcf_score_zscore,value_pcf_score,Cash-Flow Yield Style,Value,standardized,300,0.0159507955
2021-12-31,2022-01-31,1,value_pcf_score_zscore,value_pcf_score,Cash-Flow Yield Style,Value,standardized,300,0.2635119920
2022-01-31,2022-02-28,1,value_pcf_score_zscore,value_pcf_score,Cash-Flow Yield Style,Value,standardized,298,-0.0803714232
2022-02-28,2022-03-31,1,value_pcf_score_zscore,value_pcf_score,Cash-Flow Yield Style,Value,standardized,299,
2022-03-31,2022-04-30,1,value_pcf_score_zscore,value_pcf_score,Cash-Flow Yield Style,Value,standardized,300,0.0269660296
2022-04-30,2022-05-31,1,value_pcf_score_zscore,value_pcf_score,Cash-Flow Yield Style,Value,standardized,300,-0.1378521121
2022-05-31,2022-06-30,1,value_pcf_score_zscore,value_pcf_score,Cash-Flow Yield Style,Value,standardized,299,-0.1304659248
2022-06-30,2022-07-31,1,value_pcf_score_zscore,value_pcf_score,Cash-Flow Yield Style,Value,standardized,298,0.1543637558
2022-07-31,2022-08-31,1,value_pcf_score_zscore,value_pcf_score,Cash-Flow Yield Style,Value,standardized,300,0.1250763156
2022-08-31,2022-09-30,1,value_pcf_score_zscore,value_pcf_score,Cash-Flow Yield Style,Value,standardized,300,0.0997368557
2022-09-30,2022-10-31,1,value_pcf_score_zscore,value_pcf_score,Cash-Flow Yield Style,Value,standardized,300,0.0766883548
2022-10-31,2022-11-30,1,value_pcf_score_zscore,value_pcf_score,Cash-Flow Yield Style,Value,standardized,300,0.1348527902
2022-11-30,2022-12-31,1,value_pcf_score_zscore,value_pcf_score,Cash-Flow Yield Style,Value,standardized,300,-0.1240591708
2022-12-31,2023-01-31,1,value_pcf_score_zscore,value_pcf_score,Cash-Flow Yield Style,Value,standardized,300,-0.0855586991
2023-01-31,2023-02-28,1,value_pcf_score_zscore,value_pcf_score,Cash-Flow Yield Style,Value,standardized,300,0.0720642898
2023-02-28,2023-03-31,1,value_pcf_score_zscore,value_pcf_score,Cash-Flow Yield Style,Value,standardized,300,0.1186766948
2023-03-31,2023-04-30,1,value_pcf_score_zscore,value_pcf_score,Cash-Flow Yield Style,Value,standardized,300,0.3434596037
2023-04-30,2023-05-31,1,value_pcf_score_zscore,value_pcf_score,Cash-Flow Yield Style,Value,standardized,300,-0.0181246776
2023-05-31,2023-06-30,1,value_pcf_score_zscore,value_pcf_score,Cash-Flow Yield Style,Value,standardized,300,-0.0498267547
2023-06-30,2023-07-31,1,value_pcf_score_zscore,value_pcf_score,Cash-Flow Yield Style,Value,standardized,300,0.2437086495
2023-07-31,2023-08-31,1,value_pcf_score_zscore,value_pcf_score,Cash-Flow Yield Style,Value,standardized,300,-0.0768699654
2023-08-31,2023-09-30,1,value_pcf_score_zscore,value_pcf_score,Cash-Flow Yield Style,Value,standardized,300,0.1471963777
2023-09-30,2023-10-31,1,value_pcf_score_zscore,value_pcf_score,Cash-Flow Yield Style,Value,standardized,300,-0.0775012518
2023-10-31,2023-11-30,1,value_pcf_score_zscore,value_pcf_score,Cash-Flow Yield Style,Value,standardized,300,-0.0375956241
2023-11-30,2023-12-31,1,value_pcf_score_zscore,value_pcf_score,Cash-Flow Yield Style,Value,standardized,300,-0.1235817070
2023-12-31,2024-01-31,1,value_pcf_score_zscore,value_pcf_score,Cash-Flow Yield Style,Value,standardized,300,0.3330982754
2024-01-31,2024-02-29,1,value_pcf_score_zscore,value_pcf_score,Cash-Flow Yield Style,Value,standardized,300,-0.2492506679
2024-02-29,2024-03-31,1,value_pcf_score_zscore,value_pcf_score,Cash-Flow Yield Style,Value,standardized,300,0.0096546165
2024-03-31,2024-04-30,1,value_pcf_score_zscore,value_pcf_score,Cash-Flow Yield Style,Value,standardized,300,-0.0038691626
2024-04-30,2024-05-31,1,value_pcf_score_zscore,value_pcf_score,Cash-Flow Yield Style,Value,standardized,300,0.1968109594
2024-05-31,2024-06-30,1,value_pcf_score_zscore,value_pcf_score,Cash-Flow Yield Style,Value,standardized,300,0.0840481449
2024-06-30,2024-07-31,1,value_pcf_score_zscore,value_pcf_score,Cash-Flow Yield Style,Value,standardized,300,0.1305893555
2024-07-31,2024-08-31,1,value_pcf_score_zscore,value_pcf_score,Cash-Flow Yield Style,Value,standardized,300,0.1460475219
2024-08-31,2024-09-30,1,value_pcf_score_zscore,value_pcf_score,Cash-Flow Yield Style,Value,standardized,298,0.0202336160
2024-09-30,2024-10-31,1,value_pcf_score_zscore,value_pcf_score,Cash-Flow Yield Style,Value,standardized,298,0.0616010990
2024-10-31,2024-11-30,1,value_pcf_score_zscore,value_pcf_score,Cash-Flow Yield Style,Value,standardized,300,0.0625364706
2024-11-30,2024-12-31,1,value_pcf_score_zscore,value_pcf_score,Cash-Flow Yield Style,Value,standardized,300,0.1032452337
2024-12-31,2025-01-31,1,value_pcf_score_zscore,value_pcf_score,Cash-Flow Yield Style,Value,standardized,300,0.0773921931
2025-01-31,2025-02-28,1,value_pcf_score_zscore,value_pcf_score,Cash-Flow Yield Style,Value,standardized,299,-0.1495363879
2025-02-28,2025-03-31,1,value_pcf_score_zscore,value_pcf_score,Cash-Flow Yield Style,Value,standardized,299,0.1132500443
2025-03-31,2025-04-30,1,value_pcf_score_zscore,value_pcf_score,Cash-Flow Yield Style,Value,standardized,300,0.0241708534
2025-04-30,2025-05-31,1,value_pcf_score_zscore,value_pcf_score,Cash-Flow Yield Style,Value,standardized,300,0.1521340255
2025-05-31,2025-06-30,1,value_pcf_score_zscore,value_pcf_score,Cash-Flow Yield Style,Value,standardized,300,0.2793873774
2025-06-30,2025-07-31,1,value_pcf_score_zscore,value_pcf_score,Cash-Flow Yield Style,Value,standardized,299,0.0045919479
2025-07-31,2025-08-31,1,value_pcf_score_zscore,value_pcf_score,Cash-Flow Yield Style,Value,standardized,299,-0.1307285059
2025-08-31,2025-09-30,1,value_pcf_score_zscore,value_pcf_score,Cash-Flow Yield Style,Value,standardized,299,-0.2108821346
2025-09-30,2025-10-31,1,value_pcf_score_zscore,value_pcf_score,Cash-Flow Yield Style,Value,standardized,300,0.2019536256
2025-10-31,2025-11-30,1,value_pcf_score_zscore,value_pcf_score,Cash-Flow Yield Style,Value,standardized,300,0.1465078694
2025-11-30,2025-12-31,1,value_pcf_score_zscore,value_pcf_score,Cash-Flow Yield Style,Value,standardized,300,0.0172464913
2025-12-31,2026-01-31,1,value_pcf_score_zscore,value_pcf_score,Cash-Flow Yield Style,Value,standardized,299,-0.2026999935
2026-01-31,2026-02-28,1,value_pcf_score_zscore,value_pcf_score,Cash-Flow Yield Style,Value,standardized,300,-0.0243814294
2026-02-28,2026-03-31,1,value_pcf_score_zscore,value_pcf_score,Cash-Flow Yield Style,Value,standardized,300,0.2590486035
2026-03-31,2026-04-30,1,value_pcf_score_zscore,value_pcf_score,Cash-Flow Yield Style,Value,standardized,300,-0.1758230149
2026-04-30,2026-05-31,1,value_pcf_score_zscore,value_pcf_score,Cash-Flow Yield Style,Value,standardized,300,-0.0942351675
2026-05-31,2026-06-30,1,value_pcf_score_zscore,value_pcf_score,Cash-Flow Yield Style,Value,standardized,300,0.0519639429
2026-06-30,2026-07-31,1,value_pcf_score_zscore,value_pcf_score,Cash-Flow Yield Style,Value,standardized,300,0.2005717961
2026-07-31,2026-08-31,1,value_pcf_score_zscore,value_pcf_score,Cash-Flow Yield Style,Value,standardized,300,-0.0787837743
2026-08-31,2026-09-08,1,value_pcf_score_zscore,value_pcf_score,Cash-Flow Yield Style,Value,standardized,300,0.1283055196
2019-07-31,2019-10-31,3,value_pcf_score_zscore,value_pcf_score,Cash-Flow Yield Style,Value,standardized,300,-0.0747598547
2019-08-31,2019-11-30,3,value_pcf_score_zscore,value_pcf_score,Cash-Flow Yield Style,Value,standardized,300,0.0679886278
2019-09-30,2019-12-31,3,value_pcf_score_zscore,value_pcf_score,Cash-Flow Yield Style,Value,standardized,300,0.0064414711
2019-10-31,2020-01-31,3,value_pcf_score_zscore,value_pcf_score,Cash-Flow Yield Style,Value,standardized,300,-0.0525455931
2019-11-30,2020-02-29,3,value_pcf_score_zscore,value_pcf_score,Cash-Flow Yield Style,Value,standardized,300,-0.0792883443
2019-12-31,2020-03-31,3,value_pcf_score_zscore,value_pcf_score,Cash-Flow Yield Style,Value,standardized,300,-0.1320574578
2020-01-31,2020-04-30,3,value_pcf_score_zscore,value_pcf_score,Cash-Flow Yield Style,Value,standardized,299,-0.1730772583
2020-02-29,2020-05-31,3,value_pcf_score_zscore,value_pcf_score,Cash-Flow Yield Style,Value,standardized,299,-0.1914266054
2020-03-31,2020-06-30,3,value_pcf_score_zscore,value_pcf_score,Cash-Flow Yield Style,Value,standardized,300,-0.3556604706
2020-04-30,2020-07-31,3,value_pcf_score_zscore,value_pcf_score,Cash-Flow Yield Style,Value,standardized,299,-0.2349881840
2020-05-31,2020-08-31,3,value_pcf_score_zscore,value_pcf_score,Cash-Flow Yield Style,Value,standardized,299,-0.1190588003
2020-06-30,2020-09-30,3,value_pcf_score_zscore,value_pcf_score,Cash-Flow Yield Style,Value,standardized,299,0.1194727299
2020-07-31,2020-10-31,3,value_pcf_score_zscore,value_pcf_score,Cash-Flow Yield Style,Value,standardized,300,0.0764101105
2020-08-31,2020-11-30,3,value_pcf_score_zscore,value_pcf_score,Cash-Flow Yield Style,Value,standardized,300,0.1334757808
2020-09-30,2020-12-31,3,value_pcf_score_zscore,value_pcf_score,Cash-Flow Yield Style,Value,standardized,300,-0.1032439340
2020-10-31,2021-01-31,3,value_pcf_score_zscore,value_pcf_score,Cash-Flow Yield Style,Value,standardized,300,-0.1425604832
2020-11-30,2021-02-28,3,value_pcf_score_zscore,value_pcf_score,Cash-Flow Yield Style,Value,standardized,300,-0.1919770473
2020-12-31,2021-03-31,3,value_pcf_score_zscore,value_pcf_score,Cash-Flow Yield Style,Value,standardized,300,0.1710588809
2021-01-31,2021-04-30,3,value_pcf_score_zscore,value_pcf_score,Cash-Flow Yield Style,Value,standardized,300,0.1867090529
2021-02-28,2021-05-31,3,value_pcf_score_zscore,value_pcf_score,Cash-Flow Yield Style,Value,standardized,300,-0.0007542781
2021-03-31,2021-06-30,3,value_pcf_score_zscore,value_pcf_score,Cash-Flow Yield Style,Value,standardized,299,-0.1614693181
2021-04-30,2021-07-31,3,value_pcf_score_zscore,value_pcf_score,Cash-Flow Yield Style,Value,standardized,300,0.0995120111
2021-05-31,2021-08-31,3,value_pcf_score_zscore,value_pcf_score,Cash-Flow Yield Style,Value,standardized,300,0.2100797024
2021-06-30,2021-09-30,3,value_pcf_score_zscore,value_pcf_score,Cash-Flow Yield Style,Value,standardized,298,0.2075942611
2021-07-31,2021-10-31,3,value_pcf_score_zscore,value_pcf_score,Cash-Flow Yield Style,Value,standardized,300,0.1941103921
2021-08-31,2021-11-30,3,value_pcf_score_zscore,value_pcf_score,Cash-Flow Yield Style,Value,standardized,300,-0.0653262334
2021-09-30,2021-12-31,3,value_pcf_score_zscore,value_pcf_score,Cash-Flow Yield Style,Value,standardized,300,-0.1077538791
2021-10-31,2022-01-31,3,value_pcf_score_zscore,value_pcf_score,Cash-Flow Yield Style,Value,standardized,300,0.2115300340
2021-11-30,2022-02-28,3,value_pcf_score_zscore,value_pcf_score,Cash-Flow Yield Style,Value,standardized,300,0.1593579417
2021-12-31,2022-03-31,3,value_pcf_score_zscore,value_pcf_score,Cash-Flow Yield Style,Value,standardized,300,0.3266778130
2022-01-31,2022-04-30,3,value_pcf_score_zscore,value_pcf_score,Cash-Flow Yield Style,Value,standardized,298,0.1033822965
2022-02-28,2022-05-31,3,value_pcf_score_zscore,value_pcf_score,Cash-Flow Yield Style,Value,standardized,299,
2022-03-31,2022-06-30,3,value_pcf_score_zscore,value_pcf_score,Cash-Flow Yield Style,Value,standardized,300,-0.1506957096
2022-04-30,2022-07-31,3,value_pcf_score_zscore,value_pcf_score,Cash-Flow Yield Style,Value,standardized,300,-0.0870178650
2022-05-31,2022-08-31,3,value_pcf_score_zscore,value_pcf_score,Cash-Flow Yield Style,Value,standardized,299,0.0588796002
2022-06-30,2022-09-30,3,value_pcf_score_zscore,value_pcf_score,Cash-Flow Yield Style,Value,standardized,298,0.1594020864
2022-07-31,2022-10-31,3,value_pcf_score_zscore,value_pcf_score,Cash-Flow Yield Style,Value,standardized,300,0.0407730676
2022-08-31,2022-11-30,3,value_pcf_score_zscore,value_pcf_score,Cash-Flow Yield Style,Value,standardized,300,0.1826977712
2022-09-30,2022-12-31,3,value_pcf_score_zscore,value_pcf_score,Cash-Flow Yield Style,Value,standardized,300,-0.0270397045
2022-10-31,2023-01-31,3,value_pcf_score_zscore,value_pcf_score,Cash-Flow Yield Style,Value,standardized,300,-0.0587020435
2022-11-30,2023-02-28,3,value_pcf_score_zscore,value_pcf_score,Cash-Flow Yield Style,Value,standardized,300,-0.1540621829
2022-12-31,2023-03-31,3,value_pcf_score_zscore,value_pcf_score,Cash-Flow Yield Style,Value,standardized,300,0.0659938748
2023-01-31,2023-04-30,3,value_pcf_score_zscore,value_pcf_score,Cash-Flow Yield Style,Value,standardized,300,0.2713138812
2023-02-28,2023-05-31,3,value_pcf_score_zscore,value_pcf_score,Cash-Flow Yield Style,Value,standardized,300,0.2690095908
2023-03-31,2023-06-30,3,value_pcf_score_zscore,value_pcf_score,Cash-Flow Yield Style,Value,standardized,300,0.2148046081
2023-04-30,2023-07-31,3,value_pcf_score_zscore,value_pcf_score,Cash-Flow Yield Style,Value,standardized,300,0.1388906131
2023-05-31,2023-08-31,3,value_pcf_score_zscore,value_pcf_score,Cash-Flow Yield Style,Value,standardized,300,0.0889793720
2023-06-30,2023-09-30,3,value_pcf_score_zscore,value_pcf_score,Cash-Flow Yield Style,Value,standardized,300,0.2185226715
2023-07-31,2023-10-31,3,value_pcf_score_zscore,value_pcf_score,Cash-Flow Yield Style,Value,standardized,300,-0.0125510920
2023-08-31,2023-11-30,3,value_pcf_score_zscore,value_pcf_score,Cash-Flow Yield Style,Value,standardized,300,-0.0017107060
2023-09-30,2023-12-31,3,value_pcf_score_zscore,value_pcf_score,Cash-Flow Yield Style,Value,standardized,300,-0.0703196652
2023-10-31,2024-01-31,3,value_pcf_score_zscore,value_pcf_score,Cash-Flow Yield Style,Value,standardized,300,0.1933871030
2023-11-30,2024-02-29,3,value_pcf_score_zscore,value_pcf_score,Cash-Flow Yield Style,Value,standardized,300,0.1477333423
2023-12-31,2024-03-31,3,value_pcf_score_zscore,value_pcf_score,Cash-Flow Yield Style,Value,standardized,300,0.1893597580
2024-01-31,2024-04-30,3,value_pcf_score_zscore,value_pcf_score,Cash-Flow Yield Style,Value,standardized,300,-0.0918037864
2024-02-29,2024-05-31,3,value_pcf_score_zscore,value_pcf_score,Cash-Flow Yield Style,Value,standardized,300,0.0690887933
2024-03-31,2024-06-30,3,value_pcf_score_zscore,value_pcf_score,Cash-Flow Yield Style,Value,standardized,300,-0.0527571409
2024-04-30,2024-07-31,3,value_pcf_score_zscore,value_pcf_score,Cash-Flow Yield Style,Value,standardized,300,0.2238825340
2024-05-31,2024-08-31,3,value_pcf_score_zscore,value_pcf_score,Cash-Flow Yield Style,Value,standardized,300,0.2283861939
2024-06-30,2024-09-30,3,value_pcf_score_zscore,value_pcf_score,Cash-Flow Yield Style,Value,standardized,298,0.0503401414
2024-07-31,2024-10-31,3,value_pcf_score_zscore,value_pcf_score,Cash-Flow Yield Style,Value,standardized,300,0.0676783835
2024-08-31,2024-11-30,3,value_pcf_score_zscore,value_pcf_score,Cash-Flow Yield Style,Value,standardized,300,0.1534443149
2024-09-30,2024-12-31,3,value_pcf_score_zscore,value_pcf_score,Cash-Flow Yield Style,Value,standardized,298,0.2021166371
2024-10-31,2025-01-31,3,value_pcf_score_zscore,value_pcf_score,Cash-Flow Yield Style,Value,standardized,300,0.1686434098
2024-11-30,2025-02-28,3,value_pcf_score_zscore,value_pcf_score,Cash-Flow Yield Style,Value,standardized,299,0.0285965215
2024-12-31,2025-03-31,3,value_pcf_score_zscore,value_pcf_score,Cash-Flow Yield Style,Value,standardized,299,-0.0088454843
2025-01-31,2025-04-30,3,value_pcf_score_zscore,value_pcf_score,Cash-Flow Yield Style,Value,standardized,299,-0.0543273199
2025-02-28,2025-05-31,3,value_pcf_score_zscore,value_pcf_score,Cash-Flow Yield Style,Value,standardized,299,0.1274710408
2025-03-31,2025-06-30,3,value_pcf_score_zscore,value_pcf_score,Cash-Flow Yield Style,Value,standardized,300,0.1428420433
2025-04-30,2025-07-31,3,value_pcf_score_zscore,value_pcf_score,Cash-Flow Yield Style,Value,standardized,300,0.2815341256
2025-05-31,2025-08-31,3,value_pcf_score_zscore,value_pcf_score,Cash-Flow Yield Style,Value,standardized,299,0.0346894026
2025-06-30,2025-09-30,3,value_pcf_score_zscore,value_pcf_score,Cash-Flow Yield Style,Value,standardized,298,-0.2201684237
2025-07-31,2025-10-31,3,value_pcf_score_zscore,value_pcf_score,Cash-Flow Yield Style,Value,standardized,299,-0.1505962722
2025-08-31,2025-11-30,3,value_pcf_score_zscore,value_pcf_score,Cash-Flow Yield Style,Value,standardized,299,0.0267855845
2025-09-30,2025-12-31,3,value_pcf_score_zscore,value_pcf_score,Cash-Flow Yield Style,Value,standardized,300,0.2130338253
2025-10-31,2026-01-31,3,value_pcf_score_zscore,value_pcf_score,Cash-Flow Yield Style,Value,standardized,300,-0.0597723600
2025-11-30,2026-02-28,3,value_pcf_score_zscore,value_pcf_score,Cash-Flow Yield Style,Value,standardized,300,-0.1363133488
2025-12-31,2026-03-31,3,value_pcf_score_zscore,value_pcf_score,Cash-Flow Yield Style,Value,standardized,299,0.0417325095
2026-01-31,2026-04-30,3,value_pcf_score_zscore,value_pcf_score,Cash-Flow Yield Style,Value,standardized,300,0.0253668252
2026-02-28,2026-05-31,3,value_pcf_score_zscore,value_pcf_score,Cash-Flow Yield Style,Value,standardized,300,0.0247416147
2026-03-31,2026-06-30,3,value_pcf_score_zscore,value_pcf_score,Cash-Flow Yield Style,Value,standardized,300,-0.0372473273
2026-04-30,2026-07-31,3,value_pcf_score_zscore,value_pcf_score,Cash-Flow Yield Style,Value,standardized,300,0.1169232846
2026-05-31,2026-08-31,3,value_pcf_score_zscore,value_pcf_score,Cash-Flow Yield Style,Value,standardized,300,0.2292415618
2026-06-30,2026-09-08,3,value_pcf_score_zscore,value_pcf_score,Cash-Flow Yield Style,Value,standardized,300,0.2322738904
2019-07-31,2019-08-31,1,value_pcf_score_neutral,value_pcf_score,Cash-Flow Yield Style,Value,neutralized,300,-0.1048267319
2019-08-31,2019-09-30,1,value_pcf_score_neutral,value_pcf_score,Cash-Flow Yield Style,Value,neutralized,300,-0.0067031938
2019-09-30,2019-10-31,1,value_pcf_score_neutral,value_pcf_score,Cash-Flow Yield Style,Value,neutralized,300,-0.0913130755
2019-10-31,2019-11-30,1,value_pcf_score_neutral,value_pcf_score,Cash-Flow Yield Style,Value,neutralized,300,-0.0467345245
2019-11-30,2019-12-31,1,value_pcf_score_neutral,value_pcf_score,Cash-Flow Yield Style,Value,neutralized,300,0.0589786619
2019-12-31,2020-01-31,1,value_pcf_score_neutral,value_pcf_score,Cash-Flow Yield Style,Value,neutralized,300,-0.0133379275
2020-01-31,2020-02-29,1,value_pcf_score_neutral,value_pcf_score,Cash-Flow Yield Style,Value,neutralized,300,0.0881252210
2020-02-29,2020-03-31,1,value_pcf_score_neutral,value_pcf_score,Cash-Flow Yield Style,Value,neutralized,300,0.0196899966
2020-03-31,2020-04-30,1,value_pcf_score_neutral,value_pcf_score,Cash-Flow Yield Style,Value,neutralized,299,-0.0386428190
2020-04-30,2020-05-31,1,value_pcf_score_neutral,value_pcf_score,Cash-Flow Yield Style,Value,neutralized,299,-0.0853498238
2020-05-31,2020-06-30,1,value_pcf_score_neutral,value_pcf_score,Cash-Flow Yield Style,Value,neutralized,299,0.0041045117
2020-06-30,2020-07-31,1,value_pcf_score_neutral,value_pcf_score,Cash-Flow Yield Style,Value,neutralized,299,-0.0446064061
2020-07-31,2020-08-31,1,value_pcf_score_neutral,value_pcf_score,Cash-Flow Yield Style,Value,neutralized,300,0.1204827256
2020-08-31,2020-09-30,1,value_pcf_score_neutral,value_pcf_score,Cash-Flow Yield Style,Value,neutralized,300,-0.0674820831
2020-09-30,2020-10-31,1,value_pcf_score_neutral,value_pcf_score,Cash-Flow Yield Style,Value,neutralized,300,-0.0641484109
2020-10-31,2020-11-30,1,value_pcf_score_neutral,value_pcf_score,Cash-Flow Yield Style,Value,neutralized,300,-0.0026844746
2020-11-30,2020-12-31,1,value_pcf_score_neutral,value_pcf_score,Cash-Flow Yield Style,Value,neutralized,300,-0.0906990279
2020-12-31,2021-01-31,1,value_pcf_score_neutral,value_pcf_score,Cash-Flow Yield Style,Value,neutralized,300,-0.0399500039
2021-01-31,2021-02-28,1,value_pcf_score_neutral,value_pcf_score,Cash-Flow Yield Style,Value,neutralized,300,0.1825215642
2021-02-28,2021-03-31,1,value_pcf_score_neutral,value_pcf_score,Cash-Flow Yield Style,Value,neutralized,300,0.0849793981
2021-03-31,2021-04-30,1,value_pcf_score_neutral,value_pcf_score,Cash-Flow Yield Style,Value,neutralized,300,-0.0424493794
2021-04-30,2021-05-31,1,value_pcf_score_neutral,value_pcf_score,Cash-Flow Yield Style,Value,neutralized,300,0.0027795898
2021-05-31,2021-06-30,1,value_pcf_score_neutral,value_pcf_score,Cash-Flow Yield Style,Value,neutralized,299,0.0048310930
2021-06-30,2021-07-31,1,value_pcf_score_neutral,value_pcf_score,Cash-Flow Yield Style,Value,neutralized,299,0.0925568450
2021-07-31,2021-08-31,1,value_pcf_score_neutral,value_pcf_score,Cash-Flow Yield Style,Value,neutralized,300,0.1081927577
2021-08-31,2021-09-30,1,value_pcf_score_neutral,value_pcf_score,Cash-Flow Yield Style,Value,neutralized,300,0.0071789695
2021-09-30,2021-10-31,1,value_pcf_score_neutral,value_pcf_score,Cash-Flow Yield Style,Value,neutralized,300,-0.0291092253
2021-10-31,2021-11-30,1,value_pcf_score_neutral,value_pcf_score,Cash-Flow Yield Style,Value,neutralized,300,0.0606647010
2021-11-30,2021-12-31,1,value_pcf_score_neutral,value_pcf_score,Cash-Flow Yield Style,Value,neutralized,300,-0.0053178380
2021-12-31,2022-01-31,1,value_pcf_score_neutral,value_pcf_score,Cash-Flow Yield Style,Value,neutralized,300,0.0084378715
2022-01-31,2022-02-28,1,value_pcf_score_neutral,value_pcf_score,Cash-Flow Yield Style,Value,neutralized,298,0.0855911359
2022-02-28,2022-03-31,1,value_pcf_score_neutral,value_pcf_score,Cash-Flow Yield Style,Value,neutralized,299,
2022-03-31,2022-04-30,1,value_pcf_score_neutral,value_pcf_score,Cash-Flow Yield Style,Value,neutralized,300,-0.0698207758
2022-04-30,2022-05-31,1,value_pcf_score_neutral,value_pcf_score,Cash-Flow Yield Style,Value,neutralized,300,0.0010806788
2022-05-31,2022-06-30,1,value_pcf_score_neutral,value_pcf_score,Cash-Flow Yield Style,Value,neutralized,299,-0.0321622446
2022-06-30,2022-07-31,1,value_pcf_score_neutral,value_pcf_score,Cash-Flow Yield Style,Value,neutralized,298,0.0556604178
2022-07-31,2022-08-31,1,value_pcf_score_neutral,value_pcf_score,Cash-Flow Yield Style,Value,neutralized,300,-0.0083603160
2022-08-31,2022-09-30,1,value_pcf_score_neutral,value_pcf_score,Cash-Flow Yield Style,Value,neutralized,300,-0.0513494651
2022-09-30,2022-10-31,1,value_pcf_score_neutral,value_pcf_score,Cash-Flow Yield Style,Value,neutralized,300,0.0968993419
2022-10-31,2022-11-30,1,value_pcf_score_neutral,value_pcf_score,Cash-Flow Yield Style,Value,neutralized,300,0.0921796909
2022-11-30,2022-12-31,1,value_pcf_score_neutral,value_pcf_score,Cash-Flow Yield Style,Value,neutralized,300,-0.0597593307
2022-12-31,2023-01-31,1,value_pcf_score_neutral,value_pcf_score,Cash-Flow Yield Style,Value,neutralized,300,-0.0361230841
2023-01-31,2023-02-28,1,value_pcf_score_neutral,value_pcf_score,Cash-Flow Yield Style,Value,neutralized,300,0.0266296292
2023-02-28,2023-03-31,1,value_pcf_score_neutral,value_pcf_score,Cash-Flow Yield Style,Value,neutralized,300,0.0616178026
2023-03-31,2023-04-30,1,value_pcf_score_neutral,value_pcf_score,Cash-Flow Yield Style,Value,neutralized,300,0.0628202536
2023-04-30,2023-05-31,1,value_pcf_score_neutral,value_pcf_score,Cash-Flow Yield Style,Value,neutralized,300,-0.0105983412
2023-05-31,2023-06-30,1,value_pcf_score_neutral,value_pcf_score,Cash-Flow Yield Style,Value,neutralized,300,0.0238122672
2023-06-30,2023-07-31,1,value_pcf_score_neutral,value_pcf_score,Cash-Flow Yield Style,Value,neutralized,300,0.0148290537
2023-07-31,2023-08-31,1,value_pcf_score_neutral,value_pcf_score,Cash-Flow Yield Style,Value,neutralized,300,-0.0195691063
2023-08-31,2023-09-30,1,value_pcf_score_neutral,value_pcf_score,Cash-Flow Yield Style,Value,neutralized,300,0.0792227108
2023-09-30,2023-10-31,1,value_pcf_score_neutral,value_pcf_score,Cash-Flow Yield Style,Value,neutralized,300,0.1033627155
2023-10-31,2023-11-30,1,value_pcf_score_neutral,value_pcf_score,Cash-Flow Yield Style,Value,neutralized,300,0.0774064328
2023-11-30,2023-12-31,1,value_pcf_score_neutral,value_pcf_score,Cash-Flow Yield Style,Value,neutralized,300,-0.0539881914
2023-12-31,2024-01-31,1,value_pcf_score_neutral,value_pcf_score,Cash-Flow Yield Style,Value,neutralized,300,-0.0959348437
2024-01-31,2024-02-29,1,value_pcf_score_neutral,value_pcf_score,Cash-Flow Yield Style,Value,neutralized,300,0.0782033221
2024-02-29,2024-03-31,1,value_pcf_score_neutral,value_pcf_score,Cash-Flow Yield Style,Value,neutralized,300,0.0720403560
2024-03-31,2024-04-30,1,value_pcf_score_neutral,value_pcf_score,Cash-Flow Yield Style,Value,neutralized,300,-0.0846263206
2024-04-30,2024-05-31,1,value_pcf_score_neutral,value_pcf_score,Cash-Flow Yield Style,Value,neutralized,300,-0.0429582551
2024-05-31,2024-06-30,1,value_pcf_score_neutral,value_pcf_score,Cash-Flow Yield Style,Value,neutralized,300,0.0794795498
2024-06-30,2024-07-31,1,value_pcf_score_neutral,value_pcf_score,Cash-Flow Yield Style,Value,neutralized,300,0.0973801931
2024-07-31,2024-08-31,1,value_pcf_score_neutral,value_pcf_score,Cash-Flow Yield Style,Value,neutralized,300,0.0006453405
2024-08-31,2024-09-30,1,value_pcf_score_neutral,value_pcf_score,Cash-Flow Yield Style,Value,neutralized,298,-0.0651939248
2024-09-30,2024-10-31,1,value_pcf_score_neutral,value_pcf_score,Cash-Flow Yield Style,Value,neutralized,298,0.0454730445
2024-10-31,2024-11-30,1,value_pcf_score_neutral,value_pcf_score,Cash-Flow Yield Style,Value,neutralized,300,-0.0498417203
2024-11-30,2024-12-31,1,value_pcf_score_neutral,value_pcf_score,Cash-Flow Yield Style,Value,neutralized,300,-0.0754755053
2024-12-31,2025-01-31,1,value_pcf_score_neutral,value_pcf_score,Cash-Flow Yield Style,Value,neutralized,300,0.0414280159
2025-01-31,2025-02-28,1,value_pcf_score_neutral,value_pcf_score,Cash-Flow Yield Style,Value,neutralized,299,0.0597592195
2025-02-28,2025-03-31,1,value_pcf_score_neutral,value_pcf_score,Cash-Flow Yield Style,Value,neutralized,299,-0.1787062219
2025-03-31,2025-04-30,1,value_pcf_score_neutral,value_pcf_score,Cash-Flow Yield Style,Value,neutralized,300,-0.0359057363
2025-04-30,2025-05-31,1,value_pcf_score_neutral,value_pcf_score,Cash-Flow Yield Style,Value,neutralized,300,0.0509699110
2025-05-31,2025-06-30,1,value_pcf_score_neutral,value_pcf_score,Cash-Flow Yield Style,Value,neutralized,300,-0.0472823084
2025-06-30,2025-07-31,1,value_pcf_score_neutral,value_pcf_score,Cash-Flow Yield Style,Value,neutralized,299,0.1554793383
2025-07-31,2025-08-31,1,value_pcf_score_neutral,value_pcf_score,Cash-Flow Yield Style,Value,neutralized,299,-0.0262355797
2025-08-31,2025-09-30,1,value_pcf_score_neutral,value_pcf_score,Cash-Flow Yield Style,Value,neutralized,299,-0.0853489355
2025-09-30,2025-10-31,1,value_pcf_score_neutral,value_pcf_score,Cash-Flow Yield Style,Value,neutralized,300,0.0199871887
2025-10-31,2025-11-30,1,value_pcf_score_neutral,value_pcf_score,Cash-Flow Yield Style,Value,neutralized,300,-0.0510467894
2025-11-30,2025-12-31,1,value_pcf_score_neutral,value_pcf_score,Cash-Flow Yield Style,Value,neutralized,300,0.0568144090
2025-12-31,2026-01-31,1,value_pcf_score_neutral,value_pcf_score,Cash-Flow Yield Style,Value,neutralized,299,-0.0025301368
2026-01-31,2026-02-28,1,value_pcf_score_neutral,value_pcf_score,Cash-Flow Yield Style,Value,neutralized,300,-0.0057233976
2026-02-28,2026-03-31,1,value_pcf_score_neutral,value_pcf_score,Cash-Flow Yield Style,Value,neutralized,300,0.0197837776
2026-03-31,2026-04-30,1,value_pcf_score_neutral,value_pcf_score,Cash-Flow Yield Style,Value,neutralized,300,-0.1106546120
2026-04-30,2026-05-31,1,value_pcf_score_neutral,value_pcf_score,Cash-Flow Yield Style,Value,neutralized,300,0.0145134946
2026-05-31,2026-06-30,1,value_pcf_score_neutral,value_pcf_score,Cash-Flow Yield Style,Value,neutralized,300,0.0953637263
2026-06-30,2026-07-31,1,value_pcf_score_neutral,value_pcf_score,Cash-Flow Yield Style,Value,neutralized,300,0.0355452838
2026-07-31,2026-08-31,1,value_pcf_score_neutral,value_pcf_score,Cash-Flow Yield Style,Value,neutralized,300,-0.0437502688
2026-08-31,2026-09-08,1,value_pcf_score_neutral,value_pcf_score,Cash-Flow Yield Style,Value,neutralized,300,0.0237805129
2019-07-31,2019-10-31,3,value_pcf_score_neutral,value_pcf_score,Cash-Flow Yield Style,Value,neutralized,300,0.0003702263
2019-08-31,2019-11-30,3,value_pcf_score_neutral,value_pcf_score,Cash-Flow Yield Style,Value,neutralized,300,-0.0042387138
2019-09-30,2019-12-31,3,value_pcf_score_neutral,value_pcf_score,Cash-Flow Yield Style,Value,neutralized,300,-0.0118530206
2019-10-31,2020-01-31,3,value_pcf_score_neutral,value_pcf_score,Cash-Flow Yield Style,Value,neutralized,300,-0.0152061706
2019-11-30,2020-02-29,3,value_pcf_score_neutral,value_pcf_score,Cash-Flow Yield Style,Value,neutralized,300,0.0083845376
2019-12-31,2020-03-31,3,value_pcf_score_neutral,value_pcf_score,Cash-Flow Yield Style,Value,neutralized,300,0.0489409882
2020-01-31,2020-04-30,3,value_pcf_score_neutral,value_pcf_score,Cash-Flow Yield Style,Value,neutralized,299,-0.0052084140
2020-02-29,2020-05-31,3,value_pcf_score_neutral,value_pcf_score,Cash-Flow Yield Style,Value,neutralized,299,-0.0092922718
2020-03-31,2020-06-30,3,value_pcf_score_neutral,value_pcf_score,Cash-Flow Yield Style,Value,neutralized,300,0.0288852098
2020-04-30,2020-07-31,3,value_pcf_score_neutral,value_pcf_score,Cash-Flow Yield Style,Value,neutralized,299,-0.0704127853
2020-05-31,2020-08-31,3,value_pcf_score_neutral,value_pcf_score,Cash-Flow Yield Style,Value,neutralized,299,-0.0007375816
2020-06-30,2020-09-30,3,value_pcf_score_neutral,value_pcf_score,Cash-Flow Yield Style,Value,neutralized,299,-0.0224547148
2020-07-31,2020-10-31,3,value_pcf_score_neutral,value_pcf_score,Cash-Flow Yield Style,Value,neutralized,300,0.0421022456
2020-08-31,2020-11-30,3,value_pcf_score_neutral,value_pcf_score,Cash-Flow Yield Style,Value,neutralized,300,-0.0192251025
2020-09-30,2020-12-31,3,value_pcf_score_neutral,value_pcf_score,Cash-Flow Yield Style,Value,neutralized,300,-0.0384075379
2020-10-31,2021-01-31,3,value_pcf_score_neutral,value_pcf_score,Cash-Flow Yield Style,Value,neutralized,300,-0.0047031738
2020-11-30,2021-02-28,3,value_pcf_score_neutral,value_pcf_score,Cash-Flow Yield Style,Value,neutralized,300,0.0121179124
2020-12-31,2021-03-31,3,value_pcf_score_neutral,value_pcf_score,Cash-Flow Yield Style,Value,neutralized,300,0.1591431193
2021-01-31,2021-04-30,3,value_pcf_score_neutral,value_pcf_score,Cash-Flow Yield Style,Value,neutralized,300,0.2039964888
2021-02-28,2021-05-31,3,value_pcf_score_neutral,value_pcf_score,Cash-Flow Yield Style,Value,neutralized,300,0.0558039658
2021-03-31,2021-06-30,3,value_pcf_score_neutral,value_pcf_score,Cash-Flow Yield Style,Value,neutralized,299,-0.0047428789
2021-04-30,2021-07-31,3,value_pcf_score_neutral,value_pcf_score,Cash-Flow Yield Style,Value,neutralized,300,0.0770421979
2021-05-31,2021-08-31,3,value_pcf_score_neutral,value_pcf_score,Cash-Flow Yield Style,Value,neutralized,300,0.0835749379
2021-06-30,2021-09-30,3,value_pcf_score_neutral,value_pcf_score,Cash-Flow Yield Style,Value,neutralized,298,0.0762351807
2021-07-31,2021-10-31,3,value_pcf_score_neutral,value_pcf_score,Cash-Flow Yield Style,Value,neutralized,300,0.1013375817
2021-08-31,2021-11-30,3,value_pcf_score_neutral,value_pcf_score,Cash-Flow Yield Style,Value,neutralized,300,-0.0374830831
2021-09-30,2021-12-31,3,value_pcf_score_neutral,value_pcf_score,Cash-Flow Yield Style,Value,neutralized,300,0.0246925240
2021-10-31,2022-01-31,3,value_pcf_score_neutral,value_pcf_score,Cash-Flow Yield Style,Value,neutralized,300,0.0502476694
2021-11-30,2022-02-28,3,value_pcf_score_neutral,value_pcf_score,Cash-Flow Yield Style,Value,neutralized,300,0.0144199412
2021-12-31,2022-03-31,3,value_pcf_score_neutral,value_pcf_score,Cash-Flow Yield Style,Value,neutralized,300,0.0216291292
2022-01-31,2022-04-30,3,value_pcf_score_neutral,value_pcf_score,Cash-Flow Yield Style,Value,neutralized,298,-0.0237734604
2022-02-28,2022-05-31,3,value_pcf_score_neutral,value_pcf_score,Cash-Flow Yield Style,Value,neutralized,299,
2022-03-31,2022-06-30,3,value_pcf_score_neutral,value_pcf_score,Cash-Flow Yield Style,Value,neutralized,300,-0.0415244798
2022-04-30,2022-07-31,3,value_pcf_score_neutral,value_pcf_score,Cash-Flow Yield Style,Value,neutralized,300,0.0046376076
2022-05-31,2022-08-31,3,value_pcf_score_neutral,value_pcf_score,Cash-Flow Yield Style,Value,neutralized,299,-0.0091760005
2022-06-30,2022-09-30,3,value_pcf_score_neutral,value_pcf_score,Cash-Flow Yield Style,Value,neutralized,298,0.0129641457
2022-07-31,2022-10-31,3,value_pcf_score_neutral,value_pcf_score,Cash-Flow Yield Style,Value,neutralized,300,-0.0199480016
2022-08-31,2022-11-30,3,value_pcf_score_neutral,value_pcf_score,Cash-Flow Yield Style,Value,neutralized,300,0.0280496481
2022-09-30,2022-12-31,3,value_pcf_score_neutral,value_pcf_score,Cash-Flow Yield Style,Value,neutralized,300,0.0333897043
2022-10-31,2023-01-31,3,value_pcf_score_neutral,value_pcf_score,Cash-Flow Yield Style,Value,neutralized,300,-0.0152539473
2022-11-30,2023-02-28,3,value_pcf_score_neutral,value_pcf_score,Cash-Flow Yield Style,Value,neutralized,300,-0.0783959909
2022-12-31,2023-03-31,3,value_pcf_score_neutral,value_pcf_score,Cash-Flow Yield Style,Value,neutralized,300,0.0248707235
2023-01-31,2023-04-30,3,value_pcf_score_neutral,value_pcf_score,Cash-Flow Yield Style,Value,neutralized,300,0.0694434460
2023-02-28,2023-05-31,3,value_pcf_score_neutral,value_pcf_score,Cash-Flow Yield Style,Value,neutralized,300,0.0843133813
2023-03-31,2023-06-30,3,value_pcf_score_neutral,value_pcf_score,Cash-Flow Yield Style,Value,neutralized,300,0.0797035523
2023-04-30,2023-07-31,3,value_pcf_score_neutral,value_pcf_score,Cash-Flow Yield Style,Value,neutralized,300,0.0470427449
2023-05-31,2023-08-31,3,value_pcf_score_neutral,value_pcf_score,Cash-Flow Yield Style,Value,neutralized,300,0.0193853287
2023-06-30,2023-09-30,3,value_pcf_score_neutral,value_pcf_score,Cash-Flow Yield Style,Value,neutralized,300,0.0010933455
2023-07-31,2023-10-31,3,value_pcf_score_neutral,value_pcf_score,Cash-Flow Yield Style,Value,neutralized,300,-0.0131308126
2023-08-31,2023-11-30,3,value_pcf_score_neutral,value_pcf_score,Cash-Flow Yield Style,Value,neutralized,300,0.0565377456
2023-09-30,2023-12-31,3,value_pcf_score_neutral,value_pcf_score,Cash-Flow Yield Style,Value,neutralized,300,0.0474185321
2023-10-31,2024-01-31,3,value_pcf_score_neutral,value_pcf_score,Cash-Flow Yield Style,Value,neutralized,300,-0.0850342876
2023-11-30,2024-02-29,3,value_pcf_score_neutral,value_pcf_score,Cash-Flow Yield Style,Value,neutralized,300,-0.0931314999
2023-12-31,2024-03-31,3,value_pcf_score_neutral,value_pcf_score,Cash-Flow Yield Style,Value,neutralized,300,0.0043867154
2024-01-31,2024-04-30,3,value_pcf_score_neutral,value_pcf_score,Cash-Flow Yield Style,Value,neutralized,300,0.0922972683
2024-02-29,2024-05-31,3,value_pcf_score_neutral,value_pcf_score,Cash-Flow Yield Style,Value,neutralized,300,0.0195873287
2024-03-31,2024-06-30,3,value_pcf_score_neutral,value_pcf_score,Cash-Flow Yield Style,Value,neutralized,300,-0.0028618099
2024-04-30,2024-07-31,3,value_pcf_score_neutral,value_pcf_score,Cash-Flow Yield Style,Value,neutralized,300,0.1158412871
2024-05-31,2024-08-31,3,value_pcf_score_neutral,value_pcf_score,Cash-Flow Yield Style,Value,neutralized,300,0.1534990389
2024-06-30,2024-09-30,3,value_pcf_score_neutral,value_pcf_score,Cash-Flow Yield Style,Value,neutralized,298,-0.0045028413
2024-07-31,2024-10-31,3,value_pcf_score_neutral,value_pcf_score,Cash-Flow Yield Style,Value,neutralized,300,0.0697501083
2024-08-31,2024-11-30,3,value_pcf_score_neutral,value_pcf_score,Cash-Flow Yield Style,Value,neutralized,300,0.0506841187
2024-09-30,2024-12-31,3,value_pcf_score_neutral,value_pcf_score,Cash-Flow Yield Style,Value,neutralized,298,0.0865558913
2024-10-31,2025-01-31,3,value_pcf_score_neutral,value_pcf_score,Cash-Flow Yield Style,Value,neutralized,300,-0.0226780298
2024-11-30,2025-02-28,3,value_pcf_score_neutral,value_pcf_score,Cash-Flow Yield Style,Value,neutralized,299,-0.0479874804
2024-12-31,2025-03-31,3,value_pcf_score_neutral,value_pcf_score,Cash-Flow Yield Style,Value,neutralized,299,-0.0450993244
2025-01-31,2025-04-30,3,value_pcf_score_neutral,value_pcf_score,Cash-Flow Yield Style,Value,neutralized,299,-0.1077785010
2025-02-28,2025-05-31,3,value_pcf_score_neutral,value_pcf_score,Cash-Flow Yield Style,Value,neutralized,299,-0.1772079588
2025-03-31,2025-06-30,3,value_pcf_score_neutral,value_pcf_score,Cash-Flow Yield Style,Value,neutralized,300,0.0402113401
2025-04-30,2025-07-31,3,value_pcf_score_neutral,value_pcf_score,Cash-Flow Yield Style,Value,neutralized,300,0.0666051845
2025-05-31,2025-08-31,3,value_pcf_score_neutral,value_pcf_score,Cash-Flow Yield Style,Value,neutralized,299,-0.0473331687
2025-06-30,2025-09-30,3,value_pcf_score_neutral,value_pcf_score,Cash-Flow Yield Style,Value,neutralized,298,-0.0401852468
2025-07-31,2025-10-31,3,value_pcf_score_neutral,value_pcf_score,Cash-Flow Yield Style,Value,neutralized,299,-0.0324881596
2025-08-31,2025-11-30,3,value_pcf_score_neutral,value_pcf_score,Cash-Flow Yield Style,Value,neutralized,299,-0.1177414781
2025-09-30,2025-12-31,3,value_pcf_score_neutral,value_pcf_score,Cash-Flow Yield Style,Value,neutralized,300,-0.0678434205
2025-10-31,2026-01-31,3,value_pcf_score_neutral,value_pcf_score,Cash-Flow Yield Style,Value,neutralized,300,-0.0567970755
2025-11-30,2026-02-28,3,value_pcf_score_neutral,value_pcf_score,Cash-Flow Yield Style,Value,neutralized,300,-0.0054298381
2025-12-31,2026-03-31,3,value_pcf_score_neutral,value_pcf_score,Cash-Flow Yield Style,Value,neutralized,299,0.0009853875
2026-01-31,2026-04-30,3,value_pcf_score_neutral,value_pcf_score,Cash-Flow Yield Style,Value,neutralized,300,-0.0473436424
2026-02-28,2026-05-31,3,value_pcf_score_neutral,value_pcf_score,Cash-Flow Yield Style,Value,neutralized,300,-0.0880743119
2026-03-31,2026-06-30,3,value_pcf_score_neutral,value_pcf_score,Cash-Flow Yield Style,Value,neutralized,300,-0.0565104057
2026-04-30,2026-07-31,3,value_pcf_score_neutral,value_pcf_score,Cash-Flow Yield Style,Value,neutralized,300,0.0978633096
2026-05-31,2026-08-31,3,value_pcf_score_neutral,value_pcf_score,Cash-Flow Yield Style,Value,neutralized,300,0.0040138224
2026-06-30,2026-09-08,3,value_pcf_score_neutral,value_pcf_score,Cash-Flow Yield Style,Value,neutralized,300,-0.0201317792
2019-07-31,2019-08-31,1,momentum_category_score,momentum_category_score,Momentum Category,Category Composite,category,300,0.1891610117
2019-08-31,2019-09-30,1,momentum_category_score,momentum_category_score,Momentum Category,Category Composite,category,300,-0.0905288943
2019-09-30,2019-10-31,1,momentum_category_score,momentum_category_score,Momentum Category,Category Composite,category,300,0.0964040243
2019-10-31,2019-11-30,1,momentum_category_score,momentum_category_score,Momentum Category,Category Composite,category,300,0.0074076387
2019-11-30,2019-12-31,1,momentum_category_score,momentum_category_score,Momentum Category,Category Composite,category,300,0.0145003849
2019-12-31,2020-01-31,1,momentum_category_score,momentum_category_score,Momentum Category,Category Composite,category,300,-0.0479432047
2020-01-31,2020-02-29,1,momentum_category_score,momentum_category_score,Momentum Category,Category Composite,category,300,0.0408073514
2020-02-29,2020-03-31,1,momentum_category_score,momentum_category_score,Momentum Category,Category Composite,category,300,-0.0236451516
2020-03-31,2020-04-30,1,momentum_category_score,momentum_category_score,Momentum Category,Category Composite,category,299,0.0979605653
2020-04-30,2020-05-31,1,momentum_category_score,momentum_category_score,Momentum Category,Category Composite,category,299,-0.0076361922
2020-05-31,2020-06-30,1,momentum_category_score,momentum_category_score,Momentum Category,Category Composite,category,299,-0.0049493866
2020-06-30,2020-07-31,1,momentum_category_score,momentum_category_score,Momentum Category,Category Composite,category,299,0.0549388341
2020-07-31,2020-08-31,1,momentum_category_score,momentum_category_score,Momentum Category,Category Composite,category,300,-0.0559962026
2020-08-31,2020-09-30,1,momentum_category_score,momentum_category_score,Momentum Category,Category Composite,category,300,0.0619277992
2020-09-30,2020-10-31,1,momentum_category_score,momentum_category_score,Momentum Category,Category Composite,category,300,-0.0188451402
2020-10-31,2020-11-30,1,momentum_category_score,momentum_category_score,Momentum Category,Category Composite,category,300,0.0322716955
2020-11-30,2020-12-31,1,momentum_category_score,momentum_category_score,Momentum Category,Category Composite,category,300,0.2130177475
2020-12-31,2021-01-31,1,momentum_category_score,momentum_category_score,Momentum Category,Category Composite,category,300,0.2722759142
2021-01-31,2021-02-28,1,momentum_category_score,momentum_category_score,Momentum Category,Category Composite,category,300,-0.2483343685
2021-02-28,2021-03-31,1,momentum_category_score,momentum_category_score,Momentum Category,Category Composite,category,300,0.0303105590
2021-03-31,2021-04-30,1,momentum_category_score,momentum_category_score,Momentum Category,Category Composite,category,300,0.0736315175
2021-04-30,2021-05-31,1,momentum_category_score,momentum_category_score,Momentum Category,Category Composite,category,300,-0.0277467836
2021-05-31,2021-06-30,1,momentum_category_score,momentum_category_score,Momentum Category,Category Composite,category,299,0.0921559561
2021-06-30,2021-07-31,1,momentum_category_score,momentum_category_score,Momentum Category,Category Composite,category,299,0.0750102130
2021-07-31,2021-08-31,1,momentum_category_score,momentum_category_score,Momentum Category,Category Composite,category,300,0.0209335659
2021-08-31,2021-09-30,1,momentum_category_score,momentum_category_score,Momentum Category,Category Composite,category,300,-0.2371128832
2021-09-30,2021-10-31,1,momentum_category_score,momentum_category_score,Momentum Category,Category Composite,category,300,-0.0022693596
2021-10-31,2021-11-30,1,momentum_category_score,momentum_category_score,Momentum Category,Category Composite,category,300,-0.0861365509
2021-11-30,2021-12-31,1,momentum_category_score,momentum_category_score,Momentum Category,Category Composite,category,300,-0.2033847269
2021-12-31,2022-01-31,1,momentum_category_score,momentum_category_score,Momentum Category,Category Composite,category,300,-0.0010631229
2022-01-31,2022-02-28,1,momentum_category_score,momentum_category_score,Momentum Category,Category Composite,category,298,-0.0699712666
2022-02-28,2022-03-31,1,momentum_category_score,momentum_category_score,Momentum Category,Category Composite,category,299,0.0419501246
2022-03-31,2022-04-30,1,momentum_category_score,momentum_category_score,Momentum Category,Category Composite,category,300,0.0040689341
2022-04-30,2022-05-31,1,momentum_category_score,momentum_category_score,Momentum Category,Category Composite,category,300,-0.1889647663
2022-05-31,2022-06-30,1,momentum_category_score,momentum_category_score,Momentum Category,Category Composite,category,299,-0.2273089524
2022-06-30,2022-07-31,1,momentum_category_score,momentum_category_score,Momentum Category,Category Composite,category,298,-0.0349700230
2022-07-31,2022-08-31,1,momentum_category_score,momentum_category_score,Momentum Category,Category Composite,category,300,-0.0439611600
2022-08-31,2022-09-30,1,momentum_category_score,momentum_category_score,Momentum Category,Category Composite,category,300,0.0863074130
2022-09-30,2022-10-31,1,momentum_category_score,momentum_category_score,Momentum Category,Category Composite,category,300,-0.0298576784
2022-10-31,2022-11-30,1,momentum_category_score,momentum_category_score,Momentum Category,Category Composite,category,300,-0.3726445849
2022-11-30,2022-12-31,1,momentum_category_score,momentum_category_score,Momentum Category,Category Composite,category,300,0.0430644785
2022-12-31,2023-01-31,1,momentum_category_score,momentum_category_score,Momentum Category,Category Composite,category,300,-0.2927744943
2023-01-31,2023-02-28,1,momentum_category_score,momentum_category_score,Momentum Category,Category Composite,category,300,-0.0033222591
2023-02-28,2023-03-31,1,momentum_category_score,momentum_category_score,Momentum Category,Category Composite,category,300,0.0604693453
2023-03-31,2023-04-30,1,momentum_category_score,momentum_category_score,Momentum Category,Category Composite,category,300,0.1739081545
2023-04-30,2023-05-31,1,momentum_category_score,momentum_category_score,Momentum Category,Category Composite,category,300,0.1136708312
2023-05-31,2023-06-30,1,momentum_category_score,momentum_category_score,Momentum Category,Category Composite,category,300,0.0050958350
2023-06-30,2023-07-31,1,momentum_category_score,momentum_category_score,Momentum Category,Category Composite,category,300,-0.1616493517
2023-07-31,2023-08-31,1,momentum_category_score,momentum_category_score,Momentum Category,Category Composite,category,300,0.1894003267
2023-08-31,2023-09-30,1,momentum_category_score,momentum_category_score,Momentum Category,Category Composite,category,300,0.0553657570
2023-09-30,2023-10-31,1,momentum_category_score,momentum_category_score,Momentum Category,Category Composite,category,300,0.0711314570
2023-10-31,2023-11-30,1,momentum_category_score,momentum_category_score,Momentum Category,Category Composite,category,300,0.0981399902
2023-11-30,2023-12-31,1,momentum_category_score,momentum_category_score,Momentum Category,Category Composite,category,300,0.0095025553
2023-12-31,2024-01-31,1,momentum_category_score,momentum_category_score,Momentum Category,Category Composite,category,300,0.0958308426
2024-01-31,2024-02-29,1,momentum_category_score,momentum_category_score,Momentum Category,Category Composite,category,300,-0.1917421518
2024-02-29,2024-03-31,1,momentum_category_score,momentum_category_score,Momentum Category,Category Composite,category,300,0.2467267414
2024-03-31,2024-04-30,1,momentum_category_score,momentum_category_score,Momentum Category,Category Composite,category,300,0.1655881541
2024-04-30,2024-05-31,1,momentum_category_score,momentum_category_score,Momentum Category,Category Composite,category,300,-0.0453502817
2024-05-31,2024-06-30,1,momentum_category_score,momentum_category_score,Momentum Category,Category Composite,category,300,0.3871127457
2024-06-30,2024-07-31,1,momentum_category_score,momentum_category_score,Momentum Category,Category Composite,category,300,-0.2314927944
2024-07-31,2024-08-31,1,momentum_category_score,momentum_category_score,Momentum Category,Category Composite,category,300,0.1518785764
2024-08-31,2024-09-30,1,momentum_category_score,momentum_category_score,Momentum Category,Category Composite,category,298,-0.3935335488
2024-09-30,2024-10-31,1,momentum_category_score,momentum_category_score,Momentum Category,Category Composite,category,298,-0.0422104106
2024-10-31,2024-11-30,1,momentum_category_score,momentum_category_score,Momentum Category,Category Composite,category,300,-0.1183325574
2024-11-30,2024-12-31,1,momentum_category_score,momentum_category_score,Momentum Category,Category Composite,category,300,-0.1165546284
2024-12-31,2025-01-31,1,momentum_category_score,momentum_category_score,Momentum Category,Category Composite,category,300,0.0913903488
2025-01-31,2025-02-28,1,momentum_category_score,momentum_category_score,Momentum Category,Category Composite,category,299,-0.2212224431
2025-02-28,2025-03-31,1,momentum_category_score,momentum_category_score,Momentum Category,Category Composite,category,299,-0.0426773810
2025-03-31,2025-04-30,1,momentum_category_score,momentum_category_score,Momentum Category,Category Composite,category,300,0.0861425223
2025-04-30,2025-05-31,1,momentum_category_score,momentum_category_score,Momentum Category,Category Composite,category,300,-0.0623795959
2025-05-31,2025-06-30,1,momentum_category_score,momentum_category_score,Momentum Category,Category Composite,category,300,-0.0387066566
2025-06-30,2025-07-31,1,momentum_category_score,momentum_category_score,Momentum Category,Category Composite,category,299,-0.1095014702
2025-07-31,2025-08-31,1,momentum_category_score,momentum_category_score,Momentum Category,Category Composite,category,299,-0.0069504691
2025-08-31,2025-09-30,1,momentum_category_score,momentum_category_score,Momentum Category,Category Composite,category,299,0.0474548271
2025-09-30,2025-10-31,1,momentum_category_score,momentum_category_score,Momentum Category,Category Composite,category,300,-0.0908862522
2025-10-31,2025-11-30,1,momentum_category_score,momentum_category_score,Momentum Category,Category Composite,category,300,-0.0583935377
2025-11-30,2025-12-31,1,momentum_category_score,momentum_category_score,Momentum Category,Category Composite,category,300,0.0469205213
2025-12-31,2026-01-31,1,momentum_category_score,momentum_category_score,Momentum Category,Category Composite,category,299,-0.0086808474
2026-01-31,2026-02-28,1,momentum_category_score,momentum_category_score,Momentum Category,Category Composite,category,300,-0.0092143246
2026-02-28,2026-03-31,1,momentum_category_score,momentum_category_score,Momentum Category,Category Composite,category,300,-0.0000944455
2026-03-31,2026-04-30,1,momentum_category_score,momentum_category_score,Momentum Category,Category Composite,category,300,0.0359088594
2026-04-30,2026-05-31,1,momentum_category_score,momentum_category_score,Momentum Category,Category Composite,category,300,0.0179699774
2026-05-31,2026-06-30,1,momentum_category_score,momentum_category_score,Momentum Category,Category Composite,category,300,0.0665936288
2026-06-30,2026-07-31,1,momentum_category_score,momentum_category_score,Momentum Category,Category Composite,category,300,-0.4247113857
2026-07-31,2026-08-31,1,momentum_category_score,momentum_category_score,Momentum Category,Category Composite,category,300,0.0717134715
2026-08-31,2026-09-08,1,momentum_category_score,momentum_category_score,Momentum Category,Category Composite,category,300,-0.0650196836
2019-07-31,2019-10-31,3,momentum_category_score,momentum_category_score,Momentum Category,Category Composite,category,300,0.0946583851
2019-08-31,2019-11-30,3,momentum_category_score,momentum_category_score,Momentum Category,Category Composite,category,300,-0.0381453127
2019-09-30,2019-12-31,3,momentum_category_score,momentum_category_score,Momentum Category,Category Composite,category,300,0.0835760397
2019-10-31,2020-01-31,3,momentum_category_score,momentum_category_score,Momentum Category,Category Composite,category,300,-0.0294503305
2019-11-30,2020-02-29,3,momentum_category_score,momentum_category_score,Momentum Category,Category Composite,category,300,0.0415195724
2019-12-31,2020-03-31,3,momentum_category_score,momentum_category_score,Momentum Category,Category Composite,category,300,-0.0516107957
2020-01-31,2020-04-30,3,momentum_category_score,momentum_category_score,Momentum Category,Category Composite,category,299,0.1490094833
2020-02-29,2020-05-31,3,momentum_category_score,momentum_category_score,Momentum Category,Category Composite,category,299,0.1150811430
2020-03-31,2020-06-30,3,momentum_category_score,momentum_category_score,Momentum Category,Category Composite,category,300,0.0219829109
2020-04-30,2020-07-31,3,momentum_category_score,momentum_category_score,Momentum Category,Category Composite,category,299,0.1170029853
2020-05-31,2020-08-31,3,momentum_category_score,momentum_category_score,Momentum Category,Category Composite,category,299,0.0810491347
2020-06-30,2020-09-30,3,momentum_category_score,momentum_category_score,Momentum Category,Category Composite,category,299,0.0930641288
2020-07-31,2020-10-31,3,momentum_category_score,momentum_category_score,Momentum Category,Category Composite,category,300,-0.0209708997
2020-08-31,2020-11-30,3,momentum_category_score,momentum_category_score,Momentum Category,Category Composite,category,300,0.0155219502
2020-09-30,2020-12-31,3,momentum_category_score,momentum_category_score,Momentum Category,Category Composite,category,300,0.1364757386
2020-10-31,2021-01-31,3,momentum_category_score,momentum_category_score,Momentum Category,Category Composite,category,300,0.2763294622
2020-11-30,2021-02-28,3,momentum_category_score,momentum_category_score,Momentum Category,Category Composite,category,300,0.2468551873
2020-12-31,2021-03-31,3,momentum_category_score,momentum_category_score,Momentum Category,Category Composite,category,300,-0.0460796231
2021-01-31,2021-04-30,3,momentum_category_score,momentum_category_score,Momentum Category,Category Composite,category,300,-0.0688456538
2021-02-28,2021-05-31,3,momentum_category_score,momentum_category_score,Momentum Category,Category Composite,category,300,0.1189548905
2021-03-31,2021-06-30,3,momentum_category_score,momentum_category_score,Momentum Category,Category Composite,category,299,-0.0208385895
2021-04-30,2021-07-31,3,momentum_category_score,momentum_category_score,Momentum Category,Category Composite,category,300,0.0257238414
2021-05-31,2021-08-31,3,momentum_category_score,momentum_category_score,Momentum Category,Category Composite,category,300,0.0758643985
2021-06-30,2021-09-30,3,momentum_category_score,momentum_category_score,Momentum Category,Category Composite,category,298,-0.0310312843
2021-07-31,2021-10-31,3,momentum_category_score,momentum_category_score,Momentum Category,Category Composite,category,300,0.0174317512
2021-08-31,2021-11-30,3,momentum_category_score,momentum_category_score,Momentum Category,Category Composite,category,300,-0.0973681930
2021-09-30,2021-12-31,3,momentum_category_score,momentum_category_score,Momentum Category,Category Composite,category,300,-0.0892395351
2021-10-31,2022-01-31,3,momentum_category_score,momentum_category_score,Momentum Category,Category Composite,category,300,-0.1330930344
2021-11-30,2022-02-28,3,momentum_category_score,momentum_category_score,Momentum Category,Category Composite,category,300,-0.0506930133
2021-12-31,2022-03-31,3,momentum_category_score,momentum_category_score,Momentum Category,Category Composite,category,300,-0.0769252992
2022-01-31,2022-04-30,3,momentum_category_score,momentum_category_score,Momentum Category,Category Composite,category,298,0.0082164375
2022-02-28,2022-05-31,3,momentum_category_score,momentum_category_score,Momentum Category,Category Composite,category,299,-0.0157733833
2022-03-31,2022-06-30,3,momentum_category_score,momentum_category_score,Momentum Category,Category Composite,category,300,-0.1449932310
2022-04-30,2022-07-31,3,momentum_category_score,momentum_category_score,Momentum Category,Category Composite,category,300,-0.1790566562
2022-05-31,2022-08-31,3,momentum_category_score,momentum_category_score,Momentum Category,Category Composite,category,299,-0.0180350609
2022-06-30,2022-09-30,3,momentum_category_score,momentum_category_score,Momentum Category,Category Composite,category,298,0.0221503037
2022-07-31,2022-10-31,3,momentum_category_score,momentum_category_score,Momentum Category,Category Composite,category,300,0.0015189059
2022-08-31,2022-11-30,3,momentum_category_score,momentum_category_score,Momentum Category,Category Composite,category,300,-0.1826924947
2022-09-30,2022-12-31,3,momentum_category_score,momentum_category_score,Momentum Category,Category Composite,category,300,-0.1854589495
2022-10-31,2023-01-31,3,momentum_category_score,momentum_category_score,Momentum Category,Category Composite,category,300,-0.4433284814
2022-11-30,2023-02-28,3,momentum_category_score,momentum_category_score,Momentum Category,Category Composite,category,300,0.0161564035
2022-12-31,2023-03-31,3,momentum_category_score,momentum_category_score,Momentum Category,Category Composite,category,300,0.0822802567
2023-01-31,2023-04-30,3,momentum_category_score,momentum_category_score,Momentum Category,Category Composite,category,300,0.0323354740
2023-02-28,2023-05-31,3,momentum_category_score,momentum_category_score,Momentum Category,Category Composite,category,300,0.1138568206
2023-03-31,2023-06-30,3,momentum_category_score,momentum_category_score,Momentum Category,Category Composite,category,300,0.2604228936
2023-04-30,2023-07-31,3,momentum_category_score,momentum_category_score,Momentum Category,Category Composite,category,300,0.0554499494
2023-05-31,2023-08-31,3,momentum_category_score,momentum_category_score,Momentum Category,Category Composite,category,300,0.0387468793
2023-06-30,2023-09-30,3,momentum_category_score,momentum_category_score,Momentum Category,Category Composite,category,300,0.0033187035
2023-07-31,2023-10-31,3,momentum_category_score,momentum_category_score,Momentum Category,Category Composite,category,300,0.1741566017
2023-08-31,2023-11-30,3,momentum_category_score,momentum_category_score,Momentum Category,Category Composite,category,300,0.0670483005
2023-09-30,2023-12-31,3,momentum_category_score,momentum_category_score,Momentum Category,Category Composite,category,300,0.0959472883
2023-10-31,2024-01-31,3,momentum_category_score,momentum_category_score,Momentum Category,Category Composite,category,300,0.0904627829
2023-11-30,2024-02-29,3,momentum_category_score,momentum_category_score,Momentum Category,Category Composite,category,300,0.0394162201
2023-12-31,2024-03-31,3,momentum_category_score,momentum_category_score,Momentum Category,Category Composite,category,300,0.1541688241
2024-01-31,2024-04-30,3,momentum_category_score,momentum_category_score,Momentum Category,Category Composite,category,300,0.1454689820
2024-02-29,2024-05-31,3,momentum_category_score,momentum_category_score,Momentum Category,Category Composite,category,300,0.1967977422
2024-03-31,2024-06-30,3,momentum_category_score,momentum_category_score,Momentum Category,Category Composite,category,300,0.1877156621
2024-04-30,2024-07-31,3,momentum_category_score,momentum_category_score,Momentum Category,Category Composite,category,300,0.0792457694
2024-05-31,2024-08-31,3,momentum_category_score,momentum_category_score,Momentum Category,Category Composite,category,300,0.2480592007
2024-06-30,2024-09-30,3,momentum_category_score,momentum_category_score,Momentum Category,Category Composite,category,298,-0.2841859692
2024-07-31,2024-10-31,3,momentum_category_score,momentum_category_score,Momentum Category,Category Composite,category,300,-0.2240980455
2024-08-31,2024-11-30,3,momentum_category_score,momentum_category_score,Momentum Category,Category Composite,category,300,-0.3531905910
2024-09-30,2024-12-31,3,momentum_category_score,momentum_category_score,Momentum Category,Category Composite,category,298,-0.0541458671
2024-10-31,2025-01-31,3,momentum_category_score,momentum_category_score,Momentum Category,Category Composite,category,300,-0.0779266436
2024-11-30,2025-02-28,3,momentum_category_score,momentum_category_score,Momentum Category,Category Composite,category,299,-0.1342044100
2024-12-31,2025-03-31,3,momentum_category_score,momentum_category_score,Momentum Category,Category Composite,category,299,-0.0407263586
2025-01-31,2025-04-30,3,momentum_category_score,momentum_category_score,Momentum Category,Category Composite,category,299,-0.0312347647
2025-02-28,2025-05-31,3,momentum_category_score,momentum_category_score,Momentum Category,Category Composite,category,299,-0.0285704057
2025-03-31,2025-06-30,3,momentum_category_score,momentum_category_score,Momentum Category,Category Composite,category,300,0.0372528625
2025-04-30,2025-07-31,3,momentum_category_score,momentum_category_score,Momentum Category,Category Composite,category,300,-0.2050578340
2025-05-31,2025-08-31,3,momentum_category_score,momentum_category_score,Momentum Category,Category Composite,category,299,-0.0982622163
2025-06-30,2025-09-30,3,momentum_category_score,momentum_category_score,Momentum Category,Category Composite,category,298,0.0298935575
2025-07-31,2025-10-31,3,momentum_category_score,momentum_category_score,Momentum Category,Category Composite,category,299,-0.0072743597
2025-08-31,2025-11-30,3,momentum_category_score,momentum_category_score,Momentum Category,Category Composite,category,299,0.0256784359
2025-09-30,2025-12-31,3,momentum_category_score,momentum_category_score,Momentum Category,Category Composite,category,300,-0.0580846454
2025-10-31,2026-01-31,3,momentum_category_score,momentum_category_score,Momentum Category,Category Composite,category,300,0.0172655252
2025-11-30,2026-02-28,3,momentum_category_score,momentum_category_score,Momentum Category,Category Composite,category,300,0.0291216569
2025-12-31,2026-03-31,3,momentum_category_score,momentum_category_score,Momentum Category,Category Composite,category,299,0.1123656035
2026-01-31,2026-04-30,3,momentum_category_score,momentum_category_score,Momentum Category,Category Composite,category,300,0.1169190769
2026-02-28,2026-05-31,3,momentum_category_score,momentum_category_score,Momentum Category,Category Composite,category,300,0.0878823098
2026-03-31,2026-06-30,3,momentum_category_score,momentum_category_score,Momentum Category,Category Composite,category,300,-0.0117076856
2026-04-30,2026-07-31,3,momentum_category_score,momentum_category_score,Momentum Category,Category Composite,category,300,-0.1441580462
2026-05-31,2026-08-31,3,momentum_category_score,momentum_category_score,Momentum Category,Category Composite,category,300,-0.1268849654
2026-06-30,2026-09-08,3,momentum_category_score,momentum_category_score,Momentum Category,Category Composite,category,300,-0.3278285314
2019-07-31,2019-08-31,1,reversal_category_score,reversal_category_score,Reversal Category,Category Composite,category,300,-0.1138012771
2019-08-31,2019-09-30,1,reversal_category_score,reversal_category_score,Reversal Category,Category Composite,category,300,0.1619264415
2019-09-30,2019-10-31,1,reversal_category_score,reversal_category_score,Reversal Category,Category Composite,category,300,-0.0167950867
2019-10-31,2019-11-30,1,reversal_category_score,reversal_category_score,Reversal Category,Category Composite,category,300,-0.0528914824
2019-11-30,2019-12-31,1,reversal_category_score,reversal_category_score,Reversal Category,Category Composite,category,300,0.0438313808
2019-12-31,2020-01-31,1,reversal_category_score,reversal_category_score,Reversal Category,Category Composite,category,300,0.1097610095
2020-01-31,2020-02-29,1,reversal_category_score,reversal_category_score,Reversal Category,Category Composite,category,300,0.0139410484
2020-02-29,2020-03-31,1,reversal_category_score,reversal_category_score,Reversal Category,Category Composite,category,300,-0.1753512817
2020-03-31,2020-04-30,1,reversal_category_score,reversal_category_score,Reversal Category,Category Composite,category,299,-0.1054049246
2020-04-30,2020-05-31,1,reversal_category_score,reversal_category_score,Reversal Category,Category Composite,category,299,-0.1045278445
2020-05-31,2020-06-30,1,reversal_category_score,reversal_category_score,Reversal Category,Category Composite,category,299,0.0196148367
2020-06-30,2020-07-31,1,reversal_category_score,reversal_category_score,Reversal Category,Category Composite,category,299,-0.0325750300
2020-07-31,2020-08-31,1,reversal_category_score,reversal_category_score,Reversal Category,Category Composite,category,300,0.1132710867
2020-08-31,2020-09-30,1,reversal_category_score,reversal_category_score,Reversal Category,Category Composite,category,300,-0.0800671119
2020-09-30,2020-10-31,1,reversal_category_score,reversal_category_score,Reversal Category,Category Composite,category,300,-0.0074218767
2020-10-31,2020-11-30,1,reversal_category_score,reversal_category_score,Reversal Category,Category Composite,category,300,0.0202195602
2020-11-30,2020-12-31,1,reversal_category_score,reversal_category_score,Reversal Category,Category Composite,category,300,0.1064316507
2020-12-31,2021-01-31,1,reversal_category_score,reversal_category_score,Reversal Category,Category Composite,category,300,-0.1191177680
2021-01-31,2021-02-28,1,reversal_category_score,reversal_category_score,Reversal Category,Category Composite,category,300,0.0429567568
2021-02-28,2021-03-31,1,reversal_category_score,reversal_category_score,Reversal Category,Category Composite,category,300,0.0709701219
2021-03-31,2021-04-30,1,reversal_category_score,reversal_category_score,Reversal Category,Category Composite,category,300,-0.1024387621
2021-04-30,2021-05-31,1,reversal_category_score,reversal_category_score,Reversal Category,Category Composite,category,300,-0.0109385781
2021-05-31,2021-06-30,1,reversal_category_score,reversal_category_score,Reversal Category,Category Composite,category,299,-0.0435821916
2021-06-30,2021-07-31,1,reversal_category_score,reversal_category_score,Reversal Category,Category Composite,category,299,0.0256084039
2021-07-31,2021-08-31,1,reversal_category_score,reversal_category_score,Reversal Category,Category Composite,category,300,0.0096332192
2021-08-31,2021-09-30,1,reversal_category_score,reversal_category_score,Reversal Category,Category Composite,category,300,0.0642909437
2021-09-30,2021-10-31,1,reversal_category_score,reversal_category_score,Reversal Category,Category Composite,category,300,0.0598335803
2021-10-31,2021-11-30,1,reversal_category_score,reversal_category_score,Reversal Category,Category Composite,category,300,0.1168746839
2021-11-30,2021-12-31,1,reversal_category_score,reversal_category_score,Reversal Category,Category Composite,category,300,0.1831182772
2021-12-31,2022-01-31,1,reversal_category_score,reversal_category_score,Reversal Category,Category Composite,category,300,-0.0512676808
2022-01-31,2022-02-28,1,reversal_category_score,reversal_category_score,Reversal Category,Category Composite,category,298,0.0102035148
2022-02-28,2022-03-31,1,reversal_category_score,reversal_category_score,Reversal Category,Category Composite,category,299,0.0056672129
2022-03-31,2022-04-30,1,reversal_category_score,reversal_category_score,Reversal Category,Category Composite,category,300,-0.0554855054
2022-04-30,2022-05-31,1,reversal_category_score,reversal_category_score,Reversal Category,Category Composite,category,300,-0.0538963826
2022-05-31,2022-06-30,1,reversal_category_score,reversal_category_score,Reversal Category,Category Composite,category,299,0.0214574332
2022-06-30,2022-07-31,1,reversal_category_score,reversal_category_score,Reversal Category,Category Composite,category,298,0.2627062980
2022-07-31,2022-08-31,1,reversal_category_score,reversal_category_score,Reversal Category,Category Composite,category,300,0.0181506481
2022-08-31,2022-09-30,1,reversal_category_score,reversal_category_score,Reversal Category,Category Composite,category,300,-0.0934803928
2022-09-30,2022-10-31,1,reversal_category_score,reversal_category_score,Reversal Category,Category Composite,category,300,0.1301077257
2022-10-31,2022-11-30,1,reversal_category_score,reversal_category_score,Reversal Category,Category Composite,category,300,0.1792851032
2022-11-30,2022-12-31,1,reversal_category_score,reversal_category_score,Reversal Category,Category Composite,category,300,-0.1021446905
2022-12-31,2023-01-31,1,reversal_category_score,reversal_category_score,Reversal Category,Category Composite,category,300,0.1705495264
2023-01-31,2023-02-28,1,reversal_category_score,reversal_category_score,Reversal Category,Category Composite,category,300,-0.0013306816
2023-02-28,2023-03-31,1,reversal_category_score,reversal_category_score,Reversal Category,Category Composite,category,300,-0.0812771434
2023-03-31,2023-04-30,1,reversal_category_score,reversal_category_score,Reversal Category,Category Composite,category,300,-0.0342230469
2023-04-30,2023-05-31,1,reversal_category_score,reversal_category_score,Reversal Category,Category Composite,category,300,-0.0403693419
2023-05-31,2023-06-30,1,reversal_category_score,reversal_category_score,Reversal Category,Category Composite,category,300,0.1165677526
2023-06-30,2023-07-31,1,reversal_category_score,reversal_category_score,Reversal Category,Category Composite,category,300,0.1336428183
2023-07-31,2023-08-31,1,reversal_category_score,reversal_category_score,Reversal Category,Category Composite,category,300,0.1041980466
2023-08-31,2023-09-30,1,reversal_category_score,reversal_category_score,Reversal Category,Category Composite,category,300,-0.0795704839
2023-09-30,2023-10-31,1,reversal_category_score,reversal_category_score,Reversal Category,Category Composite,category,300,0.0179713108
2023-10-31,2023-11-30,1,reversal_category_score,reversal_category_score,Reversal Category,Category Composite,category,300,-0.0195473305
2023-11-30,2023-12-31,1,reversal_category_score,reversal_category_score,Reversal Category,Category Composite,category,300,-0.0392073463
2023-12-31,2024-01-31,1,reversal_category_score,reversal_category_score,Reversal Category,Category Composite,category,300,0.0938054867
2024-01-31,2024-02-29,1,reversal_category_score,reversal_category_score,Reversal Category,Category Composite,category,300,0.2226651655
2024-02-29,2024-03-31,1,reversal_category_score,reversal_category_score,Reversal Category,Category Composite,category,300,-0.0378901988
2024-03-31,2024-04-30,1,reversal_category_score,reversal_category_score,Reversal Category,Category Composite,category,300,-0.1573102972
2024-04-30,2024-05-31,1,reversal_category_score,reversal_category_score,Reversal Category,Category Composite,category,300,-0.0663458557
2024-05-31,2024-06-30,1,reversal_category_score,reversal_category_score,Reversal Category,Category Composite,category,300,-0.1992857698
2024-06-30,2024-07-31,1,reversal_category_score,reversal_category_score,Reversal Category,Category Composite,category,300,0.1361379571
2024-07-31,2024-08-31,1,reversal_category_score,reversal_category_score,Reversal Category,Category Composite,category,300,0.1287805420
2024-08-31,2024-09-30,1,reversal_category_score,reversal_category_score,Reversal Category,Category Composite,category,298,-0.0995175431
2024-09-30,2024-10-31,1,reversal_category_score,reversal_category_score,Reversal Category,Category Composite,category,298,-0.1121452863
2024-10-31,2024-11-30,1,reversal_category_score,reversal_category_score,Reversal Category,Category Composite,category,300,-0.0300368116
2024-11-30,2024-12-31,1,reversal_category_score,reversal_category_score,Reversal Category,Category Composite,category,300,0.1092678808
2024-12-31,2025-01-31,1,reversal_category_score,reversal_category_score,Reversal Category,Category Composite,category,300,-0.0451880576
2025-01-31,2025-02-28,1,reversal_category_score,reversal_category_score,Reversal Category,Category Composite,category,299,0.1713723469
2025-02-28,2025-03-31,1,reversal_category_score,reversal_category_score,Reversal Category,Category Composite,category,299,0.0025440506
2025-03-31,2025-04-30,1,reversal_category_score,reversal_category_score,Reversal Category,Category Composite,category,300,-0.0837133839
2025-04-30,2025-05-31,1,reversal_category_score,reversal_category_score,Reversal Category,Category Composite,category,300,-0.1248583039
2025-05-31,2025-06-30,1,reversal_category_score,reversal_category_score,Reversal Category,Category Composite,category,300,-0.0301510084
2025-06-30,2025-07-31,1,reversal_category_score,reversal_category_score,Reversal Category,Category Composite,category,299,-0.1890718502
2025-07-31,2025-08-31,1,reversal_category_score,reversal_category_score,Reversal Category,Category Composite,category,299,0.0294772647
2025-08-31,2025-09-30,1,reversal_category_score,reversal_category_score,Reversal Category,Category Composite,category,299,-0.0602446634
2025-09-30,2025-10-31,1,reversal_category_score,reversal_category_score,Reversal Category,Category Composite,category,300,0.1476664372
2025-10-31,2025-11-30,1,reversal_category_score,reversal_category_score,Reversal Category,Category Composite,category,300,-0.0321910243
2025-11-30,2025-12-31,1,reversal_category_score,reversal_category_score,Reversal Category,Category Composite,category,300,-0.0285949876
2025-12-31,2026-01-31,1,reversal_category_score,reversal_category_score,Reversal Category,Category Composite,category,299,-0.0051264900
2026-01-31,2026-02-28,1,reversal_category_score,reversal_category_score,Reversal Category,Category Composite,category,300,0.0835753823
2026-02-28,2026-03-31,1,reversal_category_score,reversal_category_score,Reversal Category,Category Composite,category,300,0.0094234391
2026-03-31,2026-04-30,1,reversal_category_score,reversal_category_score,Reversal Category,Category Composite,category,300,0.0864325543
2026-04-30,2026-05-31,1,reversal_category_score,reversal_category_score,Reversal Category,Category Composite,category,300,0.0081578684
2026-05-31,2026-06-30,1,reversal_category_score,reversal_category_score,Reversal Category,Category Composite,category,300,0.0902721141
2026-06-30,2026-07-31,1,reversal_category_score,reversal_category_score,Reversal Category,Category Composite,category,300,0.2321825798
2026-07-31,2026-08-31,1,reversal_category_score,reversal_category_score,Reversal Category,Category Composite,category,300,0.2434631766
2026-08-31,2026-09-08,1,reversal_category_score,reversal_category_score,Reversal Category,Category Composite,category,300,-0.0260749883
2019-07-31,2019-10-31,3,reversal_category_score,reversal_category_score,Reversal Category,Category Composite,category,300,-0.1003940044
2019-08-31,2019-11-30,3,reversal_category_score,reversal_category_score,Reversal Category,Category Composite,category,300,0.0790777675
2019-09-30,2019-12-31,3,reversal_category_score,reversal_category_score,Reversal Category,Category Composite,category,300,-0.1444336048
2019-10-31,2020-01-31,3,reversal_category_score,reversal_category_score,Reversal Category,Category Composite,category,300,0.0434040426
2019-11-30,2020-02-29,3,reversal_category_score,reversal_category_score,Reversal Category,Category Composite,category,300,-0.0005324504
2019-12-31,2020-03-31,3,reversal_category_score,reversal_category_score,Reversal Category,Category Composite,category,300,0.0588370982
2020-01-31,2020-04-30,3,reversal_category_score,reversal_category_score,Reversal Category,Category Composite,category,299,-0.0565906680
2020-02-29,2020-05-31,3,reversal_category_score,reversal_category_score,Reversal Category,Category Composite,category,299,-0.0114322911
2020-03-31,2020-06-30,3,reversal_category_score,reversal_category_score,Reversal Category,Category Composite,category,300,-0.0799233414
2020-04-30,2020-07-31,3,reversal_category_score,reversal_category_score,Reversal Category,Category Composite,category,299,-0.2010361159
2020-05-31,2020-08-31,3,reversal_category_score,reversal_category_score,Reversal Category,Category Composite,category,299,-0.0831424753
2020-06-30,2020-09-30,3,reversal_category_score,reversal_category_score,Reversal Category,Category Composite,category,299,-0.0805959553
2020-07-31,2020-10-31,3,reversal_category_score,reversal_category_score,Reversal Category,Category Composite,category,300,0.0358710652
2020-08-31,2020-11-30,3,reversal_category_score,reversal_category_score,Reversal Category,Category Composite,category,300,-0.0299945555
2020-09-30,2020-12-31,3,reversal_category_score,reversal_category_score,Reversal Category,Category Composite,category,300,-0.1056202847
2020-10-31,2021-01-31,3,reversal_category_score,reversal_category_score,Reversal Category,Category Composite,category,300,-0.1468024018
2020-11-30,2021-02-28,3,reversal_category_score,reversal_category_score,Reversal Category,Category Composite,category,300,0.0506170069
2020-12-31,2021-03-31,3,reversal_category_score,reversal_category_score,Reversal Category,Category Composite,category,300,-0.0077880865
2021-01-31,2021-04-30,3,reversal_category_score,reversal_category_score,Reversal Category,Category Composite,category,300,0.0140172700
2021-02-28,2021-05-31,3,reversal_category_score,reversal_category_score,Reversal Category,Category Composite,category,300,0.1559301943
2021-03-31,2021-06-30,3,reversal_category_score,reversal_category_score,Reversal Category,Category Composite,category,299,-0.0624197128
2021-04-30,2021-07-31,3,reversal_category_score,reversal_category_score,Reversal Category,Category Composite,category,300,-0.0558739542
2021-05-31,2021-08-31,3,reversal_category_score,reversal_category_score,Reversal Category,Category Composite,category,300,-0.0518616931
2021-06-30,2021-09-30,3,reversal_category_score,reversal_category_score,Reversal Category,Category Composite,category,298,0.1225151336
2021-07-31,2021-10-31,3,reversal_category_score,reversal_category_score,Reversal Category,Category Composite,category,300,0.0240356057
2021-08-31,2021-11-30,3,reversal_category_score,reversal_category_score,Reversal Category,Category Composite,category,300,0.0606700074
2021-09-30,2021-12-31,3,reversal_category_score,reversal_category_score,Reversal Category,Category Composite,category,300,0.0707261978
2021-10-31,2022-01-31,3,reversal_category_score,reversal_category_score,Reversal Category,Category Composite,category,300,0.1645102723
2021-11-30,2022-02-28,3,reversal_category_score,reversal_category_score,Reversal Category,Category Composite,category,300,0.0983744373
2021-12-31,2022-03-31,3,reversal_category_score,reversal_category_score,Reversal Category,Category Composite,category,300,-0.0136463738
2022-01-31,2022-04-30,3,reversal_category_score,reversal_category_score,Reversal Category,Category Composite,category,298,-0.0196522020
2022-02-28,2022-05-31,3,reversal_category_score,reversal_category_score,Reversal Category,Category Composite,category,299,-0.0118031021
2022-03-31,2022-06-30,3,reversal_category_score,reversal_category_score,Reversal Category,Category Composite,category,300,0.0085898770
2022-04-30,2022-07-31,3,reversal_category_score,reversal_category_score,Reversal Category,Category Composite,category,300,-0.0345646101
2022-05-31,2022-08-31,3,reversal_category_score,reversal_category_score,Reversal Category,Category Composite,category,299,0.1351116698
2022-06-30,2022-09-30,3,reversal_category_score,reversal_category_score,Reversal Category,Category Composite,category,298,0.1564465104
2022-07-31,2022-10-31,3,reversal_category_score,reversal_category_score,Reversal Category,Category Composite,category,300,-0.1272760950
2022-08-31,2022-11-30,3,reversal_category_score,reversal_category_score,Reversal Category,Category Composite,category,300,-0.1045971854
2022-09-30,2022-12-31,3,reversal_category_score,reversal_category_score,Reversal Category,Category Composite,category,300,-0.0406004511
2022-10-31,2023-01-31,3,reversal_category_score,reversal_category_score,Reversal Category,Category Composite,category,300,0.2109561217
2022-11-30,2023-02-28,3,reversal_category_score,reversal_category_score,Reversal Category,Category Composite,category,300,-0.0676060920
2022-12-31,2023-03-31,3,reversal_category_score,reversal_category_score,Reversal Category,Category Composite,category,300,0.1239067238
2023-01-31,2023-04-30,3,reversal_category_score,reversal_category_score,Reversal Category,Category Composite,category,300,0.0333177109
2023-02-28,2023-05-31,3,reversal_category_score,reversal_category_score,Reversal Category,Category Composite,category,300,-0.1138208329
2023-03-31,2023-06-30,3,reversal_category_score,reversal_category_score,Reversal Category,Category Composite,category,300,-0.0722221358
2023-04-30,2023-07-31,3,reversal_category_score,reversal_category_score,Reversal Category,Category Composite,category,300,0.0163419594
2023-05-31,2023-08-31,3,reversal_category_score,reversal_category_score,Reversal Category,Category Composite,category,300,-0.0068331878
2023-06-30,2023-09-30,3,reversal_category_score,reversal_category_score,Reversal Category,Category Composite,category,300,0.1213902377
2023-07-31,2023-10-31,3,reversal_category_score,reversal_category_score,Reversal Category,Category Composite,category,300,0.0478671985
2023-08-31,2023-11-30,3,reversal_category_score,reversal_category_score,Reversal Category,Category Composite,category,300,-0.1209902332
2023-09-30,2023-12-31,3,reversal_category_score,reversal_category_score,Reversal Category,Category Composite,category,300,-0.1074625274
2023-10-31,2024-01-31,3,reversal_category_score,reversal_category_score,Reversal Category,Category Composite,category,300,0.0535472616
2023-11-30,2024-02-29,3,reversal_category_score,reversal_category_score,Reversal Category,Category Composite,category,300,-0.0469747494
2023-12-31,2024-03-31,3,reversal_category_score,reversal_category_score,Reversal Category,Category Composite,category,300,0.0724870276
2024-01-31,2024-04-30,3,reversal_category_score,reversal_category_score,Reversal Category,Category Composite,category,300,-0.0795729018
2024-02-29,2024-05-31,3,reversal_category_score,reversal_category_score,Reversal Category,Category Composite,category,300,0.0806355626
2024-03-31,2024-06-30,3,reversal_category_score,reversal_category_score,Reversal Category,Category Composite,category,300,-0.1213878202
2024-04-30,2024-07-31,3,reversal_category_score,reversal_category_score,Reversal Category,Category Composite,category,300,-0.1154379621
2024-05-31,2024-08-31,3,reversal_category_score,reversal_category_score,Reversal Category,Category Composite,category,300,-0.1850465005
2024-06-30,2024-09-30,3,reversal_category_score,reversal_category_score,Reversal Category,Category Composite,category,298,0.1737477776
2024-07-31,2024-10-31,3,reversal_category_score,reversal_category_score,Reversal Category,Category Composite,category,300,-0.1418180202
2024-08-31,2024-11-30,3,reversal_category_score,reversal_category_score,Reversal Category,Category Composite,category,300,-0.1604311159
2024-09-30,2024-12-31,3,reversal_category_score,reversal_category_score,Reversal Category,Category Composite,category,298,0.0677067716
2024-10-31,2025-01-31,3,reversal_category_score,reversal_category_score,Reversal Category,Category Composite,category,300,0.1195733286
2024-11-30,2025-02-28,3,reversal_category_score,reversal_category_score,Reversal Category,Category Composite,category,299,0.1511955008
2024-12-31,2025-03-31,3,reversal_category_score,reversal_category_score,Reversal Category,Category Composite,category,299,0.0142313304
2025-01-31,2025-04-30,3,reversal_category_score,reversal_category_score,Reversal Category,Category Composite,category,299,0.0868436272
2025-02-28,2025-05-31,3,reversal_category_score,reversal_category_score,Reversal Category,Category Composite,category,299,0.0356903364
2025-03-31,2025-06-30,3,reversal_category_score,reversal_category_score,Reversal Category,Category Composite,category,300,-0.0753108452
2025-04-30,2025-07-31,3,reversal_category_score,reversal_category_score,Reversal Category,Category Composite,category,300,-0.0010346782
2025-05-31,2025-08-31,3,reversal_category_score,reversal_category_score,Reversal Category,Category Composite,category,299,0.0371545013
2025-06-30,2025-09-30,3,reversal_category_score,reversal_category_score,Reversal Category,Category Composite,category,298,-0.0834646662
2025-07-31,2025-10-31,3,reversal_category_score,reversal_category_score,Reversal Category,Category Composite,category,299,0.0029487557
2025-08-31,2025-11-30,3,reversal_category_score,reversal_category_score,Reversal Category,Category Composite,category,299,-0.0448169514
2025-09-30,2025-12-31,3,reversal_category_score,reversal_category_score,Reversal Category,Category Composite,category,300,0.1058176202
2025-10-31,2026-01-31,3,reversal_category_score,reversal_category_score,Reversal Category,Category Composite,category,300,-0.0331639240
2025-11-30,2026-02-28,3,reversal_category_score,reversal_category_score,Reversal Category,Category Composite,category,300,-0.0254260631
2025-12-31,2026-03-31,3,reversal_category_score,reversal_category_score,Reversal Category,Category Composite,category,299,0.0422980404
2026-01-31,2026-04-30,3,reversal_category_score,reversal_category_score,Reversal Category,Category Composite,category,300,-0.0334981537
2026-02-28,2026-05-31,3,reversal_category_score,reversal_category_score,Reversal Category,Category Composite,category,300,0.0359586218
2026-03-31,2026-06-30,3,reversal_category_score,reversal_category_score,Reversal Category,Category Composite,category,300,0.0116610185
2026-04-30,2026-07-31,3,reversal_category_score,reversal_category_score,Reversal Category,Category Composite,category,300,-0.0462747364
2026-05-31,2026-08-31,3,reversal_category_score,reversal_category_score,Reversal Category,Category Composite,category,300,0.0159628440
2026-06-30,2026-09-08,3,reversal_category_score,reversal_category_score,Reversal Category,Category Composite,category,300,0.2407662307
2019-07-31,2019-08-31,1,risk_category_score,risk_category_score,Risk Category,Category Composite,category,300,-0.1168497558
2019-08-31,2019-09-30,1,risk_category_score,risk_category_score,Risk Category,Category Composite,category,300,-0.0765760555
2019-09-30,2019-10-31,1,risk_category_score,risk_category_score,Risk Category,Category Composite,category,300,0.0546846441
2019-10-31,2019-11-30,1,risk_category_score,risk_category_score,Risk Category,Category Composite,category,300,0.0864389700
2019-11-30,2019-12-31,1,risk_category_score,risk_category_score,Risk Category,Category Composite,category,300,-0.0311436828
2019-12-31,2020-01-31,1,risk_category_score,risk_category_score,Risk Category,Category Composite,category,300,-0.0608895722
2020-01-31,2020-02-29,1,risk_category_score,risk_category_score,Risk Category,Category Composite,category,300,-0.0112627943
2020-02-29,2020-03-31,1,risk_category_score,risk_category_score,Risk Category,Category Composite,category,300,0.2338728208
2020-03-31,2020-04-30,1,risk_category_score,risk_category_score,Risk Category,Category Composite,category,299,-0.2469346078
2020-04-30,2020-05-31,1,risk_category_score,risk_category_score,Risk Category,Category Composite,category,299,-0.0134291037
2020-05-31,2020-06-30,1,risk_category_score,risk_category_score,Risk Category,Category Composite,category,299,-0.0711034944
2020-06-30,2020-07-31,1,risk_category_score,risk_category_score,Risk Category,Category Composite,category,299,-0.0084720882
2020-07-31,2020-08-31,1,risk_category_score,risk_category_score,Risk Category,Category Composite,category,300,0.1125773009
2020-08-31,2020-09-30,1,risk_category_score,risk_category_score,Risk Category,Category Composite,category,300,0.0211624574
2020-09-30,2020-10-31,1,risk_category_score,risk_category_score,Risk Category,Category Composite,category,300,0.0445188158
2020-10-31,2020-11-30,1,risk_category_score,risk_category_score,Risk Category,Category Composite,category,300,0.0300341148
2020-11-30,2020-12-31,1,risk_category_score,risk_category_score,Risk Category,Category Composite,category,300,-0.0019111328
2020-12-31,2021-01-31,1,risk_category_score,risk_category_score,Risk Category,Category Composite,category,300,0.0705870065
2021-01-31,2021-02-28,1,risk_category_score,risk_category_score,Risk Category,Category Composite,category,300,0.0681488329
2021-02-28,2021-03-31,1,risk_category_score,risk_category_score,Risk Category,Category Composite,category,300,0.1517727975
2021-03-31,2021-04-30,1,risk_category_score,risk_category_score,Risk Category,Category Composite,category,300,-0.1847919132
2021-04-30,2021-05-31,1,risk_category_score,risk_category_score,Risk Category,Category Composite,category,300,-0.1995882172
2021-05-31,2021-06-30,1,risk_category_score,risk_category_score,Risk Category,Category Composite,category,299,0.0446117932
2021-06-30,2021-07-31,1,risk_category_score,risk_category_score,Risk Category,Category Composite,category,299,0.0569949047
2021-07-31,2021-08-31,1,risk_category_score,risk_category_score,Risk Category,Category Composite,category,300,0.0481756464
2021-08-31,2021-09-30,1,risk_category_score,risk_category_score,Risk Category,Category Composite,category,300,0.0128512553
2021-09-30,2021-10-31,1,risk_category_score,risk_category_score,Risk Category,Category Composite,category,300,-0.1421176422
2021-10-31,2021-11-30,1,risk_category_score,risk_category_score,Risk Category,Category Composite,category,300,0.0430413863
2021-11-30,2021-12-31,1,risk_category_score,risk_category_score,Risk Category,Category Composite,category,300,0.0939150539
2021-12-31,2022-01-31,1,risk_category_score,risk_category_score,Risk Category,Category Composite,category,300,0.1905812287
2022-01-31,2022-02-28,1,risk_category_score,risk_category_score,Risk Category,Category Composite,category,298,-0.2470847667
2022-02-28,2022-03-31,1,risk_category_score,risk_category_score,Risk Category,Category Composite,category,299,0.0765060268
2022-03-31,2022-04-30,1,risk_category_score,risk_category_score,Risk Category,Category Composite,category,300,0.0831515906
2022-04-30,2022-05-31,1,risk_category_score,risk_category_score,Risk Category,Category Composite,category,300,-0.1767810753
2022-05-31,2022-06-30,1,risk_category_score,risk_category_score,Risk Category,Category Composite,category,299,-0.2138933148
2022-06-30,2022-07-31,1,risk_category_score,risk_category_score,Risk Category,Category Composite,category,298,0.0084699206
2022-07-31,2022-08-31,1,risk_category_score,risk_category_score,Risk Category,Category Composite,category,300,0.1207093546
2022-08-31,2022-09-30,1,risk_category_score,risk_category_score,Risk Category,Category Composite,category,300,0.1579377724
2022-09-30,2022-10-31,1,risk_category_score,risk_category_score,Risk Category,Category Composite,category,300,0.0564842083
2022-10-31,2022-11-30,1,risk_category_score,risk_category_score,Risk Category,Category Composite,category,300,-0.0778564206
2022-11-30,2022-12-31,1,risk_category_score,risk_category_score,Risk Category,Category Composite,category,300,0.0575624174
2022-12-31,2023-01-31,1,risk_category_score,risk_category_score,Risk Category,Category Composite,category,300,-0.1134906448
2023-01-31,2023-02-28,1,risk_category_score,risk_category_score,Risk Category,Category Composite,category,300,0.3393291037
2023-02-28,2023-03-31,1,risk_category_score,risk_category_score,Risk Category,Category Composite,category,300,0.2237600666
2023-03-31,2023-04-30,1,risk_category_score,risk_category_score,Risk Category,Category Composite,category,300,0.0995948844
2023-04-30,2023-05-31,1,risk_category_score,risk_category_score,Risk Category,Category Composite,category,300,0.1167655326
2023-05-31,2023-06-30,1,risk_category_score,risk_category_score,Risk Category,Category Composite,category,300,-0.0058318432
2023-06-30,2023-07-31,1,risk_category_score,risk_category_score,Risk Category,Category Composite,category,300,0.0003955600
2023-07-31,2023-08-31,1,risk_category_score,risk_category_score,Risk Category,Category Composite,category,300,0.1482416471
2023-08-31,2023-09-30,1,risk_category_score,risk_category_score,Risk Category,Category Composite,category,300,0.0976746951
2023-09-30,2023-10-31,1,risk_category_score,risk_category_score,Risk Category,Category Composite,category,300,0.1071149679
2023-10-31,2023-11-30,1,risk_category_score,risk_category_score,Risk Category,Category Composite,category,300,0.0703705675
2023-11-30,2023-12-31,1,risk_category_score,risk_category_score,Risk Category,Category Composite,category,300,0.0329417177
2023-12-31,2024-01-31,1,risk_category_score,risk_category_score,Risk Category,Category Composite,category,300,0.1874936388
2024-01-31,2024-02-29,1,risk_category_score,risk_category_score,Risk Category,Category Composite,category,300,-0.2432762857
2024-02-29,2024-03-31,1,risk_category_score,risk_category_score,Risk Category,Category Composite,category,300,0.1433607040
2024-03-31,2024-04-30,1,risk_category_score,risk_category_score,Risk Category,Category Composite,category,300,0.1879010811
2024-04-30,2024-05-31,1,risk_category_score,risk_category_score,Risk Category,Category Composite,category,300,0.0937365971
2024-05-31,2024-06-30,1,risk_category_score,risk_category_score,Risk Category,Category Composite,category,300,0.2666158513
2024-06-30,2024-07-31,1,risk_category_score,risk_category_score,Risk Category,Category Composite,category,300,0.0189762108
2024-07-31,2024-08-31,1,risk_category_score,risk_category_score,Risk Category,Category Composite,category,300,0.1067634085
2024-08-31,2024-09-30,1,risk_category_score,risk_category_score,Risk Category,Category Composite,category,298,-0.1715938311
2024-09-30,2024-10-31,1,risk_category_score,risk_category_score,Risk Category,Category Composite,category,298,0.0253490100
2024-10-31,2024-11-30,1,risk_category_score,risk_category_score,Risk Category,Category Composite,category,300,-0.0052167304
2024-11-30,2024-12-31,1,risk_category_score,risk_category_score,Risk Category,Category Composite,category,300,0.3124074712
2024-12-31,2025-01-31,1,risk_category_score,risk_category_score,Risk Category,Category Composite,category,300,0.1427904754
2025-01-31,2025-02-28,1,risk_category_score,risk_category_score,Risk Category,Category Composite,category,299,-0.1263326596
2025-02-28,2025-03-31,1,risk_category_score,risk_category_score,Risk Category,Category Composite,category,299,0.2421983794
2025-03-31,2025-04-30,1,risk_category_score,risk_category_score,Risk Category,Category Composite,category,300,0.0031404797
2025-04-30,2025-05-31,1,risk_category_score,risk_category_score,Risk Category,Category Composite,category,300,-0.0392724451
2025-05-31,2025-06-30,1,risk_category_score,risk_category_score,Risk Category,Category Composite,category,300,-0.2029696111
2025-06-30,2025-07-31,1,risk_category_score,risk_category_score,Risk Category,Category Composite,category,299,-0.0479091378
2025-07-31,2025-08-31,1,risk_category_score,risk_category_score,Risk Category,Category Composite,category,299,-0.1164855070
2025-08-31,2025-09-30,1,risk_category_score,risk_category_score,Risk Category,Category Composite,category,299,0.0816852596
2025-09-30,2025-10-31,1,risk_category_score,risk_category_score,Risk Category,Category Composite,category,300,0.0013195753
2025-10-31,2025-11-30,1,risk_category_score,risk_category_score,Risk Category,Category Composite,category,300,0.2220446894
2025-11-30,2025-12-31,1,risk_category_score,risk_category_score,Risk Category,Category Composite,category,300,0.0316212402
2025-12-31,2026-01-31,1,risk_category_score,risk_category_score,Risk Category,Category Composite,category,299,0.0973090361
2026-01-31,2026-02-28,1,risk_category_score,risk_category_score,Risk Category,Category Composite,category,300,0.0444951611
2026-02-28,2026-03-31,1,risk_category_score,risk_category_score,Risk Category,Category Composite,category,300,0.1451949627
2026-03-31,2026-04-30,1,risk_category_score,risk_category_score,Risk Category,Category Composite,category,300,-0.1667419268
2026-04-30,2026-05-31,1,risk_category_score,risk_category_score,Risk Category,Category Composite,category,300,-0.0774377493
2026-05-31,2026-06-30,1,risk_category_score,risk_category_score,Risk Category,Category Composite,category,300,-0.0832329248
2026-06-30,2026-07-31,1,risk_category_score,risk_category_score,Risk Category,Category Composite,category,300,0.2123241369
2026-07-31,2026-08-31,1,risk_category_score,risk_category_score,Risk Category,Category Composite,category,300,-0.2918599420
2026-08-31,2026-09-08,1,risk_category_score,risk_category_score,Risk Category,Category Composite,category,300,0.1828857908
2019-07-31,2019-10-31,3,risk_category_score,risk_category_score,Risk Category,Category Composite,category,300,-0.0061738464
2019-08-31,2019-11-30,3,risk_category_score,risk_category_score,Risk Category,Category Composite,category,300,0.0395115501
2019-09-30,2019-12-31,3,risk_category_score,risk_category_score,Risk Category,Category Composite,category,300,0.0432515917
2019-10-31,2020-01-31,3,risk_category_score,risk_category_score,Risk Category,Category Composite,category,300,0.0093821053
2019-11-30,2020-02-29,3,risk_category_score,risk_category_score,Risk Category,Category Composite,category,300,-0.0707474527
2019-12-31,2020-03-31,3,risk_category_score,risk_category_score,Risk Category,Category Composite,category,300,-0.0402791142
2020-01-31,2020-04-30,3,risk_category_score,risk_category_score,Risk Category,Category Composite,category,299,-0.0305757515
2020-02-29,2020-05-31,3,risk_category_score,risk_category_score,Risk Category,Category Composite,category,299,0.0312836973
2020-03-31,2020-06-30,3,risk_category_score,risk_category_score,Risk Category,Category Composite,category,300,-0.1803868932
2020-04-30,2020-07-31,3,risk_category_score,risk_category_score,Risk Category,Category Composite,category,299,-0.0758681062
2020-05-31,2020-08-31,3,risk_category_score,risk_category_score,Risk Category,Category Composite,category,299,0.0031801755
2020-06-30,2020-09-30,3,risk_category_score,risk_category_score,Risk Category,Category Composite,category,299,0.0626778299
2020-07-31,2020-10-31,3,risk_category_score,risk_category_score,Risk Category,Category Composite,category,300,0.1360957344
2020-08-31,2020-11-30,3,risk_category_score,risk_category_score,Risk Category,Category Composite,category,300,0.0269269659
2020-09-30,2020-12-31,3,risk_category_score,risk_category_score,Risk Category,Category Composite,category,300,0.0100992233
2020-10-31,2021-01-31,3,risk_category_score,risk_category_score,Risk Category,Category Composite,category,300,0.0355546963
2020-11-30,2021-02-28,3,risk_category_score,risk_category_score,Risk Category,Category Composite,category,300,0.0149410549
2020-12-31,2021-03-31,3,risk_category_score,risk_category_score,Risk Category,Category Composite,category,300,0.2080236447
2021-01-31,2021-04-30,3,risk_category_score,risk_category_score,Risk Category,Category Composite,category,300,0.0755186169
2021-02-28,2021-05-31,3,risk_category_score,risk_category_score,Risk Category,Category Composite,category,300,-0.0569613059
2021-03-31,2021-06-30,3,risk_category_score,risk_category_score,Risk Category,Category Composite,category,299,-0.2475208188
2021-04-30,2021-07-31,3,risk_category_score,risk_category_score,Risk Category,Category Composite,category,300,-0.0355315059
2021-05-31,2021-08-31,3,risk_category_score,risk_category_score,Risk Category,Category Composite,category,300,0.0315545728
2021-06-30,2021-09-30,3,risk_category_score,risk_category_score,Risk Category,Category Composite,category,298,0.1056795877
2021-07-31,2021-10-31,3,risk_category_score,risk_category_score,Risk Category,Category Composite,category,300,0.0004548940
2021-08-31,2021-11-30,3,risk_category_score,risk_category_score,Risk Category,Category Composite,category,300,-0.0128796987
2021-09-30,2021-12-31,3,risk_category_score,risk_category_score,Risk Category,Category Composite,category,300,0.0525828649
2021-10-31,2022-01-31,3,risk_category_score,risk_category_score,Risk Category,Category Composite,category,300,0.1954723941
2021-11-30,2022-02-28,3,risk_category_score,risk_category_score,Risk Category,Category Composite,category,300,0.0941706124
2021-12-31,2022-03-31,3,risk_category_score,risk_category_score,Risk Category,Category Composite,category,300,0.0944699386
2022-01-31,2022-04-30,3,risk_category_score,risk_category_score,Risk Category,Category Composite,category,298,0.0117475171
2022-02-28,2022-05-31,3,risk_category_score,risk_category_score,Risk Category,Category Composite,category,299,0.0280043097
2022-03-31,2022-06-30,3,risk_category_score,risk_category_score,Risk Category,Category Composite,category,300,-0.1604845212
2022-04-30,2022-07-31,3,risk_category_score,risk_category_score,Risk Category,Category Composite,category,300,-0.1378553095
2022-05-31,2022-08-31,3,risk_category_score,risk_category_score,Risk Category,Category Composite,category,299,-0.0185540167
2022-06-30,2022-09-30,3,risk_category_score,risk_category_score,Risk Category,Category Composite,category,298,0.1585355927
2022-07-31,2022-10-31,3,risk_category_score,risk_category_score,Risk Category,Category Composite,category,300,0.1870780994
2022-08-31,2022-11-30,3,risk_category_score,risk_category_score,Risk Category,Category Composite,category,300,0.1728803845
2022-09-30,2022-12-31,3,risk_category_score,risk_category_score,Risk Category,Category Composite,category,300,0.1173155257
2022-10-31,2023-01-31,3,risk_category_score,risk_category_score,Risk Category,Category Composite,category,300,-0.1099052212
2022-11-30,2023-02-28,3,risk_category_score,risk_category_score,Risk Category,Category Composite,category,300,0.1936003948
2022-12-31,2023-03-31,3,risk_category_score,risk_category_score,Risk Category,Category Composite,category,300,0.2266207654
2023-01-31,2023-04-30,3,risk_category_score,risk_category_score,Risk Category,Category Composite,category,300,0.3616591697
2023-02-28,2023-05-31,3,risk_category_score,risk_category_score,Risk Category,Category Composite,category,300,0.2452711697
2023-03-31,2023-06-30,3,risk_category_score,risk_category_score,Risk Category,Category Composite,category,300,0.1448127201
2023-04-30,2023-07-31,3,risk_category_score,risk_category_score,Risk Category,Category Composite,category,300,0.1513203480
2023-05-31,2023-08-31,3,risk_category_score,risk_category_score,Risk Category,Category Composite,category,300,0.1550266286
2023-06-30,2023-09-30,3,risk_category_score,risk_category_score,Risk Category,Category Composite,category,300,0.0984717608
2023-07-31,2023-10-31,3,risk_category_score,risk_category_score,Risk Category,Category Composite,category,300,0.1967501861
2023-08-31,2023-11-30,3,risk_category_score,risk_category_score,Risk Category,Category Composite,category,300,0.1163235147
2023-09-30,2023-12-31,3,risk_category_score,risk_category_score,Risk Category,Category Composite,category,300,0.0978304203
2023-10-31,2024-01-31,3,risk_category_score,risk_category_score,Risk Category,Category Composite,category,300,0.1408602318
2023-11-30,2024-02-29,3,risk_category_score,risk_category_score,Risk Category,Category Composite,category,300,0.0777957619
2023-12-31,2024-03-31,3,risk_category_score,risk_category_score,Risk Category,Category Composite,category,300,0.0855627285
2024-01-31,2024-04-30,3,risk_category_score,risk_category_score,Risk Category,Category Composite,category,300,0.0285772128
2024-02-29,2024-05-31,3,risk_category_score,risk_category_score,Risk Category,Category Composite,category,300,0.1422193580
2024-03-31,2024-06-30,3,risk_category_score,risk_category_score,Risk Category,Category Composite,category,300,0.2043396265
2024-04-30,2024-07-31,3,risk_category_score,risk_category_score,Risk Category,Category Composite,category,300,0.1958199536
2024-05-31,2024-08-31,3,risk_category_score,risk_category_score,Risk Category,Category Composite,category,300,0.2555272836
2024-06-30,2024-09-30,3,risk_category_score,risk_category_score,Risk Category,Category Composite,category,298,-0.0989965307
2024-07-31,2024-10-31,3,risk_category_score,risk_category_score,Risk Category,Category Composite,category,300,-0.0867894088
2024-08-31,2024-11-30,3,risk_category_score,risk_category_score,Risk Category,Category Composite,category,300,-0.0626349182
2024-09-30,2024-12-31,3,risk_category_score,risk_category_score,Risk Category,Category Composite,category,298,0.1328721209
2024-10-31,2025-01-31,3,risk_category_score,risk_category_score,Risk Category,Category Composite,category,300,0.1586986522
2024-11-30,2025-02-28,3,risk_category_score,risk_category_score,Risk Category,Category Composite,category,299,0.2339806328
2024-12-31,2025-03-31,3,risk_category_score,risk_category_score,Risk Category,Category Composite,category,299,0.1153271532
2025-01-31,2025-04-30,3,risk_category_score,risk_category_score,Risk Category,Category Composite,category,299,0.0456941483
2025-02-28,2025-05-31,3,risk_category_score,risk_category_score,Risk Category,Category Composite,category,299,0.0857967370
2025-03-31,2025-06-30,3,risk_category_score,risk_category_score,Risk Category,Category Composite,category,300,-0.1382602183
2025-04-30,2025-07-31,3,risk_category_score,risk_category_score,Risk Category,Category Composite,category,300,-0.2406253403
2025-05-31,2025-08-31,3,risk_category_score,risk_category_score,Risk Category,Category Composite,category,299,-0.2744535476
2025-06-30,2025-09-30,3,risk_category_score,risk_category_score,Risk Category,Category Composite,category,298,-0.1452583341
2025-07-31,2025-10-31,3,risk_category_score,risk_category_score,Risk Category,Category Composite,category,299,-0.0882592983
2025-08-31,2025-11-30,3,risk_category_score,risk_category_score,Risk Category,Category Composite,category,299,0.0243419901
2025-09-30,2025-12-31,3,risk_category_score,risk_category_score,Risk Category,Category Composite,category,300,0.0818813542
2025-10-31,2026-01-31,3,risk_category_score,risk_category_score,Risk Category,Category Composite,category,300,0.0961686241
2025-11-30,2026-02-28,3,risk_category_score,risk_category_score,Risk Category,Category Composite,category,300,0.0221558017
2025-12-31,2026-03-31,3,risk_category_score,risk_category_score,Risk Category,Category Composite,category,299,0.1503441000
2026-01-31,2026-04-30,3,risk_category_score,risk_category_score,Risk Category,Category Composite,category,300,0.0211309015
2026-02-28,2026-05-31,3,risk_category_score,risk_category_score,Risk Category,Category Composite,category,300,-0.0090521006
2026-03-31,2026-06-30,3,risk_category_score,risk_category_score,Risk Category,Category Composite,category,300,-0.1288605429
2026-04-30,2026-07-31,3,risk_category_score,risk_category_score,Risk Category,Category Composite,category,300,0.1623849154
2026-05-31,2026-08-31,3,risk_category_score,risk_category_score,Risk Category,Category Composite,category,300,0.1805260058
2026-06-30,2026-09-08,3,risk_category_score,risk_category_score,Risk Category,Category Composite,category,300,0.1628351426
2019-07-31,2019-08-31,1,trend_category_score,trend_category_score,Trend Category,Category Composite,category,300,0.1898812420
2019-08-31,2019-09-30,1,trend_category_score,trend_category_score,Trend Category,Category Composite,category,300,-0.1058735515
2019-09-30,2019-10-31,1,trend_category_score,trend_category_score,Trend Category,Category Composite,category,300,0.1257574811
2019-10-31,2019-11-30,1,trend_category_score,trend_category_score,Trend Category,Category Composite,category,300,0.1037618311
2019-11-30,2019-12-31,1,trend_category_score,trend_category_score,Trend Category,Category Composite,category,300,-0.0048867215
2019-12-31,2020-01-31,1,trend_category_score,trend_category_score,Trend Category,Category Composite,category,300,-0.0543654990
2020-01-31,2020-02-29,1,trend_category_score,trend_category_score,Trend Category,Category Composite,category,300,0.0516174796
2020-02-29,2020-03-31,1,trend_category_score,trend_category_score,Trend Category,Category Composite,category,300,0.0672474139
2020-03-31,2020-04-30,1,trend_category_score,trend_category_score,Trend Category,Category Composite,category,299,-0.1196265009
2020-04-30,2020-05-31,1,trend_category_score,trend_category_score,Trend Category,Category Composite,category,299,0.0317213979
2020-05-31,2020-06-30,1,trend_category_score,trend_category_score,Trend Category,Category Composite,category,299,-0.0075298024
2020-06-30,2020-07-31,1,trend_category_score,trend_category_score,Trend Category,Category Composite,category,299,0.0615649480
2020-07-31,2020-08-31,1,trend_category_score,trend_category_score,Trend Category,Category Composite,category,300,-0.0232620492
2020-08-31,2020-09-30,1,trend_category_score,trend_category_score,Trend Category,Category Composite,category,300,-0.0012844587
2020-09-30,2020-10-31,1,trend_category_score,trend_category_score,Trend Category,Category Composite,category,300,0.0419058921
2020-10-31,2020-11-30,1,trend_category_score,trend_category_score,Trend Category,Category Composite,category,300,0.0603046768
2020-11-30,2020-12-31,1,trend_category_score,trend_category_score,Trend Category,Category Composite,category,300,0.1390226867
2020-12-31,2021-01-31,1,trend_category_score,trend_category_score,Trend Category,Category Composite,category,300,0.2298674430
2021-01-31,2021-02-28,1,trend_category_score,trend_category_score,Trend Category,Category Composite,category,300,-0.2228428227
2021-02-28,2021-03-31,1,trend_category_score,trend_category_score,Trend Category,Category Composite,category,300,0.1024755944
2021-03-31,2021-04-30,1,trend_category_score,trend_category_score,Trend Category,Category Composite,category,300,-0.1305873013
2021-04-30,2021-05-31,1,trend_category_score,trend_category_score,Trend Category,Category Composite,category,300,-0.0494250485
2021-05-31,2021-06-30,1,trend_category_score,trend_category_score,Trend Category,Category Composite,category,299,0.1404379408
2021-06-30,2021-07-31,1,trend_category_score,trend_category_score,Trend Category,Category Composite,category,299,0.0809369401
2021-07-31,2021-08-31,1,trend_category_score,trend_category_score,Trend Category,Category Composite,category,300,-0.0042240469
2021-08-31,2021-09-30,1,trend_category_score,trend_category_score,Trend Category,Category Composite,category,300,-0.1600369071
2021-09-30,2021-10-31,1,trend_category_score,trend_category_score,Trend Category,Category Composite,category,300,-0.1411234242
2021-10-31,2021-11-30,1,trend_category_score,trend_category_score,Trend Category,Category Composite,category,300,-0.0165864139
2021-11-30,2021-12-31,1,trend_category_score,trend_category_score,Trend Category,Category Composite,category,300,-0.1658154164
2021-12-31,2022-01-31,1,trend_category_score,trend_category_score,Trend Category,Category Composite,category,300,0.0641287125
2022-01-31,2022-02-28,1,trend_category_score,trend_category_score,Trend Category,Category Composite,category,298,-0.1947097622
2022-02-28,2022-03-31,1,trend_category_score,trend_category_score,Trend Category,Category Composite,category,299,0.0503358006
2022-03-31,2022-04-30,1,trend_category_score,trend_category_score,Trend Category,Category Composite,category,300,-0.0118832445
2022-04-30,2022-05-31,1,trend_category_score,trend_category_score,Trend Category,Category Composite,category,300,-0.2086787631
2022-05-31,2022-06-30,1,trend_category_score,trend_category_score,Trend Category,Category Composite,category,299,-0.1126529273
2022-06-30,2022-07-31,1,trend_category_score,trend_category_score,Trend Category,Category Composite,category,298,-0.1077654959
2022-07-31,2022-08-31,1,trend_category_score,trend_category_score,Trend Category,Category Composite,category,300,-0.1221615931
2022-08-31,2022-09-30,1,trend_category_score,trend_category_score,Trend Category,Category Composite,category,300,0.1019618109
2022-09-30,2022-10-31,1,trend_category_score,trend_category_score,Trend Category,Category Composite,category,300,0.0246576183
2022-10-31,2022-11-30,1,trend_category_score,trend_category_score,Trend Category,Category Composite,category,300,-0.2987130968
2022-11-30,2022-12-31,1,trend_category_score,trend_category_score,Trend Category,Category Composite,category,300,0.0664918499
2022-12-31,2023-01-31,1,trend_category_score,trend_category_score,Trend Category,Category Composite,category,300,-0.1603005190
2023-01-31,2023-02-28,1,trend_category_score,trend_category_score,Trend Category,Category Composite,category,300,-0.0465098501
2023-02-28,2023-03-31,1,trend_category_score,trend_category_score,Trend Category,Category Composite,category,300,0.0432318233
2023-03-31,2023-04-30,1,trend_category_score,trend_category_score,Trend Category,Category Composite,category,300,0.1659062878
2023-04-30,2023-05-31,1,trend_category_score,trend_category_score,Trend Category,Category Composite,category,300,0.1276134321
2023-05-31,2023-06-30,1,trend_category_score,trend_category_score,Trend Category,Category Composite,category,300,-0.0155539523
2023-06-30,2023-07-31,1,trend_category_score,trend_category_score,Trend Category,Category Composite,category,300,-0.2154864182
2023-07-31,2023-08-31,1,trend_category_score,trend_category_score,Trend Category,Category Composite,category,300,0.0491112123
2023-08-31,2023-09-30,1,trend_category_score,trend_category_score,Trend Category,Category Composite,category,300,0.0615836142
2023-09-30,2023-10-31,1,trend_category_score,trend_category_score,Trend Category,Category Composite,category,300,0.1200591118
2023-10-31,2023-11-30,1,trend_category_score,trend_category_score,Trend Category,Category Composite,category,300,0.0514016880
2023-11-30,2023-12-31,1,trend_category_score,trend_category_score,Trend Category,Category Composite,category,300,0.0142932779
2023-12-31,2024-01-31,1,trend_category_score,trend_category_score,Trend Category,Category Composite,category,300,0.0590091001
2024-01-31,2024-02-29,1,trend_category_score,trend_category_score,Trend Category,Category Composite,category,300,-0.2026009403
2024-02-29,2024-03-31,1,trend_category_score,trend_category_score,Trend Category,Category Composite,category,300,0.2063698486
2024-03-31,2024-04-30,1,trend_category_score,trend_category_score,Trend Category,Category Composite,category,300,0.1241290037
2024-04-30,2024-05-31,1,trend_category_score,trend_category_score,Trend Category,Category Composite,category,300,0.0166892984
2024-05-31,2024-06-30,1,trend_category_score,trend_category_score,Trend Category,Category Composite,category,300,0.2738657096
2024-06-30,2024-07-31,1,trend_category_score,trend_category_score,Trend Category,Category Composite,category,300,-0.1066918521
2024-07-31,2024-08-31,1,trend_category_score,trend_category_score,Trend Category,Category Composite,category,300,0.0818815856
2024-08-31,2024-09-30,1,trend_category_score,trend_category_score,Trend Category,Category Composite,category,298,-0.2777466025
2024-09-30,2024-10-31,1,trend_category_score,trend_category_score,Trend Category,Category Composite,category,298,0.0201725568
2024-10-31,2024-11-30,1,trend_category_score,trend_category_score,Trend Category,Category Composite,category,300,-0.0108321324
2024-11-30,2024-12-31,1,trend_category_score,trend_category_score,Trend Category,Category Composite,category,300,-0.2595544395
2024-12-31,2025-01-31,1,trend_category_score,trend_category_score,Trend Category,Category Composite,category,300,0.0883649818
2025-01-31,2025-02-28,1,trend_category_score,trend_category_score,Trend Category,Category Composite,category,299,-0.2641144577
2025-02-28,2025-03-31,1,trend_category_score,trend_category_score,Trend Category,Category Composite,category,299,-0.0465340845
2025-03-31,2025-04-30,1,trend_category_score,trend_category_score,Trend Category,Category Composite,category,300,-0.0269271911
2025-04-30,2025-05-31,1,trend_category_score,trend_category_score,Trend Category,Category Composite,category,300,0.0393542238
2025-05-31,2025-06-30,1,trend_category_score,trend_category_score,Trend Category,Category Composite,category,300,-0.0606197914
2025-06-30,2025-07-31,1,trend_category_score,trend_category_score,Trend Category,Category Composite,category,299,0.0481048686
2025-07-31,2025-08-31,1,trend_category_score,trend_category_score,Trend Category,Category Composite,category,299,-0.0575123538
2025-08-31,2025-09-30,1,trend_category_score,trend_category_score,Trend Category,Category Composite,category,299,0.0781257435
2025-09-30,2025-10-31,1,trend_category_score,trend_category_score,Trend Category,Category Composite,category,300,-0.1033157720
2025-10-31,2025-11-30,1,trend_category_score,trend_category_score,Trend Category,Category Composite,category,300,0.0064894054
2025-11-30,2025-12-31,1,trend_category_score,trend_category_score,Trend Category,Category Composite,category,300,0.0558930655
2025-12-31,2026-01-31,1,trend_category_score,trend_category_score,Trend Category,Category Composite,category,299,0.0023213871
2026-01-31,2026-02-28,1,trend_category_score,trend_category_score,Trend Category,Category Composite,category,300,-0.0380488672
2026-02-28,2026-03-31,1,trend_category_score,trend_category_score,Trend Category,Category Composite,category,300,-0.0444567211
2026-03-31,2026-04-30,1,trend_category_score,trend_category_score,Trend Category,Category Composite,category,300,-0.0237424966
2026-04-30,2026-05-31,1,trend_category_score,trend_category_score,Trend Category,Category Composite,category,300,-0.0105681174
2026-05-31,2026-06-30,1,trend_category_score,trend_category_score,Trend Category,Category Composite,category,300,0.0993486705
2026-06-30,2026-07-31,1,trend_category_score,trend_category_score,Trend Category,Category Composite,category,300,-0.3252053912
2026-07-31,2026-08-31,1,trend_category_score,trend_category_score,Trend Category,Category Composite,category,300,-0.2559706503
2026-08-31,2026-09-08,1,trend_category_score,trend_category_score,Trend Category,Category Composite,category,300,0.1247435246
2019-07-31,2019-10-31,3,trend_category_score,trend_category_score,Trend Category,Category Composite,category,300,0.1314596829
2019-08-31,2019-11-30,3,trend_category_score,trend_category_score,Trend Category,Category Composite,category,300,-0.0287738817
2019-09-30,2019-12-31,3,trend_category_score,trend_category_score,Trend Category,Category Composite,category,300,0.1346934966
2019-10-31,2020-01-31,3,trend_category_score,trend_category_score,Trend Category,Category Composite,category,300,0.0485832119
2019-11-30,2020-02-29,3,trend_category_score,trend_category_score,Trend Category,Category Composite,category,300,0.0130761453
2019-12-31,2020-03-31,3,trend_category_score,trend_category_score,Trend Category,Category Composite,category,300,-0.0731621462
2020-01-31,2020-04-30,3,trend_category_score,trend_category_score,Trend Category,Category Composite,category,299,0.0570227572
2020-02-29,2020-05-31,3,trend_category_score,trend_category_score,Trend Category,Category Composite,category,299,0.0909501470
2020-03-31,2020-06-30,3,trend_category_score,trend_category_score,Trend Category,Category Composite,category,300,-0.1401366682
2020-04-30,2020-07-31,3,trend_category_score,trend_category_score,Trend Category,Category Composite,category,299,0.1469448497
2020-05-31,2020-08-31,3,trend_category_score,trend_category_score,Trend Category,Category Composite,category,299,0.1460418561
2020-06-30,2020-09-30,3,trend_category_score,trend_category_score,Trend Category,Category Composite,category,299,0.1233857826
2020-07-31,2020-10-31,3,trend_category_score,trend_category_score,Trend Category,Category Composite,category,300,0.0069045219
2020-08-31,2020-11-30,3,trend_category_score,trend_category_score,Trend Category,Category Composite,category,300,-0.0078747542
2020-09-30,2020-12-31,3,trend_category_score,trend_category_score,Trend Category,Category Composite,category,300,0.1320472450
2020-10-31,2021-01-31,3,trend_category_score,trend_category_score,Trend Category,Category Composite,category,300,0.2253341156
2020-11-30,2021-02-28,3,trend_category_score,trend_category_score,Trend Category,Category Composite,category,300,0.1781930910
2020-12-31,2021-03-31,3,trend_category_score,trend_category_score,Trend Category,Category Composite,category,300,-0.0540677119
2021-01-31,2021-04-30,3,trend_category_score,trend_category_score,Trend Category,Category Composite,category,300,-0.0705114815
2021-02-28,2021-05-31,3,trend_category_score,trend_category_score,Trend Category,Category Composite,category,300,-0.0204937878
2021-03-31,2021-06-30,3,trend_category_score,trend_category_score,Trend Category,Category Composite,category,299,-0.1981746985
2021-04-30,2021-07-31,3,trend_category_score,trend_category_score,Trend Category,Category Composite,category,300,0.0001133346
2021-05-31,2021-08-31,3,trend_category_score,trend_category_score,Trend Category,Category Composite,category,300,0.0684063232
2021-06-30,2021-09-30,3,trend_category_score,trend_category_score,Trend Category,Category Composite,category,298,-0.0606466726
2021-07-31,2021-10-31,3,trend_category_score,trend_category_score,Trend Category,Category Composite,category,300,-0.0107352316
2021-08-31,2021-11-30,3,trend_category_score,trend_category_score,Trend Category,Category Composite,category,300,-0.0711159013
2021-09-30,2021-12-31,3,trend_category_score,trend_category_score,Trend Category,Category Composite,category,300,-0.0547137859
2021-10-31,2022-01-31,3,trend_category_score,trend_category_score,Trend Category,Category Composite,category,300,-0.0571330793
2021-11-30,2022-02-28,3,trend_category_score,trend_category_score,Trend Category,Category Composite,category,300,-0.1081405469
2021-12-31,2022-03-31,3,trend_category_score,trend_category_score,Trend Category,Category Composite,category,300,-0.0905614507
2022-01-31,2022-04-30,3,trend_category_score,trend_category_score,Trend Category,Category Composite,category,298,-0.0037272004
2022-02-28,2022-05-31,3,trend_category_score,trend_category_score,Trend Category,Category Composite,category,299,-0.0212246663
2022-03-31,2022-06-30,3,trend_category_score,trend_category_score,Trend Category,Category Composite,category,300,-0.1688639701
2022-04-30,2022-07-31,3,trend_category_score,trend_category_score,Trend Category,Category Composite,category,300,-0.2235198169
2022-05-31,2022-08-31,3,trend_category_score,trend_category_score,Trend Category,Category Composite,category,299,-0.0297658863
2022-06-30,2022-09-30,3,trend_category_score,trend_category_score,Trend Category,Category Composite,category,298,-0.1103665326
2022-07-31,2022-10-31,3,trend_category_score,trend_category_score,Trend Category,Category Composite,category,300,0.0189866575
2022-08-31,2022-11-30,3,trend_category_score,trend_category_score,Trend Category,Category Composite,category,300,-0.0032460364
2022-09-30,2022-12-31,3,trend_category_score,trend_category_score,Trend Category,Category Composite,category,300,-0.0027631418
2022-10-31,2023-01-31,3,trend_category_score,trend_category_score,Trend Category,Category Composite,category,300,-0.3685694285
2022-11-30,2023-02-28,3,trend_category_score,trend_category_score,Trend Category,Category Composite,category,300,0.0540983849
2022-12-31,2023-03-31,3,trend_category_score,trend_category_score,Trend Category,Category Composite,category,300,0.0105572296
2023-01-31,2023-04-30,3,trend_category_score,trend_category_score,Trend Category,Category Composite,category,300,-0.0558721826
2023-02-28,2023-05-31,3,trend_category_score,trend_category_score,Trend Category,Category Composite,category,300,0.0672416435
2023-03-31,2023-06-30,3,trend_category_score,trend_category_score,Trend Category,Category Composite,category,300,0.2513014589
2023-04-30,2023-07-31,3,trend_category_score,trend_category_score,Trend Category,Category Composite,category,300,0.0056751742
2023-05-31,2023-08-31,3,trend_category_score,trend_category_score,Trend Category,Category Composite,category,300,-0.0227613665
2023-06-30,2023-09-30,3,trend_category_score,trend_category_score,Trend Category,Category Composite,category,300,-0.1335541654
2023-07-31,2023-10-31,3,trend_category_score,trend_category_score,Trend Category,Category Composite,category,300,0.0901476683
2023-08-31,2023-11-30,3,trend_category_score,trend_category_score,Trend Category,Category Composite,category,300,0.0958270754
2023-09-30,2023-12-31,3,trend_category_score,trend_category_score,Trend Category,Category Composite,category,300,0.1013797931
2023-10-31,2024-01-31,3,trend_category_score,trend_category_score,Trend Category,Category Composite,category,300,-0.0098667763
2023-11-30,2024-02-29,3,trend_category_score,trend_category_score,Trend Category,Category Composite,category,300,-0.0542352753
2023-12-31,2024-03-31,3,trend_category_score,trend_category_score,Trend Category,Category Composite,category,300,0.0722452472
2024-01-31,2024-04-30,3,trend_category_score,trend_category_score,Trend Category,Category Composite,category,300,0.1368471065
2024-02-29,2024-05-31,3,trend_category_score,trend_category_score,Trend Category,Category Composite,category,300,0.1683365371
2024-03-31,2024-06-30,3,trend_category_score,trend_category_score,Trend Category,Category Composite,category,300,0.1230720478
2024-04-30,2024-07-31,3,trend_category_score,trend_category_score,Trend Category,Category Composite,category,300,0.1124743733
2024-05-31,2024-08-31,3,trend_category_score,trend_category_score,Trend Category,Category Composite,category,300,0.1931937022
2024-06-30,2024-09-30,3,trend_category_score,trend_category_score,Trend Category,Category Composite,category,298,-0.2255465505
2024-07-31,2024-10-31,3,trend_category_score,trend_category_score,Trend Category,Category Composite,category,300,-0.1198615673
2024-08-31,2024-11-30,3,trend_category_score,trend_category_score,Trend Category,Category Composite,category,300,-0.1345441616
2024-09-30,2024-12-31,3,trend_category_score,trend_category_score,Trend Category,Category Composite,category,298,-0.1256678166
2024-10-31,2025-01-31,3,trend_category_score,trend_category_score,Trend Category,Category Composite,category,300,-0.2127623640
2024-11-30,2025-02-28,3,trend_category_score,trend_category_score,Trend Category,Category Composite,category,299,-0.2045741066
2024-12-31,2025-03-31,3,trend_category_score,trend_category_score,Trend Category,Category Composite,category,299,0.0147996678
2025-01-31,2025-04-30,3,trend_category_score,trend_category_score,Trend Category,Category Composite,category,299,-0.0560732643
2025-02-28,2025-05-31,3,trend_category_score,trend_category_score,Trend Category,Category Composite,category,299,-0.1094873414
2025-03-31,2025-06-30,3,trend_category_score,trend_category_score,Trend Category,Category Composite,category,300,-0.0821473663
2025-04-30,2025-07-31,3,trend_category_score,trend_category_score,Trend Category,Category Composite,category,300,-0.1987257636
2025-05-31,2025-08-31,3,trend_category_score,trend_category_score,Trend Category,Category Composite,category,299,-0.1487109156
2025-06-30,2025-09-30,3,trend_category_score,trend_category_score,Trend Category,Category Composite,category,298,0.0128875113
2025-07-31,2025-10-31,3,trend_category_score,trend_category_score,Trend Category,Category Composite,category,299,-0.0265295953
2025-08-31,2025-11-30,3,trend_category_score,trend_category_score,Trend Category,Category Composite,category,299,0.0393652219
2025-09-30,2025-12-31,3,trend_category_score,trend_category_score,Trend Category,Category Composite,category,300,-0.0372617474
2025-10-31,2026-01-31,3,trend_category_score,trend_category_score,Trend Category,Category Composite,category,300,0.0847378304
2025-11-30,2026-02-28,3,trend_category_score,trend_category_score,Trend Category,Category Composite,category,300,0.0386310959
2025-12-31,2026-03-31,3,trend_category_score,trend_category_score,Trend Category,Category Composite,category,299,0.0908998676
2026-01-31,2026-04-30,3,trend_category_score,trend_category_score,Trend Category,Category Composite,category,300,0.0509094545
2026-02-28,2026-05-31,3,trend_category_score,trend_category_score,Trend Category,Category Composite,category,300,0.0226700297
2026-03-31,2026-06-30,3,trend_category_score,trend_category_score,Trend Category,Category Composite,category,300,-0.0773879710
2026-04-30,2026-07-31,3,trend_category_score,trend_category_score,Trend Category,Category Composite,category,300,-0.0398462205
2026-05-31,2026-08-31,3,trend_category_score,trend_category_score,Trend Category,Category Composite,category,300,-0.0242536055
2026-06-30,2026-09-08,3,trend_category_score,trend_category_score,Trend Category,Category Composite,category,300,-0.2701750019
2019-07-31,2019-08-31,1,liquidity_category_score,liquidity_category_score,Liquidity Category,Category Composite,category,300,0.0372677516
2019-08-31,2019-09-30,1,liquidity_category_score,liquidity_category_score,Liquidity Category,Category Composite,category,300,0.1201817045
2019-09-30,2019-10-31,1,liquidity_category_score,liquidity_category_score,Liquidity Category,Category Composite,category,300,-0.0236876123
2019-10-31,2019-11-30,1,liquidity_category_score,liquidity_category_score,Liquidity Category,Category Composite,category,300,-0.0104172280
2019-11-30,2019-12-31,1,liquidity_category_score,liquidity_category_score,Liquidity Category,Category Composite,category,300,0.1895541272
2019-12-31,2020-01-31,1,liquidity_category_score,liquidity_category_score,Liquidity Category,Category Composite,category,300,0.0693512227
2020-01-31,2020-02-29,1,liquidity_category_score,liquidity_category_score,Liquidity Category,Category Composite,category,300,0.1463876591
2020-02-29,2020-03-31,1,liquidity_category_score,liquidity_category_score,Liquidity Category,Category Composite,category,300,-0.1162821809
2020-03-31,2020-04-30,1,liquidity_category_score,liquidity_category_score,Liquidity Category,Category Composite,category,299,0.2450096048
2020-04-30,2020-05-31,1,liquidity_category_score,liquidity_category_score,Liquidity Category,Category Composite,category,299,-0.0189320105
2020-05-31,2020-06-30,1,liquidity_category_score,liquidity_category_score,Liquidity Category,Category Composite,category,299,0.1202750333
2020-06-30,2020-07-31,1,liquidity_category_score,liquidity_category_score,Liquidity Category,Category Composite,category,299,-0.0292747638
2020-07-31,2020-08-31,1,liquidity_category_score,liquidity_category_score,Liquidity Category,Category Composite,category,300,-0.0485001160
2020-08-31,2020-09-30,1,liquidity_category_score,liquidity_category_score,Liquidity Category,Category Composite,category,300,-0.0343261592
2020-09-30,2020-10-31,1,liquidity_category_score,liquidity_category_score,Liquidity Category,Category Composite,category,300,0.0006293417
2020-10-31,2020-11-30,1,liquidity_category_score,liquidity_category_score,Liquidity Category,Category Composite,category,300,0.0305350093
2020-11-30,2020-12-31,1,liquidity_category_score,liquidity_category_score,Liquidity Category,Category Composite,category,300,0.1042500704
2020-12-31,2021-01-31,1,liquidity_category_score,liquidity_category_score,Liquidity Category,Category Composite,category,300,0.0383128701
2021-01-31,2021-02-28,1,liquidity_category_score,liquidity_category_score,Liquidity Category,Category Composite,category,300,-0.0401502685
2021-02-28,2021-03-31,1,liquidity_category_score,liquidity_category_score,Liquidity Category,Category Composite,category,300,-0.1251071679
2021-03-31,2021-04-30,1,liquidity_category_score,liquidity_category_score,Liquidity Category,Category Composite,category,300,0.1187151496
2021-04-30,2021-05-31,1,liquidity_category_score,liquidity_category_score,Liquidity Category,Category Composite,category,300,0.0700486339
2021-05-31,2021-06-30,1,liquidity_category_score,liquidity_category_score,Liquidity Category,Category Composite,category,299,0.0413229782
2021-06-30,2021-07-31,1,liquidity_category_score,liquidity_category_score,Liquidity Category,Category Composite,category,299,0.0117977150
2021-07-31,2021-08-31,1,liquidity_category_score,liquidity_category_score,Liquidity Category,Category Composite,category,300,-0.0615073501
2021-08-31,2021-09-30,1,liquidity_category_score,liquidity_category_score,Liquidity Category,Category Composite,category,300,-0.1248054006
2021-09-30,2021-10-31,1,liquidity_category_score,liquidity_category_score,Liquidity Category,Category Composite,category,300,0.0855560998
2021-10-31,2021-11-30,1,liquidity_category_score,liquidity_category_score,Liquidity Category,Category Composite,category,300,-0.0169104176
2021-11-30,2021-12-31,1,liquidity_category_score,liquidity_category_score,Liquidity Category,Category Composite,category,300,-0.0578635382
2021-12-31,2022-01-31,1,liquidity_category_score,liquidity_category_score,Liquidity Category,Category Composite,category,300,-0.1362508472
2022-01-31,2022-02-28,1,liquidity_category_score,liquidity_category_score,Liquidity Category,Category Composite,category,298,0.1281763975
2022-02-28,2022-03-31,1,liquidity_category_score,liquidity_category_score,Liquidity Category,Category Composite,category,299,0.0538811699
2022-03-31,2022-04-30,1,liquidity_category_score,liquidity_category_score,Liquidity Category,Category Composite,category,300,-0.1228689208
2022-04-30,2022-05-31,1,liquidity_category_score,liquidity_category_score,Liquidity Category,Category Composite,category,300,0.0188562095
2022-05-31,2022-06-30,1,liquidity_category_score,liquidity_category_score,Liquidity Category,Category Composite,category,299,0.1586826512
2022-06-30,2022-07-31,1,liquidity_category_score,liquidity_category_score,Liquidity Category,Category Composite,category,298,-0.0978234229
2022-07-31,2022-08-31,1,liquidity_category_score,liquidity_category_score,Liquidity Category,Category Composite,category,300,-0.0879629871
2022-08-31,2022-09-30,1,liquidity_category_score,liquidity_category_score,Liquidity Category,Category Composite,category,300,-0.1467067575
2022-09-30,2022-10-31,1,liquidity_category_score,liquidity_category_score,Liquidity Category,Category Composite,category,300,-0.0839245254
2022-10-31,2022-11-30,1,liquidity_category_score,liquidity_category_score,Liquidity Category,Category Composite,category,300,-0.0371084123
2022-11-30,2022-12-31,1,liquidity_category_score,liquidity_category_score,Liquidity Category,Category Composite,category,300,-0.0501298903
2022-12-31,2023-01-31,1,liquidity_category_score,liquidity_category_score,Liquidity Category,Category Composite,category,300,0.1498777319
2023-01-31,2023-02-28,1,liquidity_category_score,liquidity_category_score,Liquidity Category,Category Composite,category,300,-0.3522523584
2023-02-28,2023-03-31,1,liquidity_category_score,liquidity_category_score,Liquidity Category,Category Composite,category,300,-0.0855331821
2023-03-31,2023-04-30,1,liquidity_category_score,liquidity_category_score,Liquidity Category,Category Composite,category,300,0.0246144957
2023-04-30,2023-05-31,1,liquidity_category_score,liquidity_category_score,Liquidity Category,Category Composite,category,300,-0.1042047250
2023-05-31,2023-06-30,1,liquidity_category_score,liquidity_category_score,Liquidity Category,Category Composite,category,300,-0.0235342641
2023-06-30,2023-07-31,1,liquidity_category_score,liquidity_category_score,Liquidity Category,Category Composite,category,300,-0.0961868465
2023-07-31,2023-08-31,1,liquidity_category_score,liquidity_category_score,Liquidity Category,Category Composite,category,300,-0.1284974277
2023-08-31,2023-09-30,1,liquidity_category_score,liquidity_category_score,Liquidity Category,Category Composite,category,300,-0.0618531661
2023-09-30,2023-10-31,1,liquidity_category_score,liquidity_category_score,Liquidity Category,Category Composite,category,300,0.0199713330
2023-10-31,2023-11-30,1,liquidity_category_score,liquidity_category_score,Liquidity Category,Category Composite,category,300,-0.1211215815
2023-11-30,2023-12-31,1,liquidity_category_score,liquidity_category_score,Liquidity Category,Category Composite,category,300,0.0032302599
2023-12-31,2024-01-31,1,liquidity_category_score,liquidity_category_score,Liquidity Category,Category Composite,category,300,-0.0689127657
2024-01-31,2024-02-29,1,liquidity_category_score,liquidity_category_score,Liquidity Category,Category Composite,category,300,0.1482118855
2024-02-29,2024-03-31,1,liquidity_category_score,liquidity_category_score,Liquidity Category,Category Composite,category,300,-0.0295634396
2024-03-31,2024-04-30,1,liquidity_category_score,liquidity_category_score,Liquidity Category,Category Composite,category,300,-0.1130546523
2024-04-30,2024-05-31,1,liquidity_category_score,liquidity_category_score,Liquidity Category,Category Composite,category,300,-0.0266838520
2024-05-31,2024-06-30,1,liquidity_category_score,liquidity_category_score,Liquidity Category,Category Composite,category,300,0.0245104946
2024-06-30,2024-07-31,1,liquidity_category_score,liquidity_category_score,Liquidity Category,Category Composite,category,300,-0.0241860465
2024-07-31,2024-08-31,1,liquidity_category_score,liquidity_category_score,Liquidity Category,Category Composite,category,300,-0.1230578118
2024-08-31,2024-09-30,1,liquidity_category_score,liquidity_category_score,Liquidity Category,Category Composite,category,298,0.0970570784
2024-09-30,2024-10-31,1,liquidity_category_score,liquidity_category_score,Liquidity Category,Category Composite,category,298,0.1253098539
2024-10-31,2024-11-30,1,liquidity_category_score,liquidity_category_score,Liquidity Category,Category Composite,category,300,-0.0927184666
2024-11-30,2024-12-31,1,liquidity_category_score,liquidity_category_score,Liquidity Category,Category Composite,category,300,-0.0790511006
2024-12-31,2025-01-31,1,liquidity_category_score,liquidity_category_score,Liquidity Category,Category Composite,category,300,-0.0228300314
2025-01-31,2025-02-28,1,liquidity_category_score,liquidity_category_score,Liquidity Category,Category Composite,category,299,-0.0400848916
2025-02-28,2025-03-31,1,liquidity_category_score,liquidity_category_score,Liquidity Category,Category Composite,category,299,-0.0352732823
2025-03-31,2025-04-30,1,liquidity_category_score,liquidity_category_score,Liquidity Category,Category Composite,category,300,-0.0627153705
2025-04-30,2025-05-31,1,liquidity_category_score,liquidity_category_score,Liquidity Category,Category Composite,category,300,-0.0066927425
2025-05-31,2025-06-30,1,liquidity_category_score,liquidity_category_score,Liquidity Category,Category Composite,category,300,0.1128654888
2025-06-30,2025-07-31,1,liquidity_category_score,liquidity_category_score,Liquidity Category,Category Composite,category,299,0.0791205585
2025-07-31,2025-08-31,1,liquidity_category_score,liquidity_category_score,Liquidity Category,Category Composite,category,299,0.0840161658
2025-08-31,2025-09-30,1,liquidity_category_score,liquidity_category_score,Liquidity Category,Category Composite,category,299,-0.0015609077
2025-09-30,2025-10-31,1,liquidity_category_score,liquidity_category_score,Liquidity Category,Category Composite,category,300,-0.1040288938
2025-10-31,2025-11-30,1,liquidity_category_score,liquidity_category_score,Liquidity Category,Category Composite,category,300,-0.0353777264
2025-11-30,2025-12-31,1,liquidity_category_score,liquidity_category_score,Liquidity Category,Category Composite,category,300,-0.0431960355
2025-12-31,2026-01-31,1,liquidity_category_score,liquidity_category_score,Liquidity Category,Category Composite,category,299,0.0496411412
2026-01-31,2026-02-28,1,liquidity_category_score,liquidity_category_score,Liquidity Category,Category Composite,category,300,0.1180675341
2026-02-28,2026-03-31,1,liquidity_category_score,liquidity_category_score,Liquidity Category,Category Composite,category,300,-0.0187397659
2026-03-31,2026-04-30,1,liquidity_category_score,liquidity_category_score,Liquidity Category,Category Composite,category,300,0.1493843929
2026-04-30,2026-05-31,1,liquidity_category_score,liquidity_category_score,Liquidity Category,Category Composite,category,300,0.0062240692
2026-05-31,2026-06-30,1,liquidity_category_score,liquidity_category_score,Liquidity Category,Category Composite,category,300,0.1285645396
2026-06-30,2026-07-31,1,liquidity_category_score,liquidity_category_score,Liquidity Category,Category Composite,category,300,-0.3877958644
2026-07-31,2026-08-31,1,liquidity_category_score,liquidity_category_score,Liquidity Category,Category Composite,category,300,0.1075009842
2026-08-31,2026-09-08,1,liquidity_category_score,liquidity_category_score,Liquidity Category,Category Composite,category,300,-0.1216630425
2019-07-31,2019-10-31,3,liquidity_category_score,liquidity_category_score,Liquidity Category,Category Composite,category,300,0.0824026934
2019-08-31,2019-11-30,3,liquidity_category_score,liquidity_category_score,Liquidity Category,Category Composite,category,300,0.0154659496
2019-09-30,2019-12-31,3,liquidity_category_score,liquidity_category_score,Liquidity Category,Category Composite,category,300,0.0236775964
2019-10-31,2020-01-31,3,liquidity_category_score,liquidity_category_score,Liquidity Category,Category Composite,category,300,0.1269245355
2019-11-30,2020-02-29,3,liquidity_category_score,liquidity_category_score,Liquidity Category,Category Composite,category,300,0.1767575195
2019-12-31,2020-03-31,3,liquidity_category_score,liquidity_category_score,Liquidity Category,Category Composite,category,300,0.0417764642
2020-01-31,2020-04-30,3,liquidity_category_score,liquidity_category_score,Liquidity Category,Category Composite,category,299,0.1473538523
2020-02-29,2020-05-31,3,liquidity_category_score,liquidity_category_score,Liquidity Category,Category Composite,category,299,0.0932930798
2020-03-31,2020-06-30,3,liquidity_category_score,liquidity_category_score,Liquidity Category,Category Composite,category,300,0.1849656107
2020-04-30,2020-07-31,3,liquidity_category_score,liquidity_category_score,Liquidity Category,Category Composite,category,299,0.0170124127
2020-05-31,2020-08-31,3,liquidity_category_score,liquidity_category_score,Liquidity Category,Category Composite,category,299,0.0686714103
2020-06-30,2020-09-30,3,liquidity_category_score,liquidity_category_score,Liquidity Category,Category Composite,category,299,-0.0195730736
2020-07-31,2020-10-31,3,liquidity_category_score,liquidity_category_score,Liquidity Category,Category Composite,category,300,-0.0485663174
2020-08-31,2020-11-30,3,liquidity_category_score,liquidity_category_score,Liquidity Category,Category Composite,category,300,-0.0036489294
2020-09-30,2020-12-31,3,liquidity_category_score,liquidity_category_score,Liquidity Category,Category Composite,category,300,0.0809702330
2020-10-31,2021-01-31,3,liquidity_category_score,liquidity_category_score,Liquidity Category,Category Composite,category,300,0.1064734196
2020-11-30,2021-02-28,3,liquidity_category_score,liquidity_category_score,Liquidity Category,Category Composite,category,300,0.1528581429
2020-12-31,2021-03-31,3,liquidity_category_score,liquidity_category_score,Liquidity Category,Category Composite,category,300,-0.1092629918
2021-01-31,2021-04-30,3,liquidity_category_score,liquidity_category_score,Liquidity Category,Category Composite,category,300,-0.0880334226
2021-02-28,2021-05-31,3,liquidity_category_score,liquidity_category_score,Liquidity Category,Category Composite,category,300,-0.0005311171
2021-03-31,2021-06-30,3,liquidity_category_score,liquidity_category_score,Liquidity Category,Category Composite,category,299,0.1381971224
2021-04-30,2021-07-31,3,liquidity_category_score,liquidity_category_score,Liquidity Category,Category Composite,category,300,0.0139277103
2021-05-31,2021-08-31,3,liquidity_category_score,liquidity_category_score,Liquidity Category,Category Composite,category,300,0.0501374460
2021-06-30,2021-09-30,3,liquidity_category_score,liquidity_category_score,Liquidity Category,Category Composite,category,298,-0.0871671531
2021-07-31,2021-10-31,3,liquidity_category_score,liquidity_category_score,Liquidity Category,Category Composite,category,300,-0.0488541038
2021-08-31,2021-11-30,3,liquidity_category_score,liquidity_category_score,Liquidity Category,Category Composite,category,300,-0.0100352226
2021-09-30,2021-12-31,3,liquidity_category_score,liquidity_category_score,Liquidity Category,Category Composite,category,300,-0.0183884470
2021-10-31,2022-01-31,3,liquidity_category_score,liquidity_category_score,Liquidity Category,Category Composite,category,300,-0.1664000711
2021-11-30,2022-02-28,3,liquidity_category_score,liquidity_category_score,Liquidity Category,Category Composite,category,300,-0.0575333123
2021-12-31,2022-03-31,3,liquidity_category_score,liquidity_category_score,Liquidity Category,Category Composite,category,300,-0.0003182258
2022-01-31,2022-04-30,3,liquidity_category_score,liquidity_category_score,Liquidity Category,Category Composite,category,298,-0.0405684190
2022-02-28,2022-05-31,3,liquidity_category_score,liquidity_category_score,Liquidity Category,Category Composite,category,299,0.0038818433
2022-03-31,2022-06-30,3,liquidity_category_score,liquidity_category_score,Liquidity Category,Category Composite,category,300,-0.0125650341
2022-04-30,2022-07-31,3,liquidity_category_score,liquidity_category_score,Liquidity Category,Category Composite,category,300,0.0209091212
2022-05-31,2022-08-31,3,liquidity_category_score,liquidity_category_score,Liquidity Category,Category Composite,category,299,0.0810168122
2022-06-30,2022-09-30,3,liquidity_category_score,liquidity_category_score,Liquidity Category,Category Composite,category,298,-0.1747662252
2022-07-31,2022-10-31,3,liquidity_category_score,liquidity_category_score,Liquidity Category,Category Composite,category,300,-0.1694359014
2022-08-31,2022-11-30,3,liquidity_category_score,liquidity_category_score,Liquidity Category,Category Composite,category,300,-0.1800155757
2022-09-30,2022-12-31,3,liquidity_category_score,liquidity_category_score,Liquidity Category,Category Composite,category,300,-0.1268276314
2022-10-31,2023-01-31,3,liquidity_category_score,liquidity_category_score,Liquidity Category,Category Composite,category,300,-0.0198375538
2022-11-30,2023-02-28,3,liquidity_category_score,liquidity_category_score,Liquidity Category,Category Composite,category,300,-0.1214469185
2022-12-31,2023-03-31,3,liquidity_category_score,liquidity_category_score,Liquidity Category,Category Composite,category,300,-0.1818233738
2023-01-31,2023-04-30,3,liquidity_category_score,liquidity_category_score,Liquidity Category,Category Composite,category,300,-0.2760559869
2023-02-28,2023-05-31,3,liquidity_category_score,liquidity_category_score,Liquidity Category,Category Composite,category,300,-0.1181550906
2023-03-31,2023-06-30,3,liquidity_category_score,liquidity_category_score,Liquidity Category,Category Composite,category,300,-0.0832942588
2023-04-30,2023-07-31,3,liquidity_category_score,liquidity_category_score,Liquidity Category,Category Composite,category,300,-0.2045964955
2023-05-31,2023-08-31,3,liquidity_category_score,liquidity_category_score,Liquidity Category,Category Composite,category,300,-0.1569686504
2023-06-30,2023-09-30,3,liquidity_category_score,liquidity_category_score,Liquidity Category,Category Composite,category,300,-0.1201795576
2023-07-31,2023-10-31,3,liquidity_category_score,liquidity_category_score,Liquidity Category,Category Composite,category,300,-0.1143257147
2023-08-31,2023-11-30,3,liquidity_category_score,liquidity_category_score,Liquidity Category,Category Composite,category,300,-0.1062011800
2023-09-30,2023-12-31,3,liquidity_category_score,liquidity_category_score,Liquidity Category,Category Composite,category,300,0.0145268281
2023-10-31,2024-01-31,3,liquidity_category_score,liquidity_category_score,Liquidity Category,Category Composite,category,300,-0.1369077434
2023-11-30,2024-02-29,3,liquidity_category_score,liquidity_category_score,Liquidity Category,Category Composite,category,300,-0.0014691276
2023-12-31,2024-03-31,3,liquidity_category_score,liquidity_category_score,Liquidity Category,Category Composite,category,300,0.0130308115
2024-01-31,2024-04-30,3,liquidity_category_score,liquidity_category_score,Liquidity Category,Category Composite,category,300,-0.0032595925
2024-02-29,2024-05-31,3,liquidity_category_score,liquidity_category_score,Liquidity Category,Category Composite,category,300,-0.1499194435
2024-03-31,2024-06-30,3,liquidity_category_score,liquidity_category_score,Liquidity Category,Category Composite,category,300,-0.0811557996
2024-04-30,2024-07-31,3,liquidity_category_score,liquidity_category_score,Liquidity Category,Category Composite,category,300,-0.0063009589
2024-05-31,2024-08-31,3,liquidity_category_score,liquidity_category_score,Liquidity Category,Category Composite,category,300,-0.1013953488
2024-06-30,2024-09-30,3,liquidity_category_score,liquidity_category_score,Liquidity Category,Category Composite,category,298,-0.0334572899
2024-07-31,2024-10-31,3,liquidity_category_score,liquidity_category_score,Liquidity Category,Category Composite,category,300,0.0743141590
2024-08-31,2024-11-30,3,liquidity_category_score,liquidity_category_score,Liquidity Category,Category Composite,category,300,0.1042842698
2024-09-30,2024-12-31,3,liquidity_category_score,liquidity_category_score,Liquidity Category,Category Composite,category,298,0.1064055745
2024-10-31,2025-01-31,3,liquidity_category_score,liquidity_category_score,Liquidity Category,Category Composite,category,300,-0.0929948111
2024-11-30,2025-02-28,3,liquidity_category_score,liquidity_category_score,Liquidity Category,Category Composite,category,299,-0.0696792518
2024-12-31,2025-03-31,3,liquidity_category_score,liquidity_category_score,Liquidity Category,Category Composite,category,299,-0.0264303832
2025-01-31,2025-04-30,3,liquidity_category_score,liquidity_category_score,Liquidity Category,Category Composite,category,299,-0.0764306076
2025-02-28,2025-05-31,3,liquidity_category_score,liquidity_category_score,Liquidity Category,Category Composite,category,299,-0.0519503549
2025-03-31,2025-06-30,3,liquidity_category_score,liquidity_category_score,Liquidity Category,Category Composite,category,300,0.0306694553
2025-04-30,2025-07-31,3,liquidity_category_score,liquidity_category_score,Liquidity Category,Category Composite,category,300,0.0805457838
2025-05-31,2025-08-31,3,liquidity_category_score,liquidity_category_score,Liquidity Category,Category Composite,category,299,0.1357419587
2025-06-30,2025-09-30,3,liquidity_category_score,liquidity_category_score,Liquidity Category,Category Composite,category,298,0.1286980374
2025-07-31,2025-10-31,3,liquidity_category_score,liquidity_category_score,Liquidity Category,Category Composite,category,299,0.0210266885
2025-08-31,2025-11-30,3,liquidity_category_score,liquidity_category_score,Liquidity Category,Category Composite,category,299,-0.0627514534
2025-09-30,2025-12-31,3,liquidity_category_score,liquidity_category_score,Liquidity Category,Category Composite,category,300,-0.0582322026
2025-10-31,2026-01-31,3,liquidity_category_score,liquidity_category_score,Liquidity Category,Category Composite,category,300,0.0251891688
2025-11-30,2026-02-28,3,liquidity_category_score,liquidity_category_score,Liquidity Category,Category Composite,category,300,0.0352586140
2025-12-31,2026-03-31,3,liquidity_category_score,liquidity_category_score,Liquidity Category,Category Composite,category,299,0.0840663509
2026-01-31,2026-04-30,3,liquidity_category_score,liquidity_category_score,Liquidity Category,Category Composite,category,300,0.1539332659
2026-02-28,2026-05-31,3,liquidity_category_score,liquidity_category_score,Liquidity Category,Category Composite,category,300,0.0434622607
2026-03-31,2026-06-30,3,liquidity_category_score,liquidity_category_score,Liquidity Category,Category Composite,category,300,0.0801337793
2026-04-30,2026-07-31,3,liquidity_category_score,liquidity_category_score,Liquidity Category,Category Composite,category,300,-0.1556021734
2026-05-31,2026-08-31,3,liquidity_category_score,liquidity_category_score,Liquidity Category,Category Composite,category,300,-0.1098407760
2026-06-30,2026-09-08,3,liquidity_category_score,liquidity_category_score,Liquidity Category,Category Composite,category,300,-0.3562488472
2019-07-31,2019-08-31,1,value_category_score,value_category_score,Value Category,Category Composite,category,300,-0.2582628983
2019-08-31,2019-09-30,1,value_category_score,value_category_score,Value Category,Category Composite,category,300,0.0452583360
2019-09-30,2019-10-31,1,value_category_score,value_category_score,Value Category,Category Composite,category,300,-0.0398406915
2019-10-31,2019-11-30,1,value_category_score,value_category_score,Value Category,Category Composite,category,300,0.1242322831
2019-11-30,2019-12-31,1,value_category_score,value_category_score,Value Category,Category Composite,category,300,0.1382128844
2019-12-31,2020-01-31,1,value_category_score,value_category_score,Value Category,Category Composite,category,300,-0.1050387343
2020-01-31,2020-02-29,1,value_category_score,value_category_score,Value Category,Category Composite,category,300,-0.0449409538
2020-02-29,2020-03-31,1,value_category_score,value_category_score,Value Category,Category Composite,category,300,0.0394417716
2020-03-31,2020-04-30,1,value_category_score,value_category_score,Value Category,Category Composite,category,299,-0.2226276291
2020-04-30,2020-05-31,1,value_category_score,value_category_score,Value Category,Category Composite,category,299,-0.1811335324
2020-05-31,2020-06-30,1,value_category_score,value_category_score,Value Category,Category Composite,category,299,-0.0827090765
2020-06-30,2020-07-31,1,value_category_score,value_category_score,Value Category,Category Composite,category,299,-0.0781607596
2020-07-31,2020-08-31,1,value_category_score,value_category_score,Value Category,Category Composite,category,300,0.1415540802
2020-08-31,2020-09-30,1,value_category_score,value_category_score,Value Category,Category Composite,category,300,-0.0585646507
2020-09-30,2020-10-31,1,value_category_score,value_category_score,Value Category,Category Composite,category,300,-0.0472664080
2020-10-31,2020-11-30,1,value_category_score,value_category_score,Value Category,Category Composite,category,300,0.0379886485
2020-11-30,2020-12-31,1,value_category_score,value_category_score,Value Category,Category Composite,category,300,-0.2943462248
2020-12-31,2021-01-31,1,value_category_score,value_category_score,Value Category,Category Composite,category,300,-0.1612217914
2021-01-31,2021-02-28,1,value_category_score,value_category_score,Value Category,Category Composite,category,300,0.3254677557
2021-02-28,2021-03-31,1,value_category_score,value_category_score,Value Category,Category Composite,category,300,0.1734997056
2021-03-31,2021-04-30,1,value_category_score,value_category_score,Value Category,Category Composite,category,300,-0.2045276968
2021-04-30,2021-05-31,1,value_category_score,value_category_score,Value Category,Category Composite,category,300,-0.1463228995
2021-05-31,2021-06-30,1,value_category_score,value_category_score,Value Category,Category Composite,category,299,-0.1258889812
2021-06-30,2021-07-31,1,value_category_score,value_category_score,Value Category,Category Composite,category,299,0.0396709389
2021-07-31,2021-08-31,1,value_category_score,value_category_score,Value Category,Category Composite,category,300,0.1547799420
2021-08-31,2021-09-30,1,value_category_score,value_category_score,Value Category,Category Composite,category,300,0.1058865216
2021-09-30,2021-10-31,1,value_category_score,value_category_score,Value Category,Category Composite,category,300,-0.1053616620
2021-10-31,2021-11-30,1,value_category_score,value_category_score,Value Category,Category Composite,category,300,0.0586153440
2021-11-30,2021-12-31,1,value_category_score,value_category_score,Value Category,Category Composite,category,300,0.2217938224
2021-12-31,2022-01-31,1,value_category_score,value_category_score,Value Category,Category Composite,category,300,0.1523065812
2022-01-31,2022-02-28,1,value_category_score,value_category_score,Value Category,Category Composite,category,298,-0.1096870473
2022-02-28,2022-03-31,1,value_category_score,value_category_score,Value Category,Category Composite,category,299,0.0871917578
2022-03-31,2022-04-30,1,value_category_score,value_category_score,Value Category,Category Composite,category,300,0.0134997056
2022-04-30,2022-05-31,1,value_category_score,value_category_score,Value Category,Category Composite,category,300,-0.1215844620
2022-05-31,2022-06-30,1,value_category_score,value_category_score,Value Category,Category Composite,category,299,-0.1271563071
2022-06-30,2022-07-31,1,value_category_score,value_category_score,Value Category,Category Composite,category,298,0.0759390724
2022-07-31,2022-08-31,1,value_category_score,value_category_score,Value Category,Category Composite,category,300,0.0806782387
2022-08-31,2022-09-30,1,value_category_score,value_category_score,Value Category,Category Composite,category,300,-0.0144223841
2022-09-30,2022-10-31,1,value_category_score,value_category_score,Value Category,Category Composite,category,300,0.0403920223
2022-10-31,2022-11-30,1,value_category_score,value_category_score,Value Category,Category Composite,category,300,0.2142908255
2022-11-30,2022-12-31,1,value_category_score,value_category_score,Value Category,Category Composite,category,300,-0.0173557484
2022-12-31,2023-01-31,1,value_category_score,value_category_score,Value Category,Category Composite,category,300,0.1008784990
2023-01-31,2023-02-28,1,value_category_score,value_category_score,Value Category,Category Composite,category,300,0.2709887888
2023-02-28,2023-03-31,1,value_category_score,value_category_score,Value Category,Category Composite,category,300,0.2153264164
2023-03-31,2023-04-30,1,value_category_score,value_category_score,Value Category,Category Composite,category,300,0.1338908210
2023-04-30,2023-05-31,1,value_category_score,value_category_score,Value Category,Category Composite,category,300,0.0837487176
2023-05-31,2023-06-30,1,value_category_score,value_category_score,Value Category,Category Composite,category,300,0.0595531128
2023-06-30,2023-07-31,1,value_category_score,value_category_score,Value Category,Category Composite,category,300,0.1374921944
2023-07-31,2023-08-31,1,value_category_score,value_category_score,Value Category,Category Composite,category,300,-0.0284047601
2023-08-31,2023-09-30,1,value_category_score,value_category_score,Value Category,Category Composite,category,300,0.1542171325
2023-09-30,2023-10-31,1,value_category_score,value_category_score,Value Category,Category Composite,category,300,0.0324150268
2023-10-31,2023-11-30,1,value_category_score,value_category_score,Value Category,Category Composite,category,300,0.0388433248
2023-11-30,2023-12-31,1,value_category_score,value_category_score,Value Category,Category Composite,category,300,0.0269825370
2023-12-31,2024-01-31,1,value_category_score,value_category_score,Value Category,Category Composite,category,300,0.1405006722
2024-01-31,2024-02-29,1,value_category_score,value_category_score,Value Category,Category Composite,category,300,-0.0980295446
2024-02-29,2024-03-31,1,value_category_score,value_category_score,Value Category,Category Composite,category,300,0.0889494328
2024-03-31,2024-04-30,1,value_category_score,value_category_score,Value Category,Category Composite,category,300,-0.1073879195
2024-04-30,2024-05-31,1,value_category_score,value_category_score,Value Category,Category Composite,category,300,0.0884134268
2024-05-31,2024-06-30,1,value_category_score,value_category_score,Value Category,Category Composite,category,300,-0.0079534217
2024-06-30,2024-07-31,1,value_category_score,value_category_score,Value Category,Category Composite,category,300,-0.1016717964
2024-07-31,2024-08-31,1,value_category_score,value_category_score,Value Category,Category Composite,category,300,0.0032307026
2024-08-31,2024-09-30,1,value_category_score,value_category_score,Value Category,Category Composite,category,298,0.0047887463
2024-09-30,2024-10-31,1,value_category_score,value_category_score,Value Category,Category Composite,category,298,0.0630708617
2024-10-31,2024-11-30,1,value_category_score,value_category_score,Value Category,Category Composite,category,300,-0.0220233803
2024-11-30,2024-12-31,1,value_category_score,value_category_score,Value Category,Category Composite,category,300,0.1073349704
2024-12-31,2025-01-31,1,value_category_score,value_category_score,Value Category,Category Composite,category,300,-0.0380302003
2025-01-31,2025-02-28,1,value_category_score,value_category_score,Value Category,Category Composite,category,299,0.0518563577
2025-02-28,2025-03-31,1,value_category_score,value_category_score,Value Category,Category Composite,category,299,-0.0475679558
2025-03-31,2025-04-30,1,value_category_score,value_category_score,Value Category,Category Composite,category,300,-0.1646765147
2025-04-30,2025-05-31,1,value_category_score,value_category_score,Value Category,Category Composite,category,300,-0.0021606912
2025-05-31,2025-06-30,1,value_category_score,value_category_score,Value Category,Category Composite,category,300,-0.0171533036
2025-06-30,2025-07-31,1,value_category_score,value_category_score,Value Category,Category Composite,category,299,0.1832053153
2025-07-31,2025-08-31,1,value_category_score,value_category_score,Value Category,Category Composite,category,299,-0.1278098447
2025-08-31,2025-09-30,1,value_category_score,value_category_score,Value Category,Category Composite,category,299,-0.1127278849
2025-09-30,2025-10-31,1,value_category_score,value_category_score,Value Category,Category Composite,category,300,0.1182253289
2025-10-31,2025-11-30,1,value_category_score,value_category_score,Value Category,Category Composite,category,300,0.0802515584
2025-11-30,2025-12-31,1,value_category_score,value_category_score,Value Category,Category Composite,category,300,-0.0059409549
2025-12-31,2026-01-31,1,value_category_score,value_category_score,Value Category,Category Composite,category,299,0.0255235859
2026-01-31,2026-02-28,1,value_category_score,value_category_score,Value Category,Category Composite,category,300,0.0925005833
2026-02-28,2026-03-31,1,value_category_score,value_category_score,Value Category,Category Composite,category,300,0.0220560253
2026-03-31,2026-04-30,1,value_category_score,value_category_score,Value Category,Category Composite,category,300,-0.1635010005
2026-04-30,2026-05-31,1,value_category_score,value_category_score,Value Category,Category Composite,category,300,-0.0100498894
2026-05-31,2026-06-30,1,value_category_score,value_category_score,Value Category,Category Composite,category,300,-0.0760915121
2026-06-30,2026-07-31,1,value_category_score,value_category_score,Value Category,Category Composite,category,300,0.3298898877
2026-07-31,2026-08-31,1,value_category_score,value_category_score,Value Category,Category Composite,category,300,-0.1167090875
2026-08-31,2026-09-08,1,value_category_score,value_category_score,Value Category,Category Composite,category,300,0.0998727762
2019-07-31,2019-10-31,3,value_category_score,value_category_score,Value Category,Category Composite,category,300,-0.1537799309
2019-08-31,2019-11-30,3,value_category_score,value_category_score,Value Category,Category Composite,category,300,0.0493943266
2019-09-30,2019-12-31,3,value_category_score,value_category_score,Value Category,Category Composite,category,300,0.0965895177
2019-10-31,2020-01-31,3,value_category_score,value_category_score,Value Category,Category Composite,category,300,0.0597842265
2019-11-30,2020-02-29,3,value_category_score,value_category_score,Value Category,Category Composite,category,300,-0.0452196136
2019-12-31,2020-03-31,3,value_category_score,value_category_score,Value Category,Category Composite,category,300,-0.0557521750
2020-01-31,2020-04-30,3,value_category_score,value_category_score,Value Category,Category Composite,category,299,-0.1768712659
2020-02-29,2020-05-31,3,value_category_score,value_category_score,Value Category,Category Composite,category,299,-0.1780646899
2020-03-31,2020-06-30,3,value_category_score,value_category_score,Value Category,Category Composite,category,300,-0.2085565395
2020-04-30,2020-07-31,3,value_category_score,value_category_score,Value Category,Category Composite,category,299,-0.1915629279
2020-05-31,2020-08-31,3,value_category_score,value_category_score,Value Category,Category Composite,category,299,-0.0756108729
2020-06-30,2020-09-30,3,value_category_score,value_category_score,Value Category,Category Composite,category,299,-0.0136845413
2020-07-31,2020-10-31,3,value_category_score,value_category_score,Value Category,Category Composite,category,300,0.0511432349
2020-08-31,2020-11-30,3,value_category_score,value_category_score,Value Category,Category Composite,category,300,-0.0125521395
2020-09-30,2020-12-31,3,value_category_score,value_category_score,Value Category,Category Composite,category,300,-0.1579755331
2020-10-31,2021-01-31,3,value_category_score,value_category_score,Value Category,Category Composite,category,300,-0.1707262764
2020-11-30,2021-02-28,3,value_category_score,value_category_score,Value Category,Category Composite,category,300,-0.1361606240
2020-12-31,2021-03-31,3,value_category_score,value_category_score,Value Category,Category Composite,category,300,0.2325208058
2021-01-31,2021-04-30,3,value_category_score,value_category_score,Value Category,Category Composite,category,300,0.2205548951
2021-02-28,2021-05-31,3,value_category_score,value_category_score,Value Category,Category Composite,category,300,-0.0771339767
2021-03-31,2021-06-30,3,value_category_score,value_category_score,Value Category,Category Composite,category,299,-0.2609889789
2021-04-30,2021-07-31,3,value_category_score,value_category_score,Value Category,Category Composite,category,300,-0.0722448027
2021-05-31,2021-08-31,3,value_category_score,value_category_score,Value Category,Category Composite,category,300,0.0429955888
2021-06-30,2021-09-30,3,value_category_score,value_category_score,Value Category,Category Composite,category,298,0.1596075681
2021-07-31,2021-10-31,3,value_category_score,value_category_score,Value Category,Category Composite,category,300,0.1343732857
2021-08-31,2021-11-30,3,value_category_score,value_category_score,Value Category,Category Composite,category,300,0.0260940677
2021-09-30,2021-12-31,3,value_category_score,value_category_score,Value Category,Category Composite,category,300,0.0835501323
2021-10-31,2022-01-31,3,value_category_score,value_category_score,Value Category,Category Composite,category,300,0.2829364771
2021-11-30,2022-02-28,3,value_category_score,value_category_score,Value Category,Category Composite,category,300,0.1962408689
2021-12-31,2022-03-31,3,value_category_score,value_category_score,Value Category,Category Composite,category,300,0.1220386893
2022-01-31,2022-04-30,3,value_category_score,value_category_score,Value Category,Category Composite,category,298,0.0190681478
2022-02-28,2022-05-31,3,value_category_score,value_category_score,Value Category,Category Composite,category,299,-0.0275531413
2022-03-31,2022-06-30,3,value_category_score,value_category_score,Value Category,Category Composite,category,300,-0.1816825439
2022-04-30,2022-07-31,3,value_category_score,value_category_score,Value Category,Category Composite,category,300,-0.0640620451
2022-05-31,2022-08-31,3,value_category_score,value_category_score,Value Category,Category Composite,category,299,0.0135467217
2022-06-30,2022-09-30,3,value_category_score,value_category_score,Value Category,Category Composite,category,298,0.0441375892
2022-07-31,2022-10-31,3,value_category_score,value_category_score,Value Category,Category Composite,category,300,0.0548570601
2022-08-31,2022-11-30,3,value_category_score,value_category_score,Value Category,Category Composite,category,300,0.1707601385
2022-09-30,2022-12-31,3,value_category_score,value_category_score,Value Category,Category Composite,category,300,0.1639720441
2022-10-31,2023-01-31,3,value_category_score,value_category_score,Value Category,Category Composite,category,300,0.1988337648
2022-11-30,2023-02-28,3,value_category_score,value_category_score,Value Category,Category Composite,category,300,0.1845358487
2022-12-31,2023-03-31,3,value_category_score,value_category_score,Value Category,Category Composite,category,300,0.3028627321
2023-01-31,2023-04-30,3,value_category_score,value_category_score,Value Category,Category Composite,category,300,0.2968979985
2023-02-28,2023-05-31,3,value_category_score,value_category_score,Value Category,Category Composite,category,300,0.2179019767
2023-03-31,2023-06-30,3,value_category_score,value_category_score,Value Category,Category Composite,category,300,0.1369215214
2023-04-30,2023-07-31,3,value_category_score,value_category_score,Value Category,Category Composite,category,300,0.1766544073
2023-05-31,2023-08-31,3,value_category_score,value_category_score,Value Category,Category Composite,category,300,0.0998557873
2023-06-30,2023-09-30,3,value_category_score,value_category_score,Value Category,Category Composite,category,300,0.1258725097
2023-07-31,2023-10-31,3,value_category_score,value_category_score,Value Category,Category Composite,category,300,0.0454302826
2023-08-31,2023-11-30,3,value_category_score,value_category_score,Value Category,Category Composite,category,300,0.0721608018
2023-09-30,2023-12-31,3,value_category_score,value_category_score,Value Category,Category Composite,category,300,0.0093076590
2023-10-31,2024-01-31,3,value_category_score,value_category_score,Value Category,Category Composite,category,300,0.1401695574
2023-11-30,2024-02-29,3,value_category_score,value_category_score,Value Category,Category Composite,category,300,0.1267389778
2023-12-31,2024-03-31,3,value_category_score,value_category_score,Value Category,Category Composite,category,300,0.1461434016
2024-01-31,2024-04-30,3,value_category_score,value_category_score,Value Category,Category Composite,category,300,-0.0528170430
2024-02-29,2024-05-31,3,value_category_score,value_category_score,Value Category,Category Composite,category,300,0.0511614573
2024-03-31,2024-06-30,3,value_category_score,value_category_score,Value Category,Category Composite,category,300,-0.0114325727
2024-04-30,2024-07-31,3,value_category_score,value_category_score,Value Category,Category Composite,category,300,-0.0086009845
2024-05-31,2024-08-31,3,value_category_score,value_category_score,Value Category,Category Composite,category,300,-0.0490018778
2024-06-30,2024-09-30,3,value_category_score,value_category_score,Value Category,Category Composite,category,298,-0.1161161701
2024-07-31,2024-10-31,3,value_category_score,value_category_score,Value Category,Category Composite,category,300,0.0123454705
2024-08-31,2024-11-30,3,value_category_score,value_category_score,Value Category,Category Composite,category,300,0.0531134790
2024-09-30,2024-12-31,3,value_category_score,value_category_score,Value Category,Category Composite,category,298,0.0642806598
2024-10-31,2025-01-31,3,value_category_score,value_category_score,Value Category,Category Composite,category,300,0.0265629618
2024-11-30,2025-02-28,3,value_category_score,value_category_score,Value Category,Category Composite,category,299,0.0835539139
2024-12-31,2025-03-31,3,value_category_score,value_category_score,Value Category,Category Composite,category,299,-0.0151412987
2025-01-31,2025-04-30,3,value_category_score,value_category_score,Value Category,Category Composite,category,299,-0.1061955961
2025-02-28,2025-05-31,3,value_category_score,value_category_score,Value Category,Category Composite,category,299,-0.1122062481
2025-03-31,2025-06-30,3,value_category_score,value_category_score,Value Category,Category Composite,category,300,-0.1356361888
2025-04-30,2025-07-31,3,value_category_score,value_category_score,Value Category,Category Composite,category,300,0.1248876099
2025-05-31,2025-08-31,3,value_category_score,value_category_score,Value Category,Category Composite,category,299,-0.0261138919
2025-06-30,2025-09-30,3,value_category_score,value_category_score,Value Category,Category Composite,category,298,-0.1075129196
2025-07-31,2025-10-31,3,value_category_score,value_category_score,Value Category,Category Composite,category,299,-0.1207097484
2025-08-31,2025-11-30,3,value_category_score,value_category_score,Value Category,Category Composite,category,299,-0.0153042580
2025-09-30,2025-12-31,3,value_category_score,value_category_score,Value Category,Category Composite,category,300,0.0734012600
2025-10-31,2026-01-31,3,value_category_score,value_category_score,Value Category,Category Composite,category,300,-0.0044347159
2025-11-30,2026-02-28,3,value_category_score,value_category_score,Value Category,Category Composite,category,300,-0.0094756608
2025-12-31,2026-03-31,3,value_category_score,value_category_score,Value Category,Category Composite,category,299,0.0113739310
2026-01-31,2026-04-30,3,value_category_score,value_category_score,Value Category,Category Composite,category,300,-0.0904752275
2026-02-28,2026-05-31,3,value_category_score,value_category_score,Value Category,Category Composite,category,300,-0.1008762320
2026-03-31,2026-06-30,3,value_category_score,value_category_score,Value Category,Category Composite,category,300,-0.0808244536
2026-04-30,2026-07-31,3,value_category_score,value_category_score,Value Category,Category Composite,category,300,0.1929381438
2026-05-31,2026-08-31,3,value_category_score,value_category_score,Value Category,Category Composite,category,300,0.1734619274
2026-06-30,2026-09-08,3,value_category_score,value_category_score,Value Category,Category Composite,category,300,0.2986530961
2019-07-31,2019-08-31,1,equal_weight_composite_score,equal_weight_composite_score,Equal-Weight Composite,Composite,composite,300,-0.0052707258
2019-08-31,2019-09-30,1,equal_weight_composite_score,equal_weight_composite_score,Equal-Weight Composite,Composite,composite,300,0.0078187631
2019-09-30,2019-10-31,1,equal_weight_composite_score,equal_weight_composite_score,Equal-Weight Composite,Composite,composite,300,0.0760246732
2019-10-31,2019-11-30,1,equal_weight_composite_score,equal_weight_composite_score,Equal-Weight Composite,Composite,composite,300,0.0789219968
2019-11-30,2019-12-31,1,equal_weight_composite_score,equal_weight_composite_score,Equal-Weight Composite,Composite,composite,300,0.1478714372
2019-12-31,2020-01-31,1,equal_weight_composite_score,equal_weight_composite_score,Equal-Weight Composite,Composite,composite,300,0.0007288971
2020-01-31,2020-02-29,1,equal_weight_composite_score,equal_weight_composite_score,Equal-Weight Composite,Composite,composite,300,0.0781366633
2020-02-29,2020-03-31,1,equal_weight_composite_score,equal_weight_composite_score,Equal-Weight Composite,Composite,composite,300,0.0355288392
2020-03-31,2020-04-30,1,equal_weight_composite_score,equal_weight_composite_score,Equal-Weight Composite,Composite,composite,299,-0.1096461595
2020-04-30,2020-05-31,1,equal_weight_composite_score,equal_weight_composite_score,Equal-Weight Composite,Composite,composite,299,-0.1214715719
2020-05-31,2020-06-30,1,equal_weight_composite_score,equal_weight_composite_score,Equal-Weight Composite,Composite,composite,299,0.0403205542
2020-06-30,2020-07-31,1,equal_weight_composite_score,equal_weight_composite_score,Equal-Weight Composite,Composite,composite,299,0.0375039842
2020-07-31,2020-08-31,1,equal_weight_composite_score,equal_weight_composite_score,Equal-Weight Composite,Composite,composite,300,0.1417158598
2020-08-31,2020-09-30,1,equal_weight_composite_score,equal_weight_composite_score,Equal-Weight Composite,Composite,composite,300,-0.0193131035
2020-09-30,2020-10-31,1,equal_weight_composite_score,equal_weight_composite_score,Equal-Weight Composite,Composite,composite,300,0.0340600097
2020-10-31,2020-11-30,1,equal_weight_composite_score,equal_weight_composite_score,Equal-Weight Composite,Composite,composite,300,0.0748906182
2020-11-30,2020-12-31,1,equal_weight_composite_score,equal_weight_composite_score,Equal-Weight Composite,Composite,composite,300,0.1021964916
2020-12-31,2021-01-31,1,equal_weight_composite_score,equal_weight_composite_score,Equal-Weight Composite,Composite,composite,300,0.1328499206
2021-01-31,2021-02-28,1,equal_weight_composite_score,equal_weight_composite_score,Equal-Weight Composite,Composite,composite,300,-0.0764049338
2021-02-28,2021-03-31,1,equal_weight_composite_score,equal_weight_composite_score,Equal-Weight Composite,Composite,composite,300,0.1538070423
2021-03-31,2021-04-30,1,equal_weight_composite_score,equal_weight_composite_score,Equal-Weight Composite,Composite,composite,300,-0.1507248528
2021-04-30,2021-05-31,1,equal_weight_composite_score,equal_weight_composite_score,Equal-Weight Composite,Composite,composite,300,-0.1396303733
2021-05-31,2021-06-30,1,equal_weight_composite_score,equal_weight_composite_score,Equal-Weight Composite,Composite,composite,299,0.0468339656
2021-06-30,2021-07-31,1,equal_weight_composite_score,equal_weight_composite_score,Equal-Weight Composite,Composite,composite,299,0.1509259051
2021-07-31,2021-08-31,1,equal_weight_composite_score,equal_weight_composite_score,Equal-Weight Composite,Composite,composite,300,0.0929130324
2021-08-31,2021-09-30,1,equal_weight_composite_score,equal_weight_composite_score,Equal-Weight Composite,Composite,composite,300,-0.1506025790
2021-09-30,2021-10-31,1,equal_weight_composite_score,equal_weight_composite_score,Equal-Weight Composite,Composite,composite,300,-0.0992389245
2021-10-31,2021-11-30,1,equal_weight_composite_score,equal_weight_composite_score,Equal-Weight Composite,Composite,composite,300,-0.0218904752
2021-11-30,2021-12-31,1,equal_weight_composite_score,equal_weight_composite_score,Equal-Weight Composite,Composite,composite,300,0.0158930672
2021-12-31,2022-01-31,1,equal_weight_composite_score,equal_weight_composite_score,Equal-Weight Composite,Composite,composite,300,0.0801555573
2022-01-31,2022-02-28,1,equal_weight_composite_score,equal_weight_composite_score,Equal-Weight Composite,Composite,composite,298,-0.1685102433
2022-02-28,2022-03-31,1,equal_weight_composite_score,equal_weight_composite_score,Equal-Weight Composite,Composite,composite,299,0.0808358959
2022-03-31,2022-04-30,1,equal_weight_composite_score,equal_weight_composite_score,Equal-Weight Composite,Composite,composite,300,-0.0769497439
2022-04-30,2022-05-31,1,equal_weight_composite_score,equal_weight_composite_score,Equal-Weight Composite,Composite,composite,300,-0.2672167469
2022-05-31,2022-06-30,1,equal_weight_composite_score,equal_weight_composite_score,Equal-Weight Composite,Composite,composite,299,-0.1793183295
2022-06-30,2022-07-31,1,equal_weight_composite_score,equal_weight_composite_score,Equal-Weight Composite,Composite,composite,298,0.0784838804
2022-07-31,2022-08-31,1,equal_weight_composite_score,equal_weight_composite_score,Equal-Weight Composite,Composite,composite,300,-0.0744017238
2022-08-31,2022-09-30,1,equal_weight_composite_score,equal_weight_composite_score,Equal-Weight Composite,Composite,composite,300,0.0246824992
2022-09-30,2022-10-31,1,equal_weight_composite_score,equal_weight_composite_score,Equal-Weight Composite,Composite,composite,300,0.0425724919
2022-10-31,2022-11-30,1,equal_weight_composite_score,equal_weight_composite_score,Equal-Weight Composite,Composite,composite,300,-0.1618373537
2022-11-30,2022-12-31,1,equal_weight_composite_score,equal_weight_composite_score,Equal-Weight Composite,Composite,composite,300,-0.0289092101
2022-12-31,2023-01-31,1,equal_weight_composite_score,equal_weight_composite_score,Equal-Weight Composite,Composite,composite,300,-0.0812409388
2023-01-31,2023-02-28,1,equal_weight_composite_score,equal_weight_composite_score,Equal-Weight Composite,Composite,composite,300,0.0501045567
2023-02-28,2023-03-31,1,equal_weight_composite_score,equal_weight_composite_score,Equal-Weight Composite,Composite,composite,300,0.1489870053
2023-03-31,2023-04-30,1,equal_weight_composite_score,equal_weight_composite_score,Equal-Weight Composite,Composite,composite,300,0.2324061378
2023-04-30,2023-05-31,1,equal_weight_composite_score,equal_weight_composite_score,Equal-Weight Composite,Composite,composite,300,0.1094367837
2023-05-31,2023-06-30,1,equal_weight_composite_score,equal_weight_composite_score,Equal-Weight Composite,Composite,composite,300,0.0761221876
2023-06-30,2023-07-31,1,equal_weight_composite_score,equal_weight_composite_score,Equal-Weight Composite,Composite,composite,300,-0.1073607485
2023-07-31,2023-08-31,1,equal_weight_composite_score,equal_weight_composite_score,Equal-Weight Composite,Composite,composite,300,0.1152092801
2023-08-31,2023-09-30,1,equal_weight_composite_score,equal_weight_composite_score,Equal-Weight Composite,Composite,composite,300,0.0760166646
2023-09-30,2023-10-31,1,equal_weight_composite_score,equal_weight_composite_score,Equal-Weight Composite,Composite,composite,300,0.1352708363
2023-10-31,2023-11-30,1,equal_weight_composite_score,equal_weight_composite_score,Equal-Weight Composite,Composite,composite,300,0.0385513215
2023-11-30,2023-12-31,1,equal_weight_composite_score,equal_weight_composite_score,Equal-Weight Composite,Composite,composite,300,0.0327061593
2023-12-31,2024-01-31,1,equal_weight_composite_score,equal_weight_composite_score,Equal-Weight Composite,Composite,composite,300,0.2035627063
2024-01-31,2024-02-29,1,equal_weight_composite_score,equal_weight_composite_score,Equal-Weight Composite,Composite,composite,300,-0.1569042053
2024-02-29,2024-03-31,1,equal_weight_composite_score,equal_weight_composite_score,Equal-Weight Composite,Composite,composite,300,0.2403644485
2024-03-31,2024-04-30,1,equal_weight_composite_score,equal_weight_composite_score,Equal-Weight Composite,Composite,composite,300,0.0685505775
2024-04-30,2024-05-31,1,equal_weight_composite_score,equal_weight_composite_score,Equal-Weight Composite,Composite,composite,300,0.0067387415
2024-05-31,2024-06-30,1,equal_weight_composite_score,equal_weight_composite_score,Equal-Weight Composite,Composite,composite,300,0.2993926599
2024-06-30,2024-07-31,1,equal_weight_composite_score,equal_weight_composite_score,Equal-Weight Composite,Composite,composite,300,-0.1135399282
2024-07-31,2024-08-31,1,equal_weight_composite_score,equal_weight_composite_score,Equal-Weight Composite,Composite,composite,300,0.1199559995
2024-08-31,2024-09-30,1,equal_weight_composite_score,equal_weight_composite_score,Equal-Weight Composite,Composite,composite,298,-0.3429729496
2024-09-30,2024-10-31,1,equal_weight_composite_score,equal_weight_composite_score,Equal-Weight Composite,Composite,composite,298,0.0442287544
2024-10-31,2024-11-30,1,equal_weight_composite_score,equal_weight_composite_score,Equal-Weight Composite,Composite,composite,300,-0.1163329774
2024-11-30,2024-12-31,1,equal_weight_composite_score,equal_weight_composite_score,Equal-Weight Composite,Composite,composite,300,0.0468574095
2024-12-31,2025-01-31,1,equal_weight_composite_score,equal_weight_composite_score,Equal-Weight Composite,Composite,composite,300,0.0781173124
2025-01-31,2025-02-28,1,equal_weight_composite_score,equal_weight_composite_score,Equal-Weight Composite,Composite,composite,299,-0.1872229436
2025-02-28,2025-03-31,1,equal_weight_composite_score,equal_weight_composite_score,Equal-Weight Composite,Composite,composite,299,0.0094956342
2025-03-31,2025-04-30,1,equal_weight_composite_score,equal_weight_composite_score,Equal-Weight Composite,Composite,composite,300,-0.1008031312
2025-04-30,2025-05-31,1,equal_weight_composite_score,equal_weight_composite_score,Equal-Weight Composite,Composite,composite,300,-0.0487981086
2025-05-31,2025-06-30,1,equal_weight_composite_score,equal_weight_composite_score,Equal-Weight Composite,Composite,composite,300,-0.0848185074
2025-06-30,2025-07-31,1,equal_weight_composite_score,equal_weight_composite_score,Equal-Weight Composite,Composite,composite,299,0.0001265965
2025-07-31,2025-08-31,1,equal_weight_composite_score,equal_weight_composite_score,Equal-Weight Composite,Composite,composite,299,-0.0210565656
2025-08-31,2025-09-30,1,equal_weight_composite_score,equal_weight_composite_score,Equal-Weight Composite,Composite,composite,299,-0.0006397163
2025-09-30,2025-10-31,1,equal_weight_composite_score,equal_weight_composite_score,Equal-Weight Composite,Composite,composite,300,-0.0138090960
2025-10-31,2025-11-30,1,equal_weight_composite_score,equal_weight_composite_score,Equal-Weight Composite,Composite,composite,300,0.0723074701
2025-11-30,2025-12-31,1,equal_weight_composite_score,equal_weight_composite_score,Equal-Weight Composite,Composite,composite,300,0.0161544017
2025-12-31,2026-01-31,1,equal_weight_composite_score,equal_weight_composite_score,Equal-Weight Composite,Composite,composite,299,0.0554531385
2026-01-31,2026-02-28,1,equal_weight_composite_score,equal_weight_composite_score,Equal-Weight Composite,Composite,composite,300,0.1594093268
2026-02-28,2026-03-31,1,equal_weight_composite_score,equal_weight_composite_score,Equal-Weight Composite,Composite,composite,300,0.0168508558
2026-03-31,2026-04-30,1,equal_weight_composite_score,equal_weight_composite_score,Equal-Weight Composite,Composite,composite,300,0.0253380706
2026-04-30,2026-05-31,1,equal_weight_composite_score,equal_weight_composite_score,Equal-Weight Composite,Composite,composite,300,0.0238424871
2026-05-31,2026-06-30,1,equal_weight_composite_score,equal_weight_composite_score,Equal-Weight Composite,Composite,composite,300,0.1606155624
2026-06-30,2026-07-31,1,equal_weight_composite_score,equal_weight_composite_score,Equal-Weight Composite,Composite,composite,300,-0.2138623762
2026-07-31,2026-08-31,1,equal_weight_composite_score,equal_weight_composite_score,Equal-Weight Composite,Composite,composite,300,-0.0987402192
2026-08-31,2026-09-08,1,equal_weight_composite_score,equal_weight_composite_score,Equal-Weight Composite,Composite,composite,300,0.0392724800
2019-07-31,2019-10-31,3,equal_weight_composite_score,equal_weight_composite_score,Equal-Weight Composite,Composite,composite,300,0.0527356971
2019-08-31,2019-11-30,3,equal_weight_composite_score,equal_weight_composite_score,Equal-Weight Composite,Composite,composite,300,0.0280127557
2019-09-30,2019-12-31,3,equal_weight_composite_score,equal_weight_composite_score,Equal-Weight Composite,Composite,composite,300,0.1325970289
2019-10-31,2020-01-31,3,equal_weight_composite_score,equal_weight_composite_score,Equal-Weight Composite,Composite,composite,300,0.0959579658
2019-11-30,2020-02-29,3,equal_weight_composite_score,equal_weight_composite_score,Equal-Weight Composite,Composite,composite,300,0.0777310859
2019-12-31,2020-03-31,3,equal_weight_composite_score,equal_weight_composite_score,Equal-Weight Composite,Composite,composite,300,-0.0201646685
2020-01-31,2020-04-30,3,equal_weight_composite_score,equal_weight_composite_score,Equal-Weight Composite,Composite,composite,299,0.0755810365
2020-02-29,2020-05-31,3,equal_weight_composite_score,equal_weight_composite_score,Equal-Weight Composite,Composite,composite,299,0.1012462122
2020-03-31,2020-06-30,3,equal_weight_composite_score,equal_weight_composite_score,Equal-Weight Composite,Composite,composite,300,-0.1463634040
2020-04-30,2020-07-31,3,equal_weight_composite_score,equal_weight_composite_score,Equal-Weight Composite,Composite,composite,299,-0.0573823259
2020-05-31,2020-08-31,3,equal_weight_composite_score,equal_weight_composite_score,Equal-Weight Composite,Composite,composite,299,0.0942703867
2020-06-30,2020-09-30,3,equal_weight_composite_score,equal_weight_composite_score,Equal-Weight Composite,Composite,composite,299,0.1236457094
2020-07-31,2020-10-31,3,equal_weight_composite_score,equal_weight_composite_score,Equal-Weight Composite,Composite,composite,300,0.1106087845
2020-08-31,2020-11-30,3,equal_weight_composite_score,equal_weight_composite_score,Equal-Weight Composite,Composite,composite,300,0.0168055201
2020-09-30,2020-12-31,3,equal_weight_composite_score,equal_weight_composite_score,Equal-Weight Composite,Composite,composite,300,0.0750697230
2020-10-31,2021-01-31,3,equal_weight_composite_score,equal_weight_composite_score,Equal-Weight Composite,Composite,composite,300,0.1718089575
2020-11-30,2021-02-28,3,equal_weight_composite_score,equal_weight_composite_score,Equal-Weight Composite,Composite,composite,300,0.2044289381
2020-12-31,2021-03-31,3,equal_weight_composite_score,equal_weight_composite_score,Equal-Weight Composite,Composite,composite,300,0.0857689530
2021-01-31,2021-04-30,3,equal_weight_composite_score,equal_weight_composite_score,Equal-Weight Composite,Composite,composite,300,-0.0052845032
2021-02-28,2021-05-31,3,equal_weight_composite_score,equal_weight_composite_score,Equal-Weight Composite,Composite,composite,300,0.0346563889
2021-03-31,2021-06-30,3,equal_weight_composite_score,equal_weight_composite_score,Equal-Weight Composite,Composite,composite,299,-0.2125649256
2021-04-30,2021-07-31,3,equal_weight_composite_score,equal_weight_composite_score,Equal-Weight Composite,Composite,composite,300,-0.0209211213
2021-05-31,2021-08-31,3,equal_weight_composite_score,equal_weight_composite_score,Equal-Weight Composite,Composite,composite,300,0.0637962644
2021-06-30,2021-09-30,3,equal_weight_composite_score,equal_weight_composite_score,Equal-Weight Composite,Composite,composite,298,0.0845742786
2021-07-31,2021-10-31,3,equal_weight_composite_score,equal_weight_composite_score,Equal-Weight Composite,Composite,composite,300,0.0355652880
2021-08-31,2021-11-30,3,equal_weight_composite_score,equal_weight_composite_score,Equal-Weight Composite,Composite,composite,300,-0.0572997478
2021-09-30,2021-12-31,3,equal_weight_composite_score,equal_weight_composite_score,Equal-Weight Composite,Composite,composite,300,-0.0192464575
2021-10-31,2022-01-31,3,equal_weight_composite_score,equal_weight_composite_score,Equal-Weight Composite,Composite,composite,300,0.0881787575
2021-11-30,2022-02-28,3,equal_weight_composite_score,equal_weight_composite_score,Equal-Weight Composite,Composite,composite,300,0.0338099350
2021-12-31,2022-03-31,3,equal_weight_composite_score,equal_weight_composite_score,Equal-Weight Composite,Composite,composite,300,-0.0010262336
2022-01-31,2022-04-30,3,equal_weight_composite_score,equal_weight_composite_score,Equal-Weight Composite,Composite,composite,298,-0.0085728557
2022-02-28,2022-05-31,3,equal_weight_composite_score,equal_weight_composite_score,Equal-Weight Composite,Composite,composite,299,-0.0130232767
2022-03-31,2022-06-30,3,equal_weight_composite_score,equal_weight_composite_score,Equal-Weight Composite,Composite,composite,300,-0.2536469310
2022-04-30,2022-07-31,3,equal_weight_composite_score,equal_weight_composite_score,Equal-Weight Composite,Composite,composite,300,-0.2220882454
2022-05-31,2022-08-31,3,equal_weight_composite_score,equal_weight_composite_score,Equal-Weight Composite,Composite,composite,299,0.0504127853
2022-06-30,2022-09-30,3,equal_weight_composite_score,equal_weight_composite_score,Equal-Weight Composite,Composite,composite,298,0.0449919046
2022-07-31,2022-10-31,3,equal_weight_composite_score,equal_weight_composite_score,Equal-Weight Composite,Composite,composite,300,-0.0286423214
2022-08-31,2022-11-30,3,equal_weight_composite_score,equal_weight_composite_score,Equal-Weight Composite,Composite,composite,300,-0.0605926800
2022-09-30,2022-12-31,3,equal_weight_composite_score,equal_weight_composite_score,Equal-Weight Composite,Composite,composite,300,-0.0506201180
2022-10-31,2023-01-31,3,equal_weight_composite_score,equal_weight_composite_score,Equal-Weight Composite,Composite,composite,300,-0.2157450638
2022-11-30,2023-02-28,3,equal_weight_composite_score,equal_weight_composite_score,Equal-Weight Composite,Composite,composite,300,0.0772617559
2022-12-31,2023-03-31,3,equal_weight_composite_score,equal_weight_composite_score,Equal-Weight Composite,Composite,composite,300,0.1934999493
2023-01-31,2023-04-30,3,equal_weight_composite_score,equal_weight_composite_score,Equal-Weight Composite,Composite,composite,300,0.1312185837
2023-02-28,2023-05-31,3,equal_weight_composite_score,equal_weight_composite_score,Equal-Weight Composite,Composite,composite,300,0.1751001678
2023-03-31,2023-06-30,3,equal_weight_composite_score,equal_weight_composite_score,Equal-Weight Composite,Composite,composite,300,0.2693616596
2023-04-30,2023-07-31,3,equal_weight_composite_score,equal_weight_composite_score,Equal-Weight Composite,Composite,composite,300,0.0584250936
2023-05-31,2023-08-31,3,equal_weight_composite_score,equal_weight_composite_score,Equal-Weight Composite,Composite,composite,300,0.0514441329
2023-06-30,2023-09-30,3,equal_weight_composite_score,equal_weight_composite_score,Equal-Weight Composite,Composite,composite,300,0.0175304170
2023-07-31,2023-10-31,3,equal_weight_composite_score,equal_weight_composite_score,Equal-Weight Composite,Composite,composite,300,0.1655058390
2023-08-31,2023-11-30,3,equal_weight_composite_score,equal_weight_composite_score,Equal-Weight Composite,Composite,composite,300,0.0477791975
2023-09-30,2023-12-31,3,equal_weight_composite_score,equal_weight_composite_score,Equal-Weight Composite,Composite,composite,300,0.0701923355
2023-10-31,2024-01-31,3,equal_weight_composite_score,equal_weight_composite_score,Equal-Weight Composite,Composite,composite,300,0.1519492439
2023-11-30,2024-02-29,3,equal_weight_composite_score,equal_weight_composite_score,Equal-Weight Composite,Composite,composite,300,0.1118463663
2023-12-31,2024-03-31,3,equal_weight_composite_score,equal_weight_composite_score,Equal-Weight Composite,Composite,composite,300,0.2217837976
2024-01-31,2024-04-30,3,equal_weight_composite_score,equal_weight_composite_score,Equal-Weight Composite,Composite,composite,300,0.0930892772
2024-02-29,2024-05-31,3,equal_weight_composite_score,equal_weight_composite_score,Equal-Weight Composite,Composite,composite,300,0.1986333181
2024-03-31,2024-06-30,3,equal_weight_composite_score,equal_weight_composite_score,Equal-Weight Composite,Composite,composite,300,0.1765984263
2024-04-30,2024-07-31,3,equal_weight_composite_score,equal_weight_composite_score,Equal-Weight Composite,Composite,composite,300,0.1066198513
2024-05-31,2024-08-31,3,equal_weight_composite_score,equal_weight_composite_score,Equal-Weight Composite,Composite,composite,300,0.1516270181
2024-06-30,2024-09-30,3,equal_weight_composite_score,equal_weight_composite_score,Equal-Weight Composite,Composite,composite,298,-0.2215064634
2024-07-31,2024-10-31,3,equal_weight_composite_score,equal_weight_composite_score,Equal-Weight Composite,Composite,composite,300,-0.1546994967
2024-08-31,2024-11-30,3,equal_weight_composite_score,equal_weight_composite_score,Equal-Weight Composite,Composite,composite,300,-0.2230247003
2024-09-30,2024-12-31,3,equal_weight_composite_score,equal_weight_composite_score,Equal-Weight Composite,Composite,composite,298,0.0797005089
2024-10-31,2025-01-31,3,equal_weight_composite_score,equal_weight_composite_score,Equal-Weight Composite,Composite,composite,300,0.0221464683
2024-11-30,2025-02-28,3,equal_weight_composite_score,equal_weight_composite_score,Equal-Weight Composite,Composite,composite,299,0.0474662799
2024-12-31,2025-03-31,3,equal_weight_composite_score,equal_weight_composite_score,Equal-Weight Composite,Composite,composite,299,0.0580449373
2025-01-31,2025-04-30,3,equal_weight_composite_score,equal_weight_composite_score,Equal-Weight Composite,Composite,composite,299,-0.0455513905
2025-02-28,2025-05-31,3,equal_weight_composite_score,equal_weight_composite_score,Equal-Weight Composite,Composite,composite,299,-0.0922513627
2025-03-31,2025-06-30,3,equal_weight_composite_score,equal_weight_composite_score,Equal-Weight Composite,Composite,composite,300,-0.1036416075
2025-04-30,2025-07-31,3,equal_weight_composite_score,equal_weight_composite_score,Equal-Weight Composite,Composite,composite,300,-0.1944368271
2025-05-31,2025-08-31,3,equal_weight_composite_score,equal_weight_composite_score,Equal-Weight Composite,Composite,composite,299,-0.1512971650
2025-06-30,2025-09-30,3,equal_weight_composite_score,equal_weight_composite_score,Equal-Weight Composite,Composite,composite,298,-0.0696042601
2025-07-31,2025-10-31,3,equal_weight_composite_score,equal_weight_composite_score,Equal-Weight Composite,Composite,composite,299,-0.0239927274
2025-08-31,2025-11-30,3,equal_weight_composite_score,equal_weight_composite_score,Equal-Weight Composite,Composite,composite,299,-0.0210944760
2025-09-30,2025-12-31,3,equal_weight_composite_score,equal_weight_composite_score,Equal-Weight Composite,Composite,composite,300,0.0333510372
2025-10-31,2026-01-31,3,equal_weight_composite_score,equal_weight_composite_score,Equal-Weight Composite,Composite,composite,300,0.1216524628
2025-11-30,2026-02-28,3,equal_weight_composite_score,equal_weight_composite_score,Equal-Weight Composite,Composite,composite,300,0.0240313781
2025-12-31,2026-03-31,3,equal_weight_composite_score,equal_weight_composite_score,Equal-Weight Composite,Composite,composite,299,0.1781697381
2026-01-31,2026-04-30,3,equal_weight_composite_score,equal_weight_composite_score,Equal-Weight Composite,Composite,composite,300,0.0975735286
2026-02-28,2026-05-31,3,equal_weight_composite_score,equal_weight_composite_score,Equal-Weight Composite,Composite,composite,300,0.0388422094
2026-03-31,2026-06-30,3,equal_weight_composite_score,equal_weight_composite_score,Equal-Weight Composite,Composite,composite,300,-0.0275327504
2026-04-30,2026-07-31,3,equal_weight_composite_score,equal_weight_composite_score,Equal-Weight Composite,Composite,composite,300,0.0150335004
2026-05-31,2026-08-31,3,equal_weight_composite_score,equal_weight_composite_score,Equal-Weight Composite,Composite,composite,300,0.0558717319
2026-06-30,2026-09-08,3,equal_weight_composite_score,equal_weight_composite_score,Equal-Weight Composite,Composite,composite,300,-0.1885900954
