snapshot_date,signal_price_date,baostock_code,symbol,stock_name,industry,walk_forward_rank,walk_forward_score,current_weight,target_weight,weight_change,absolute_weight_change,action,action_reason
2022-01-31,2022-01-28,sh.600143,600143.SS,金发科技,C29橡胶和塑料制品业,12.0000000000,1.5577645798,0.0000000000,0.0500000000,0.0500000000,0.0500000000,BUY,RANK_WITHIN_ENTRY_LIMIT
2022-01-31,2022-01-28,sh.600183,600183.SS,生益科技,C39计算机、通信和其他电子设备制造业,9.0000000000,1.6600162946,0.0000000000,0.0500000000,0.0500000000,0.0500000000,BUY,RANK_WITHIN_ENTRY_LIMIT
2022-01-31,2022-01-28,sh.600276,600276.SS,恒瑞医药,C27医药制造业,17.0000000000,1.3696611694,0.0000000000,0.0500000000,0.0500000000,0.0500000000,BUY,RANK_WITHIN_ENTRY_LIMIT
2022-01-31,2022-01-28,sh.600362,600362.SS,江西铜业,C32有色金属冶炼和压延加工业,1.0000000000,3.2658346326,0.0000000000,0.0500000000,0.0500000000,0.0500000000,BUY,RANK_WITHIN_ENTRY_LIMIT
2022-01-31,2022-01-28,sh.600606,600606.SS,绿地控股,E48土木工程建筑业,19.0000000000,1.2730683184,0.0000000000,0.0500000000,0.0500000000,0.0500000000,BUY,RANK_WITHIN_ENTRY_LIMIT
2022-01-31,2022-01-28,sh.600690,600690.SS,海尔智家,C38电气机械和器材制造业,14.0000000000,1.4963837457,0.0000000000,0.0500000000,0.0500000000,0.0500000000,BUY,RANK_WITHIN_ENTRY_LIMIT
2022-01-31,2022-01-28,sh.600848,600848.SS,上海临港,K70房地产业,13.0000000000,1.4993913008,0.0000000000,0.0500000000,0.0500000000,0.0500000000,BUY,RANK_WITHIN_ENTRY_LIMIT
2022-01-31,2022-01-28,sh.601138,601138.SS,工业富联,C39计算机、通信和其他电子设备制造业,15.0000000000,1.4297632723,0.0000000000,0.0500000000,0.0500000000,0.0500000000,BUY,RANK_WITHIN_ENTRY_LIMIT
2022-01-31,2022-01-28,sh.601216,601216.SS,君正集团,C26化学原料和化学制品制造业,20.0000000000,1.2709647005,0.0000000000,0.0500000000,0.0500000000,0.0500000000,BUY,RANK_WITHIN_ENTRY_LIMIT
2022-01-31,2022-01-28,sh.601360,601360.SS,三六零,I64互联网和相关服务,10.0000000000,1.6324155300,0.0000000000,0.0500000000,0.0500000000,0.0500000000,BUY,RANK_WITHIN_ENTRY_LIMIT
2022-01-31,2022-01-28,sh.601600,601600.SS,中国铝业,C32有色金属冶炼和压延加工业,3.0000000000,2.1299938538,0.0000000000,0.0500000000,0.0500000000,0.0500000000,BUY,RANK_WITHIN_ENTRY_LIMIT
2022-01-31,2022-01-28,sh.601766,601766.SS,中国中车,C37铁路、船舶、航空航天和其他运输设备制造业,11.0000000000,1.6105641458,0.0000000000,0.0500000000,0.0500000000,0.0500000000,BUY,RANK_WITHIN_ENTRY_LIMIT
2022-01-31,2022-01-28,sh.603195,603195.SS,公牛集团,C38电气机械和器材制造业,4.0000000000,2.0937055009,0.0000000000,0.0500000000,0.0500000000,0.0500000000,BUY,RANK_WITHIN_ENTRY_LIMIT
2022-01-31,2022-01-28,sh.688009,688009.SS,中国通号,C37铁路、船舶、航空航天和其他运输设备制造业,5.0000000000,1.9547009325,0.0000000000,0.0500000000,0.0500000000,0.0500000000,BUY,RANK_WITHIN_ENTRY_LIMIT
2022-01-31,2022-01-28,sz.000157,000157.SZ,中联重科,C35专用设备制造业,8.0000000000,1.7254466318,0.0000000000,0.0500000000,0.0500000000,0.0500000000,BUY,RANK_WITHIN_ENTRY_LIMIT
2022-01-31,2022-01-28,sz.000425,000425.SZ,徐工机械,C35专用设备制造业,2.0000000000,2.8835532669,0.0000000000,0.0500000000,0.0500000000,0.0500000000,BUY,RANK_WITHIN_ENTRY_LIMIT
2022-01-31,2022-01-28,sz.000800,000800.SZ,一汽解放,C36汽车制造业,16.0000000000,1.3838736236,0.0000000000,0.0500000000,0.0500000000,0.0500000000,BUY,RANK_WITHIN_ENTRY_LIMIT
2022-01-31,2022-01-28,sz.002032,002032.SZ,苏泊尔,C38电气机械和器材制造业,6.0000000000,1.7517978568,0.0000000000,0.0500000000,0.0500000000,0.0500000000,BUY,RANK_WITHIN_ENTRY_LIMIT
2022-01-31,2022-01-28,sz.002601,002601.SZ,龙佰集团,C26化学原料和化学制品制造业,18.0000000000,1.3409257124,0.0000000000,0.0500000000,0.0500000000,0.0500000000,BUY,RANK_WITHIN_ENTRY_LIMIT
2022-01-31,2022-01-28,sz.300558,300558.SZ,贝达药业,C27医药制造业,7.0000000000,1.7390669137,0.0000000000,0.0500000000,0.0500000000,0.0500000000,BUY,RANK_WITHIN_ENTRY_LIMIT
2022-02-28,2022-02-28,sh.600143,600143.SS,金发科技,C29橡胶和塑料制品业,42.0000000000,0.9269180641,0.0500000000,0.0000000000,-0.0500000000,0.0500000000,SELL,RANK_BELOW_EXIT_LIMIT
2022-02-28,2022-02-28,sh.600161,600161.SS,天坛生物,C27医药制造业,18.0000000000,1.3791121110,0.0000000000,0.0500000000,0.0500000000,0.0500000000,BUY,RANK_WITHIN_ENTRY_LIMIT
2022-02-28,2022-02-28,sh.600183,600183.SS,生益科技,C39计算机、通信和其他电子设备制造业,37.0000000000,1.0039830776,0.0500000000,0.0500000000,0.0000000000,0.0000000000,HOLD,POSITION_RETAINED
2022-02-28,2022-02-28,sh.600276,600276.SS,恒瑞医药,C27医药制造业,98.0000000000,0.4074105207,0.0500000000,0.0000000000,-0.0500000000,0.0500000000,SELL,RANK_BELOW_EXIT_LIMIT
2022-02-28,2022-02-28,sh.600332,600332.SS,白云山,C27医药制造业,12.0000000000,1.7046781619,0.0000000000,0.0500000000,0.0500000000,0.0500000000,BUY,RANK_WITHIN_ENTRY_LIMIT
2022-02-28,2022-02-28,sh.600352,600352.SS,浙江龙盛,C26化学原料和化学制品制造业,16.0000000000,1.5073408018,0.0000000000,0.0500000000,0.0500000000,0.0500000000,BUY,RANK_WITHIN_ENTRY_LIMIT
2022-02-28,2022-02-28,sh.600362,600362.SS,江西铜业,C32有色金属冶炼和压延加工业,2.0000000000,2.3808538044,0.0500000000,0.0500000000,0.0000000000,0.0000000000,HOLD,POSITION_RETAINED
2022-02-28,2022-02-28,sh.600606,600606.SS,绿地控股,E48土木工程建筑业,82.0000000000,0.5354179362,0.0500000000,0.0000000000,-0.0500000000,0.0500000000,SELL,RANK_BELOW_EXIT_LIMIT
2022-02-28,2022-02-28,sh.600690,600690.SS,海尔智家,C38电气机械和器材制造业,10.0000000000,1.8904190420,0.0500000000,0.0500000000,0.0000000000,0.0000000000,HOLD,POSITION_RETAINED
2022-02-28,2022-02-28,sh.600848,600848.SS,上海临港,K70房地产业,69.0000000000,0.6298199288,0.0500000000,0.0000000000,-0.0500000000,0.0500000000,SELL,RANK_BELOW_EXIT_LIMIT
2022-02-28,2022-02-28,sh.601138,601138.SS,工业富联,C39计算机、通信和其他电子设备制造业,9.0000000000,1.8928421474,0.0500000000,0.0500000000,0.0000000000,0.0000000000,HOLD,POSITION_RETAINED
2022-02-28,2022-02-28,sh.601216,601216.SS,君正集团,C26化学原料和化学制品制造业,14.0000000000,1.5913879953,0.0500000000,0.0500000000,0.0000000000,0.0000000000,HOLD,POSITION_RETAINED
2022-02-28,2022-02-28,sh.601231,601231.SS,环旭电子,C39计算机、通信和其他电子设备制造业,15.0000000000,1.5221857275,0.0000000000,0.0500000000,0.0500000000,0.0500000000,BUY,RANK_WITHIN_ENTRY_LIMIT
2022-02-28,2022-02-28,sh.601360,601360.SS,三六零,I64互联网和相关服务,32.0000000000,1.1099490442,0.0500000000,0.0500000000,0.0000000000,0.0000000000,HOLD,POSITION_RETAINED
2022-02-28,2022-02-28,sh.601600,601600.SS,中国铝业,C32有色金属冶炼和压延加工业,172.0000000000,-0.0396452497,0.0500000000,0.0000000000,-0.0500000000,0.0500000000,SELL,RANK_BELOW_EXIT_LIMIT
2022-02-28,2022-02-28,sh.601766,601766.SS,中国中车,C37铁路、船舶、航空航天和其他运输设备制造业,8.0000000000,1.9080675392,0.0500000000,0.0500000000,0.0000000000,0.0000000000,HOLD,POSITION_RETAINED
2022-02-28,2022-02-28,sh.603195,603195.SS,公牛集团,C38电气机械和器材制造业,3.0000000000,2.1768539282,0.0500000000,0.0500000000,0.0000000000,0.0000000000,HOLD,POSITION_RETAINED
2022-02-28,2022-02-28,sh.688009,688009.SS,中国通号,C37铁路、船舶、航空航天和其他运输设备制造业,4.0000000000,2.1265989740,0.0500000000,0.0500000000,0.0000000000,0.0000000000,HOLD,POSITION_RETAINED
2022-02-28,2022-02-28,sz.000157,000157.SZ,中联重科,C35专用设备制造业,5.0000000000,2.0605167515,0.0500000000,0.0500000000,0.0000000000,0.0000000000,HOLD,POSITION_RETAINED
2022-02-28,2022-02-28,sz.000425,000425.SZ,徐工机械,C35专用设备制造业,1.0000000000,2.6191070187,0.0500000000,0.0500000000,0.0000000000,0.0000000000,HOLD,POSITION_RETAINED
2022-02-28,2022-02-28,sz.000800,000800.SZ,一汽解放,C36汽车制造业,23.0000000000,1.3303009187,0.0500000000,0.0500000000,0.0000000000,0.0000000000,HOLD,POSITION_RETAINED
2022-02-28,2022-02-28,sz.002032,002032.SZ,苏泊尔,C38电气机械和器材制造业,26.0000000000,1.2768885091,0.0500000000,0.0500000000,0.0000000000,0.0000000000,HOLD,POSITION_RETAINED
2022-02-28,2022-02-28,sz.002044,002044.SZ,美年健康,Q84卫生,7.0000000000,1.9415212931,0.0000000000,0.0500000000,0.0500000000,0.0500000000,BUY,RANK_WITHIN_ENTRY_LIMIT
2022-02-28,2022-02-28,sz.002252,002252.SZ,上海莱士,C27医药制造业,17.0000000000,1.4372627115,0.0000000000,0.0500000000,0.0500000000,0.0500000000,BUY,RANK_WITHIN_ENTRY_LIMIT
2022-02-28,2022-02-28,sz.002601,002601.SZ,龙佰集团,C26化学原料和化学制品制造业,138.0000000000,0.1493020119,0.0500000000,0.0000000000,-0.0500000000,0.0500000000,SELL,RANK_BELOW_EXIT_LIMIT
2022-02-28,2022-02-28,sz.300498,300498.SZ,温氏股份,A03畜牧业,13.0000000000,1.6352622039,0.0000000000,0.0500000000,0.0500000000,0.0500000000,BUY,RANK_WITHIN_ENTRY_LIMIT
2022-02-28,2022-02-28,sz.300558,300558.SZ,贝达药业,C27医药制造业,137.0000000000,0.1598780256,0.0500000000,0.0000000000,-0.0500000000,0.0500000000,SELL,RANK_BELOW_EXIT_LIMIT
2022-03-31,2022-03-31,sh.600111,600111.SS,北方稀土,C32有色金属冶炼和压延加工业,5.0000000000,1.9112004676,0.0000000000,0.0500000000,0.0500000000,0.0500000000,BUY,RANK_WITHIN_ENTRY_LIMIT
2022-03-31,2022-03-31,sh.600161,600161.SS,天坛生物,C27医药制造业,7.0000000000,1.5944857528,0.0500000000,0.0500000000,0.0000000000,0.0000000000,HOLD,POSITION_RETAINED
2022-03-31,2022-03-31,sh.600183,600183.SS,生益科技,C39计算机、通信和其他电子设备制造业,61.0000000000,0.7151972585,0.0500000000,0.0000000000,-0.0500000000,0.0500000000,SELL,RANK_BELOW_EXIT_LIMIT
2022-03-31,2022-03-31,sh.600332,600332.SS,白云山,C27医药制造业,39.0000000000,0.9787956196,0.0500000000,0.0500000000,0.0000000000,0.0000000000,HOLD,POSITION_RETAINED
2022-03-31,2022-03-31,sh.600352,600352.SS,浙江龙盛,C26化学原料和化学制品制造业,92.0000000000,0.5326903732,0.0500000000,0.0000000000,-0.0500000000,0.0500000000,SELL,RANK_BELOW_EXIT_LIMIT
2022-03-31,2022-03-31,sh.600362,600362.SS,江西铜业,C32有色金属冶炼和压延加工业,97.0000000000,0.4939727579,0.0500000000,0.0000000000,-0.0500000000,0.0500000000,SELL,RANK_BELOW_EXIT_LIMIT
2022-03-31,2022-03-31,sh.600383,600383.SS,金地集团,K70房地产业,12.0000000000,1.4846459913,0.0000000000,0.0500000000,0.0500000000,0.0500000000,BUY,RANK_WITHIN_ENTRY_LIMIT
2022-03-31,2022-03-31,sh.600690,600690.SS,海尔智家,C38电气机械和器材制造业,245.0000000000,-0.7101986087,0.0500000000,0.0000000000,-0.0500000000,0.0500000000,SELL,RANK_BELOW_EXIT_LIMIT
2022-03-31,2022-03-31,sh.600848,600848.SS,上海临港,K70房地产业,3.0000000000,2.2593315882,0.0000000000,0.0500000000,0.0500000000,0.0500000000,BUY,RANK_WITHIN_ENTRY_LIMIT
2022-03-31,2022-03-31,sh.601138,601138.SS,工业富联,C39计算机、通信和其他电子设备制造业,42.0000000000,0.9470084350,0.0500000000,0.0000000000,-0.0500000000,0.0500000000,SELL,RANK_BELOW_EXIT_LIMIT
2022-03-31,2022-03-31,sh.601186,601186.SS,中国铁建,E48土木工程建筑业,14.0000000000,1.4131900832,0.0000000000,0.0500000000,0.0500000000,0.0500000000,BUY,RANK_WITHIN_ENTRY_LIMIT
2022-03-31,2022-03-31,sh.601216,601216.SS,君正集团,C26化学原料和化学制品制造业,37.0000000000,0.9875790969,0.0500000000,0.0500000000,0.0000000000,0.0000000000,HOLD,POSITION_RETAINED
2022-03-31,2022-03-31,sh.601231,601231.SS,环旭电子,C39计算机、通信和其他电子设备制造业,84.0000000000,0.5757455160,0.0500000000,0.0000000000,-0.0500000000,0.0500000000,SELL,RANK_BELOW_EXIT_LIMIT
2022-03-31,2022-03-31,sh.601360,601360.SS,三六零,I64互联网和相关服务,25.0000000000,1.1491077935,0.0500000000,0.0500000000,0.0000000000,0.0000000000,HOLD,POSITION_RETAINED
2022-03-31,2022-03-31,sh.601766,601766.SS,中国中车,C37铁路、船舶、航空航天和其他运输设备制造业,73.0000000000,0.6500933004,0.0500000000,0.0000000000,-0.0500000000,0.0500000000,SELL,RANK_BELOW_EXIT_LIMIT
2022-03-31,2022-03-31,sh.601865,601865.SS,福莱特,C30非金属矿物制品业,6.0000000000,1.8265901743,0.0000000000,0.0500000000,0.0500000000,0.0500000000,BUY,RANK_WITHIN_ENTRY_LIMIT
2022-03-31,2022-03-31,sh.601877,601877.SS,正泰电器,C38电气机械和器材制造业,10.0000000000,1.5408246442,0.0000000000,0.0500000000,0.0500000000,0.0500000000,BUY,RANK_WITHIN_ENTRY_LIMIT
2022-03-31,2022-03-31,sh.603195,603195.SS,公牛集团,C38电气机械和器材制造业,77.0000000000,0.6213678990,0.0500000000,0.0000000000,-0.0500000000,0.0500000000,SELL,RANK_BELOW_EXIT_LIMIT
2022-03-31,2022-03-31,sh.603260,603260.SS,合盛硅业,C26化学原料和化学制品制造业,1.0000000000,3.5192002164,0.0000000000,0.0500000000,0.0500000000,0.0500000000,BUY,RANK_WITHIN_ENTRY_LIMIT
2022-03-31,2022-03-31,sh.603882,603882.SS,金域医学,Q84卫生,4.0000000000,2.0980382156,0.0000000000,0.0500000000,0.0500000000,0.0500000000,BUY,RANK_WITHIN_ENTRY_LIMIT
2022-03-31,2022-03-31,sh.688009,688009.SS,中国通号,C37铁路、船舶、航空航天和其他运输设备制造业,51.0000000000,0.8400282547,0.0500000000,0.0000000000,-0.0500000000,0.0500000000,SELL,RANK_BELOW_EXIT_LIMIT
2022-03-31,2022-03-31,sh.688599,688599.SS,天合光能,C38电气机械和器材制造业,9.0000000000,1.5480642966,0.0000000000,0.0500000000,0.0500000000,0.0500000000,BUY,RANK_WITHIN_ENTRY_LIMIT
2022-03-31,2022-03-31,sz.000157,000157.SZ,中联重科,C35专用设备制造业,33.0000000000,1.0445423410,0.0500000000,0.0500000000,0.0000000000,0.0000000000,HOLD,POSITION_RETAINED
2022-03-31,2022-03-31,sz.000425,000425.SZ,徐工机械,C35专用设备制造业,13.0000000000,1.4253561480,0.0500000000,0.0500000000,0.0000000000,0.0000000000,HOLD,POSITION_RETAINED
2022-03-31,2022-03-31,sz.000800,000800.SZ,一汽解放,C36汽车制造业,228.0000000000,-0.5324217910,0.0500000000,0.0000000000,-0.0500000000,0.0500000000,SELL,RANK_BELOW_EXIT_LIMIT
2022-03-31,2022-03-31,sz.002032,002032.SZ,苏泊尔,C38电气机械和器材制造业,187.0000000000,-0.1145530782,0.0500000000,0.0000000000,-0.0500000000,0.0500000000,SELL,RANK_BELOW_EXIT_LIMIT
2022-03-31,2022-03-31,sz.002044,002044.SZ,美年健康,Q84卫生,26.0000000000,1.1374206655,0.0500000000,0.0500000000,0.0000000000,0.0000000000,HOLD,POSITION_RETAINED
2022-03-31,2022-03-31,sz.002252,002252.SZ,上海莱士,C27医药制造业,11.0000000000,1.5219895836,0.0500000000,0.0500000000,0.0000000000,0.0000000000,HOLD,POSITION_RETAINED
2022-03-31,2022-03-31,sz.002311,002311.SZ,海大集团,C13农副食品加工业,8.0000000000,1.5939604358,0.0000000000,0.0500000000,0.0500000000,0.0500000000,BUY,RANK_WITHIN_ENTRY_LIMIT
2022-03-31,2022-03-31,sz.300316,300316.SZ,晶盛机电,C35专用设备制造业,16.0000000000,1.3591433513,0.0000000000,0.0500000000,0.0500000000,0.0500000000,BUY,RANK_WITHIN_ENTRY_LIMIT
2022-03-31,2022-03-31,sz.300498,300498.SZ,温氏股份,A03畜牧业,2.0000000000,2.6078735225,0.0500000000,0.0500000000,0.0000000000,0.0000000000,HOLD,POSITION_RETAINED
2022-04-30,2022-04-29,sh.600104,600104.SS,上汽集团,C36汽车制造业,12.0000000000,1.4485161366,0.0000000000,0.0500000000,0.0500000000,0.0500000000,BUY,RANK_WITHIN_ENTRY_LIMIT
2022-04-30,2022-04-29,sh.600111,600111.SS,北方稀土,C32有色金属冶炼和压延加工业,57.0000000000,0.7789000064,0.0500000000,0.0000000000,-0.0500000000,0.0500000000,SELL,RANK_BELOW_EXIT_LIMIT
2022-04-30,2022-04-29,sh.600161,600161.SS,天坛生物,C27医药制造业,48.0000000000,0.9499516429,0.0500000000,0.0000000000,-0.0500000000,0.0500000000,SELL,RANK_BELOW_EXIT_LIMIT
2022-04-30,2022-04-29,sh.600332,600332.SS,白云山,C27医药制造业,6.0000000000,1.6845367936,0.0500000000,0.0500000000,0.0000000000,0.0000000000,HOLD,POSITION_RETAINED
2022-04-30,2022-04-29,sh.600362,600362.SS,江西铜业,C32有色金属冶炼和压延加工业,7.0000000000,1.5972724329,0.0000000000,0.0500000000,0.0500000000,0.0500000000,BUY,RANK_WITHIN_ENTRY_LIMIT
2022-04-30,2022-04-29,sh.600383,600383.SS,金地集团,K70房地产业,121.0000000000,0.2494265446,0.0500000000,0.0000000000,-0.0500000000,0.0500000000,SELL,RANK_BELOW_EXIT_LIMIT
2022-04-30,2022-04-29,sh.600655,600655.SS,豫园股份,F52零售业,5.0000000000,2.0871893811,0.0000000000,0.0500000000,0.0500000000,0.0500000000,BUY,RANK_WITHIN_ENTRY_LIMIT
2022-04-30,2022-04-29,sh.600848,600848.SS,上海临港,K70房地产业,21.0000000000,1.2750815671,0.0500000000,0.0500000000,0.0000000000,0.0000000000,HOLD,POSITION_RETAINED
2022-04-30,2022-04-29,sh.601138,601138.SS,工业富联,C39计算机、通信和其他电子设备制造业,8.0000000000,1.5726813109,0.0000000000,0.0500000000,0.0500000000,0.0500000000,BUY,RANK_WITHIN_ENTRY_LIMIT
2022-04-30,2022-04-29,sh.601186,601186.SS,中国铁建,E48土木工程建筑业,103.0000000000,0.4102989873,0.0500000000,0.0000000000,-0.0500000000,0.0500000000,SELL,RANK_BELOW_EXIT_LIMIT
2022-04-30,2022-04-29,sh.601216,601216.SS,君正集团,C26化学原料和化学制品制造业,35.0000000000,1.0807087329,0.0500000000,0.0500000000,0.0000000000,0.0000000000,HOLD,POSITION_RETAINED
2022-04-30,2022-04-29,sh.601360,601360.SS,三六零,I64互联网和相关服务,1.0000000000,2.9799739239,0.0500000000,0.0500000000,0.0000000000,0.0000000000,HOLD,POSITION_RETAINED
2022-04-30,2022-04-29,sh.601600,601600.SS,中国铝业,C32有色金属冶炼和压延加工业,3.0000000000,2.2300708294,0.0000000000,0.0500000000,0.0500000000,0.0500000000,BUY,RANK_WITHIN_ENTRY_LIMIT
2022-04-30,2022-04-29,sh.601865,601865.SS,福莱特,C30非金属矿物制品业,218.0000000000,-0.4049975992,0.0500000000,0.0000000000,-0.0500000000,0.0500000000,SELL,RANK_BELOW_EXIT_LIMIT
2022-04-30,2022-04-29,sh.601877,601877.SS,正泰电器,C38电气机械和器材制造业,43.0000000000,1.0064093889,0.0500000000,0.0000000000,-0.0500000000,0.0500000000,SELL,RANK_BELOW_EXIT_LIMIT
2022-04-30,2022-04-29,sh.603260,603260.SS,合盛硅业,C26化学原料和化学制品制造业,4.0000000000,2.1657830771,0.0500000000,0.0500000000,0.0000000000,0.0000000000,HOLD,POSITION_RETAINED
2022-04-30,2022-04-29,sh.603882,603882.SS,金域医学,Q84卫生,270.0000000000,-1.3285747943,0.0500000000,0.0000000000,-0.0500000000,0.0500000000,SELL,RANK_BELOW_EXIT_LIMIT
2022-04-30,2022-04-29,sh.688599,688599.SS,天合光能,C38电气机械和器材制造业,177.0000000000,-0.0043439267,0.0500000000,0.0000000000,-0.0500000000,0.0500000000,SELL,RANK_BELOW_EXIT_LIMIT
2022-04-30,2022-04-29,sz.000157,000157.SZ,中联重科,C35专用设备制造业,23.0000000000,1.2339513279,0.0500000000,0.0500000000,0.0000000000,0.0000000000,HOLD,POSITION_RETAINED
2022-04-30,2022-04-29,sz.000425,000425.SZ,徐工机械,C35专用设备制造业,14.0000000000,1.4252508993,0.0500000000,0.0500000000,0.0000000000,0.0000000000,HOLD,POSITION_RETAINED
2022-04-30,2022-04-29,sz.000651,000651.SZ,格力电器,C38电气机械和器材制造业,9.0000000000,1.5445144633,0.0000000000,0.0500000000,0.0500000000,0.0500000000,BUY,RANK_WITHIN_ENTRY_LIMIT
2022-04-30,2022-04-29,sz.002001,002001.SZ,新和成,C27医药制造业,10.0000000000,1.5182034071,0.0000000000,0.0500000000,0.0500000000,0.0500000000,BUY,RANK_WITHIN_ENTRY_LIMIT
2022-04-30,2022-04-29,sz.002044,002044.SZ,美年健康,Q84卫生,13.0000000000,1.4301863815,0.0500000000,0.0500000000,0.0000000000,0.0000000000,HOLD,POSITION_RETAINED
2022-04-30,2022-04-29,sz.002252,002252.SZ,上海莱士,C27医药制造业,16.0000000000,1.3492131346,0.0500000000,0.0500000000,0.0000000000,0.0000000000,HOLD,POSITION_RETAINED
2022-04-30,2022-04-29,sz.002311,002311.SZ,海大集团,C13农副食品加工业,97.0000000000,0.4657866884,0.0500000000,0.0000000000,-0.0500000000,0.0500000000,SELL,RANK_BELOW_EXIT_LIMIT
2022-04-30,2022-04-29,sz.002602,002602.SZ,世纪华通,I64互联网和相关服务,2.0000000000,2.5728808049,0.0000000000,0.0500000000,0.0500000000,0.0500000000,BUY,RANK_WITHIN_ENTRY_LIMIT
2022-04-30,2022-04-29,sz.002916,002916.SZ,深南电路,C39计算机、通信和其他电子设备制造业,11.0000000000,1.4873034466,0.0000000000,0.0500000000,0.0500000000,0.0500000000,BUY,RANK_WITHIN_ENTRY_LIMIT
2022-04-30,2022-04-29,sz.300316,300316.SZ,晶盛机电,C35专用设备制造业,30.0000000000,1.1402452052,0.0500000000,0.0500000000,0.0000000000,0.0000000000,HOLD,POSITION_RETAINED
2022-04-30,2022-04-29,sz.300498,300498.SZ,温氏股份,A03畜牧业,26.0000000000,1.1865862873,0.0500000000,0.0500000000,0.0000000000,0.0000000000,HOLD,POSITION_RETAINED
2022-05-31,2022-05-31,sh.600104,600104.SS,上汽集团,C36汽车制造业,16.0000000000,1.5018641047,0.0500000000,0.0500000000,0.0000000000,0.0000000000,HOLD,POSITION_RETAINED
2022-05-31,2022-05-31,sh.600332,600332.SS,白云山,C27医药制造业,2.0000000000,2.2713550279,0.0500000000,0.0500000000,0.0000000000,0.0000000000,HOLD,POSITION_RETAINED
2022-05-31,2022-05-31,sh.600362,600362.SS,江西铜业,C32有色金属冶炼和压延加工业,24.0000000000,1.3260428672,0.0500000000,0.0500000000,0.0000000000,0.0000000000,HOLD,POSITION_RETAINED
2022-05-31,2022-05-31,sh.600406,600406.SS,国电南瑞,I65软件和信息技术服务业,11.0000000000,1.5589776795,0.0000000000,0.0500000000,0.0500000000,0.0500000000,BUY,RANK_WITHIN_ENTRY_LIMIT
2022-05-31,2022-05-31,sh.600655,600655.SS,豫园股份,F52零售业,13.0000000000,1.5134121162,0.0500000000,0.0500000000,0.0000000000,0.0000000000,HOLD,POSITION_RETAINED
2022-05-31,2022-05-31,sh.600848,600848.SS,上海临港,K70房地产业,180.0000000000,-0.1259691706,0.0500000000,0.0000000000,-0.0500000000,0.0500000000,SELL,RANK_BELOW_EXIT_LIMIT
2022-05-31,2022-05-31,sh.601138,601138.SS,工业富联,C39计算机、通信和其他电子设备制造业,33.0000000000,1.1701542615,0.0500000000,0.0500000000,0.0000000000,0.0000000000,HOLD,POSITION_RETAINED
2022-05-31,2022-05-31,sh.601216,601216.SS,君正集团,C26化学原料和化学制品制造业,31.0000000000,1.2187974500,0.0500000000,0.0500000000,0.0000000000,0.0000000000,HOLD,POSITION_RETAINED
2022-05-31,2022-05-31,sh.601360,601360.SS,三六零,I64互联网和相关服务,44.0000000000,1.0185052370,0.0500000000,0.0000000000,-0.0500000000,0.0500000000,SELL,RANK_BELOW_EXIT_LIMIT
2022-05-31,2022-05-31,sh.601600,601600.SS,中国铝业,C32有色金属冶炼和压延加工业,201.0000000000,-0.2687534369,0.0500000000,0.0000000000,-0.0500000000,0.0500000000,SELL,RANK_BELOW_EXIT_LIMIT
2022-05-31,2022-05-31,sh.603260,603260.SS,合盛硅业,C26化学原料和化学制品制造业,14.0000000000,1.5106973025,0.0500000000,0.0500000000,0.0000000000,0.0000000000,HOLD,POSITION_RETAINED
2022-05-31,2022-05-31,sh.603659,603659.SS,璞泰来,C39计算机、通信和其他电子设备制造业,1.0000000000,2.4439218507,0.0000000000,0.0500000000,0.0500000000,0.0500000000,BUY,RANK_WITHIN_ENTRY_LIMIT
2022-05-31,2022-05-31,sh.603806,603806.SS,福斯特,C29橡胶和塑料制品业,8.0000000000,1.8031183562,0.0000000000,0.0500000000,0.0500000000,0.0500000000,BUY,RANK_WITHIN_ENTRY_LIMIT
2022-05-31,2022-05-31,sh.603882,603882.SS,金域医学,Q84卫生,12.0000000000,1.5431972574,0.0000000000,0.0500000000,0.0500000000,0.0500000000,BUY,RANK_WITHIN_ENTRY_LIMIT
2022-05-31,2022-05-31,sh.688599,688599.SS,天合光能,C38电气机械和器材制造业,9.0000000000,1.6156306143,0.0000000000,0.0500000000,0.0500000000,0.0500000000,BUY,RANK_WITHIN_ENTRY_LIMIT
2022-05-31,2022-05-31,sz.000157,000157.SZ,中联重科,C35专用设备制造业,22.0000000000,1.3413513910,0.0500000000,0.0500000000,0.0000000000,0.0000000000,HOLD,POSITION_RETAINED
2022-05-31,2022-05-31,sz.000425,000425.SZ,徐工机械,C35专用设备制造业,21.0000000000,1.3569120938,0.0500000000,0.0500000000,0.0000000000,0.0000000000,HOLD,POSITION_RETAINED
2022-05-31,2022-05-31,sz.000651,000651.SZ,格力电器,C38电气机械和器材制造业,172.0000000000,-0.0805166672,0.0500000000,0.0000000000,-0.0500000000,0.0500000000,SELL,RANK_BELOW_EXIT_LIMIT
2022-05-31,2022-05-31,sz.000895,000895.SZ,双汇发展,C13农副食品加工业,15.0000000000,1.5027708902,0.0000000000,0.0500000000,0.0500000000,0.0500000000,BUY,RANK_WITHIN_ENTRY_LIMIT
2022-05-31,2022-05-31,sz.002001,002001.SZ,新和成,C27医药制造业,62.0000000000,0.7828556513,0.0500000000,0.0000000000,-0.0500000000,0.0500000000,SELL,RANK_BELOW_EXIT_LIMIT
2022-05-31,2022-05-31,sz.002044,002044.SZ,美年健康,Q84卫生,49.0000000000,0.9419746900,0.0500000000,0.0000000000,-0.0500000000,0.0500000000,SELL,RANK_BELOW_EXIT_LIMIT
2022-05-31,2022-05-31,sz.002252,002252.SZ,上海莱士,C27医药制造业,5.0000000000,2.0876506676,0.0500000000,0.0500000000,0.0000000000,0.0000000000,HOLD,POSITION_RETAINED
2022-05-31,2022-05-31,sz.002459,002459.SZ,晶澳科技,C38电气机械和器材制造业,7.0000000000,1.8963275469,0.0000000000,0.0500000000,0.0500000000,0.0500000000,BUY,RANK_WITHIN_ENTRY_LIMIT
2022-05-31,2022-05-31,sz.002602,002602.SZ,世纪华通,I64互联网和相关服务,46.0000000000,0.9685129056,0.0500000000,0.0000000000,-0.0500000000,0.0500000000,SELL,RANK_BELOW_EXIT_LIMIT
2022-05-31,2022-05-31,sz.002916,002916.SZ,深南电路,C39计算机、通信和其他电子设备制造业,3.0000000000,2.2338331662,0.0500000000,0.0500000000,0.0000000000,0.0000000000,HOLD,POSITION_RETAINED
2022-05-31,2022-05-31,sz.300316,300316.SZ,晶盛机电,C35专用设备制造业,4.0000000000,2.2302834545,0.0500000000,0.0500000000,0.0000000000,0.0000000000,HOLD,POSITION_RETAINED
2022-05-31,2022-05-31,sz.300498,300498.SZ,温氏股份,A03畜牧业,30.0000000000,1.2530240115,0.0500000000,0.0500000000,0.0000000000,0.0000000000,HOLD,POSITION_RETAINED
2022-06-30,2022-06-30,sh.600085,600085.SS,同仁堂,C27医药制造业,2.0000000000,2.1405376794,0.0000000000,0.0500000000,0.0500000000,0.0500000000,BUY,RANK_WITHIN_ENTRY_LIMIT
2022-06-30,2022-06-30,sh.600104,600104.SS,上汽集团,C36汽车制造业,50.0000000000,0.8769745977,0.0500000000,0.0000000000,-0.0500000000,0.0500000000,SELL,RANK_BELOW_EXIT_LIMIT
2022-06-30,2022-06-30,sh.600332,600332.SS,白云山,C27医药制造业,4.0000000000,2.0176124592,0.0500000000,0.0500000000,0.0000000000,0.0000000000,HOLD,POSITION_RETAINED
2022-06-30,2022-06-30,sh.600362,600362.SS,江西铜业,C32有色金属冶炼和压延加工业,27.0000000000,1.1870571625,0.0500000000,0.0500000000,0.0000000000,0.0000000000,HOLD,POSITION_RETAINED
2022-06-30,2022-06-30,sh.600406,600406.SS,国电南瑞,I65软件和信息技术服务业,3.0000000000,2.1015027385,0.0500000000,0.0500000000,0.0000000000,0.0000000000,HOLD,POSITION_RETAINED
2022-06-30,2022-06-30,sh.600655,600655.SS,豫园股份,F52零售业,114.0000000000,0.3338450236,0.0500000000,0.0000000000,-0.0500000000,0.0500000000,SELL,RANK_BELOW_EXIT_LIMIT
2022-06-30,2022-06-30,sh.601138,601138.SS,工业富联,C39计算机、通信和其他电子设备制造业,21.0000000000,1.2601876614,0.0500000000,0.0500000000,0.0000000000,0.0000000000,HOLD,POSITION_RETAINED
2022-06-30,2022-06-30,sh.601211,601211.SS,国泰君安,J67资本市场服务,20.0000000000,1.2930636703,0.0000000000,0.0500000000,0.0500000000,0.0500000000,BUY,RANK_WITHIN_ENTRY_LIMIT
2022-06-30,2022-06-30,sh.601216,601216.SS,君正集团,C26化学原料和化学制品制造业,228.0000000000,-0.5982993623,0.0500000000,0.0000000000,-0.0500000000,0.0500000000,SELL,RANK_BELOW_EXIT_LIMIT
2022-06-30,2022-06-30,sh.601238,601238.SS,广汽集团,C36汽车制造业,1.0000000000,2.2600865583,0.0000000000,0.0500000000,0.0500000000,0.0500000000,BUY,RANK_WITHIN_ENTRY_LIMIT
2022-06-30,2022-06-30,sh.601865,601865.SS,福莱特,C30非金属矿物制品业,10.0000000000,1.6447397539,0.0000000000,0.0500000000,0.0500000000,0.0500000000,BUY,RANK_WITHIN_ENTRY_LIMIT
2022-06-30,2022-06-30,sh.601877,601877.SS,正泰电器,C38电气机械和器材制造业,11.0000000000,1.6047171816,0.0000000000,0.0500000000,0.0500000000,0.0500000000,BUY,RANK_WITHIN_ENTRY_LIMIT
2022-06-30,2022-06-30,sh.601881,601881.SS,中国银河,J67资本市场服务,15.0000000000,1.4401948640,0.0000000000,0.0500000000,0.0500000000,0.0500000000,BUY,RANK_WITHIN_ENTRY_LIMIT
2022-06-30,2022-06-30,sh.603260,603260.SS,合盛硅业,C26化学原料和化学制品制造业,138.0000000000,0.1763867478,0.0500000000,0.0000000000,-0.0500000000,0.0500000000,SELL,RANK_BELOW_EXIT_LIMIT
2022-06-30,2022-06-30,sh.603369,603369.SS,今世缘,C15酒、饮料和精制茶制造业,18.0000000000,1.3345742380,0.0000000000,0.0500000000,0.0500000000,0.0500000000,BUY,RANK_WITHIN_ENTRY_LIMIT
2022-06-30,2022-06-30,sh.603659,603659.SS,璞泰来,C39计算机、通信和其他电子设备制造业,29.0000000000,1.1528113331,0.0500000000,0.0500000000,0.0000000000,0.0000000000,HOLD,POSITION_RETAINED
2022-06-30,2022-06-30,sh.603806,603806.SS,福斯特,C29橡胶和塑料制品业,48.0000000000,0.9027424248,0.0500000000,0.0000000000,-0.0500000000,0.0500000000,SELL,RANK_BELOW_EXIT_LIMIT
2022-06-30,2022-06-30,sh.603882,603882.SS,金域医学,Q84卫生,43.0000000000,0.9437625645,0.0500000000,0.0000000000,-0.0500000000,0.0500000000,SELL,RANK_BELOW_EXIT_LIMIT
2022-06-30,2022-06-30,sh.688599,688599.SS,天合光能,C38电气机械和器材制造业,6.0000000000,1.9521016596,0.0500000000,0.0500000000,0.0000000000,0.0000000000,HOLD,POSITION_RETAINED
2022-06-30,2022-06-30,sz.000157,000157.SZ,中联重科,C35专用设备制造业,70.0000000000,0.7074734883,0.0500000000,0.0000000000,-0.0500000000,0.0500000000,SELL,RANK_BELOW_EXIT_LIMIT
2022-06-30,2022-06-30,sz.000425,000425.SZ,徐工机械,C35专用设备制造业,16.0000000000,1.4273314162,0.0500000000,0.0500000000,0.0000000000,0.0000000000,HOLD,POSITION_RETAINED
2022-06-30,2022-06-30,sz.000895,000895.SZ,双汇发展,C13农副食品加工业,33.0000000000,1.0825842504,0.0500000000,0.0500000000,0.0000000000,0.0000000000,HOLD,POSITION_RETAINED
2022-06-30,2022-06-30,sz.002252,002252.SZ,上海莱士,C27医药制造业,8.0000000000,1.7930687112,0.0500000000,0.0500000000,0.0000000000,0.0000000000,HOLD,POSITION_RETAINED
2022-06-30,2022-06-30,sz.002459,002459.SZ,晶澳科技,C38电气机械和器材制造业,7.0000000000,1.8627043715,0.0500000000,0.0500000000,0.0000000000,0.0000000000,HOLD,POSITION_RETAINED
2022-06-30,2022-06-30,sz.002736,002736.SZ,国信证券,J67资本市场服务,13.0000000000,1.4757266098,0.0000000000,0.0500000000,0.0500000000,0.0500000000,BUY,RANK_WITHIN_ENTRY_LIMIT
2022-06-30,2022-06-30,sz.002916,002916.SZ,深南电路,C39计算机、通信和其他电子设备制造业,9.0000000000,1.7232701009,0.0500000000,0.0500000000,0.0000000000,0.0000000000,HOLD,POSITION_RETAINED
2022-06-30,2022-06-30,sz.300316,300316.SZ,晶盛机电,C35专用设备制造业,14.0000000000,1.4582274304,0.0500000000,0.0500000000,0.0000000000,0.0000000000,HOLD,POSITION_RETAINED
2022-06-30,2022-06-30,sz.300498,300498.SZ,温氏股份,A03畜牧业,110.0000000000,0.3521038715,0.0500000000,0.0000000000,-0.0500000000,0.0500000000,SELL,RANK_BELOW_EXIT_LIMIT
2022-07-31,2022-07-29,sh.600085,600085.SS,同仁堂,C27医药制造业,10.0000000000,1.7220704083,0.0500000000,0.0500000000,0.0000000000,0.0000000000,HOLD,POSITION_RETAINED
2022-07-31,2022-07-29,sh.600332,600332.SS,白云山,C27医药制造业,22.0000000000,1.2787541035,0.0500000000,0.0500000000,0.0000000000,0.0000000000,HOLD,POSITION_RETAINED
2022-07-31,2022-07-29,sh.600362,600362.SS,江西铜业,C32有色金属冶炼和压延加工业,46.0000000000,0.8417754086,0.0500000000,0.0000000000,-0.0500000000,0.0500000000,SELL,RANK_BELOW_EXIT_LIMIT
2022-07-31,2022-07-29,sh.600406,600406.SS,国电南瑞,I65软件和信息技术服务业,15.0000000000,1.5054858481,0.0500000000,0.0500000000,0.0000000000,0.0000000000,HOLD,POSITION_RETAINED
2022-07-31,2022-07-29,sh.600438,600438.SS,通威股份,C38电气机械和器材制造业,12.0000000000,1.6000725518,0.0000000000,0.0500000000,0.0500000000,0.0500000000,BUY,RANK_WITHIN_ENTRY_LIMIT
2022-07-31,2022-07-29,sh.600845,600845.SS,宝信软件,I65软件和信息技术服务业,5.0000000000,1.9970405421,0.0000000000,0.0500000000,0.0500000000,0.0500000000,BUY,RANK_WITHIN_ENTRY_LIMIT
2022-07-31,2022-07-29,sh.601138,601138.SS,工业富联,C39计算机、通信和其他电子设备制造业,56.0000000000,0.7597764294,0.0500000000,0.0000000000,-0.0500000000,0.0500000000,SELL,RANK_BELOW_EXIT_LIMIT
2022-07-31,2022-07-29,sh.601211,601211.SS,国泰君安,J67资本市场服务,114.0000000000,0.2784744623,0.0500000000,0.0000000000,-0.0500000000,0.0500000000,SELL,RANK_BELOW_EXIT_LIMIT
2022-07-31,2022-07-29,sh.601216,601216.SS,君正集团,C26化学原料和化学制品制造业,18.0000000000,1.3862423603,0.0000000000,0.0500000000,0.0500000000,0.0500000000,BUY,RANK_WITHIN_ENTRY_LIMIT
2022-07-31,2022-07-29,sh.601238,601238.SS,广汽集团,C36汽车制造业,29.0000000000,1.1257864688,0.0500000000,0.0500000000,0.0000000000,0.0000000000,HOLD,POSITION_RETAINED
2022-07-31,2022-07-29,sh.601669,601669.SS,中国电建,E48土木工程建筑业,14.0000000000,1.5366598284,0.0000000000,0.0500000000,0.0500000000,0.0500000000,BUY,RANK_WITHIN_ENTRY_LIMIT
2022-07-31,2022-07-29,sh.601865,601865.SS,福莱特,C30非金属矿物制品业,257.0000000000,-0.8726468173,0.0500000000,0.0000000000,-0.0500000000,0.0500000000,SELL,RANK_BELOW_EXIT_LIMIT
2022-07-31,2022-07-29,sh.601877,601877.SS,正泰电器,C38电气机械和器材制造业,156.0000000000,0.0274791435,0.0500000000,0.0000000000,-0.0500000000,0.0500000000,SELL,RANK_BELOW_EXIT_LIMIT
2022-07-31,2022-07-29,sh.601881,601881.SS,中国银河,J67资本市场服务,49.0000000000,0.8275777773,0.0500000000,0.0000000000,-0.0500000000,0.0500000000,SELL,RANK_BELOW_EXIT_LIMIT
2022-07-31,2022-07-29,sh.603195,603195.SS,公牛集团,C38电气机械和器材制造业,8.0000000000,1.7734162539,0.0000000000,0.0500000000,0.0500000000,0.0500000000,BUY,RANK_WITHIN_ENTRY_LIMIT
2022-07-31,2022-07-29,sh.603369,603369.SS,今世缘,C15酒、饮料和精制茶制造业,233.0000000000,-0.4906535966,0.0500000000,0.0000000000,-0.0500000000,0.0500000000,SELL,RANK_BELOW_EXIT_LIMIT
2022-07-31,2022-07-29,sh.603659,603659.SS,璞泰来,C39计算机、通信和其他电子设备制造业,2.0000000000,2.2879752181,0.0500000000,0.0500000000,0.0000000000,0.0000000000,HOLD,POSITION_RETAINED
2022-07-31,2022-07-29,sh.688599,688599.SS,天合光能,C38电气机械和器材制造业,280.0000000000,-1.4356697076,0.0500000000,0.0000000000,-0.0500000000,0.0500000000,SELL,RANK_BELOW_EXIT_LIMIT
2022-07-31,2022-07-29,sz.000408,000408.SZ,藏格矿业,C26化学原料和化学制品制造业,3.0000000000,2.1300472100,0.0000000000,0.0500000000,0.0500000000,0.0500000000,BUY,RANK_WITHIN_ENTRY_LIMIT
2022-07-31,2022-07-29,sz.000425,000425.SZ,徐工机械,C35专用设备制造业,33.0000000000,1.0184788413,0.0500000000,0.0500000000,0.0000000000,0.0000000000,HOLD,POSITION_RETAINED
2022-07-31,2022-07-29,sz.000596,000596.SZ,古井贡酒,C15酒、饮料和精制茶制造业,20.0000000000,1.3570137089,0.0000000000,0.0500000000,0.0500000000,0.0500000000,BUY,RANK_WITHIN_ENTRY_LIMIT
2022-07-31,2022-07-29,sz.000708,000708.SZ,中信特钢,C31黑色金属冶炼和压延加工业,19.0000000000,1.3828373008,0.0000000000,0.0500000000,0.0500000000,0.0500000000,BUY,RANK_WITHIN_ENTRY_LIMIT
2022-07-31,2022-07-29,sz.000768,000768.SZ,中航西飞,C37铁路、船舶、航空航天和其他运输设备制造业,16.0000000000,1.4314477634,0.0000000000,0.0500000000,0.0500000000,0.0500000000,BUY,RANK_WITHIN_ENTRY_LIMIT
2022-07-31,2022-07-29,sz.000895,000895.SZ,双汇发展,C13农副食品加工业,88.0000000000,0.5085118327,0.0500000000,0.0000000000,-0.0500000000,0.0500000000,SELL,RANK_BELOW_EXIT_LIMIT
2022-07-31,2022-07-29,sz.002129,002129.SZ,中环股份,C38电气机械和器材制造业,7.0000000000,1.8530115951,0.0000000000,0.0500000000,0.0500000000,0.0500000000,BUY,RANK_WITHIN_ENTRY_LIMIT
2022-07-31,2022-07-29,sz.002179,002179.SZ,中航光电,C39计算机、通信和其他电子设备制造业,4.0000000000,2.0575133269,0.0000000000,0.0500000000,0.0500000000,0.0500000000,BUY,RANK_WITHIN_ENTRY_LIMIT
2022-07-31,2022-07-29,sz.002252,002252.SZ,上海莱士,C27医药制造业,45.0000000000,0.8510190041,0.0500000000,0.0000000000,-0.0500000000,0.0500000000,SELL,RANK_BELOW_EXIT_LIMIT
2022-07-31,2022-07-29,sz.002459,002459.SZ,晶澳科技,C38电气机械和器材制造业,67.0000000000,0.6740818107,0.0500000000,0.0000000000,-0.0500000000,0.0500000000,SELL,RANK_BELOW_EXIT_LIMIT
2022-07-31,2022-07-29,sz.002648,002648.SZ,卫星化学,C26化学原料和化学制品制造业,9.0000000000,1.7635933310,0.0000000000,0.0500000000,0.0500000000,0.0500000000,BUY,RANK_WITHIN_ENTRY_LIMIT
2022-07-31,2022-07-29,sz.002736,002736.SZ,国信证券,J67资本市场服务,83.0000000000,0.5209271405,0.0500000000,0.0000000000,-0.0500000000,0.0500000000,SELL,RANK_BELOW_EXIT_LIMIT
2022-07-31,2022-07-29,sz.002916,002916.SZ,深南电路,C39计算机、通信和其他电子设备制造业,24.0000000000,1.2418140334,0.0500000000,0.0500000000,0.0000000000,0.0000000000,HOLD,POSITION_RETAINED
2022-07-31,2022-07-29,sz.300316,300316.SZ,晶盛机电,C35专用设备制造业,108.0000000000,0.3332106579,0.0500000000,0.0000000000,-0.0500000000,0.0500000000,SELL,RANK_BELOW_EXIT_LIMIT
2022-07-31,2022-07-29,sz.300751,300751.SZ,迈为股份,C35专用设备制造业,1.0000000000,2.5958931101,0.0000000000,0.0500000000,0.0500000000,0.0500000000,BUY,RANK_WITHIN_ENTRY_LIMIT
2022-08-31,2022-08-31,sh.600018,600018.SS,上港集团,G55水上运输业,17.0000000000,1.5657825634,0.0000000000,0.0500000000,0.0500000000,0.0500000000,BUY,RANK_WITHIN_ENTRY_LIMIT
2022-08-31,2022-08-31,sh.600085,600085.SS,同仁堂,C27医药制造业,3.0000000000,2.7825404668,0.0500000000,0.0500000000,0.0000000000,0.0000000000,HOLD,POSITION_RETAINED
2022-08-31,2022-08-31,sh.600332,600332.SS,白云山,C27医药制造业,14.0000000000,1.6217618032,0.0500000000,0.0500000000,0.0000000000,0.0000000000,HOLD,POSITION_RETAINED
2022-08-31,2022-08-31,sh.600406,600406.SS,国电南瑞,I65软件和信息技术服务业,4.0000000000,2.3589247611,0.0500000000,0.0500000000,0.0000000000,0.0000000000,HOLD,POSITION_RETAINED
2022-08-31,2022-08-31,sh.600438,600438.SS,通威股份,C38电气机械和器材制造业,187.0000000000,-0.1337690258,0.0500000000,0.0000000000,-0.0500000000,0.0500000000,SELL,RANK_BELOW_EXIT_LIMIT
2022-08-31,2022-08-31,sh.600741,600741.SS,华域汽车,C36汽车制造业,12.0000000000,1.6903224238,0.0000000000,0.0500000000,0.0500000000,0.0500000000,BUY,RANK_WITHIN_ENTRY_LIMIT
2022-08-31,2022-08-31,sh.600845,600845.SS,宝信软件,I65软件和信息技术服务业,16.0000000000,1.5848256685,0.0500000000,0.0500000000,0.0000000000,0.0000000000,HOLD,POSITION_RETAINED
2022-08-31,2022-08-31,sh.601216,601216.SS,君正集团,C26化学原料和化学制品制造业,56.0000000000,0.7807696833,0.0500000000,0.0000000000,-0.0500000000,0.0500000000,SELL,RANK_BELOW_EXIT_LIMIT
2022-08-31,2022-08-31,sh.601238,601238.SS,广汽集团,C36汽车制造业,110.0000000000,0.3308915157,0.0500000000,0.0000000000,-0.0500000000,0.0500000000,SELL,RANK_BELOW_EXIT_LIMIT
2022-08-31,2022-08-31,sh.601669,601669.SS,中国电建,E48土木工程建筑业,173.0000000000,-0.0594009573,0.0500000000,0.0000000000,-0.0500000000,0.0500000000,SELL,RANK_BELOW_EXIT_LIMIT
2022-08-31,2022-08-31,sh.603195,603195.SS,公牛集团,C38电气机械和器材制造业,176.0000000000,-0.0644098121,0.0500000000,0.0000000000,-0.0500000000,0.0500000000,SELL,RANK_BELOW_EXIT_LIMIT
2022-08-31,2022-08-31,sh.603659,603659.SS,璞泰来,C39计算机、通信和其他电子设备制造业,7.0000000000,1.9752247530,0.0500000000,0.0500000000,0.0000000000,0.0000000000,HOLD,POSITION_RETAINED
2022-08-31,2022-08-31,sz.000157,000157.SZ,中联重科,C35专用设备制造业,19.0000000000,1.4872586687,0.0000000000,0.0500000000,0.0500000000,0.0500000000,BUY,RANK_WITHIN_ENTRY_LIMIT
2022-08-31,2022-08-31,sz.000408,000408.SZ,藏格矿业,C26化学原料和化学制品制造业,9.0000000000,1.8952277626,0.0500000000,0.0500000000,0.0000000000,0.0000000000,HOLD,POSITION_RETAINED
2022-08-31,2022-08-31,sz.000425,000425.SZ,徐工机械,C35专用设备制造业,50.0000000000,0.9040648197,0.0500000000,0.0000000000,-0.0500000000,0.0500000000,SELL,RANK_BELOW_EXIT_LIMIT
2022-08-31,2022-08-31,sz.000538,000538.SZ,云南白药,C27医药制造业,23.0000000000,1.3144680757,0.0000000000,0.0500000000,0.0500000000,0.0500000000,BUY,RANK_WITHIN_ENTRY_LIMIT
2022-08-31,2022-08-31,sz.000596,000596.SZ,古井贡酒,C15酒、饮料和精制茶制造业,37.0000000000,1.0886940822,0.0500000000,0.0500000000,0.0000000000,0.0000000000,HOLD,POSITION_RETAINED
2022-08-31,2022-08-31,sz.000708,000708.SZ,中信特钢,C31黑色金属冶炼和压延加工业,237.0000000000,-0.7777797686,0.0500000000,0.0000000000,-0.0500000000,0.0500000000,SELL,RANK_BELOW_EXIT_LIMIT
2022-08-31,2022-08-31,sz.000768,000768.SZ,中航西飞,C37铁路、船舶、航空航天和其他运输设备制造业,153.0000000000,0.0260454864,0.0500000000,0.0000000000,-0.0500000000,0.0500000000,SELL,RANK_BELOW_EXIT_LIMIT
2022-08-31,2022-08-31,sz.002120,002120.SZ,韵达股份,G60邮政业,25.0000000000,1.2891737100,0.0000000000,0.0500000000,0.0500000000,0.0500000000,BUY,RANK_WITHIN_ENTRY_LIMIT
2022-08-31,2022-08-31,sz.002129,002129.SZ,TCL中环,C38电气机械和器材制造业,39.0000000000,1.0593488223,0.0500000000,0.0500000000,0.0000000000,0.0000000000,HOLD,POSITION_RETAINED
2022-08-31,2022-08-31,sz.002179,002179.SZ,中航光电,C39计算机、通信和其他电子设备制造业,6.0000000000,2.1566304261,0.0500000000,0.0500000000,0.0000000000,0.0000000000,HOLD,POSITION_RETAINED
2022-08-31,2022-08-31,sz.002304,002304.SZ,洋河股份,C15酒、饮料和精制茶制造业,21.0000000000,1.3791070090,0.0000000000,0.0500000000,0.0500000000,0.0500000000,BUY,RANK_WITHIN_ENTRY_LIMIT
2022-08-31,2022-08-31,sz.002648,002648.SZ,卫星化学,C26化学原料和化学制品制造业,279.0000000000,-1.5659075532,0.0500000000,0.0000000000,-0.0500000000,0.0500000000,SELL,RANK_BELOW_EXIT_LIMIT
2022-08-31,2022-08-31,sz.002916,002916.SZ,深南电路,C39计算机、通信和其他电子设备制造业,5.0000000000,2.1591808283,0.0500000000,0.0500000000,0.0000000000,0.0000000000,HOLD,POSITION_RETAINED
2022-08-31,2022-08-31,sz.300450,300450.SZ,先导智能,C35专用设备制造业,18.0000000000,1.5204257764,0.0000000000,0.0500000000,0.0500000000,0.0500000000,BUY,RANK_WITHIN_ENTRY_LIMIT
2022-08-31,2022-08-31,sz.300496,300496.SZ,中科创达,I65软件和信息技术服务业,15.0000000000,1.6048799007,0.0000000000,0.0500000000,0.0500000000,0.0500000000,BUY,RANK_WITHIN_ENTRY_LIMIT
2022-08-31,2022-08-31,sz.300751,300751.SZ,迈为股份,C35专用设备制造业,10.0000000000,1.8804288722,0.0500000000,0.0500000000,0.0000000000,0.0000000000,HOLD,POSITION_RETAINED
2022-08-31,2022-08-31,sz.300763,300763.SZ,锦浪科技,C38电气机械和器材制造业,2.0000000000,2.8425084602,0.0000000000,0.0500000000,0.0500000000,0.0500000000,BUY,RANK_WITHIN_ENTRY_LIMIT
2022-09-30,2022-09-30,sh.600018,600018.SS,上港集团,G55水上运输业,145.0000000000,0.0989517335,0.0500000000,0.0000000000,-0.0500000000,0.0500000000,SELL,RANK_BELOW_EXIT_LIMIT
2022-09-30,2022-09-30,sh.600085,600085.SS,同仁堂,C27医药制造业,6.0000000000,1.9507564656,0.0500000000,0.0500000000,0.0000000000,0.0000000000,HOLD,POSITION_RETAINED
2022-09-30,2022-09-30,sh.600332,600332.SS,白云山,C27医药制造业,5.0000000000,2.0048930744,0.0500000000,0.0500000000,0.0000000000,0.0000000000,HOLD,POSITION_RETAINED
2022-09-30,2022-09-30,sh.600352,600352.SS,浙江龙盛,C26化学原料和化学制品制造业,17.0000000000,1.4710702352,0.0000000000,0.0500000000,0.0500000000,0.0500000000,BUY,RANK_WITHIN_ENTRY_LIMIT
2022-09-30,2022-09-30,sh.600406,600406.SS,国电南瑞,I65软件和信息技术服务业,55.0000000000,0.7935044360,0.0500000000,0.0000000000,-0.0500000000,0.0500000000,SELL,RANK_BELOW_EXIT_LIMIT
2022-09-30,2022-09-30,sh.600600,600600.SS,青岛啤酒,C15酒、饮料和精制茶制造业,9.0000000000,1.6781843450,0.0000000000,0.0500000000,0.0500000000,0.0500000000,BUY,RANK_WITHIN_ENTRY_LIMIT
2022-09-30,2022-09-30,sh.600741,600741.SS,华域汽车,C36汽车制造业,51.0000000000,0.8333250046,0.0500000000,0.0000000000,-0.0500000000,0.0500000000,SELL,RANK_BELOW_EXIT_LIMIT
2022-09-30,2022-09-30,sh.600845,600845.SS,宝信软件,I65软件和信息技术服务业,34.0000000000,1.0444580082,0.0500000000,0.0500000000,0.0000000000,0.0000000000,HOLD,POSITION_RETAINED
2022-09-30,2022-09-30,sh.601216,601216.SS,君正集团,C26化学原料和化学制品制造业,14.0000000000,1.5758610221,0.0000000000,0.0500000000,0.0500000000,0.0500000000,BUY,RANK_WITHIN_ENTRY_LIMIT
2022-09-30,2022-09-30,sh.603195,603195.SS,公牛集团,C38电气机械和器材制造业,13.0000000000,1.5896016554,0.0000000000,0.0500000000,0.0500000000,0.0500000000,BUY,RANK_WITHIN_ENTRY_LIMIT
2022-09-30,2022-09-30,sh.603659,603659.SS,璞泰来,C39计算机、通信和其他电子设备制造业,65.0000000000,0.7154161059,0.0500000000,0.0000000000,-0.0500000000,0.0500000000,SELL,RANK_BELOW_EXIT_LIMIT
2022-09-30,2022-09-30,sh.603882,603882.SS,金域医学,Q84卫生,10.0000000000,1.6747063484,0.0000000000,0.0500000000,0.0500000000,0.0500000000,BUY,RANK_WITHIN_ENTRY_LIMIT
2022-09-30,2022-09-30,sz.000157,000157.SZ,中联重科,C35专用设备制造业,3.0000000000,2.2972870052,0.0500000000,0.0500000000,0.0000000000,0.0000000000,HOLD,POSITION_RETAINED
2022-09-30,2022-09-30,sz.000408,000408.SZ,藏格矿业,C26化学原料和化学制品制造业,21.0000000000,1.3878410046,0.0500000000,0.0500000000,0.0000000000,0.0000000000,HOLD,POSITION_RETAINED
2022-09-30,2022-09-30,sz.000425,000425.SZ,徐工机械,C35专用设备制造业,1.0000000000,2.7861008476,0.0000000000,0.0500000000,0.0500000000,0.0500000000,BUY,RANK_WITHIN_ENTRY_LIMIT
2022-09-30,2022-09-30,sz.000538,000538.SZ,云南白药,C27医药制造业,29.0000000000,1.1404728736,0.0500000000,0.0500000000,0.0000000000,0.0000000000,HOLD,POSITION_RETAINED
2022-09-30,2022-09-30,sz.000568,000568.SZ,泸州老窖,C15酒、饮料和精制茶制造业,15.0000000000,1.5304006103,0.0000000000,0.0500000000,0.0500000000,0.0500000000,BUY,RANK_WITHIN_ENTRY_LIMIT
2022-09-30,2022-09-30,sz.000596,000596.SZ,古井贡酒,C15酒、饮料和精制茶制造业,105.0000000000,0.4319331806,0.0500000000,0.0000000000,-0.0500000000,0.0500000000,SELL,RANK_BELOW_EXIT_LIMIT
2022-09-30,2022-09-30,sz.000876,000876.SZ,新希望,C13农副食品加工业,19.0000000000,1.4272955107,0.0000000000,0.0500000000,0.0500000000,0.0500000000,BUY,RANK_WITHIN_ENTRY_LIMIT
2022-09-30,2022-09-30,sz.002120,002120.SZ,韵达股份,G60邮政业,26.0000000000,1.2240839984,0.0500000000,0.0500000000,0.0000000000,0.0000000000,HOLD,POSITION_RETAINED
2022-09-30,2022-09-30,sz.002129,002129.SZ,TCL中环,C38电气机械和器材制造业,269.0000000000,-1.2278130391,0.0500000000,0.0000000000,-0.0500000000,0.0500000000,SELL,RANK_BELOW_EXIT_LIMIT
2022-09-30,2022-09-30,sz.002179,002179.SZ,中航光电,C39计算机、通信和其他电子设备制造业,2.0000000000,2.5862982040,0.0500000000,0.0500000000,0.0000000000,0.0000000000,HOLD,POSITION_RETAINED
2022-09-30,2022-09-30,sz.002304,002304.SZ,洋河股份,C15酒、饮料和精制茶制造业,191.0000000000,-0.2519890266,0.0500000000,0.0000000000,-0.0500000000,0.0500000000,SELL,RANK_BELOW_EXIT_LIMIT
2022-09-30,2022-09-30,sz.002916,002916.SZ,深南电路,C39计算机、通信和其他电子设备制造业,12.0000000000,1.6102624277,0.0500000000,0.0500000000,0.0000000000,0.0000000000,HOLD,POSITION_RETAINED
2022-09-30,2022-09-30,sz.002920,002920.SZ,德赛西威,C39计算机、通信和其他电子设备制造业,4.0000000000,2.0608275385,0.0000000000,0.0500000000,0.0500000000,0.0500000000,BUY,RANK_WITHIN_ENTRY_LIMIT
2022-09-30,2022-09-30,sz.300450,300450.SZ,先导智能,C35专用设备制造业,27.0000000000,1.2205610114,0.0500000000,0.0500000000,0.0000000000,0.0000000000,HOLD,POSITION_RETAINED
2022-09-30,2022-09-30,sz.300496,300496.SZ,中科创达,I65软件和信息技术服务业,204.0000000000,-0.3227287427,0.0500000000,0.0000000000,-0.0500000000,0.0500000000,SELL,RANK_BELOW_EXIT_LIMIT
2022-09-30,2022-09-30,sz.300751,300751.SZ,迈为股份,C35专用设备制造业,110.0000000000,0.3871330835,0.0500000000,0.0000000000,-0.0500000000,0.0500000000,SELL,RANK_BELOW_EXIT_LIMIT
2022-09-30,2022-09-30,sz.300763,300763.SZ,锦浪科技,C38电气机械和器材制造业,16.0000000000,1.5186685626,0.0500000000,0.0500000000,0.0000000000,0.0000000000,HOLD,POSITION_RETAINED
2022-10-31,2022-10-31,sh.600085,600085.SS,同仁堂,C27医药制造业,9.0000000000,1.9134307111,0.0500000000,0.0500000000,0.0000000000,0.0000000000,HOLD,POSITION_RETAINED
2022-10-31,2022-10-31,sh.600161,600161.SS,天坛生物,C27医药制造业,7.0000000000,1.9743556344,0.0000000000,0.0500000000,0.0500000000,0.0500000000,BUY,RANK_WITHIN_ENTRY_LIMIT
2022-10-31,2022-10-31,sh.600332,600332.SS,白云山,C27医药制造业,19.0000000000,1.5196978010,0.0500000000,0.0500000000,0.0000000000,0.0000000000,HOLD,POSITION_RETAINED
2022-10-31,2022-10-31,sh.600352,600352.SS,浙江龙盛,C26化学原料和化学制品制造业,51.0000000000,0.7612382544,0.0500000000,0.0000000000,-0.0500000000,0.0500000000,SELL,RANK_BELOW_EXIT_LIMIT
2022-10-31,2022-10-31,sh.600406,600406.SS,国电南瑞,I65软件和信息技术服务业,2.0000000000,2.9195769001,0.0000000000,0.0500000000,0.0500000000,0.0500000000,BUY,RANK_WITHIN_ENTRY_LIMIT
2022-10-31,2022-10-31,sh.600600,600600.SS,青岛啤酒,C15酒、饮料和精制茶制造业,6.0000000000,2.0763384753,0.0500000000,0.0500000000,0.0000000000,0.0000000000,HOLD,POSITION_RETAINED
2022-10-31,2022-10-31,sh.600690,600690.SS,海尔智家,C38电气机械和器材制造业,13.0000000000,1.6431284139,0.0000000000,0.0500000000,0.0500000000,0.0500000000,BUY,RANK_WITHIN_ENTRY_LIMIT
2022-10-31,2022-10-31,sh.600845,600845.SS,宝信软件,I65软件和信息技术服务业,11.0000000000,1.8542118869,0.0500000000,0.0500000000,0.0000000000,0.0000000000,HOLD,POSITION_RETAINED
2022-10-31,2022-10-31,sh.601216,601216.SS,君正集团,C26化学原料和化学制品制造业,40.0000000000,0.9085164287,0.0500000000,0.0500000000,0.0000000000,0.0000000000,HOLD,POSITION_RETAINED
2022-10-31,2022-10-31,sh.601838,601838.SS,成都银行,J66货币金融服务,18.0000000000,1.5452159822,0.0000000000,0.0500000000,0.0500000000,0.0500000000,BUY,RANK_WITHIN_ENTRY_LIMIT
2022-10-31,2022-10-31,sh.603195,603195.SS,公牛集团,C38电气机械和器材制造业,8.0000000000,1.9349899706,0.0500000000,0.0500000000,0.0000000000,0.0000000000,HOLD,POSITION_RETAINED
2022-10-31,2022-10-31,sh.603882,603882.SS,金域医学,Q84卫生,156.0000000000,0.0460300809,0.0500000000,0.0000000000,-0.0500000000,0.0500000000,SELL,RANK_BELOW_EXIT_LIMIT
2022-10-31,2022-10-31,sz.000157,000157.SZ,中联重科,C35专用设备制造业,3.0000000000,2.4336241129,0.0500000000,0.0500000000,0.0000000000,0.0000000000,HOLD,POSITION_RETAINED
2022-10-31,2022-10-31,sz.000408,000408.SZ,藏格矿业,C26化学原料和化学制品制造业,37.0000000000,0.9552632227,0.0500000000,0.0500000000,0.0000000000,0.0000000000,HOLD,POSITION_RETAINED
2022-10-31,2022-10-31,sz.000425,000425.SZ,徐工机械,C35专用设备制造业,22.0000000000,1.3886033112,0.0500000000,0.0500000000,0.0000000000,0.0000000000,HOLD,POSITION_RETAINED
2022-10-31,2022-10-31,sz.000538,000538.SZ,云南白药,C27医药制造业,58.0000000000,0.7304425314,0.0500000000,0.0000000000,-0.0500000000,0.0500000000,SELL,RANK_BELOW_EXIT_LIMIT
2022-10-31,2022-10-31,sz.000568,000568.SZ,泸州老窖,C15酒、饮料和精制茶制造业,140.0000000000,0.1444524052,0.0500000000,0.0000000000,-0.0500000000,0.0500000000,SELL,RANK_BELOW_EXIT_LIMIT
2022-10-31,2022-10-31,sz.000876,000876.SZ,新希望,C13农副食品加工业,131.0000000000,0.1730546633,0.0500000000,0.0000000000,-0.0500000000,0.0500000000,SELL,RANK_BELOW_EXIT_LIMIT
2022-10-31,2022-10-31,sz.002032,002032.SZ,苏泊尔,C38电气机械和器材制造业,4.0000000000,2.3924838652,0.0000000000,0.0500000000,0.0500000000,0.0500000000,BUY,RANK_WITHIN_ENTRY_LIMIT
2022-10-31,2022-10-31,sz.002120,002120.SZ,韵达股份,G60邮政业,35.0000000000,0.9783138072,0.0500000000,0.0500000000,0.0000000000,0.0000000000,HOLD,POSITION_RETAINED
2022-10-31,2022-10-31,sz.002179,002179.SZ,中航光电,C39计算机、通信和其他电子设备制造业,12.0000000000,1.7948533944,0.0500000000,0.0500000000,0.0000000000,0.0000000000,HOLD,POSITION_RETAINED
2022-10-31,2022-10-31,sz.002916,002916.SZ,深南电路,C39计算机、通信和其他电子设备制造业,16.0000000000,1.6085937971,0.0500000000,0.0500000000,0.0000000000,0.0000000000,HOLD,POSITION_RETAINED
2022-10-31,2022-10-31,sz.002920,002920.SZ,德赛西威,C39计算机、通信和其他电子设备制造业,1.0000000000,3.4240268587,0.0500000000,0.0500000000,0.0000000000,0.0000000000,HOLD,POSITION_RETAINED
2022-10-31,2022-10-31,sz.300450,300450.SZ,先导智能,C35专用设备制造业,155.0000000000,0.0504210705,0.0500000000,0.0000000000,-0.0500000000,0.0500000000,SELL,RANK_BELOW_EXIT_LIMIT
2022-10-31,2022-10-31,sz.300496,300496.SZ,中科创达,I65软件和信息技术服务业,5.0000000000,2.1397288336,0.0000000000,0.0500000000,0.0500000000,0.0500000000,BUY,RANK_WITHIN_ENTRY_LIMIT
2022-10-31,2022-10-31,sz.300751,300751.SZ,迈为股份,C35专用设备制造业,17.0000000000,1.5525100609,0.0000000000,0.0500000000,0.0500000000,0.0500000000,BUY,RANK_WITHIN_ENTRY_LIMIT
2022-10-31,2022-10-31,sz.300763,300763.SZ,锦浪科技,C38电气机械和器材制造业,122.0000000000,0.2566468727,0.0500000000,0.0000000000,-0.0500000000,0.0500000000,SELL,RANK_BELOW_EXIT_LIMIT
2022-11-30,2022-11-30,sh.600048,600048.SS,保利发展,K70房地产业,2.0000000000,2.3904831740,0.0000000000,0.0500000000,0.0500000000,0.0500000000,BUY,RANK_WITHIN_ENTRY_LIMIT
2022-11-30,2022-11-30,sh.600085,600085.SS,同仁堂,C27医药制造业,17.0000000000,1.3126806025,0.0500000000,0.0500000000,0.0000000000,0.0000000000,HOLD,POSITION_RETAINED
2022-11-30,2022-11-30,sh.600161,600161.SS,天坛生物,C27医药制造业,151.0000000000,0.0794856462,0.0500000000,0.0000000000,-0.0500000000,0.0500000000,SELL,RANK_BELOW_EXIT_LIMIT
2022-11-30,2022-11-30,sh.600332,600332.SS,白云山,C27医药制造业,23.0000000000,1.1754901448,0.0500000000,0.0500000000,0.0000000000,0.0000000000,HOLD,POSITION_RETAINED
2022-11-30,2022-11-30,sh.600406,600406.SS,国电南瑞,I65软件和信息技术服务业,70.0000000000,0.6966069130,0.0500000000,0.0000000000,-0.0500000000,0.0500000000,SELL,RANK_BELOW_EXIT_LIMIT
2022-11-30,2022-11-30,sh.600600,600600.SS,青岛啤酒,C15酒、饮料和精制茶制造业,216.0000000000,-0.3901058590,0.0500000000,0.0000000000,-0.0500000000,0.0500000000,SELL,RANK_BELOW_EXIT_LIMIT
2022-11-30,2022-11-30,sh.600690,600690.SS,海尔智家,C38电气机械和器材制造业,158.0000000000,0.0241966096,0.0500000000,0.0000000000,-0.0500000000,0.0500000000,SELL,RANK_BELOW_EXIT_LIMIT
2022-11-30,2022-11-30,sh.600845,600845.SS,宝信软件,I65软件和信息技术服务业,13.0000000000,1.5360425066,0.0500000000,0.0500000000,0.0000000000,0.0000000000,HOLD,POSITION_RETAINED
2022-11-30,2022-11-30,sh.601216,601216.SS,君正集团,C26化学原料和化学制品制造业,20.0000000000,1.2190809925,0.0500000000,0.0500000000,0.0000000000,0.0000000000,HOLD,POSITION_RETAINED
2022-11-30,2022-11-30,sh.601319,601319.SS,中国人保,J68保险业,15.0000000000,1.3795694216,0.0000000000,0.0500000000,0.0500000000,0.0500000000,BUY,RANK_WITHIN_ENTRY_LIMIT
2022-11-30,2022-11-30,sh.601838,601838.SS,成都银行,J66货币金融服务,155.0000000000,0.0365048014,0.0500000000,0.0000000000,-0.0500000000,0.0500000000,SELL,RANK_BELOW_EXIT_LIMIT
2022-11-30,2022-11-30,sh.601865,601865.SS,福莱特,C30非金属矿物制品业,24.0000000000,1.1685669964,0.0000000000,0.0500000000,0.0500000000,0.0500000000,BUY,RANK_WITHIN_ENTRY_LIMIT
2022-11-30,2022-11-30,sh.603195,603195.SS,公牛集团,C38电气机械和器材制造业,210.0000000000,-0.3414961403,0.0500000000,0.0000000000,-0.0500000000,0.0500000000,SELL,RANK_BELOW_EXIT_LIMIT
2022-11-30,2022-11-30,sh.603806,603806.SS,福斯特,C29橡胶和塑料制品业,4.0000000000,2.1226584418,0.0000000000,0.0500000000,0.0500000000,0.0500000000,BUY,RANK_WITHIN_ENTRY_LIMIT
2022-11-30,2022-11-30,sh.603882,603882.SS,金域医学,Q84卫生,10.0000000000,1.6375072699,0.0000000000,0.0500000000,0.0500000000,0.0500000000,BUY,RANK_WITHIN_ENTRY_LIMIT
2022-11-30,2022-11-30,sh.605499,605499.SS,东鹏饮料,C15酒、饮料和精制茶制造业,11.0000000000,1.6069146423,0.0000000000,0.0500000000,0.0500000000,0.0500000000,BUY,RANK_WITHIN_ENTRY_LIMIT
2022-11-30,2022-11-30,sz.000157,000157.SZ,中联重科,C35专用设备制造业,38.0000000000,1.0340473245,0.0500000000,0.0500000000,0.0000000000,0.0000000000,HOLD,POSITION_RETAINED
2022-11-30,2022-11-30,sz.000408,000408.SZ,藏格矿业,C26化学原料和化学制品制造业,36.0000000000,1.0358055637,0.0500000000,0.0500000000,0.0000000000,0.0000000000,HOLD,POSITION_RETAINED
2022-11-30,2022-11-30,sz.000425,000425.SZ,徐工机械,C35专用设备制造业,99.0000000000,0.4881776599,0.0500000000,0.0000000000,-0.0500000000,0.0500000000,SELL,RANK_BELOW_EXIT_LIMIT
2022-11-30,2022-11-30,sz.001979,001979.SZ,招商蛇口,K70房地产业,1.0000000000,3.0667316406,0.0000000000,0.0500000000,0.0500000000,0.0500000000,BUY,RANK_WITHIN_ENTRY_LIMIT
2022-11-30,2022-11-30,sz.002001,002001.SZ,新和成,C27医药制造业,16.0000000000,1.3465028407,0.0000000000,0.0500000000,0.0500000000,0.0500000000,BUY,RANK_WITHIN_ENTRY_LIMIT
2022-11-30,2022-11-30,sz.002032,002032.SZ,苏泊尔,C38电气机械和器材制造业,106.0000000000,0.4486476077,0.0500000000,0.0000000000,-0.0500000000,0.0500000000,SELL,RANK_BELOW_EXIT_LIMIT
2022-11-30,2022-11-30,sz.002120,002120.SZ,韵达股份,G60邮政业,217.0000000000,-0.3970219620,0.0500000000,0.0000000000,-0.0500000000,0.0500000000,SELL,RANK_BELOW_EXIT_LIMIT
2022-11-30,2022-11-30,sz.002179,002179.SZ,中航光电,C39计算机、通信和其他电子设备制造业,8.0000000000,1.7011601952,0.0500000000,0.0500000000,0.0000000000,0.0000000000,HOLD,POSITION_RETAINED
2022-11-30,2022-11-30,sz.002736,002736.SZ,国信证券,J67资本市场服务,19.0000000000,1.2348100902,0.0000000000,0.0500000000,0.0500000000,0.0500000000,BUY,RANK_WITHIN_ENTRY_LIMIT
2022-11-30,2022-11-30,sz.002841,002841.SZ,视源股份,C39计算机、通信和其他电子设备制造业,3.0000000000,2.2226964338,0.0000000000,0.0500000000,0.0500000000,0.0500000000,BUY,RANK_WITHIN_ENTRY_LIMIT
2022-11-30,2022-11-30,sz.002916,002916.SZ,深南电路,C39计算机、通信和其他电子设备制造业,18.0000000000,1.2880898610,0.0500000000,0.0500000000,0.0000000000,0.0000000000,HOLD,POSITION_RETAINED
2022-11-30,2022-11-30,sz.002920,002920.SZ,德赛西威,C39计算机、通信和其他电子设备制造业,125.0000000000,0.3271785501,0.0500000000,0.0000000000,-0.0500000000,0.0500000000,SELL,RANK_BELOW_EXIT_LIMIT
2022-11-30,2022-11-30,sz.300316,300316.SZ,晶盛机电,C35专用设备制造业,6.0000000000,1.8799887656,0.0000000000,0.0500000000,0.0500000000,0.0500000000,BUY,RANK_WITHIN_ENTRY_LIMIT
2022-11-30,2022-11-30,sz.300496,300496.SZ,中科创达,I65软件和信息技术服务业,235.0000000000,-0.7293134297,0.0500000000,0.0000000000,-0.0500000000,0.0500000000,SELL,RANK_BELOW_EXIT_LIMIT
2022-11-30,2022-11-30,sz.300751,300751.SZ,迈为股份,C35专用设备制造业,9.0000000000,1.6862269353,0.0500000000,0.0500000000,0.0000000000,0.0000000000,HOLD,POSITION_RETAINED
2022-12-31,2022-12-30,sh.600048,600048.SS,保利发展,K70房地产业,41.0000000000,0.9652086428,0.0500000000,0.0000000000,-0.0500000000,0.0500000000,SELL,RANK_BELOW_EXIT_LIMIT
2022-12-31,2022-12-30,sh.600085,600085.SS,同仁堂,C27医药制造业,8.0000000000,1.7546297166,0.0500000000,0.0500000000,0.0000000000,0.0000000000,HOLD,POSITION_RETAINED
2022-12-31,2022-12-30,sh.600104,600104.SS,上汽集团,C36汽车制造业,22.0000000000,1.1909832543,0.0000000000,0.0500000000,0.0500000000,0.0500000000,BUY,RANK_WITHIN_ENTRY_LIMIT
2022-12-31,2022-12-30,sh.600219,600219.SS,南山铝业,C32有色金属冶炼和压延加工业,19.0000000000,1.3270985334,0.0000000000,0.0500000000,0.0500000000,0.0500000000,BUY,RANK_WITHIN_ENTRY_LIMIT
2022-12-31,2022-12-30,sh.600332,600332.SS,白云山,C27医药制造业,148.0000000000,0.0984637696,0.0500000000,0.0000000000,-0.0500000000,0.0500000000,SELL,RANK_BELOW_EXIT_LIMIT
2022-12-31,2022-12-30,sh.600346,600346.SS,恒力石化,C26化学原料和化学制品制造业,10.0000000000,1.7271285234,0.0000000000,0.0500000000,0.0500000000,0.0500000000,BUY,RANK_WITHIN_ENTRY_LIMIT
2022-12-31,2022-12-30,sh.600606,600606.SS,绿地控股,E48土木工程建筑业,20.0000000000,1.3250479589,0.0000000000,0.0500000000,0.0500000000,0.0500000000,BUY,RANK_WITHIN_ENTRY_LIMIT
2022-12-31,2022-12-30,sh.600845,600845.SS,宝信软件,I65软件和信息技术服务业,264.0000000000,-1.0388347851,0.0500000000,0.0000000000,-0.0500000000,0.0500000000,SELL,RANK_BELOW_EXIT_LIMIT
2022-12-31,2022-12-30,sh.601138,601138.SS,工业富联,C39计算机、通信和其他电子设备制造业,12.0000000000,1.5511729855,0.0000000000,0.0500000000,0.0500000000,0.0500000000,BUY,RANK_WITHIN_ENTRY_LIMIT
2022-12-31,2022-12-30,sh.601216,601216.SS,君正集团,C26化学原料和化学制品制造业,6.0000000000,1.9980624737,0.0500000000,0.0500000000,0.0000000000,0.0000000000,HOLD,POSITION_RETAINED
2022-12-31,2022-12-30,sh.601319,601319.SS,中国人保,J68保险业,49.0000000000,0.8959463732,0.0500000000,0.0000000000,-0.0500000000,0.0500000000,SELL,RANK_BELOW_EXIT_LIMIT
2022-12-31,2022-12-30,sh.601360,601360.SS,三六零,I64互联网和相关服务,23.0000000000,1.1563915826,0.0000000000,0.0500000000,0.0500000000,0.0500000000,BUY,RANK_WITHIN_ENTRY_LIMIT
2022-12-31,2022-12-30,sh.601865,601865.SS,福莱特,C30非金属矿物制品业,252.0000000000,-0.7734258617,0.0500000000,0.0000000000,-0.0500000000,0.0500000000,SELL,RANK_BELOW_EXIT_LIMIT
2022-12-31,2022-12-30,sh.601966,601966.SS,玲珑轮胎,C29橡胶和塑料制品业,17.0000000000,1.3404318201,0.0000000000,0.0500000000,0.0500000000,0.0500000000,BUY,RANK_WITHIN_ENTRY_LIMIT
2022-12-31,2022-12-30,sh.603195,603195.SS,公牛集团,C38电气机械和器材制造业,4.0000000000,2.1347587841,0.0000000000,0.0500000000,0.0500000000,0.0500000000,BUY,RANK_WITHIN_ENTRY_LIMIT
2022-12-31,2022-12-30,sh.603806,603806.SS,福斯特,C29橡胶和塑料制品业,276.0000000000,-1.2222941506,0.0500000000,0.0000000000,-0.0500000000,0.0500000000,SELL,RANK_BELOW_EXIT_LIMIT
2022-12-31,2022-12-30,sh.603882,603882.SS,金域医学,Q84卫生,205.0000000000,-0.3095478136,0.0500000000,0.0000000000,-0.0500000000,0.0500000000,SELL,RANK_BELOW_EXIT_LIMIT
2022-12-31,2022-12-30,sh.605499,605499.SS,东鹏饮料,C15酒、饮料和精制茶制造业,50.0000000000,0.8931167086,0.0500000000,0.0000000000,-0.0500000000,0.0500000000,SELL,RANK_BELOW_EXIT_LIMIT
2022-12-31,2022-12-30,sz.000157,000157.SZ,中联重科,C35专用设备制造业,2.0000000000,2.2966413039,0.0500000000,0.0500000000,0.0000000000,0.0000000000,HOLD,POSITION_RETAINED
2022-12-31,2022-12-30,sz.000408,000408.SZ,藏格矿业,C26化学原料和化学制品制造业,39.0000000000,0.9849116737,0.0500000000,0.0500000000,0.0000000000,0.0000000000,HOLD,POSITION_RETAINED
2022-12-31,2022-12-30,sz.000425,000425.SZ,徐工机械,C35专用设备制造业,1.0000000000,2.3154012353,0.0000000000,0.0500000000,0.0500000000,0.0500000000,BUY,RANK_WITHIN_ENTRY_LIMIT
2022-12-31,2022-12-30,sz.000538,000538.SZ,云南白药,C27医药制造业,5.0000000000,2.0870359139,0.0000000000,0.0500000000,0.0500000000,0.0500000000,BUY,RANK_WITHIN_ENTRY_LIMIT
2022-12-31,2022-12-30,sz.000651,000651.SZ,格力电器,C38电气机械和器材制造业,3.0000000000,2.1376339470,0.0000000000,0.0500000000,0.0500000000,0.0500000000,BUY,RANK_WITHIN_ENTRY_LIMIT
2022-12-31,2022-12-30,sz.001979,001979.SZ,招商蛇口,K70房地产业,91.0000000000,0.4719548866,0.0500000000,0.0000000000,-0.0500000000,0.0500000000,SELL,RANK_BELOW_EXIT_LIMIT
2022-12-31,2022-12-30,sz.002001,002001.SZ,新和成,C27医药制造业,37.0000000000,0.9914213262,0.0500000000,0.0500000000,0.0000000000,0.0000000000,HOLD,POSITION_RETAINED
2022-12-31,2022-12-30,sz.002032,002032.SZ,苏泊尔,C38电气机械和器材制造业,9.0000000000,1.7313735443,0.0000000000,0.0500000000,0.0500000000,0.0500000000,BUY,RANK_WITHIN_ENTRY_LIMIT
2022-12-31,2022-12-30,sz.002179,002179.SZ,中航光电,C39计算机、通信和其他电子设备制造业,123.0000000000,0.2880120479,0.0500000000,0.0000000000,-0.0500000000,0.0500000000,SELL,RANK_BELOW_EXIT_LIMIT
2022-12-31,2022-12-30,sz.002736,002736.SZ,国信证券,J67资本市场服务,43.0000000000,0.9447786689,0.0500000000,0.0000000000,-0.0500000000,0.0500000000,SELL,RANK_BELOW_EXIT_LIMIT
2022-12-31,2022-12-30,sz.002841,002841.SZ,视源股份,C39计算机、通信和其他电子设备制造业,7.0000000000,1.8715556695,0.0500000000,0.0500000000,0.0000000000,0.0000000000,HOLD,POSITION_RETAINED
2022-12-31,2022-12-30,sz.002916,002916.SZ,深南电路,C39计算机、通信和其他电子设备制造业,14.0000000000,1.4283258697,0.0500000000,0.0500000000,0.0000000000,0.0000000000,HOLD,POSITION_RETAINED
2022-12-31,2022-12-30,sz.003816,003816.SZ,中国广核,D44电力、热力生产和供应业,13.0000000000,1.4638750930,0.0000000000,0.0500000000,0.0500000000,0.0500000000,BUY,RANK_WITHIN_ENTRY_LIMIT
2022-12-31,2022-12-30,sz.300316,300316.SZ,晶盛机电,C35专用设备制造业,209.0000000000,-0.3302571819,0.0500000000,0.0000000000,-0.0500000000,0.0500000000,SELL,RANK_BELOW_EXIT_LIMIT
2022-12-31,2022-12-30,sz.300751,300751.SZ,迈为股份,C35专用设备制造业,77.0000000000,0.5930875355,0.0500000000,0.0000000000,-0.0500000000,0.0500000000,SELL,RANK_BELOW_EXIT_LIMIT
2023-01-31,2023-01-31,sh.600085,600085.SS,同仁堂,C27医药制造业,228.0000000000,-0.5365550521,0.0500000000,0.0000000000,-0.0500000000,0.0500000000,SELL,RANK_BELOW_EXIT_LIMIT
2023-01-31,2023-01-31,sh.600104,600104.SS,上汽集团,C36汽车制造业,28.0000000000,1.2773599333,0.0500000000,0.0500000000,0.0000000000,0.0000000000,HOLD,POSITION_RETAINED
2023-01-31,2023-01-31,sh.600219,600219.SS,南山铝业,C32有色金属冶炼和压延加工业,11.0000000000,1.6412162585,0.0500000000,0.0500000000,0.0000000000,0.0000000000,HOLD,POSITION_RETAINED
2023-01-31,2023-01-31,sh.600332,600332.SS,白云山,C27医药制造业,23.0000000000,1.3207921590,0.0000000000,0.0500000000,0.0500000000,0.0500000000,BUY,RANK_WITHIN_ENTRY_LIMIT
2023-01-31,2023-01-31,sh.600346,600346.SS,恒力石化,C26化学原料和化学制品制造业,116.0000000000,0.2812935038,0.0500000000,0.0000000000,-0.0500000000,0.0500000000,SELL,RANK_BELOW_EXIT_LIMIT
2023-01-31,2023-01-31,sh.600352,600352.SS,浙江龙盛,C26化学原料和化学制品制造业,10.0000000000,1.7284235884,0.0000000000,0.0500000000,0.0500000000,0.0500000000,BUY,RANK_WITHIN_ENTRY_LIMIT
2023-01-31,2023-01-31,sh.600406,600406.SS,国电南瑞,I65软件和信息技术服务业,1.0000000000,2.4902647163,0.0000000000,0.0500000000,0.0500000000,0.0500000000,BUY,RANK_WITHIN_ENTRY_LIMIT
2023-01-31,2023-01-31,sh.600426,600426.SS,华鲁恒升,C26化学原料和化学制品制造业,8.0000000000,1.8530571914,0.0000000000,0.0500000000,0.0500000000,0.0500000000,BUY,RANK_WITHIN_ENTRY_LIMIT
2023-01-31,2023-01-31,sh.600489,600489.SS,中金黄金,B09有色金属矿采选业,26.0000000000,1.2957588569,0.0000000000,0.0500000000,0.0500000000,0.0500000000,BUY,RANK_WITHIN_ENTRY_LIMIT
2023-01-31,2023-01-31,sh.600606,600606.SS,绿地控股,E48土木工程建筑业,244.0000000000,-0.6864965592,0.0500000000,0.0000000000,-0.0500000000,0.0500000000,SELL,RANK_BELOW_EXIT_LIMIT
2023-01-31,2023-01-31,sh.600886,600886.SS,国投电力,D44电力、热力生产和供应业,29.0000000000,1.2759154188,0.0000000000,0.0500000000,0.0500000000,0.0500000000,BUY,RANK_WITHIN_ENTRY_LIMIT
2023-01-31,2023-01-31,sh.601138,601138.SS,工业富联,C39计算机、通信和其他电子设备制造业,2.0000000000,2.3775181446,0.0500000000,0.0500000000,0.0000000000,0.0000000000,HOLD,POSITION_RETAINED
2023-01-31,2023-01-31,sh.601216,601216.SS,君正集团,C26化学原料和化学制品制造业,235.0000000000,-0.5838607828,0.0500000000,0.0000000000,-0.0500000000,0.0500000000,SELL,RANK_BELOW_EXIT_LIMIT
2023-01-31,2023-01-31,sh.601360,601360.SS,三六零,I64互联网和相关服务,46.0000000000,0.9128997051,0.0500000000,0.0000000000,-0.0500000000,0.0500000000,SELL,RANK_BELOW_EXIT_LIMIT
2023-01-31,2023-01-31,sh.601766,601766.SS,中国中车,C37铁路、船舶、航空航天和其他运输设备制造业,21.0000000000,1.3271132908,0.0000000000,0.0500000000,0.0500000000,0.0500000000,BUY,RANK_WITHIN_ENTRY_LIMIT
2023-01-31,2023-01-31,sh.601966,601966.SS,玲珑轮胎,C29橡胶和塑料制品业,67.0000000000,0.6416503732,0.0500000000,0.0000000000,-0.0500000000,0.0500000000,SELL,RANK_BELOW_EXIT_LIMIT
2023-01-31,2023-01-31,sh.603195,603195.SS,公牛集团,C38电气机械和器材制造业,22.0000000000,1.3211297535,0.0500000000,0.0500000000,0.0000000000,0.0000000000,HOLD,POSITION_RETAINED
2023-01-31,2023-01-31,sz.000157,000157.SZ,中联重科,C35专用设备制造业,14.0000000000,1.5753201737,0.0500000000,0.0500000000,0.0000000000,0.0000000000,HOLD,POSITION_RETAINED
2023-01-31,2023-01-31,sz.000408,000408.SZ,藏格矿业,C26化学原料和化学制品制造业,53.0000000000,0.8064867560,0.0500000000,0.0000000000,-0.0500000000,0.0500000000,SELL,RANK_BELOW_EXIT_LIMIT
2023-01-31,2023-01-31,sz.000425,000425.SZ,徐工机械,C35专用设备制造业,99.0000000000,0.4093551283,0.0500000000,0.0000000000,-0.0500000000,0.0500000000,SELL,RANK_BELOW_EXIT_LIMIT
2023-01-31,2023-01-31,sz.000538,000538.SZ,云南白药,C27医药制造业,49.0000000000,0.8633832657,0.0500000000,0.0000000000,-0.0500000000,0.0500000000,SELL,RANK_BELOW_EXIT_LIMIT
2023-01-31,2023-01-31,sz.000651,000651.SZ,格力电器,C38电气机械和器材制造业,9.0000000000,1.7743938222,0.0500000000,0.0500000000,0.0000000000,0.0000000000,HOLD,POSITION_RETAINED
2023-01-31,2023-01-31,sz.002001,002001.SZ,新和成,C27医药制造业,34.0000000000,1.1747892683,0.0500000000,0.0500000000,0.0000000000,0.0000000000,HOLD,POSITION_RETAINED
2023-01-31,2023-01-31,sz.002032,002032.SZ,苏泊尔,C38电气机械和器材制造业,3.0000000000,2.1147855538,0.0500000000,0.0500000000,0.0000000000,0.0000000000,HOLD,POSITION_RETAINED
2023-01-31,2023-01-31,sz.002352,002352.SZ,顺丰控股,G60邮政业,12.0000000000,1.6050514714,0.0000000000,0.0500000000,0.0500000000,0.0500000000,BUY,RANK_WITHIN_ENTRY_LIMIT
2023-01-31,2023-01-31,sz.002410,002410.SZ,广联达,I65软件和信息技术服务业,25.0000000000,1.2963183099,0.0000000000,0.0500000000,0.0500000000,0.0500000000,BUY,RANK_WITHIN_ENTRY_LIMIT
2023-01-31,2023-01-31,sz.002736,002736.SZ,国信证券,J67资本市场服务,27.0000000000,1.2928394774,0.0000000000,0.0500000000,0.0500000000,0.0500000000,BUY,RANK_WITHIN_ENTRY_LIMIT
2023-01-31,2023-01-31,sz.002841,002841.SZ,视源股份,C39计算机、通信和其他电子设备制造业,15.0000000000,1.4714201687,0.0500000000,0.0500000000,0.0000000000,0.0000000000,HOLD,POSITION_RETAINED
2023-01-31,2023-01-31,sz.002916,002916.SZ,深南电路,C39计算机、通信和其他电子设备制造业,7.0000000000,1.8559755189,0.0500000000,0.0500000000,0.0000000000,0.0000000000,HOLD,POSITION_RETAINED
2023-01-31,2023-01-31,sz.003816,003816.SZ,中国广核,D44电力、热力生产和供应业,45.0000000000,0.9410999680,0.0500000000,0.0000000000,-0.0500000000,0.0500000000,SELL,RANK_BELOW_EXIT_LIMIT
2023-02-28,2023-02-28,sh.600104,600104.SS,上汽集团,C36汽车制造业,18.0000000000,1.3135250858,0.0500000000,0.0500000000,0.0000000000,0.0000000000,HOLD,POSITION_RETAINED
2023-02-28,2023-02-28,sh.600219,600219.SS,南山铝业,C32有色金属冶炼和压延加工业,8.0000000000,1.6150319537,0.0500000000,0.0500000000,0.0000000000,0.0000000000,HOLD,POSITION_RETAINED
2023-02-28,2023-02-28,sh.600332,600332.SS,白云山,C27医药制造业,141.0000000000,0.1906577022,0.0500000000,0.0000000000,-0.0500000000,0.0500000000,SELL,RANK_BELOW_EXIT_LIMIT
2023-02-28,2023-02-28,sh.600352,600352.SS,浙江龙盛,C26化学原料和化学制品制造业,68.0000000000,0.6789285790,0.0500000000,0.0000000000,-0.0500000000,0.0500000000,SELL,RANK_BELOW_EXIT_LIMIT
2023-02-28,2023-02-28,sh.600406,600406.SS,国电南瑞,I65软件和信息技术服务业,17.0000000000,1.3163176322,0.0500000000,0.0500000000,0.0000000000,0.0000000000,HOLD,POSITION_RETAINED
2023-02-28,2023-02-28,sh.600426,600426.SS,华鲁恒升,C26化学原料和化学制品制造业,41.0000000000,0.9438619730,0.0500000000,0.0000000000,-0.0500000000,0.0500000000,SELL,RANK_BELOW_EXIT_LIMIT
2023-02-28,2023-02-28,sh.600489,600489.SS,中金黄金,B09有色金属矿采选业,152.0000000000,0.1192317846,0.0500000000,0.0000000000,-0.0500000000,0.0500000000,SELL,RANK_BELOW_EXIT_LIMIT
2023-02-28,2023-02-28,sh.600690,600690.SS,海尔智家,C38电气机械和器材制造业,6.0000000000,1.6975668480,0.0000000000,0.0500000000,0.0500000000,0.0500000000,BUY,RANK_WITHIN_ENTRY_LIMIT
2023-02-28,2023-02-28,sh.600845,600845.SS,宝信软件,I65软件和信息技术服务业,23.0000000000,1.2608673168,0.0000000000,0.0500000000,0.0500000000,0.0500000000,BUY,RANK_WITHIN_ENTRY_LIMIT
2023-02-28,2023-02-28,sh.600886,600886.SS,国投电力,D44电力、热力生产和供应业,144.0000000000,0.1713544890,0.0500000000,0.0000000000,-0.0500000000,0.0500000000,SELL,RANK_BELOW_EXIT_LIMIT
2023-02-28,2023-02-28,sh.601006,601006.SS,大秦铁路,G53铁路运输业,16.0000000000,1.3168720153,0.0000000000,0.0500000000,0.0500000000,0.0500000000,BUY,RANK_WITHIN_ENTRY_LIMIT
2023-02-28,2023-02-28,sh.601138,601138.SS,工业富联,C39计算机、通信和其他电子设备制造业,2.0000000000,2.0861877557,0.0500000000,0.0500000000,0.0000000000,0.0000000000,HOLD,POSITION_RETAINED
2023-02-28,2023-02-28,sh.601216,601216.SS,君正集团,C26化学原料和化学制品制造业,10.0000000000,1.4470163716,0.0000000000,0.0500000000,0.0500000000,0.0500000000,BUY,RANK_WITHIN_ENTRY_LIMIT
2023-02-28,2023-02-28,sh.601766,601766.SS,中国中车,C37铁路、船舶、航空航天和其他运输设备制造业,29.0000000000,1.1337316649,0.0500000000,0.0500000000,0.0000000000,0.0000000000,HOLD,POSITION_RETAINED
2023-02-28,2023-02-28,sh.601877,601877.SS,正泰电器,C38电气机械和器材制造业,22.0000000000,1.2620026804,0.0000000000,0.0500000000,0.0500000000,0.0500000000,BUY,RANK_WITHIN_ENTRY_LIMIT
2023-02-28,2023-02-28,sh.603195,603195.SS,公牛集团,C38电气机械和器材制造业,24.0000000000,1.2460602565,0.0500000000,0.0500000000,0.0000000000,0.0000000000,HOLD,POSITION_RETAINED
2023-02-28,2023-02-28,sz.000157,000157.SZ,中联重科,C35专用设备制造业,99.0000000000,0.4101389418,0.0500000000,0.0000000000,-0.0500000000,0.0500000000,SELL,RANK_BELOW_EXIT_LIMIT
2023-02-28,2023-02-28,sz.000596,000596.SZ,古井贡酒,C15酒、饮料和精制茶制造业,27.0000000000,1.2155827129,0.0000000000,0.0500000000,0.0500000000,0.0500000000,BUY,RANK_WITHIN_ENTRY_LIMIT
2023-02-28,2023-02-28,sz.000651,000651.SZ,格力电器,C38电气机械和器材制造业,139.0000000000,0.2024051273,0.0500000000,0.0000000000,-0.0500000000,0.0500000000,SELL,RANK_BELOW_EXIT_LIMIT
2023-02-28,2023-02-28,sz.000800,000800.SZ,一汽解放,C36汽车制造业,25.0000000000,1.2290153845,0.0000000000,0.0500000000,0.0500000000,0.0500000000,BUY,RANK_WITHIN_ENTRY_LIMIT
2023-02-28,2023-02-28,sz.002001,002001.SZ,新和成,C27医药制造业,19.0000000000,1.3117572441,0.0500000000,0.0500000000,0.0000000000,0.0000000000,HOLD,POSITION_RETAINED
2023-02-28,2023-02-28,sz.002032,002032.SZ,苏泊尔,C38电气机械和器材制造业,130.0000000000,0.2223869822,0.0500000000,0.0000000000,-0.0500000000,0.0500000000,SELL,RANK_BELOW_EXIT_LIMIT
2023-02-28,2023-02-28,sz.002352,002352.SZ,顺丰控股,G60邮政业,117.0000000000,0.2809950404,0.0500000000,0.0000000000,-0.0500000000,0.0500000000,SELL,RANK_BELOW_EXIT_LIMIT
2023-02-28,2023-02-28,sz.002410,002410.SZ,广联达,I65软件和信息技术服务业,3.0000000000,2.0287498370,0.0500000000,0.0500000000,0.0000000000,0.0000000000,HOLD,POSITION_RETAINED
2023-02-28,2023-02-28,sz.002648,002648.SZ,卫星化学,C26化学原料和化学制品制造业,20.0000000000,1.3036595779,0.0000000000,0.0500000000,0.0500000000,0.0500000000,BUY,RANK_WITHIN_ENTRY_LIMIT
2023-02-28,2023-02-28,sz.002736,002736.SZ,国信证券,J67资本市场服务,59.0000000000,0.7386743069,0.0500000000,0.0000000000,-0.0500000000,0.0500000000,SELL,RANK_BELOW_EXIT_LIMIT
2023-02-28,2023-02-28,sz.002841,002841.SZ,视源股份,C39计算机、通信和其他电子设备制造业,11.0000000000,1.4428454153,0.0500000000,0.0500000000,0.0000000000,0.0000000000,HOLD,POSITION_RETAINED
2023-02-28,2023-02-28,sz.002916,002916.SZ,深南电路,C39计算机、通信和其他电子设备制造业,14.0000000000,1.4069739552,0.0500000000,0.0500000000,0.0000000000,0.0000000000,HOLD,POSITION_RETAINED
2023-02-28,2023-02-28,sz.003816,003816.SZ,中国广核,D44电力、热力生产和供应业,26.0000000000,1.2197843523,0.0000000000,0.0500000000,0.0500000000,0.0500000000,BUY,RANK_WITHIN_ENTRY_LIMIT
2023-02-28,2023-02-28,sz.300529,300529.SZ,健帆生物,C35专用设备制造业,9.0000000000,1.5630000656,0.0000000000,0.0500000000,0.0500000000,0.0500000000,BUY,RANK_WITHIN_ENTRY_LIMIT
2023-03-31,2023-03-31,sh.600104,600104.SS,上汽集团,C36汽车制造业,14.0000000000,1.4925797070,0.0500000000,0.0500000000,0.0000000000,0.0000000000,HOLD,POSITION_RETAINED
2023-03-31,2023-03-31,sh.600183,600183.SS,生益科技,C39计算机、通信和其他电子设备制造业,16.0000000000,1.4607365339,0.0000000000,0.0500000000,0.0500000000,0.0500000000,BUY,RANK_WITHIN_ENTRY_LIMIT
2023-03-31,2023-03-31,sh.600219,600219.SS,南山铝业,C32有色金属冶炼和压延加工业,6.0000000000,1.7219326426,0.0500000000,0.0500000000,0.0000000000,0.0000000000,HOLD,POSITION_RETAINED
2023-03-31,2023-03-31,sh.600406,600406.SS,国电南瑞,I65软件和信息技术服务业,1.0000000000,3.3410287680,0.0500000000,0.0500000000,0.0000000000,0.0000000000,HOLD,POSITION_RETAINED
2023-03-31,2023-03-31,sh.600606,600606.SS,绿地控股,E48土木工程建筑业,9.0000000000,1.6267425791,0.0000000000,0.0500000000,0.0500000000,0.0500000000,BUY,RANK_WITHIN_ENTRY_LIMIT
2023-03-31,2023-03-31,sh.600690,600690.SS,海尔智家,C38电气机械和器材制造业,41.0000000000,0.9940336411,0.0500000000,0.0000000000,-0.0500000000,0.0500000000,SELL,RANK_BELOW_EXIT_LIMIT
2023-03-31,2023-03-31,sh.600741,600741.SS,华域汽车,C36汽车制造业,15.0000000000,1.4673595023,0.0000000000,0.0500000000,0.0500000000,0.0500000000,BUY,RANK_WITHIN_ENTRY_LIMIT
2023-03-31,2023-03-31,sh.600845,600845.SS,宝信软件,I65软件和信息技术服务业,3.0000000000,2.4674891857,0.0500000000,0.0500000000,0.0000000000,0.0000000000,HOLD,POSITION_RETAINED
2023-03-31,2023-03-31,sh.601006,601006.SS,大秦铁路,G53铁路运输业,43.0000000000,0.9770025931,0.0500000000,0.0000000000,-0.0500000000,0.0500000000,SELL,RANK_BELOW_EXIT_LIMIT
2023-03-31,2023-03-31,sh.601138,601138.SS,工业富联,C39计算机、通信和其他电子设备制造业,153.0000000000,0.0732739347,0.0500000000,0.0000000000,-0.0500000000,0.0500000000,SELL,RANK_BELOW_EXIT_LIMIT
2023-03-31,2023-03-31,sh.601216,601216.SS,君正集团,C26化学原料和化学制品制造业,258.0000000000,-0.9803727750,0.0500000000,0.0000000000,-0.0500000000,0.0500000000,SELL,RANK_BELOW_EXIT_LIMIT
2023-03-31,2023-03-31,sh.601766,601766.SS,中国中车,C37铁路、船舶、航空航天和其他运输设备制造业,63.0000000000,0.6655336084,0.0500000000,0.0000000000,-0.0500000000,0.0500000000,SELL,RANK_BELOW_EXIT_LIMIT
2023-03-31,2023-03-31,sh.601877,601877.SS,正泰电器,C38电气机械和器材制造业,36.0000000000,1.0342632312,0.0500000000,0.0500000000,0.0000000000,0.0000000000,HOLD,POSITION_RETAINED
2023-03-31,2023-03-31,sh.603195,603195.SS,公牛集团,C38电气机械和器材制造业,56.0000000000,0.7191033073,0.0500000000,0.0000000000,-0.0500000000,0.0500000000,SELL,RANK_BELOW_EXIT_LIMIT
2023-03-31,2023-03-31,sh.688396,688396.SS,华润微,C39计算机、通信和其他电子设备制造业,13.0000000000,1.5114308630,0.0000000000,0.0500000000,0.0500000000,0.0500000000,BUY,RANK_WITHIN_ENTRY_LIMIT
2023-03-31,2023-03-31,sz.000157,000157.SZ,中联重科,C35专用设备制造业,4.0000000000,2.1911699493,0.0000000000,0.0500000000,0.0500000000,0.0500000000,BUY,RANK_WITHIN_ENTRY_LIMIT
2023-03-31,2023-03-31,sz.000408,000408.SZ,藏格矿业,C26化学原料和化学制品制造业,10.0000000000,1.6074996055,0.0000000000,0.0500000000,0.0500000000,0.0500000000,BUY,RANK_WITHIN_ENTRY_LIMIT
2023-03-31,2023-03-31,sz.000596,000596.SZ,古井贡酒,C15酒、饮料和精制茶制造业,236.0000000000,-0.4704221448,0.0500000000,0.0000000000,-0.0500000000,0.0500000000,SELL,RANK_BELOW_EXIT_LIMIT
2023-03-31,2023-03-31,sz.000651,000651.SZ,格力电器,C38电气机械和器材制造业,8.0000000000,1.6532055181,0.0000000000,0.0500000000,0.0500000000,0.0500000000,BUY,RANK_WITHIN_ENTRY_LIMIT
2023-03-31,2023-03-31,sz.000725,000725.SZ,京东方A,C39计算机、通信和其他电子设备制造业,11.0000000000,1.5925107325,0.0000000000,0.0500000000,0.0500000000,0.0500000000,BUY,RANK_WITHIN_ENTRY_LIMIT
2023-03-31,2023-03-31,sz.000792,000792.SZ,盐湖股份,C26化学原料和化学制品制造业,7.0000000000,1.6711465179,0.0000000000,0.0500000000,0.0500000000,0.0500000000,BUY,RANK_WITHIN_ENTRY_LIMIT
2023-03-31,2023-03-31,sz.000800,000800.SZ,一汽解放,C36汽车制造业,34.0000000000,1.0478922927,0.0500000000,0.0500000000,0.0000000000,0.0000000000,HOLD,POSITION_RETAINED
2023-03-31,2023-03-31,sz.002001,002001.SZ,新和成,C27医药制造业,26.0000000000,1.2213572333,0.0500000000,0.0500000000,0.0000000000,0.0000000000,HOLD,POSITION_RETAINED
2023-03-31,2023-03-31,sz.002032,002032.SZ,苏泊尔,C38电气机械和器材制造业,5.0000000000,1.9668812404,0.0000000000,0.0500000000,0.0500000000,0.0500000000,BUY,RANK_WITHIN_ENTRY_LIMIT
2023-03-31,2023-03-31,sz.002202,002202.SZ,金风科技,C34通用设备制造业,12.0000000000,1.5804339257,0.0000000000,0.0500000000,0.0500000000,0.0500000000,BUY,RANK_WITHIN_ENTRY_LIMIT
2023-03-31,2023-03-31,sz.002410,002410.SZ,广联达,I65软件和信息技术服务业,254.0000000000,-0.8090293186,0.0500000000,0.0000000000,-0.0500000000,0.0500000000,SELL,RANK_BELOW_EXIT_LIMIT
2023-03-31,2023-03-31,sz.002648,002648.SZ,卫星化学,C26化学原料和化学制品制造业,49.0000000000,0.8853954068,0.0500000000,0.0000000000,-0.0500000000,0.0500000000,SELL,RANK_BELOW_EXIT_LIMIT
2023-03-31,2023-03-31,sz.002841,002841.SZ,视源股份,C39计算机、通信和其他电子设备制造业,67.0000000000,0.6254563950,0.0500000000,0.0000000000,-0.0500000000,0.0500000000,SELL,RANK_BELOW_EXIT_LIMIT
2023-03-31,2023-03-31,sz.002916,002916.SZ,深南电路,C39计算机、通信和其他电子设备制造业,127.0000000000,0.1836780184,0.0500000000,0.0000000000,-0.0500000000,0.0500000000,SELL,RANK_BELOW_EXIT_LIMIT
2023-03-31,2023-03-31,sz.003816,003816.SZ,中国广核,D44电力、热力生产和供应业,73.0000000000,0.5779788249,0.0500000000,0.0000000000,-0.0500000000,0.0500000000,SELL,RANK_BELOW_EXIT_LIMIT
2023-03-31,2023-03-31,sz.300413,300413.SZ,芒果超媒,I64互联网和相关服务,2.0000000000,2.5532167910,0.0000000000,0.0500000000,0.0500000000,0.0500000000,BUY,RANK_WITHIN_ENTRY_LIMIT
2023-03-31,2023-03-31,sz.300529,300529.SZ,健帆生物,C35专用设备制造业,20.0000000000,1.3252641231,0.0500000000,0.0500000000,0.0000000000,0.0000000000,HOLD,POSITION_RETAINED
2023-04-30,2023-04-28,sh.600104,600104.SS,上汽集团,C36汽车制造业,19.0000000000,1.2946670389,0.0500000000,0.0500000000,0.0000000000,0.0000000000,HOLD,POSITION_RETAINED
2023-04-30,2023-04-28,sh.600183,600183.SS,生益科技,C39计算机、通信和其他电子设备制造业,14.0000000000,1.4703212957,0.0500000000,0.0500000000,0.0000000000,0.0000000000,HOLD,POSITION_RETAINED
2023-04-30,2023-04-28,sh.600219,600219.SS,南山铝业,C32有色金属冶炼和压延加工业,6.0000000000,1.9704004953,0.0500000000,0.0500000000,0.0000000000,0.0000000000,HOLD,POSITION_RETAINED
2023-04-30,2023-04-28,sh.600362,600362.SS,江西铜业,C32有色金属冶炼和压延加工业,9.0000000000,1.6267668552,0.0000000000,0.0500000000,0.0500000000,0.0500000000,BUY,RANK_WITHIN_ENTRY_LIMIT
2023-04-30,2023-04-28,sh.600406,600406.SS,国电南瑞,I65软件和信息技术服务业,1.0000000000,2.4669781163,0.0500000000,0.0500000000,0.0000000000,0.0000000000,HOLD,POSITION_RETAINED
2023-04-30,2023-04-28,sh.600585,600585.SS,海螺水泥,C30非金属矿物制品业,26.0000000000,1.2423655925,0.0000000000,0.0500000000,0.0500000000,0.0500000000,BUY,RANK_WITHIN_ENTRY_LIMIT
2023-04-30,2023-04-28,sh.600606,600606.SS,绿地控股,E48土木工程建筑业,8.0000000000,1.6598733133,0.0500000000,0.0500000000,0.0000000000,0.0000000000,HOLD,POSITION_RETAINED
2023-04-30,2023-04-28,sh.600741,600741.SS,华域汽车,C36汽车制造业,17.0000000000,1.3528494548,0.0500000000,0.0500000000,0.0000000000,0.0000000000,HOLD,POSITION_RETAINED
2023-04-30,2023-04-28,sh.600845,600845.SS,宝信软件,I65软件和信息技术服务业,4.0000000000,2.0650183910,0.0500000000,0.0500000000,0.0000000000,0.0000000000,HOLD,POSITION_RETAINED
2023-04-30,2023-04-28,sh.600999,600999.SS,招商证券,J67资本市场服务,21.0000000000,1.2846087627,0.0000000000,0.0500000000,0.0500000000,0.0500000000,BUY,RANK_WITHIN_ENTRY_LIMIT
2023-04-30,2023-04-28,sh.601877,601877.SS,正泰电器,C38电气机械和器材制造业,38.0000000000,1.0759917233,0.0500000000,0.0500000000,0.0000000000,0.0000000000,HOLD,POSITION_RETAINED
2023-04-30,2023-04-28,sh.603882,603882.SS,金域医学,Q84卫生,24.0000000000,1.2639101575,0.0000000000,0.0500000000,0.0500000000,0.0500000000,BUY,RANK_WITHIN_ENTRY_LIMIT
2023-04-30,2023-04-28,sh.688396,688396.SS,华润微,C39计算机、通信和其他电子设备制造业,37.0000000000,1.1008635368,0.0500000000,0.0500000000,0.0000000000,0.0000000000,HOLD,POSITION_RETAINED
2023-04-30,2023-04-28,sz.000157,000157.SZ,中联重科,C35专用设备制造业,11.0000000000,1.5279866212,0.0500000000,0.0500000000,0.0000000000,0.0000000000,HOLD,POSITION_RETAINED
2023-04-30,2023-04-28,sz.000408,000408.SZ,藏格矿业,C26化学原料和化学制品制造业,105.0000000000,0.4050352657,0.0500000000,0.0000000000,-0.0500000000,0.0500000000,SELL,RANK_BELOW_EXIT_LIMIT
2023-04-30,2023-04-28,sz.000425,000425.SZ,徐工机械,C35专用设备制造业,7.0000000000,1.7782979216,0.0000000000,0.0500000000,0.0500000000,0.0500000000,BUY,RANK_WITHIN_ENTRY_LIMIT
2023-04-30,2023-04-28,sz.000651,000651.SZ,格力电器,C38电气机械和器材制造业,31.0000000000,1.1843376019,0.0500000000,0.0500000000,0.0000000000,0.0000000000,HOLD,POSITION_RETAINED
2023-04-30,2023-04-28,sz.000725,000725.SZ,京东方A,C39计算机、通信和其他电子设备制造业,3.0000000000,2.1415741389,0.0500000000,0.0500000000,0.0000000000,0.0000000000,HOLD,POSITION_RETAINED
2023-04-30,2023-04-28,sz.000792,000792.SZ,盐湖股份,C26化学原料和化学制品制造业,82.0000000000,0.5864142771,0.0500000000,0.0000000000,-0.0500000000,0.0500000000,SELL,RANK_BELOW_EXIT_LIMIT
2023-04-30,2023-04-28,sz.000800,000800.SZ,一汽解放,C36汽车制造业,86.0000000000,0.5167913562,0.0500000000,0.0000000000,-0.0500000000,0.0500000000,SELL,RANK_BELOW_EXIT_LIMIT
2023-04-30,2023-04-28,sz.002001,002001.SZ,新和成,C27医药制造业,23.0000000000,1.2659964891,0.0500000000,0.0500000000,0.0000000000,0.0000000000,HOLD,POSITION_RETAINED
2023-04-30,2023-04-28,sz.002032,002032.SZ,苏泊尔,C38电气机械和器材制造业,59.0000000000,0.8433285968,0.0500000000,0.0000000000,-0.0500000000,0.0500000000,SELL,RANK_BELOW_EXIT_LIMIT
2023-04-30,2023-04-28,sz.002202,002202.SZ,金风科技,C34通用设备制造业,63.0000000000,0.8135148658,0.0500000000,0.0000000000,-0.0500000000,0.0500000000,SELL,RANK_BELOW_EXIT_LIMIT
2023-04-30,2023-04-28,sz.002736,002736.SZ,国信证券,J67资本市场服务,13.0000000000,1.4775766537,0.0000000000,0.0500000000,0.0500000000,0.0500000000,BUY,RANK_WITHIN_ENTRY_LIMIT
2023-04-30,2023-04-28,sz.300413,300413.SZ,芒果超媒,I64互联网和相关服务,64.0000000000,0.7960471632,0.0500000000,0.0000000000,-0.0500000000,0.0500000000,SELL,RANK_BELOW_EXIT_LIMIT
2023-04-30,2023-04-28,sz.300529,300529.SZ,健帆生物,C35专用设备制造业,25.0000000000,1.2593395303,0.0500000000,0.0500000000,0.0000000000,0.0000000000,HOLD,POSITION_RETAINED
2023-05-31,2023-05-31,sh.600104,600104.SS,上汽集团,C36汽车制造业,12.0000000000,1.5523599594,0.0500000000,0.0500000000,0.0000000000,0.0000000000,HOLD,POSITION_RETAINED
2023-05-31,2023-05-31,sh.600183,600183.SS,生益科技,C39计算机、通信和其他电子设备制造业,36.0000000000,1.0673487434,0.0500000000,0.0500000000,0.0000000000,0.0000000000,HOLD,POSITION_RETAINED
2023-05-31,2023-05-31,sh.600219,600219.SS,南山铝业,C32有色金属冶炼和压延加工业,5.0000000000,1.8056136590,0.0500000000,0.0500000000,0.0000000000,0.0000000000,HOLD,POSITION_RETAINED
2023-05-31,2023-05-31,sh.600362,600362.SS,江西铜业,C32有色金属冶炼和压延加工业,20.0000000000,1.3332946585,0.0500000000,0.0500000000,0.0000000000,0.0000000000,HOLD,POSITION_RETAINED
2023-05-31,2023-05-31,sh.600406,600406.SS,国电南瑞,I65软件和信息技术服务业,1.0000000000,2.4593452166,0.0500000000,0.0500000000,0.0000000000,0.0000000000,HOLD,POSITION_RETAINED
2023-05-31,2023-05-31,sh.600438,600438.SS,通威股份,C38电气机械和器材制造业,16.0000000000,1.4398781596,0.0000000000,0.0500000000,0.0500000000,0.0500000000,BUY,RANK_WITHIN_ENTRY_LIMIT
2023-05-31,2023-05-31,sh.600585,600585.SS,海螺水泥,C30非金属矿物制品业,40.0000000000,1.0426379024,0.0500000000,0.0500000000,0.0000000000,0.0000000000,HOLD,POSITION_RETAINED
2023-05-31,2023-05-31,sh.600606,600606.SS,绿地控股,E48土木工程建筑业,150.0000000000,0.1313614875,0.0500000000,0.0000000000,-0.0500000000,0.0500000000,SELL,RANK_BELOW_EXIT_LIMIT
2023-05-31,2023-05-31,sh.600741,600741.SS,华域汽车,C36汽车制造业,23.0000000000,1.2322965635,0.0500000000,0.0500000000,0.0000000000,0.0000000000,HOLD,POSITION_RETAINED
2023-05-31,2023-05-31,sh.600845,600845.SS,宝信软件,I65软件和信息技术服务业,10.0000000000,1.6106372640,0.0500000000,0.0500000000,0.0000000000,0.0000000000,HOLD,POSITION_RETAINED
2023-05-31,2023-05-31,sh.600893,600893.SS,航发动力,C37铁路、船舶、航空航天和其他运输设备制造业,25.0000000000,1.1899659151,0.0000000000,0.0500000000,0.0500000000,0.0500000000,BUY,RANK_WITHIN_ENTRY_LIMIT
2023-05-31,2023-05-31,sh.600999,600999.SS,招商证券,J67资本市场服务,34.0000000000,1.0994260107,0.0500000000,0.0500000000,0.0000000000,0.0000000000,HOLD,POSITION_RETAINED
2023-05-31,2023-05-31,sh.601211,601211.SS,国泰君安,J67资本市场服务,27.0000000000,1.1700654550,0.0000000000,0.0500000000,0.0500000000,0.0500000000,BUY,RANK_WITHIN_ENTRY_LIMIT
2023-05-31,2023-05-31,sh.601877,601877.SS,正泰电器,C38电气机械和器材制造业,60.0000000000,0.7534159218,0.0500000000,0.0000000000,-0.0500000000,0.0500000000,SELL,RANK_BELOW_EXIT_LIMIT
2023-05-31,2023-05-31,sh.603882,603882.SS,金域医学,Q84卫生,49.0000000000,0.8928699618,0.0500000000,0.0000000000,-0.0500000000,0.0500000000,SELL,RANK_BELOW_EXIT_LIMIT
2023-05-31,2023-05-31,sh.688396,688396.SS,华润微,C39计算机、通信和其他电子设备制造业,24.0000000000,1.2109172761,0.0500000000,0.0500000000,0.0000000000,0.0000000000,HOLD,POSITION_RETAINED
2023-05-31,2023-05-31,sz.000157,000157.SZ,中联重科,C35专用设备制造业,30.0000000000,1.1383340433,0.0500000000,0.0500000000,0.0000000000,0.0000000000,HOLD,POSITION_RETAINED
2023-05-31,2023-05-31,sz.000425,000425.SZ,徐工机械,C35专用设备制造业,179.0000000000,-0.0587738814,0.0500000000,0.0000000000,-0.0500000000,0.0500000000,SELL,RANK_BELOW_EXIT_LIMIT
2023-05-31,2023-05-31,sz.000651,000651.SZ,格力电器,C38电气机械和器材制造业,214.0000000000,-0.3585332847,0.0500000000,0.0000000000,-0.0500000000,0.0500000000,SELL,RANK_BELOW_EXIT_LIMIT
2023-05-31,2023-05-31,sz.000725,000725.SZ,京东方A,C39计算机、通信和其他电子设备制造业,33.0000000000,1.1154017065,0.0500000000,0.0500000000,0.0000000000,0.0000000000,HOLD,POSITION_RETAINED
2023-05-31,2023-05-31,sz.002001,002001.SZ,新和成,C27医药制造业,14.0000000000,1.4592070747,0.0500000000,0.0500000000,0.0000000000,0.0000000000,HOLD,POSITION_RETAINED
2023-05-31,2023-05-31,sz.002202,002202.SZ,金风科技,C34通用设备制造业,21.0000000000,1.3165745415,0.0000000000,0.0500000000,0.0500000000,0.0500000000,BUY,RANK_WITHIN_ENTRY_LIMIT
2023-05-31,2023-05-31,sz.002410,002410.SZ,广联达,I65软件和信息技术服务业,11.0000000000,1.5783623505,0.0000000000,0.0500000000,0.0500000000,0.0500000000,BUY,RANK_WITHIN_ENTRY_LIMIT
2023-05-31,2023-05-31,sz.002736,002736.SZ,国信证券,J67资本市场服务,7.0000000000,1.7290847300,0.0500000000,0.0500000000,0.0000000000,0.0000000000,HOLD,POSITION_RETAINED
2023-05-31,2023-05-31,sz.300413,300413.SZ,芒果超媒,I64互联网和相关服务,17.0000000000,1.4336673965,0.0000000000,0.0500000000,0.0500000000,0.0500000000,BUY,RANK_WITHIN_ENTRY_LIMIT
2023-05-31,2023-05-31,sz.300529,300529.SZ,健帆生物,C35专用设备制造业,62.0000000000,0.7303374722,0.0500000000,0.0000000000,-0.0500000000,0.0500000000,SELL,RANK_BELOW_EXIT_LIMIT
2023-06-30,2023-06-30,sh.600104,600104.SS,上汽集团,C36汽车制造业,16.0000000000,1.5918504882,0.0500000000,0.0500000000,0.0000000000,0.0000000000,HOLD,POSITION_RETAINED
2023-06-30,2023-06-30,sh.600183,600183.SS,生益科技,C39计算机、通信和其他电子设备制造业,71.0000000000,0.6346383544,0.0500000000,0.0000000000,-0.0500000000,0.0500000000,SELL,RANK_BELOW_EXIT_LIMIT
2023-06-30,2023-06-30,sh.600219,600219.SS,南山铝业,C32有色金属冶炼和压延加工业,17.0000000000,1.5514860934,0.0500000000,0.0500000000,0.0000000000,0.0000000000,HOLD,POSITION_RETAINED
2023-06-30,2023-06-30,sh.600362,600362.SS,江西铜业,C32有色金属冶炼和压延加工业,18.0000000000,1.5234689837,0.0500000000,0.0500000000,0.0000000000,0.0000000000,HOLD,POSITION_RETAINED
2023-06-30,2023-06-30,sh.600406,600406.SS,国电南瑞,I65软件和信息技术服务业,6.0000000000,1.9219224031,0.0500000000,0.0500000000,0.0000000000,0.0000000000,HOLD,POSITION_RETAINED
2023-06-30,2023-06-30,sh.600438,600438.SS,通威股份,C38电气机械和器材制造业,20.0000000000,1.4781126098,0.0500000000,0.0500000000,0.0000000000,0.0000000000,HOLD,POSITION_RETAINED
2023-06-30,2023-06-30,sh.600585,600585.SS,海螺水泥,C30非金属矿物制品业,25.0000000000,1.2792367977,0.0500000000,0.0500000000,0.0000000000,0.0000000000,HOLD,POSITION_RETAINED
2023-06-30,2023-06-30,sh.600741,600741.SS,华域汽车,C36汽车制造业,19.0000000000,1.5047596108,0.0500000000,0.0500000000,0.0000000000,0.0000000000,HOLD,POSITION_RETAINED
2023-06-30,2023-06-30,sh.600845,600845.SS,宝信软件,I65软件和信息技术服务业,48.0000000000,0.9210403440,0.0500000000,0.0000000000,-0.0500000000,0.0500000000,SELL,RANK_BELOW_EXIT_LIMIT
2023-06-30,2023-06-30,sh.600893,600893.SS,航发动力,C37铁路、船舶、航空航天和其他运输设备制造业,88.0000000000,0.4820308801,0.0500000000,0.0000000000,-0.0500000000,0.0500000000,SELL,RANK_BELOW_EXIT_LIMIT
2023-06-30,2023-06-30,sh.600999,600999.SS,招商证券,J67资本市场服务,64.0000000000,0.7187270332,0.0500000000,0.0000000000,-0.0500000000,0.0500000000,SELL,RANK_BELOW_EXIT_LIMIT
2023-06-30,2023-06-30,sh.601211,601211.SS,国泰君安,J67资本市场服务,46.0000000000,0.9559016358,0.0500000000,0.0000000000,-0.0500000000,0.0500000000,SELL,RANK_BELOW_EXIT_LIMIT
2023-06-30,2023-06-30,sh.601216,601216.SS,君正集团,C26化学原料和化学制品制造业,5.0000000000,2.0271091897,0.0000000000,0.0500000000,0.0500000000,0.0500000000,BUY,RANK_WITHIN_ENTRY_LIMIT
2023-06-30,2023-06-30,sh.601238,601238.SS,广汽集团,C36汽车制造业,24.0000000000,1.3089549768,0.0000000000,0.0500000000,0.0500000000,0.0500000000,BUY,RANK_WITHIN_ENTRY_LIMIT
2023-06-30,2023-06-30,sh.601766,601766.SS,中国中车,C37铁路、船舶、航空航天和其他运输设备制造业,4.0000000000,2.0640273383,0.0000000000,0.0500000000,0.0500000000,0.0500000000,BUY,RANK_WITHIN_ENTRY_LIMIT
2023-06-30,2023-06-30,sh.601877,601877.SS,正泰电器,C38电气机械和器材制造业,9.0000000000,1.8450873246,0.0000000000,0.0500000000,0.0500000000,0.0500000000,BUY,RANK_WITHIN_ENTRY_LIMIT
2023-06-30,2023-06-30,sh.603195,603195.SS,公牛集团,C38电气机械和器材制造业,12.0000000000,1.7967774546,0.0000000000,0.0500000000,0.0500000000,0.0500000000,BUY,RANK_WITHIN_ENTRY_LIMIT
2023-06-30,2023-06-30,sh.688187,688187.SS,时代电气,C37铁路、船舶、航空航天和其他运输设备制造业,23.0000000000,1.4426401317,0.0000000000,0.0500000000,0.0500000000,0.0500000000,BUY,RANK_WITHIN_ENTRY_LIMIT
2023-06-30,2023-06-30,sh.688396,688396.SS,华润微,C39计算机、通信和其他电子设备制造业,22.0000000000,1.4511370220,0.0500000000,0.0500000000,0.0000000000,0.0000000000,HOLD,POSITION_RETAINED
2023-06-30,2023-06-30,sz.000157,000157.SZ,中联重科,C35专用设备制造业,1.0000000000,2.6708875932,0.0500000000,0.0500000000,0.0000000000,0.0000000000,HOLD,POSITION_RETAINED
2023-06-30,2023-06-30,sz.000725,000725.SZ,京东方A,C39计算机、通信和其他电子设备制造业,21.0000000000,1.4631505060,0.0500000000,0.0500000000,0.0000000000,0.0000000000,HOLD,POSITION_RETAINED
2023-06-30,2023-06-30,sz.002001,002001.SZ,新和成,C27医药制造业,32.0000000000,1.1468650417,0.0500000000,0.0500000000,0.0000000000,0.0000000000,HOLD,POSITION_RETAINED
2023-06-30,2023-06-30,sz.002064,002064.SZ,华峰化学,C28化学纤维制造业,2.0000000000,2.2276327607,0.0000000000,0.0500000000,0.0500000000,0.0500000000,BUY,RANK_WITHIN_ENTRY_LIMIT
2023-06-30,2023-06-30,sz.002202,002202.SZ,金风科技,C34通用设备制造业,15.0000000000,1.6423075591,0.0500000000,0.0500000000,0.0000000000,0.0000000000,HOLD,POSITION_RETAINED
2023-06-30,2023-06-30,sz.002410,002410.SZ,广联达,I65软件和信息技术服务业,63.0000000000,0.7264600551,0.0500000000,0.0000000000,-0.0500000000,0.0500000000,SELL,RANK_BELOW_EXIT_LIMIT
2023-06-30,2023-06-30,sz.002736,002736.SZ,国信证券,J67资本市场服务,53.0000000000,0.8763056059,0.0500000000,0.0000000000,-0.0500000000,0.0500000000,SELL,RANK_BELOW_EXIT_LIMIT
2023-06-30,2023-06-30,sz.300408,300408.SZ,三环集团,C39计算机、通信和其他电子设备制造业,3.0000000000,2.1100157283,0.0000000000,0.0500000000,0.0500000000,0.0500000000,BUY,RANK_WITHIN_ENTRY_LIMIT
2023-06-30,2023-06-30,sz.300413,300413.SZ,芒果超媒,I64互联网和相关服务,59.0000000000,0.7637818379,0.0500000000,0.0000000000,-0.0500000000,0.0500000000,SELL,RANK_BELOW_EXIT_LIMIT
2023-07-31,2023-07-31,sh.600089,600089.SS,特变电工,C38电气机械和器材制造业,11.0000000000,1.6586243983,0.0000000000,0.0500000000,0.0500000000,0.0500000000,BUY,RANK_WITHIN_ENTRY_LIMIT
2023-07-31,2023-07-31,sh.600104,600104.SS,上汽集团,C36汽车制造业,10.0000000000,1.6986478857,0.0500000000,0.0500000000,0.0000000000,0.0000000000,HOLD,POSITION_RETAINED
2023-07-31,2023-07-31,sh.600219,600219.SS,南山铝业,C32有色金属冶炼和压延加工业,4.0000000000,1.9081536701,0.0500000000,0.0500000000,0.0000000000,0.0000000000,HOLD,POSITION_RETAINED
2023-07-31,2023-07-31,sh.600362,600362.SS,江西铜业,C32有色金属冶炼和压延加工业,8.0000000000,1.7337718672,0.0500000000,0.0500000000,0.0000000000,0.0000000000,HOLD,POSITION_RETAINED
2023-07-31,2023-07-31,sh.600406,600406.SS,国电南瑞,I65软件和信息技术服务业,1.0000000000,2.3750221454,0.0500000000,0.0500000000,0.0000000000,0.0000000000,HOLD,POSITION_RETAINED
2023-07-31,2023-07-31,sh.600438,600438.SS,通威股份,C38电气机械和器材制造业,73.0000000000,0.6337804858,0.0500000000,0.0000000000,-0.0500000000,0.0500000000,SELL,RANK_BELOW_EXIT_LIMIT
2023-07-31,2023-07-31,sh.600585,600585.SS,海螺水泥,C30非金属矿物制品业,114.0000000000,0.3697023776,0.0500000000,0.0000000000,-0.0500000000,0.0500000000,SELL,RANK_BELOW_EXIT_LIMIT
2023-07-31,2023-07-31,sh.600741,600741.SS,华域汽车,C36汽车制造业,13.0000000000,1.6071522710,0.0500000000,0.0500000000,0.0000000000,0.0000000000,HOLD,POSITION_RETAINED
2023-07-31,2023-07-31,sh.600845,600845.SS,宝信软件,I65软件和信息技术服务业,2.0000000000,2.1071335328,0.0000000000,0.0500000000,0.0500000000,0.0500000000,BUY,RANK_WITHIN_ENTRY_LIMIT
2023-07-31,2023-07-31,sh.601216,601216.SS,君正集团,C26化学原料和化学制品制造业,40.0000000000,1.0875903320,0.0500000000,0.0500000000,0.0000000000,0.0000000000,HOLD,POSITION_RETAINED
2023-07-31,2023-07-31,sh.601238,601238.SS,广汽集团,C36汽车制造业,59.0000000000,0.8108214457,0.0500000000,0.0000000000,-0.0500000000,0.0500000000,SELL,RANK_BELOW_EXIT_LIMIT
2023-07-31,2023-07-31,sh.601766,601766.SS,中国中车,C37铁路、船舶、航空航天和其他运输设备制造业,27.0000000000,1.3237236278,0.0500000000,0.0500000000,0.0000000000,0.0000000000,HOLD,POSITION_RETAINED
2023-07-31,2023-07-31,sh.601877,601877.SS,正泰电器,C38电气机械和器材制造业,15.0000000000,1.5376716744,0.0500000000,0.0500000000,0.0000000000,0.0000000000,HOLD,POSITION_RETAINED
2023-07-31,2023-07-31,sh.603195,603195.SS,公牛集团,C38电气机械和器材制造业,120.0000000000,0.3128815273,0.0500000000,0.0000000000,-0.0500000000,0.0500000000,SELL,RANK_BELOW_EXIT_LIMIT
2023-07-31,2023-07-31,sh.688187,688187.SS,时代电气,C37铁路、船舶、航空航天和其他运输设备制造业,234.0000000000,-0.7103110692,0.0500000000,0.0000000000,-0.0500000000,0.0500000000,SELL,RANK_BELOW_EXIT_LIMIT
2023-07-31,2023-07-31,sh.688303,688303.SS,大全能源,C38电气机械和器材制造业,5.0000000000,1.8917630150,0.0000000000,0.0500000000,0.0500000000,0.0500000000,BUY,RANK_WITHIN_ENTRY_LIMIT
2023-07-31,2023-07-31,sh.688396,688396.SS,华润微,C39计算机、通信和其他电子设备制造业,35.0000000000,1.1726362125,0.0500000000,0.0500000000,0.0000000000,0.0000000000,HOLD,POSITION_RETAINED
2023-07-31,2023-07-31,sz.000069,000069.SZ,华侨城A,K70房地产业,3.0000000000,1.9137724860,0.0000000000,0.0500000000,0.0500000000,0.0500000000,BUY,RANK_WITHIN_ENTRY_LIMIT
2023-07-31,2023-07-31,sz.000157,000157.SZ,中联重科,C35专用设备制造业,14.0000000000,1.5547506320,0.0500000000,0.0500000000,0.0000000000,0.0000000000,HOLD,POSITION_RETAINED
2023-07-31,2023-07-31,sz.000725,000725.SZ,京东方A,C39计算机、通信和其他电子设备制造业,31.0000000000,1.2359025981,0.0500000000,0.0500000000,0.0000000000,0.0000000000,HOLD,POSITION_RETAINED
2023-07-31,2023-07-31,sz.002001,002001.SZ,新和成,C27医药制造业,29.0000000000,1.2850819265,0.0500000000,0.0500000000,0.0000000000,0.0000000000,HOLD,POSITION_RETAINED
2023-07-31,2023-07-31,sz.002064,002064.SZ,华峰化学,C28化学纤维制造业,64.0000000000,0.7429909595,0.0500000000,0.0000000000,-0.0500000000,0.0500000000,SELL,RANK_BELOW_EXIT_LIMIT
2023-07-31,2023-07-31,sz.002202,002202.SZ,金风科技,C34通用设备制造业,22.0000000000,1.4051285586,0.0500000000,0.0500000000,0.0000000000,0.0000000000,HOLD,POSITION_RETAINED
2023-07-31,2023-07-31,sz.002252,002252.SZ,上海莱士,C27医药制造业,12.0000000000,1.6354227840,0.0000000000,0.0500000000,0.0500000000,0.0500000000,BUY,RANK_WITHIN_ENTRY_LIMIT
2023-07-31,2023-07-31,sz.002736,002736.SZ,国信证券,J67资本市场服务,7.0000000000,1.7797708913,0.0000000000,0.0500000000,0.0500000000,0.0500000000,BUY,RANK_WITHIN_ENTRY_LIMIT
2023-07-31,2023-07-31,sz.300408,300408.SZ,三环集团,C39计算机、通信和其他电子设备制造业,43.0000000000,1.0612654468,0.0500000000,0.0000000000,-0.0500000000,0.0500000000,SELL,RANK_BELOW_EXIT_LIMIT
2023-07-31,2023-07-31,sz.300433,300433.SZ,蓝思科技,C39计算机、通信和其他电子设备制造业,6.0000000000,1.8757304573,0.0000000000,0.0500000000,0.0500000000,0.0500000000,BUY,RANK_WITHIN_ENTRY_LIMIT
2023-08-31,2023-08-31,sh.600089,600089.SS,特变电工,C38电气机械和器材制造业,2.0000000000,2.0050110846,0.0500000000,0.0500000000,0.0000000000,0.0000000000,HOLD,POSITION_RETAINED
2023-08-31,2023-08-31,sh.600104,600104.SS,上汽集团,C36汽车制造业,7.0000000000,1.8471133853,0.0500000000,0.0500000000,0.0000000000,0.0000000000,HOLD,POSITION_RETAINED
2023-08-31,2023-08-31,sh.600219,600219.SS,南山铝业,C32有色金属冶炼和压延加工业,37.0000000000,1.1765821790,0.0500000000,0.0500000000,0.0000000000,0.0000000000,HOLD,POSITION_RETAINED
2023-08-31,2023-08-31,sh.600362,600362.SS,江西铜业,C32有色金属冶炼和压延加工业,22.0000000000,1.4739212475,0.0500000000,0.0500000000,0.0000000000,0.0000000000,HOLD,POSITION_RETAINED
2023-08-31,2023-08-31,sh.600406,600406.SS,国电南瑞,I65软件和信息技术服务业,5.0000000000,1.8779630983,0.0500000000,0.0500000000,0.0000000000,0.0000000000,HOLD,POSITION_RETAINED
2023-08-31,2023-08-31,sh.600741,600741.SS,华域汽车,C36汽车制造业,14.0000000000,1.6825275378,0.0500000000,0.0500000000,0.0000000000,0.0000000000,HOLD,POSITION_RETAINED
2023-08-31,2023-08-31,sh.600845,600845.SS,宝信软件,I65软件和信息技术服务业,1.0000000000,2.1023607350,0.0500000000,0.0500000000,0.0000000000,0.0000000000,HOLD,POSITION_RETAINED
2023-08-31,2023-08-31,sh.600884,600884.SS,杉杉股份,C39计算机、通信和其他电子设备制造业,4.0000000000,1.9176675327,0.0000000000,0.0500000000,0.0500000000,0.0500000000,BUY,RANK_WITHIN_ENTRY_LIMIT
2023-08-31,2023-08-31,sh.601216,601216.SS,君正集团,C26化学原料和化学制品制造业,21.0000000000,1.5261246258,0.0500000000,0.0500000000,0.0000000000,0.0000000000,HOLD,POSITION_RETAINED
2023-08-31,2023-08-31,sh.601766,601766.SS,中国中车,C37铁路、船舶、航空航天和其他运输设备制造业,12.0000000000,1.7140434714,0.0500000000,0.0500000000,0.0000000000,0.0000000000,HOLD,POSITION_RETAINED
2023-08-31,2023-08-31,sh.601877,601877.SS,正泰电器,C38电气机械和器材制造业,15.0000000000,1.6496981589,0.0500000000,0.0500000000,0.0000000000,0.0000000000,HOLD,POSITION_RETAINED
2023-08-31,2023-08-31,sh.603659,603659.SS,璞泰来,C39计算机、通信和其他电子设备制造业,3.0000000000,1.9837914465,0.0000000000,0.0500000000,0.0500000000,0.0500000000,BUY,RANK_WITHIN_ENTRY_LIMIT
2023-08-31,2023-08-31,sh.688303,688303.SS,大全能源,C38电气机械和器材制造业,19.0000000000,1.5613994853,0.0500000000,0.0500000000,0.0000000000,0.0000000000,HOLD,POSITION_RETAINED
2023-08-31,2023-08-31,sh.688396,688396.SS,华润微,C39计算机、通信和其他电子设备制造业,46.0000000000,0.9640472037,0.0500000000,0.0000000000,-0.0500000000,0.0500000000,SELL,RANK_BELOW_EXIT_LIMIT
2023-08-31,2023-08-31,sz.000069,000069.SZ,华侨城A,K70房地产业,11.0000000000,1.7282637672,0.0500000000,0.0500000000,0.0000000000,0.0000000000,HOLD,POSITION_RETAINED
2023-08-31,2023-08-31,sz.000157,000157.SZ,中联重科,C35专用设备制造业,8.0000000000,1.7955681097,0.0500000000,0.0500000000,0.0000000000,0.0000000000,HOLD,POSITION_RETAINED
2023-08-31,2023-08-31,sz.000425,000425.SZ,徐工机械,C35专用设备制造业,6.0000000000,1.8568340816,0.0000000000,0.0500000000,0.0500000000,0.0500000000,BUY,RANK_WITHIN_ENTRY_LIMIT
2023-08-31,2023-08-31,sz.000725,000725.SZ,京东方A,C39计算机、通信和其他电子设备制造业,42.0000000000,1.0051066411,0.0500000000,0.0000000000,-0.0500000000,0.0500000000,SELL,RANK_BELOW_EXIT_LIMIT
2023-08-31,2023-08-31,sz.002001,002001.SZ,新和成,C27医药制造业,35.0000000000,1.1948976239,0.0500000000,0.0500000000,0.0000000000,0.0000000000,HOLD,POSITION_RETAINED
2023-08-31,2023-08-31,sz.002202,002202.SZ,金风科技,C34通用设备制造业,76.0000000000,0.6001161877,0.0500000000,0.0000000000,-0.0500000000,0.0500000000,SELL,RANK_BELOW_EXIT_LIMIT
2023-08-31,2023-08-31,sz.002252,002252.SZ,上海莱士,C27医药制造业,33.0000000000,1.2203056795,0.0500000000,0.0500000000,0.0000000000,0.0000000000,HOLD,POSITION_RETAINED
2023-08-31,2023-08-31,sz.002736,002736.SZ,国信证券,J67资本市场服务,36.0000000000,1.1898505960,0.0500000000,0.0500000000,0.0000000000,0.0000000000,HOLD,POSITION_RETAINED
2023-08-31,2023-08-31,sz.300433,300433.SZ,蓝思科技,C39计算机、通信和其他电子设备制造业,61.0000000000,0.7678105210,0.0500000000,0.0000000000,-0.0500000000,0.0500000000,SELL,RANK_BELOW_EXIT_LIMIT
2023-08-31,2023-08-31,sz.300919,300919.SZ,中伟股份,C39计算机、通信和其他电子设备制造业,9.0000000000,1.7880160467,0.0000000000,0.0500000000,0.0500000000,0.0500000000,BUY,RANK_WITHIN_ENTRY_LIMIT
2023-09-30,2023-09-28,sh.600089,600089.SS,特变电工,C38电气机械和器材制造业,5.0000000000,1.9406647072,0.0500000000,0.0500000000,0.0000000000,0.0000000000,HOLD,POSITION_RETAINED
2023-09-30,2023-09-28,sh.600104,600104.SS,上汽集团,C36汽车制造业,3.0000000000,1.9983440388,0.0500000000,0.0500000000,0.0000000000,0.0000000000,HOLD,POSITION_RETAINED
2023-09-30,2023-09-28,sh.600219,600219.SS,南山铝业,C32有色金属冶炼和压延加工业,24.0000000000,1.3652556382,0.0500000000,0.0500000000,0.0000000000,0.0000000000,HOLD,POSITION_RETAINED
2023-09-30,2023-09-28,sh.600332,600332.SS,白云山,C27医药制造业,8.0000000000,1.8078284310,0.0000000000,0.0500000000,0.0500000000,0.0500000000,BUY,RANK_WITHIN_ENTRY_LIMIT
2023-09-30,2023-09-28,sh.600362,600362.SS,江西铜业,C32有色金属冶炼和压延加工业,23.0000000000,1.3856990906,0.0500000000,0.0500000000,0.0000000000,0.0000000000,HOLD,POSITION_RETAINED
2023-09-30,2023-09-28,sh.600406,600406.SS,国电南瑞,I65软件和信息技术服务业,16.0000000000,1.5444828852,0.0500000000,0.0500000000,0.0000000000,0.0000000000,HOLD,POSITION_RETAINED
2023-09-30,2023-09-28,sh.600741,600741.SS,华域汽车,C36汽车制造业,22.0000000000,1.3970559938,0.0500000000,0.0500000000,0.0000000000,0.0000000000,HOLD,POSITION_RETAINED
2023-09-30,2023-09-28,sh.600845,600845.SS,宝信软件,I65软件和信息技术服务业,34.0000000000,1.1807856100,0.0500000000,0.0500000000,0.0000000000,0.0000000000,HOLD,POSITION_RETAINED
2023-09-30,2023-09-28,sh.600884,600884.SS,杉杉股份,C39计算机、通信和其他电子设备制造业,163.0000000000,0.0176111204,0.0500000000,0.0000000000,-0.0500000000,0.0500000000,SELL,RANK_BELOW_EXIT_LIMIT
2023-09-30,2023-09-28,sh.601216,601216.SS,君正集团,C26化学原料和化学制品制造业,17.0000000000,1.5086219813,0.0500000000,0.0500000000,0.0000000000,0.0000000000,HOLD,POSITION_RETAINED
2023-09-30,2023-09-28,sh.601766,601766.SS,中国中车,C37铁路、船舶、航空航天和其他运输设备制造业,19.0000000000,1.4251565670,0.0500000000,0.0500000000,0.0000000000,0.0000000000,HOLD,POSITION_RETAINED
2023-09-30,2023-09-28,sh.601877,601877.SS,正泰电器,C38电气机械和器材制造业,2.0000000000,2.0581993600,0.0500000000,0.0500000000,0.0000000000,0.0000000000,HOLD,POSITION_RETAINED
2023-09-30,2023-09-28,sh.603659,603659.SS,璞泰来,C39计算机、通信和其他电子设备制造业,14.0000000000,1.6032559372,0.0500000000,0.0500000000,0.0000000000,0.0000000000,HOLD,POSITION_RETAINED
2023-09-30,2023-09-28,sh.688303,688303.SS,大全能源,C38电气机械和器材制造业,1.0000000000,2.2146041701,0.0500000000,0.0500000000,0.0000000000,0.0000000000,HOLD,POSITION_RETAINED
2023-09-30,2023-09-28,sh.688396,688396.SS,华润微,C39计算机、通信和其他电子设备制造业,4.0000000000,1.9968660427,0.0000000000,0.0500000000,0.0500000000,0.0500000000,BUY,RANK_WITHIN_ENTRY_LIMIT
2023-09-30,2023-09-28,sz.000069,000069.SZ,华侨城A,K70房地产业,21.0000000000,1.4058449570,0.0500000000,0.0500000000,0.0000000000,0.0000000000,HOLD,POSITION_RETAINED
2023-09-30,2023-09-28,sz.000157,000157.SZ,中联重科,C35专用设备制造业,6.0000000000,1.9346230486,0.0500000000,0.0500000000,0.0000000000,0.0000000000,HOLD,POSITION_RETAINED
2023-09-30,2023-09-28,sz.000425,000425.SZ,徐工机械,C35专用设备制造业,25.0000000000,1.3179138539,0.0500000000,0.0500000000,0.0000000000,0.0000000000,HOLD,POSITION_RETAINED
2023-09-30,2023-09-28,sz.002001,002001.SZ,新和成,C27医药制造业,10.0000000000,1.6893168382,0.0500000000,0.0500000000,0.0000000000,0.0000000000,HOLD,POSITION_RETAINED
2023-09-30,2023-09-28,sz.002252,002252.SZ,上海莱士,C27医药制造业,20.0000000000,1.4150402196,0.0500000000,0.0500000000,0.0000000000,0.0000000000,HOLD,POSITION_RETAINED
2023-09-30,2023-09-28,sz.002736,002736.SZ,国信证券,J67资本市场服务,57.0000000000,0.7946857286,0.0500000000,0.0000000000,-0.0500000000,0.0500000000,SELL,RANK_BELOW_EXIT_LIMIT
2023-09-30,2023-09-28,sz.300919,300919.SZ,中伟股份,C39计算机、通信和其他电子设备制造业,11.0000000000,1.6218488618,0.0500000000,0.0500000000,0.0000000000,0.0000000000,HOLD,POSITION_RETAINED
2023-10-31,2023-10-31,sh.600089,600089.SS,特变电工,C38电气机械和器材制造业,6.0000000000,2.0733358244,0.0500000000,0.0500000000,0.0000000000,0.0000000000,HOLD,POSITION_RETAINED
2023-10-31,2023-10-31,sh.600104,600104.SS,上汽集团,C36汽车制造业,3.0000000000,2.3970689312,0.0500000000,0.0500000000,0.0000000000,0.0000000000,HOLD,POSITION_RETAINED
2023-10-31,2023-10-31,sh.600219,600219.SS,南山铝业,C32有色金属冶炼和压延加工业,9.0000000000,1.8701989490,0.0500000000,0.0500000000,0.0000000000,0.0000000000,HOLD,POSITION_RETAINED
2023-10-31,2023-10-31,sh.600332,600332.SS,白云山,C27医药制造业,8.0000000000,1.9393322398,0.0500000000,0.0500000000,0.0000000000,0.0000000000,HOLD,POSITION_RETAINED
2023-10-31,2023-10-31,sh.600362,600362.SS,江西铜业,C32有色金属冶炼和压延加工业,4.0000000000,2.2037334138,0.0500000000,0.0500000000,0.0000000000,0.0000000000,HOLD,POSITION_RETAINED
2023-10-31,2023-10-31,sh.600406,600406.SS,国电南瑞,I65软件和信息技术服务业,31.0000000000,1.1949942660,0.0500000000,0.0500000000,0.0000000000,0.0000000000,HOLD,POSITION_RETAINED
2023-10-31,2023-10-31,sh.600741,600741.SS,华域汽车,C36汽车制造业,2.0000000000,2.3975504935,0.0500000000,0.0500000000,0.0000000000,0.0000000000,HOLD,POSITION_RETAINED
2023-10-31,2023-10-31,sh.600845,600845.SS,宝信软件,I65软件和信息技术服务业,38.0000000000,1.1062677521,0.0500000000,0.0500000000,0.0000000000,0.0000000000,HOLD,POSITION_RETAINED
2023-10-31,2023-10-31,sh.600884,600884.SS,杉杉股份,C39计算机、通信和其他电子设备制造业,1.0000000000,2.4722154917,0.0000000000,0.0500000000,0.0500000000,0.0500000000,BUY,RANK_WITHIN_ENTRY_LIMIT
2023-10-31,2023-10-31,sh.601216,601216.SS,君正集团,C26化学原料和化学制品制造业,7.0000000000,2.0597854155,0.0500000000,0.0500000000,0.0000000000,0.0000000000,HOLD,POSITION_RETAINED
2023-10-31,2023-10-31,sh.601766,601766.SS,中国中车,C37铁路、船舶、航空航天和其他运输设备制造业,17.0000000000,1.6504390193,0.0500000000,0.0500000000,0.0000000000,0.0000000000,HOLD,POSITION_RETAINED
2023-10-31,2023-10-31,sh.601877,601877.SS,正泰电器,C38电气机械和器材制造业,18.0000000000,1.6209843133,0.0500000000,0.0500000000,0.0000000000,0.0000000000,HOLD,POSITION_RETAINED
2023-10-31,2023-10-31,sh.603259,603259.SS,药明康德,M73研究和试验发展,19.0000000000,1.5389604296,0.0000000000,0.0500000000,0.0500000000,0.0500000000,BUY,RANK_WITHIN_ENTRY_LIMIT
2023-10-31,2023-10-31,sh.603659,603659.SS,璞泰来,C39计算机、通信和其他电子设备制造业,30.0000000000,1.2018765917,0.0500000000,0.0500000000,0.0000000000,0.0000000000,HOLD,POSITION_RETAINED
2023-10-31,2023-10-31,sh.688303,688303.SS,大全能源,C38电气机械和器材制造业,57.0000000000,0.7827350984,0.0500000000,0.0000000000,-0.0500000000,0.0500000000,SELL,RANK_BELOW_EXIT_LIMIT
2023-10-31,2023-10-31,sh.688396,688396.SS,华润微,C39计算机、通信和其他电子设备制造业,13.0000000000,1.7487960690,0.0500000000,0.0500000000,0.0000000000,0.0000000000,HOLD,POSITION_RETAINED
2023-10-31,2023-10-31,sz.000069,000069.SZ,华侨城A,K70房地产业,45.0000000000,0.8898342688,0.0500000000,0.0000000000,-0.0500000000,0.0500000000,SELL,RANK_BELOW_EXIT_LIMIT
2023-10-31,2023-10-31,sz.000157,000157.SZ,中联重科,C35专用设备制造业,5.0000000000,2.1588196395,0.0500000000,0.0500000000,0.0000000000,0.0000000000,HOLD,POSITION_RETAINED
2023-10-31,2023-10-31,sz.000425,000425.SZ,徐工机械,C35专用设备制造业,11.0000000000,1.7633709779,0.0500000000,0.0500000000,0.0000000000,0.0000000000,HOLD,POSITION_RETAINED
2023-10-31,2023-10-31,sz.000651,000651.SZ,格力电器,C38电气机械和器材制造业,10.0000000000,1.7652216267,0.0000000000,0.0500000000,0.0500000000,0.0500000000,BUY,RANK_WITHIN_ENTRY_LIMIT
2023-10-31,2023-10-31,sz.002001,002001.SZ,新和成,C27医药制造业,12.0000000000,1.7533709393,0.0500000000,0.0500000000,0.0000000000,0.0000000000,HOLD,POSITION_RETAINED
2023-10-31,2023-10-31,sz.002252,002252.SZ,上海莱士,C27医药制造业,14.0000000000,1.6843558659,0.0500000000,0.0500000000,0.0000000000,0.0000000000,HOLD,POSITION_RETAINED
2023-10-31,2023-10-31,sz.300919,300919.SZ,中伟股份,C39计算机、通信和其他电子设备制造业,122.0000000000,0.2135623457,0.0500000000,0.0000000000,-0.0500000000,0.0500000000,SELL,RANK_BELOW_EXIT_LIMIT
2023-11-30,2023-11-30,sh.600089,600089.SS,特变电工,C38电气机械和器材制造业,15.0000000000,1.5251045871,0.0500000000,0.0500000000,0.0000000000,0.0000000000,HOLD,POSITION_RETAINED
2023-11-30,2023-11-30,sh.600104,600104.SS,上汽集团,C36汽车制造业,17.0000000000,1.4855877665,0.0500000000,0.0500000000,0.0000000000,0.0000000000,HOLD,POSITION_RETAINED
2023-11-30,2023-11-30,sh.600196,600196.SS,复星医药,C27医药制造业,13.0000000000,1.6405487533,0.0000000000,0.0500000000,0.0500000000,0.0500000000,BUY,RANK_WITHIN_ENTRY_LIMIT
2023-11-30,2023-11-30,sh.600219,600219.SS,南山铝业,C32有色金属冶炼和压延加工业,10.0000000000,1.7065995160,0.0500000000,0.0500000000,0.0000000000,0.0000000000,HOLD,POSITION_RETAINED
2023-11-30,2023-11-30,sh.600332,600332.SS,白云山,C27医药制造业,2.0000000000,2.1566348745,0.0500000000,0.0500000000,0.0000000000,0.0000000000,HOLD,POSITION_RETAINED
2023-11-30,2023-11-30,sh.600362,600362.SS,江西铜业,C32有色金属冶炼和压延加工业,18.0000000000,1.4739824857,0.0500000000,0.0500000000,0.0000000000,0.0000000000,HOLD,POSITION_RETAINED
2023-11-30,2023-11-30,sh.600406,600406.SS,国电南瑞,I65软件和信息技术服务业,11.0000000000,1.6803114944,0.0500000000,0.0500000000,0.0000000000,0.0000000000,HOLD,POSITION_RETAINED
2023-11-30,2023-11-30,sh.600741,600741.SS,华域汽车,C36汽车制造业,1.0000000000,2.2900583919,0.0500000000,0.0500000000,0.0000000000,0.0000000000,HOLD,POSITION_RETAINED
2023-11-30,2023-11-30,sh.600845,600845.SS,宝信软件,I65软件和信息技术服务业,48.0000000000,1.0405364312,0.0500000000,0.0000000000,-0.0500000000,0.0500000000,SELL,RANK_BELOW_EXIT_LIMIT
2023-11-30,2023-11-30,sh.600884,600884.SS,杉杉股份,C39计算机、通信和其他电子设备制造业,3.0000000000,2.0792204285,0.0500000000,0.0500000000,0.0000000000,0.0000000000,HOLD,POSITION_RETAINED
2023-11-30,2023-11-30,sh.601216,601216.SS,君正集团,C26化学原料和化学制品制造业,6.0000000000,1.8845989935,0.0500000000,0.0500000000,0.0000000000,0.0000000000,HOLD,POSITION_RETAINED
2023-11-30,2023-11-30,sh.601766,601766.SS,中国中车,C37铁路、船舶、航空航天和其他运输设备制造业,7.0000000000,1.8450331205,0.0500000000,0.0500000000,0.0000000000,0.0000000000,HOLD,POSITION_RETAINED
2023-11-30,2023-11-30,sh.601877,601877.SS,正泰电器,C38电气机械和器材制造业,5.0000000000,1.9412263114,0.0500000000,0.0500000000,0.0000000000,0.0000000000,HOLD,POSITION_RETAINED
2023-11-30,2023-11-30,sh.603259,603259.SS,药明康德,M73研究和试验发展,51.0000000000,0.9581689903,0.0500000000,0.0000000000,-0.0500000000,0.0500000000,SELL,RANK_BELOW_EXIT_LIMIT
2023-11-30,2023-11-30,sh.603659,603659.SS,璞泰来,C39计算机、通信和其他电子设备制造业,63.0000000000,0.7750113370,0.0500000000,0.0000000000,-0.0500000000,0.0500000000,SELL,RANK_BELOW_EXIT_LIMIT
2023-11-30,2023-11-30,sh.688396,688396.SS,华润微,C39计算机、通信和其他电子设备制造业,30.0000000000,1.3233772409,0.0500000000,0.0500000000,0.0000000000,0.0000000000,HOLD,POSITION_RETAINED
2023-11-30,2023-11-30,sz.000069,000069.SZ,华侨城A,K70房地产业,14.0000000000,1.6257022111,0.0000000000,0.0500000000,0.0500000000,0.0500000000,BUY,RANK_WITHIN_ENTRY_LIMIT
2023-11-30,2023-11-30,sz.000157,000157.SZ,中联重科,C35专用设备制造业,4.0000000000,1.9987117698,0.0500000000,0.0500000000,0.0000000000,0.0000000000,HOLD,POSITION_RETAINED
2023-11-30,2023-11-30,sz.000338,000338.SZ,潍柴动力,C36汽车制造业,12.0000000000,1.6439577237,0.0000000000,0.0500000000,0.0500000000,0.0500000000,BUY,RANK_WITHIN_ENTRY_LIMIT
2023-11-30,2023-11-30,sz.000425,000425.SZ,徐工机械,C35专用设备制造业,9.0000000000,1.7304663740,0.0500000000,0.0500000000,0.0000000000,0.0000000000,HOLD,POSITION_RETAINED
2023-11-30,2023-11-30,sz.000651,000651.SZ,格力电器,C38电气机械和器材制造业,23.0000000000,1.4275772330,0.0500000000,0.0500000000,0.0000000000,0.0000000000,HOLD,POSITION_RETAINED
2023-11-30,2023-11-30,sz.002001,002001.SZ,新和成,C27医药制造业,29.0000000000,1.3252125671,0.0500000000,0.0500000000,0.0000000000,0.0000000000,HOLD,POSITION_RETAINED
2023-11-30,2023-11-30,sz.002252,002252.SZ,上海莱士,C27医药制造业,109.0000000000,0.3011281252,0.0500000000,0.0000000000,-0.0500000000,0.0500000000,SELL,RANK_BELOW_EXIT_LIMIT
2023-11-30,2023-11-30,sz.300919,300919.SZ,中伟股份,C39计算机、通信和其他电子设备制造业,8.0000000000,1.7309391337,0.0000000000,0.0500000000,0.0500000000,0.0500000000,BUY,RANK_WITHIN_ENTRY_LIMIT
2023-12-31,2023-12-29,sh.600019,600019.SS,宝钢股份,C31黑色金属冶炼和压延加工业,21.0000000000,1.2745978627,0.0000000000,0.0500000000,0.0500000000,0.0500000000,BUY,RANK_WITHIN_ENTRY_LIMIT
2023-12-31,2023-12-29,sh.600031,600031.SS,三一重工,C35专用设备制造业,20.0000000000,1.3246313421,0.0000000000,0.0500000000,0.0500000000,0.0500000000,BUY,RANK_WITHIN_ENTRY_LIMIT
2023-12-31,2023-12-29,sh.600061,600061.SS,国投资本,J67资本市场服务,18.0000000000,1.3771177264,0.0000000000,0.0500000000,0.0500000000,0.0500000000,BUY,RANK_WITHIN_ENTRY_LIMIT
2023-12-31,2023-12-29,sh.600089,600089.SS,特变电工,C38电气机械和器材制造业,2.0000000000,2.5331081487,0.0500000000,0.0500000000,0.0000000000,0.0000000000,HOLD,POSITION_RETAINED
2023-12-31,2023-12-29,sh.600104,600104.SS,上汽集团,C36汽车制造业,13.0000000000,1.5529161108,0.0500000000,0.0500000000,0.0000000000,0.0000000000,HOLD,POSITION_RETAINED
2023-12-31,2023-12-29,sh.600196,600196.SS,复星医药,C27医药制造业,35.0000000000,1.0293567590,0.0500000000,0.0500000000,0.0000000000,0.0000000000,HOLD,POSITION_RETAINED
2023-12-31,2023-12-29,sh.600219,600219.SS,南山铝业,C32有色金属冶炼和压延加工业,5.0000000000,2.0638751892,0.0500000000,0.0500000000,0.0000000000,0.0000000000,HOLD,POSITION_RETAINED
2023-12-31,2023-12-29,sh.600332,600332.SS,白云山,C27医药制造业,3.0000000000,2.4861840461,0.0500000000,0.0500000000,0.0000000000,0.0000000000,HOLD,POSITION_RETAINED
2023-12-31,2023-12-29,sh.600362,600362.SS,江西铜业,C32有色金属冶炼和压延加工业,6.0000000000,2.0439409648,0.0500000000,0.0500000000,0.0000000000,0.0000000000,HOLD,POSITION_RETAINED
2023-12-31,2023-12-29,sh.600406,600406.SS,国电南瑞,I65软件和信息技术服务业,11.0000000000,1.7583028485,0.0500000000,0.0500000000,0.0000000000,0.0000000000,HOLD,POSITION_RETAINED
2023-12-31,2023-12-29,sh.600741,600741.SS,华域汽车,C36汽车制造业,16.0000000000,1.5252984774,0.0500000000,0.0500000000,0.0000000000,0.0000000000,HOLD,POSITION_RETAINED
2023-12-31,2023-11-30,sh.600884,600884.SS,杉杉股份,C39计算机、通信和其他电子设备制造业,3.0000000000,2.0792204285,0.0500000000,0.0000000000,-0.0500000000,0.0500000000,SELL,NO_LONGER_ELIGIBLE
2023-12-31,2023-12-29,sh.601211,601211.SS,国泰君安,J67资本市场服务,22.0000000000,1.2744413339,0.0000000000,0.0500000000,0.0500000000,0.0500000000,BUY,RANK_WITHIN_ENTRY_LIMIT
2023-12-31,2023-11-30,sh.601216,601216.SS,君正集团,C26化学原料和化学制品制造业,6.0000000000,1.8845989935,0.0500000000,0.0000000000,-0.0500000000,0.0500000000,SELL,NO_LONGER_ELIGIBLE
2023-12-31,2023-12-29,sh.601766,601766.SS,中国中车,C37铁路、船舶、航空航天和其他运输设备制造业,9.0000000000,1.8805990980,0.0500000000,0.0500000000,0.0000000000,0.0000000000,HOLD,POSITION_RETAINED
2023-12-31,2023-12-29,sh.601877,601877.SS,正泰电器,C38电气机械和器材制造业,4.0000000000,2.1693410282,0.0500000000,0.0500000000,0.0000000000,0.0000000000,HOLD,POSITION_RETAINED
2023-12-31,2023-12-29,sh.688396,688396.SS,华润微,C39计算机、通信和其他电子设备制造业,46.0000000000,0.9527729989,0.0500000000,0.0000000000,-0.0500000000,0.0500000000,SELL,RANK_BELOW_EXIT_LIMIT
2023-12-31,2023-12-29,sz.000069,000069.SZ,华侨城A,K70房地产业,67.0000000000,0.7047752601,0.0500000000,0.0000000000,-0.0500000000,0.0500000000,SELL,RANK_BELOW_EXIT_LIMIT
2023-12-31,2023-12-29,sz.000157,000157.SZ,中联重科,C35专用设备制造业,1.0000000000,3.2033091074,0.0500000000,0.0500000000,0.0000000000,0.0000000000,HOLD,POSITION_RETAINED
2023-12-31,2023-12-29,sz.000338,000338.SZ,潍柴动力,C36汽车制造业,51.0000000000,0.8569371544,0.0500000000,0.0000000000,-0.0500000000,0.0500000000,SELL,RANK_BELOW_EXIT_LIMIT
2023-12-31,2023-12-29,sz.000425,000425.SZ,徐工机械,C35专用设备制造业,10.0000000000,1.8008485865,0.0500000000,0.0500000000,0.0000000000,0.0000000000,HOLD,POSITION_RETAINED
2023-12-31,2023-12-29,sz.000651,000651.SZ,格力电器,C38电气机械和器材制造业,24.0000000000,1.1773604996,0.0500000000,0.0500000000,0.0000000000,0.0000000000,HOLD,POSITION_RETAINED
2023-12-31,2023-12-29,sz.002001,002001.SZ,新和成,C27医药制造业,8.0000000000,1.8915520525,0.0500000000,0.0500000000,0.0000000000,0.0000000000,HOLD,POSITION_RETAINED
2023-12-31,2023-12-29,sz.002916,002916.SZ,深南电路,C39计算机、通信和其他电子设备制造业,15.0000000000,1.5263025979,0.0000000000,0.0500000000,0.0500000000,0.0500000000,BUY,RANK_WITHIN_ENTRY_LIMIT
2023-12-31,2023-12-29,sz.300433,300433.SZ,蓝思科技,C39计算机、通信和其他电子设备制造业,19.0000000000,1.3750795430,0.0000000000,0.0500000000,0.0500000000,0.0500000000,BUY,RANK_WITHIN_ENTRY_LIMIT
2023-12-31,2023-12-29,sz.300919,300919.SZ,中伟股份,C39计算机、通信和其他电子设备制造业,68.0000000000,0.6948605039,0.0500000000,0.0000000000,-0.0500000000,0.0500000000,SELL,RANK_BELOW_EXIT_LIMIT
2024-01-31,2024-01-31,sh.600019,600019.SS,宝钢股份,C31黑色金属冶炼和压延加工业,57.0000000000,0.8412534787,0.0500000000,0.0000000000,-0.0500000000,0.0500000000,SELL,RANK_BELOW_EXIT_LIMIT
2024-01-31,2024-01-31,sh.600031,600031.SS,三一重工,C35专用设备制造业,24.0000000000,1.2878122328,0.0500000000,0.0500000000,0.0000000000,0.0000000000,HOLD,POSITION_RETAINED
2024-01-31,2024-01-31,sh.600061,600061.SS,国投资本,J67资本市场服务,116.0000000000,0.3105808857,0.0500000000,0.0000000000,-0.0500000000,0.0500000000,SELL,RANK_BELOW_EXIT_LIMIT
2024-01-31,2024-01-31,sh.600089,600089.SS,特变电工,C38电气机械和器材制造业,1.0000000000,2.8066406927,0.0500000000,0.0500000000,0.0000000000,0.0000000000,HOLD,POSITION_RETAINED
2024-01-31,2024-01-31,sh.600104,600104.SS,上汽集团,C36汽车制造业,10.0000000000,1.6290411006,0.0500000000,0.0500000000,0.0000000000,0.0000000000,HOLD,POSITION_RETAINED
2024-01-31,2024-01-31,sh.600196,600196.SS,复星医药,C27医药制造业,25.0000000000,1.2813568214,0.0500000000,0.0500000000,0.0000000000,0.0000000000,HOLD,POSITION_RETAINED
2024-01-31,2024-01-31,sh.600219,600219.SS,南山铝业,C32有色金属冶炼和压延加工业,6.0000000000,1.8237305387,0.0500000000,0.0500000000,0.0000000000,0.0000000000,HOLD,POSITION_RETAINED
2024-01-31,2024-01-31,sh.600332,600332.SS,白云山,C27医药制造业,3.0000000000,2.0148162162,0.0500000000,0.0500000000,0.0000000000,0.0000000000,HOLD,POSITION_RETAINED
2024-01-31,2024-01-31,sh.600362,600362.SS,江西铜业,C32有色金属冶炼和压延加工业,15.0000000000,1.4481497515,0.0500000000,0.0500000000,0.0000000000,0.0000000000,HOLD,POSITION_RETAINED
2024-01-31,2024-01-31,sh.600406,600406.SS,国电南瑞,I65软件和信息技术服务业,14.0000000000,1.4558699645,0.0500000000,0.0500000000,0.0000000000,0.0000000000,HOLD,POSITION_RETAINED
2024-01-31,2024-01-31,sh.600690,600690.SS,海尔智家,C38电气机械和器材制造业,18.0000000000,1.4078747180,0.0000000000,0.0500000000,0.0500000000,0.0500000000,BUY,RANK_WITHIN_ENTRY_LIMIT
2024-01-31,2024-01-31,sh.600741,600741.SS,华域汽车,C36汽车制造业,7.0000000000,1.7934778799,0.0500000000,0.0500000000,0.0000000000,0.0000000000,HOLD,POSITION_RETAINED
2024-01-31,2024-01-31,sh.601211,601211.SS,国泰君安,J67资本市场服务,16.0000000000,1.4340145518,0.0500000000,0.0500000000,0.0000000000,0.0000000000,HOLD,POSITION_RETAINED
2024-01-31,2024-01-31,sh.601360,601360.SS,三六零,I64互联网和相关服务,12.0000000000,1.4881673286,0.0000000000,0.0500000000,0.0500000000,0.0500000000,BUY,RANK_WITHIN_ENTRY_LIMIT
2024-01-31,2024-01-31,sh.601766,601766.SS,中国中车,C37铁路、船舶、航空航天和其他运输设备制造业,13.0000000000,1.4607643756,0.0500000000,0.0500000000,0.0000000000,0.0000000000,HOLD,POSITION_RETAINED
2024-01-31,2024-01-31,sh.601877,601877.SS,正泰电器,C38电气机械和器材制造业,2.0000000000,2.2850392165,0.0500000000,0.0500000000,0.0000000000,0.0000000000,HOLD,POSITION_RETAINED
2024-01-31,2024-01-31,sz.000157,000157.SZ,中联重科,C35专用设备制造业,8.0000000000,1.7743639979,0.0500000000,0.0500000000,0.0000000000,0.0000000000,HOLD,POSITION_RETAINED
2024-01-31,2024-01-31,sz.000425,000425.SZ,徐工机械,C35专用设备制造业,5.0000000000,1.8599902303,0.0500000000,0.0500000000,0.0000000000,0.0000000000,HOLD,POSITION_RETAINED
2024-01-31,2024-01-31,sz.000651,000651.SZ,格力电器,C38电气机械和器材制造业,51.0000000000,0.8932495786,0.0500000000,0.0000000000,-0.0500000000,0.0500000000,SELL,RANK_BELOW_EXIT_LIMIT
2024-01-31,2024-01-31,sz.002001,002001.SZ,新和成,C27医药制造业,36.0000000000,1.1601606670,0.0500000000,0.0500000000,0.0000000000,0.0000000000,HOLD,POSITION_RETAINED
2024-01-31,2024-01-31,sz.002916,002916.SZ,深南电路,C39计算机、通信和其他电子设备制造业,17.0000000000,1.4338344568,0.0500000000,0.0500000000,0.0000000000,0.0000000000,HOLD,POSITION_RETAINED
2024-01-31,2024-01-31,sz.002938,002938.SZ,鹏鼎控股,C39计算机、通信和其他电子设备制造业,4.0000000000,1.9053705968,0.0000000000,0.0500000000,0.0500000000,0.0500000000,BUY,RANK_WITHIN_ENTRY_LIMIT
2024-01-31,2024-01-31,sz.300433,300433.SZ,蓝思科技,C39计算机、通信和其他电子设备制造业,9.0000000000,1.7141682353,0.0500000000,0.0500000000,0.0000000000,0.0000000000,HOLD,POSITION_RETAINED
2024-02-29,2024-02-29,sh.600031,600031.SS,三一重工,C35专用设备制造业,27.0000000000,1.2854455877,0.0500000000,0.0500000000,0.0000000000,0.0000000000,HOLD,POSITION_RETAINED
2024-02-29,2024-02-29,sh.600089,600089.SS,特变电工,C38电气机械和器材制造业,2.0000000000,2.3645509091,0.0500000000,0.0500000000,0.0000000000,0.0000000000,HOLD,POSITION_RETAINED
2024-02-29,2024-02-29,sh.600104,600104.SS,上汽集团,C36汽车制造业,9.0000000000,1.9792393250,0.0500000000,0.0500000000,0.0000000000,0.0000000000,HOLD,POSITION_RETAINED
2024-02-29,2024-02-29,sh.600196,600196.SS,复星医药,C27医药制造业,81.0000000000,0.5948682368,0.0500000000,0.0000000000,-0.0500000000,0.0500000000,SELL,RANK_BELOW_EXIT_LIMIT
2024-02-29,2024-02-29,sh.600219,600219.SS,南山铝业,C32有色金属冶炼和压延加工业,6.0000000000,2.0668579908,0.0500000000,0.0500000000,0.0000000000,0.0000000000,HOLD,POSITION_RETAINED
2024-02-29,2024-02-29,sh.600332,600332.SS,白云山,C27医药制造业,4.0000000000,2.1474919524,0.0500000000,0.0500000000,0.0000000000,0.0000000000,HOLD,POSITION_RETAINED
2024-02-29,2024-02-29,sh.600362,600362.SS,江西铜业,C32有色金属冶炼和压延加工业,10.0000000000,1.9016148256,0.0500000000,0.0500000000,0.0000000000,0.0000000000,HOLD,POSITION_RETAINED
2024-02-29,2024-02-29,sh.600406,600406.SS,国电南瑞,I65软件和信息技术服务业,1.0000000000,2.4165832636,0.0500000000,0.0500000000,0.0000000000,0.0000000000,HOLD,POSITION_RETAINED
2024-02-29,2024-02-29,sh.600585,600585.SS,海螺水泥,C30非金属矿物制品业,14.0000000000,1.5712366606,0.0000000000,0.0500000000,0.0500000000,0.0500000000,BUY,RANK_WITHIN_ENTRY_LIMIT
2024-02-29,2024-02-29,sh.600690,600690.SS,海尔智家,C38电气机械和器材制造业,22.0000000000,1.3291823911,0.0500000000,0.0500000000,0.0000000000,0.0000000000,HOLD,POSITION_RETAINED
2024-02-29,2024-02-29,sh.600741,600741.SS,华域汽车,C36汽车制造业,5.0000000000,2.1474377485,0.0500000000,0.0500000000,0.0000000000,0.0000000000,HOLD,POSITION_RETAINED
2024-02-29,2024-02-29,sh.600875,600875.SS,东方电气,C34通用设备制造业,18.0000000000,1.4224468696,0.0000000000,0.0500000000,0.0500000000,0.0500000000,BUY,RANK_WITHIN_ENTRY_LIMIT
2024-02-29,2024-02-29,sh.601211,601211.SS,国泰君安,J67资本市场服务,21.0000000000,1.3722957861,0.0500000000,0.0500000000,0.0000000000,0.0000000000,HOLD,POSITION_RETAINED
2024-02-29,2024-02-29,sh.601360,601360.SS,三六零,I64互联网和相关服务,249.0000000000,-0.8367744532,0.0500000000,0.0000000000,-0.0500000000,0.0500000000,SELL,RANK_BELOW_EXIT_LIMIT
2024-02-29,2024-02-29,sh.601766,601766.SS,中国中车,C37铁路、船舶、航空航天和其他运输设备制造业,24.0000000000,1.3219079754,0.0500000000,0.0500000000,0.0000000000,0.0000000000,HOLD,POSITION_RETAINED
2024-02-29,2024-02-29,sh.601877,601877.SS,正泰电器,C38电气机械和器材制造业,23.0000000000,1.3238050862,0.0500000000,0.0500000000,0.0000000000,0.0000000000,HOLD,POSITION_RETAINED
2024-02-29,2024-02-29,sz.000157,000157.SZ,中联重科,C35专用设备制造业,3.0000000000,2.2004123092,0.0500000000,0.0500000000,0.0000000000,0.0000000000,HOLD,POSITION_RETAINED
2024-02-29,2024-02-29,sz.000425,000425.SZ,徐工机械,C35专用设备制造业,8.0000000000,2.0411767611,0.0500000000,0.0500000000,0.0000000000,0.0000000000,HOLD,POSITION_RETAINED
2024-02-29,2024-02-29,sz.002001,002001.SZ,新和成,C27医药制造业,43.0000000000,1.0359538070,0.0500000000,0.0000000000,-0.0500000000,0.0500000000,SELL,RANK_BELOW_EXIT_LIMIT
2024-02-29,2024-02-29,sz.002202,002202.SZ,金风科技,C34通用设备制造业,15.0000000000,1.5523339807,0.0000000000,0.0500000000,0.0500000000,0.0500000000,BUY,RANK_WITHIN_ENTRY_LIMIT
2024-02-29,2024-02-29,sz.002916,002916.SZ,深南电路,C39计算机、通信和其他电子设备制造业,243.0000000000,-0.7621397490,0.0500000000,0.0000000000,-0.0500000000,0.0500000000,SELL,RANK_BELOW_EXIT_LIMIT
2024-02-29,2024-02-29,sz.002938,002938.SZ,鹏鼎控股,C39计算机、通信和其他电子设备制造业,12.0000000000,1.8210184156,0.0500000000,0.0500000000,0.0000000000,0.0000000000,HOLD,POSITION_RETAINED
2024-02-29,2024-02-29,sz.300433,300433.SZ,蓝思科技,C39计算机、通信和其他电子设备制造业,13.0000000000,1.7871285861,0.0500000000,0.0500000000,0.0000000000,0.0000000000,HOLD,POSITION_RETAINED
2024-02-29,2024-02-29,sz.300919,300919.SZ,中伟股份,C39计算机、通信和其他电子设备制造业,7.0000000000,2.0568690808,0.0000000000,0.0500000000,0.0500000000,0.0500000000,BUY,RANK_WITHIN_ENTRY_LIMIT
2024-03-31,2024-03-29,sh.600019,600019.SS,宝钢股份,C31黑色金属冶炼和压延加工业,18.0000000000,1.5432201745,0.0000000000,0.0500000000,0.0500000000,0.0500000000,BUY,RANK_WITHIN_ENTRY_LIMIT
2024-03-31,2024-03-29,sh.600031,600031.SS,三一重工,C35专用设备制造业,93.0000000000,0.4768248554,0.0500000000,0.0000000000,-0.0500000000,0.0500000000,SELL,RANK_BELOW_EXIT_LIMIT
2024-03-31,2024-03-29,sh.600089,600089.SS,特变电工,C38电气机械和器材制造业,14.0000000000,1.6188686176,0.0500000000,0.0500000000,0.0000000000,0.0000000000,HOLD,POSITION_RETAINED
2024-03-31,2024-03-29,sh.600104,600104.SS,上汽集团,C36汽车制造业,8.0000000000,1.9970519519,0.0500000000,0.0500000000,0.0000000000,0.0000000000,HOLD,POSITION_RETAINED
2024-03-31,2024-03-29,sh.600219,600219.SS,南山铝业,C32有色金属冶炼和压延加工业,4.0000000000,2.2930494984,0.0500000000,0.0500000000,0.0000000000,0.0000000000,HOLD,POSITION_RETAINED
2024-03-31,2024-03-29,sh.600332,600332.SS,白云山,C27医药制造业,17.0000000000,1.5490984435,0.0500000000,0.0500000000,0.0000000000,0.0000000000,HOLD,POSITION_RETAINED
2024-03-31,2024-03-29,sh.600362,600362.SS,江西铜业,C32有色金属冶炼和压延加工业,142.0000000000,0.0346315599,0.0500000000,0.0000000000,-0.0500000000,0.0500000000,SELL,RANK_BELOW_EXIT_LIMIT
2024-03-31,2024-03-29,sh.600406,600406.SS,国电南瑞,I65软件和信息技术服务业,3.0000000000,2.2940957334,0.0500000000,0.0500000000,0.0000000000,0.0000000000,HOLD,POSITION_RETAINED
2024-03-31,2024-03-29,sh.600585,600585.SS,海螺水泥,C30非金属矿物制品业,6.0000000000,2.1624328018,0.0500000000,0.0500000000,0.0000000000,0.0000000000,HOLD,POSITION_RETAINED
2024-03-31,2024-03-29,sh.600690,600690.SS,海尔智家,C38电气机械和器材制造业,56.0000000000,0.8550712691,0.0500000000,0.0000000000,-0.0500000000,0.0500000000,SELL,RANK_BELOW_EXIT_LIMIT
2024-03-31,2024-03-29,sh.600741,600741.SS,华域汽车,C36汽车制造业,2.0000000000,2.3220252100,0.0500000000,0.0500000000,0.0000000000,0.0000000000,HOLD,POSITION_RETAINED
2024-03-31,2024-03-29,sh.600845,600845.SS,宝信软件,I65软件和信息技术服务业,12.0000000000,1.6942251056,0.0000000000,0.0500000000,0.0500000000,0.0500000000,BUY,RANK_WITHIN_ENTRY_LIMIT
2024-03-31,2024-03-29,sh.600875,600875.SS,东方电气,C34通用设备制造业,28.0000000000,1.2379829461,0.0500000000,0.0500000000,0.0000000000,0.0000000000,HOLD,POSITION_RETAINED
2024-03-31,2024-03-29,sh.601211,601211.SS,国泰君安,J67资本市场服务,19.0000000000,1.4680710563,0.0500000000,0.0500000000,0.0000000000,0.0000000000,HOLD,POSITION_RETAINED
2024-03-31,2024-03-29,sh.601766,601766.SS,中国中车,C37铁路、船舶、航空航天和其他运输设备制造业,16.0000000000,1.5926965586,0.0500000000,0.0500000000,0.0000000000,0.0000000000,HOLD,POSITION_RETAINED
2024-03-31,2024-03-29,sh.601877,601877.SS,正泰电器,C38电气机械和器材制造业,5.0000000000,2.2464378573,0.0500000000,0.0500000000,0.0000000000,0.0000000000,HOLD,POSITION_RETAINED
2024-03-31,2024-03-29,sh.688303,688303.SS,大全能源,C38电气机械和器材制造业,7.0000000000,2.1485158421,0.0000000000,0.0500000000,0.0500000000,0.0500000000,BUY,RANK_WITHIN_ENTRY_LIMIT
2024-03-31,2024-03-29,sh.688396,688396.SS,华润微,C39计算机、通信和其他电子设备制造业,9.0000000000,1.8245759138,0.0000000000,0.0500000000,0.0500000000,0.0500000000,BUY,RANK_WITHIN_ENTRY_LIMIT
2024-03-31,2024-03-29,sz.000157,000157.SZ,中联重科,C35专用设备制造业,11.0000000000,1.7199427914,0.0500000000,0.0500000000,0.0000000000,0.0000000000,HOLD,POSITION_RETAINED
2024-03-31,2024-03-29,sz.000425,000425.SZ,徐工机械,C35专用设备制造业,104.0000000000,0.4010228864,0.0500000000,0.0000000000,-0.0500000000,0.0500000000,SELL,RANK_BELOW_EXIT_LIMIT
2024-03-31,2024-03-29,sz.002001,002001.SZ,新和成,C27医药制造业,15.0000000000,1.6088332020,0.0000000000,0.0500000000,0.0500000000,0.0500000000,BUY,RANK_WITHIN_ENTRY_LIMIT
2024-03-31,2024-03-29,sz.002202,002202.SZ,金风科技,C34通用设备制造业,119.0000000000,0.2699992382,0.0500000000,0.0000000000,-0.0500000000,0.0500000000,SELL,RANK_BELOW_EXIT_LIMIT
2024-03-31,2024-03-29,sz.002304,002304.SZ,洋河股份,C15酒、饮料和精制茶制造业,21.0000000000,1.4080523224,0.0000000000,0.0500000000,0.0500000000,0.0500000000,BUY,RANK_WITHIN_ENTRY_LIMIT
2024-03-31,2024-03-29,sz.002841,002841.SZ,视源股份,C39计算机、通信和其他电子设备制造业,1.0000000000,2.4398384987,0.0000000000,0.0500000000,0.0500000000,0.0500000000,BUY,RANK_WITHIN_ENTRY_LIMIT
2024-03-31,2024-03-29,sz.002938,002938.SZ,鹏鼎控股,C39计算机、通信和其他电子设备制造业,43.0000000000,1.0107782875,0.0500000000,0.0000000000,-0.0500000000,0.0500000000,SELL,RANK_BELOW_EXIT_LIMIT
2024-03-31,2024-03-29,sz.300433,300433.SZ,蓝思科技,C39计算机、通信和其他电子设备制造业,20.0000000000,1.4111250328,0.0500000000,0.0500000000,0.0000000000,0.0000000000,HOLD,POSITION_RETAINED
2024-03-31,2024-03-29,sz.300919,300919.SZ,中伟股份,C39计算机、通信和其他电子设备制造业,74.0000000000,0.6216179919,0.0500000000,0.0000000000,-0.0500000000,0.0500000000,SELL,RANK_BELOW_EXIT_LIMIT
2024-04-30,2024-04-30,sh.600015,600015.SS,华夏银行,J66货币金融服务,18.0000000000,1.5617809877,0.0000000000,0.0500000000,0.0500000000,0.0500000000,BUY,RANK_WITHIN_ENTRY_LIMIT
2024-04-30,2024-04-30,sh.600019,600019.SS,宝钢股份,C31黑色金属冶炼和压延加工业,30.0000000000,1.1681709406,0.0500000000,0.0500000000,0.0000000000,0.0000000000,HOLD,POSITION_RETAINED
2024-04-30,2024-04-30,sh.600089,600089.SS,特变电工,C38电气机械和器材制造业,12.0000000000,1.7129648778,0.0500000000,0.0500000000,0.0000000000,0.0000000000,HOLD,POSITION_RETAINED
2024-04-30,2024-04-30,sh.600104,600104.SS,上汽集团,C36汽车制造业,3.0000000000,2.1942673750,0.0500000000,0.0500000000,0.0000000000,0.0000000000,HOLD,POSITION_RETAINED
2024-04-30,2024-04-30,sh.600219,600219.SS,南山铝业,C32有色金属冶炼和压延加工业,5.0000000000,2.0427112100,0.0500000000,0.0500000000,0.0000000000,0.0000000000,HOLD,POSITION_RETAINED
2024-04-30,2024-04-30,sh.600332,600332.SS,白云山,C27医药制造业,7.0000000000,1.8903509161,0.0500000000,0.0500000000,0.0000000000,0.0000000000,HOLD,POSITION_RETAINED
2024-04-30,2024-04-30,sh.600406,600406.SS,国电南瑞,I65软件和信息技术服务业,1.0000000000,2.8268192826,0.0500000000,0.0500000000,0.0000000000,0.0000000000,HOLD,POSITION_RETAINED
2024-04-30,2024-04-30,sh.600585,600585.SS,海螺水泥,C30非金属矿物制品业,13.0000000000,1.6771109215,0.0500000000,0.0500000000,0.0000000000,0.0000000000,HOLD,POSITION_RETAINED
2024-04-30,2024-04-30,sh.600741,600741.SS,华域汽车,C36汽车制造业,4.0000000000,2.0533638001,0.0500000000,0.0500000000,0.0000000000,0.0000000000,HOLD,POSITION_RETAINED
2024-04-30,2024-04-30,sh.600845,600845.SS,宝信软件,I65软件和信息技术服务业,82.0000000000,0.5508671761,0.0500000000,0.0000000000,-0.0500000000,0.0500000000,SELL,RANK_BELOW_EXIT_LIMIT
2024-04-30,2024-04-30,sh.600875,600875.SS,东方电气,C34通用设备制造业,15.0000000000,1.6447443577,0.0500000000,0.0500000000,0.0000000000,0.0000000000,HOLD,POSITION_RETAINED
2024-04-30,2024-04-30,sh.601211,601211.SS,国泰君安,J67资本市场服务,17.0000000000,1.5829473923,0.0500000000,0.0500000000,0.0000000000,0.0000000000,HOLD,POSITION_RETAINED
2024-04-30,2024-04-30,sh.601766,601766.SS,中国中车,C37铁路、船舶、航空航天和其他运输设备制造业,144.0000000000,0.0466963546,0.0500000000,0.0000000000,-0.0500000000,0.0500000000,SELL,RANK_BELOW_EXIT_LIMIT
2024-04-30,2024-04-30,sh.601877,601877.SS,正泰电器,C38电气机械和器材制造业,21.0000000000,1.4181334313,0.0500000000,0.0500000000,0.0000000000,0.0000000000,HOLD,POSITION_RETAINED
2024-04-30,2024-04-30,sh.688303,688303.SS,大全能源,C38电气机械和器材制造业,6.0000000000,1.9078070445,0.0500000000,0.0500000000,0.0000000000,0.0000000000,HOLD,POSITION_RETAINED
2024-04-30,2024-04-30,sh.688396,688396.SS,华润微,C39计算机、通信和其他电子设备制造业,14.0000000000,1.6709550055,0.0500000000,0.0500000000,0.0000000000,0.0000000000,HOLD,POSITION_RETAINED
2024-04-30,2024-04-30,sz.000069,000069.SZ,华侨城A,K70房地产业,20.0000000000,1.4631522662,0.0000000000,0.0500000000,0.0500000000,0.0500000000,BUY,RANK_WITHIN_ENTRY_LIMIT
2024-04-30,2024-04-30,sz.000157,000157.SZ,中联重科,C35专用设备制造业,2.0000000000,2.5496280789,0.0500000000,0.0500000000,0.0000000000,0.0000000000,HOLD,POSITION_RETAINED
2024-04-30,2024-04-30,sz.000776,000776.SZ,广发证券,J67资本市场服务,22.0000000000,1.4175515555,0.0000000000,0.0500000000,0.0500000000,0.0500000000,BUY,RANK_WITHIN_ENTRY_LIMIT
2024-04-30,2024-04-30,sz.002001,002001.SZ,新和成,C27医药制造业,46.0000000000,0.9810991407,0.0500000000,0.0000000000,-0.0500000000,0.0500000000,SELL,RANK_BELOW_EXIT_LIMIT
2024-04-30,2024-04-30,sz.002252,002252.SZ,上海莱士,C27医药制造业,10.0000000000,1.7442272372,0.0000000000,0.0500000000,0.0500000000,0.0500000000,BUY,RANK_WITHIN_ENTRY_LIMIT
2024-04-30,2024-04-30,sz.002304,002304.SZ,洋河股份,C15酒、饮料和精制茶制造业,56.0000000000,0.8576974544,0.0500000000,0.0000000000,-0.0500000000,0.0500000000,SELL,RANK_BELOW_EXIT_LIMIT
2024-04-30,2024-04-30,sz.002841,002841.SZ,视源股份,C39计算机、通信和其他电子设备制造业,9.0000000000,1.7676585362,0.0500000000,0.0500000000,0.0000000000,0.0000000000,HOLD,POSITION_RETAINED
2024-04-30,2024-04-30,sz.300433,300433.SZ,蓝思科技,C39计算机、通信和其他电子设备制造业,8.0000000000,1.8574163647,0.0500000000,0.0500000000,0.0000000000,0.0000000000,HOLD,POSITION_RETAINED
2024-05-31,2024-05-31,sh.600015,600015.SS,华夏银行,J66货币金融服务,23.0000000000,1.3400162506,0.0500000000,0.0500000000,0.0000000000,0.0000000000,HOLD,POSITION_RETAINED
2024-05-31,2024-05-31,sh.600019,600019.SS,宝钢股份,C31黑色金属冶炼和压延加工业,59.0000000000,0.8211409992,0.0500000000,0.0000000000,-0.0500000000,0.0500000000,SELL,RANK_BELOW_EXIT_LIMIT
2024-05-31,2024-05-31,sh.600050,600050.SS,中国联通,I63电信、广播电视和卫星传输服务,22.0000000000,1.3817380244,0.0000000000,0.0500000000,0.0500000000,0.0500000000,BUY,RANK_WITHIN_ENTRY_LIMIT
2024-05-31,2024-05-31,sh.600089,600089.SS,特变电工,C38电气机械和器材制造业,8.0000000000,1.9015643775,0.0500000000,0.0500000000,0.0000000000,0.0000000000,HOLD,POSITION_RETAINED
2024-05-31,2024-05-31,sh.600104,600104.SS,上汽集团,C36汽车制造业,6.0000000000,2.0435754806,0.0500000000,0.0500000000,0.0000000000,0.0000000000,HOLD,POSITION_RETAINED
2024-05-31,2024-05-31,sh.600219,600219.SS,南山铝业,C32有色金属冶炼和压延加工业,19.0000000000,1.5915981934,0.0500000000,0.0500000000,0.0000000000,0.0000000000,HOLD,POSITION_RETAINED
2024-05-31,2024-05-31,sh.600332,600332.SS,白云山,C27医药制造业,10.0000000000,1.8907959187,0.0500000000,0.0500000000,0.0000000000,0.0000000000,HOLD,POSITION_RETAINED
2024-05-31,2024-05-31,sh.600406,600406.SS,国电南瑞,I65软件和信息技术服务业,17.0000000000,1.7207580934,0.0500000000,0.0500000000,0.0000000000,0.0000000000,HOLD,POSITION_RETAINED
2024-05-31,2024-05-31,sh.600515,600515.SS,海南机场,K70房地产业,20.0000000000,1.5729570888,0.0000000000,0.0500000000,0.0500000000,0.0500000000,BUY,RANK_WITHIN_ENTRY_LIMIT
2024-05-31,2024-05-31,sh.600585,600585.SS,海螺水泥,C30非金属矿物制品业,49.0000000000,0.9206299025,0.0500000000,0.0000000000,-0.0500000000,0.0500000000,SELL,RANK_BELOW_EXIT_LIMIT
2024-05-31,2024-05-31,sh.600741,600741.SS,华域汽车,C36汽车制造业,7.0000000000,2.0205396064,0.0500000000,0.0500000000,0.0000000000,0.0000000000,HOLD,POSITION_RETAINED
2024-05-31,2024-05-31,sh.600845,600845.SS,宝信软件,I65软件和信息技术服务业,14.0000000000,1.7935354205,0.0000000000,0.0500000000,0.0500000000,0.0500000000,BUY,RANK_WITHIN_ENTRY_LIMIT
2024-05-31,2024-05-31,sh.600875,600875.SS,东方电气,C34通用设备制造业,86.0000000000,0.5245327750,0.0500000000,0.0000000000,-0.0500000000,0.0500000000,SELL,RANK_BELOW_EXIT_LIMIT
2024-05-31,2024-05-31,sh.601211,601211.SS,国泰君安,J67资本市场服务,77.0000000000,0.6459830882,0.0500000000,0.0000000000,-0.0500000000,0.0500000000,SELL,RANK_BELOW_EXIT_LIMIT
2024-05-31,2024-05-31,sh.601877,601877.SS,正泰电器,C38电气机械和器材制造业,1.0000000000,2.5829652303,0.0500000000,0.0500000000,0.0000000000,0.0000000000,HOLD,POSITION_RETAINED
2024-05-31,2024-05-31,sh.688303,688303.SS,大全能源,C38电气机械和器材制造业,57.0000000000,0.8464320069,0.0500000000,0.0000000000,-0.0500000000,0.0500000000,SELL,RANK_BELOW_EXIT_LIMIT
2024-05-31,2024-05-31,sh.688396,688396.SS,华润微,C39计算机、通信和其他电子设备制造业,104.0000000000,0.3837856232,0.0500000000,0.0000000000,-0.0500000000,0.0500000000,SELL,RANK_BELOW_EXIT_LIMIT
2024-05-31,2024-05-31,sh.688561,688561.SS,奇安信,I65软件和信息技术服务业,11.0000000000,1.8336969879,0.0000000000,0.0500000000,0.0500000000,0.0500000000,BUY,RANK_WITHIN_ENTRY_LIMIT
2024-05-31,2024-05-31,sz.000069,000069.SZ,华侨城A,K70房地产业,16.0000000000,1.7323180649,0.0500000000,0.0500000000,0.0000000000,0.0000000000,HOLD,POSITION_RETAINED
2024-05-31,2024-05-31,sz.000157,000157.SZ,中联重科,C35专用设备制造业,9.0000000000,1.8935847636,0.0500000000,0.0500000000,0.0000000000,0.0000000000,HOLD,POSITION_RETAINED
2024-05-31,2024-05-31,sz.000651,000651.SZ,格力电器,C38电气机械和器材制造业,2.0000000000,2.4134782019,0.0000000000,0.0500000000,0.0500000000,0.0500000000,BUY,RANK_WITHIN_ENTRY_LIMIT
2024-05-31,2024-05-31,sz.000776,000776.SZ,广发证券,J67资本市场服务,27.0000000000,1.2551725266,0.0500000000,0.0500000000,0.0000000000,0.0000000000,HOLD,POSITION_RETAINED
2024-05-31,2024-05-31,sz.002236,002236.SZ,大华股份,C39计算机、通信和其他电子设备制造业,3.0000000000,2.2354095454,0.0000000000,0.0500000000,0.0500000000,0.0500000000,BUY,RANK_WITHIN_ENTRY_LIMIT
2024-05-31,2024-05-31,sz.002252,002252.SZ,上海莱士,C27医药制造业,25.0000000000,1.2666384754,0.0500000000,0.0500000000,0.0000000000,0.0000000000,HOLD,POSITION_RETAINED
2024-05-31,2024-05-31,sz.002841,002841.SZ,视源股份,C39计算机、通信和其他电子设备制造业,15.0000000000,1.7567382348,0.0500000000,0.0500000000,0.0000000000,0.0000000000,HOLD,POSITION_RETAINED
2024-05-31,2024-05-31,sz.300433,300433.SZ,蓝思科技,C39计算机、通信和其他电子设备制造业,18.0000000000,1.7048821752,0.0500000000,0.0500000000,0.0000000000,0.0000000000,HOLD,POSITION_RETAINED
2024-06-30,2024-06-28,sh.600015,600015.SS,华夏银行,J66货币金融服务,24.0000000000,1.3267107800,0.0500000000,0.0500000000,0.0000000000,0.0000000000,HOLD,POSITION_RETAINED
2024-06-30,2024-06-28,sh.600018,600018.SS,上港集团,G55水上运输业,18.0000000000,1.5261209705,0.0000000000,0.0500000000,0.0500000000,0.0500000000,BUY,RANK_WITHIN_ENTRY_LIMIT
2024-06-30,2024-06-28,sh.600050,600050.SS,中国联通,I63电信、广播电视和卫星传输服务,63.0000000000,0.8111047665,0.0500000000,0.0000000000,-0.0500000000,0.0500000000,SELL,RANK_BELOW_EXIT_LIMIT
2024-06-30,2024-06-28,sh.600089,600089.SS,特变电工,C38电气机械和器材制造业,12.0000000000,1.9290891006,0.0500000000,0.0500000000,0.0000000000,0.0000000000,HOLD,POSITION_RETAINED
2024-06-30,2024-06-28,sh.600104,600104.SS,上汽集团,C36汽车制造业,7.0000000000,2.0181100192,0.0500000000,0.0500000000,0.0000000000,0.0000000000,HOLD,POSITION_RETAINED
2024-06-30,2024-06-28,sh.600219,600219.SS,南山铝业,C32有色金属冶炼和压延加工业,10.0000000000,1.9330182182,0.0500000000,0.0500000000,0.0000000000,0.0000000000,HOLD,POSITION_RETAINED
2024-06-30,2024-06-28,sh.600332,600332.SS,白云山,C27医药制造业,1.0000000000,2.3350693160,0.0500000000,0.0500000000,0.0000000000,0.0000000000,HOLD,POSITION_RETAINED
2024-06-30,2024-06-28,sh.600362,600362.SS,江西铜业,C32有色金属冶炼和压延加工业,16.0000000000,1.6016271883,0.0000000000,0.0500000000,0.0500000000,0.0500000000,BUY,RANK_WITHIN_ENTRY_LIMIT
2024-06-30,2024-06-28,sh.600406,600406.SS,国电南瑞,I65软件和信息技术服务业,14.0000000000,1.7055504431,0.0500000000,0.0500000000,0.0000000000,0.0000000000,HOLD,POSITION_RETAINED
2024-06-30,2024-06-28,sh.600426,600426.SS,华鲁恒升,C26化学原料和化学制品制造业,25.0000000000,1.2787176441,0.0000000000,0.0500000000,0.0500000000,0.0500000000,BUY,RANK_WITHIN_ENTRY_LIMIT
2024-06-30,2024-06-28,sh.600515,600515.SS,海南机场,K70房地产业,70.0000000000,0.7573393502,0.0500000000,0.0000000000,-0.0500000000,0.0500000000,SELL,RANK_BELOW_EXIT_LIMIT
2024-06-30,2024-06-28,sh.600741,600741.SS,华域汽车,C36汽车制造业,15.0000000000,1.6676590073,0.0500000000,0.0500000000,0.0000000000,0.0000000000,HOLD,POSITION_RETAINED
2024-06-30,2024-06-28,sh.600845,600845.SS,宝信软件,I65软件和信息技术服务业,4.0000000000,2.2591396146,0.0500000000,0.0500000000,0.0000000000,0.0000000000,HOLD,POSITION_RETAINED
2024-06-30,2024-06-28,sh.601360,601360.SS,三六零,I64互联网和相关服务,19.0000000000,1.4712222208,0.0000000000,0.0500000000,0.0500000000,0.0500000000,BUY,RANK_WITHIN_ENTRY_LIMIT
2024-06-30,2024-06-28,sh.601877,601877.SS,正泰电器,C38电气机械和器材制造业,5.0000000000,2.2394051348,0.0500000000,0.0500000000,0.0000000000,0.0000000000,HOLD,POSITION_RETAINED
2024-06-30,2024-05-31,sh.688561,688561.SS,奇安信,I65软件和信息技术服务业,11.0000000000,1.8336969879,0.0500000000,0.0000000000,-0.0500000000,0.0500000000,SELL,NO_LONGER_ELIGIBLE
2024-06-30,2024-05-31,sz.000069,000069.SZ,华侨城A,K70房地产业,16.0000000000,1.7323180649,0.0500000000,0.0000000000,-0.0500000000,0.0500000000,SELL,NO_LONGER_ELIGIBLE
2024-06-30,2024-06-28,sz.000157,000157.SZ,中联重科,C35专用设备制造业,2.0000000000,2.3089018668,0.0500000000,0.0500000000,0.0000000000,0.0000000000,HOLD,POSITION_RETAINED
2024-06-30,2024-06-28,sz.000651,000651.SZ,格力电器,C38电气机械和器材制造业,6.0000000000,2.2021749460,0.0500000000,0.0500000000,0.0000000000,0.0000000000,HOLD,POSITION_RETAINED
2024-06-30,2024-06-28,sz.000776,000776.SZ,广发证券,J67资本市场服务,27.0000000000,1.2284567559,0.0500000000,0.0500000000,0.0000000000,0.0000000000,HOLD,POSITION_RETAINED
2024-06-30,2024-06-28,sz.002236,002236.SZ,大华股份,C39计算机、通信和其他电子设备制造业,3.0000000000,2.3025154539,0.0500000000,0.0500000000,0.0000000000,0.0000000000,HOLD,POSITION_RETAINED
2024-06-30,2024-06-28,sz.002252,002252.SZ,上海莱士,C27医药制造业,56.0000000000,0.8715954800,0.0500000000,0.0000000000,-0.0500000000,0.0500000000,SELL,RANK_BELOW_EXIT_LIMIT
2024-06-30,2024-06-28,sz.002841,002841.SZ,视源股份,C39计算机、通信和其他电子设备制造业,20.0000000000,1.4368591553,0.0500000000,0.0500000000,0.0000000000,0.0000000000,HOLD,POSITION_RETAINED
2024-06-30,2024-06-28,sz.300413,300413.SZ,芒果超媒,I64互联网和相关服务,17.0000000000,1.5745148361,0.0000000000,0.0500000000,0.0500000000,0.0500000000,BUY,RANK_WITHIN_ENTRY_LIMIT
2024-06-30,2024-06-28,sz.300433,300433.SZ,蓝思科技,C39计算机、通信和其他电子设备制造业,44.0000000000,1.0131213587,0.0500000000,0.0000000000,-0.0500000000,0.0500000000,SELL,RANK_BELOW_EXIT_LIMIT
2024-06-30,2024-06-28,sz.300919,300919.SZ,中伟股份,C39计算机、通信和其他电子设备制造业,8.0000000000,1.9827255064,0.0000000000,0.0500000000,0.0500000000,0.0500000000,BUY,RANK_WITHIN_ENTRY_LIMIT
2024-07-31,2024-07-31,sh.600015,600015.SS,华夏银行,J66货币金融服务,44.0000000000,1.0215068340,0.0500000000,0.0000000000,-0.0500000000,0.0500000000,SELL,RANK_BELOW_EXIT_LIMIT
2024-07-31,2024-07-31,sh.600018,600018.SS,上港集团,G55水上运输业,25.0000000000,1.2940229738,0.0500000000,0.0500000000,0.0000000000,0.0000000000,HOLD,POSITION_RETAINED
2024-07-31,2024-07-31,sh.600050,600050.SS,中国联通,I63电信、广播电视和卫星传输服务,15.0000000000,1.6014737179,0.0000000000,0.0500000000,0.0500000000,0.0500000000,BUY,RANK_WITHIN_ENTRY_LIMIT
2024-07-31,2024-07-31,sh.600089,600089.SS,特变电工,C38电气机械和器材制造业,10.0000000000,1.8829817585,0.0500000000,0.0500000000,0.0000000000,0.0000000000,HOLD,POSITION_RETAINED
2024-07-31,2024-07-31,sh.600104,600104.SS,上汽集团,C36汽车制造业,3.0000000000,2.1003474959,0.0500000000,0.0500000000,0.0000000000,0.0000000000,HOLD,POSITION_RETAINED
2024-07-31,2024-07-31,sh.600219,600219.SS,南山铝业,C32有色金属冶炼和压延加工业,7.0000000000,1.9914064627,0.0500000000,0.0500000000,0.0000000000,0.0000000000,HOLD,POSITION_RETAINED
2024-07-31,2024-07-31,sh.600332,600332.SS,白云山,C27医药制造业,13.0000000000,1.7746383129,0.0500000000,0.0500000000,0.0000000000,0.0000000000,HOLD,POSITION_RETAINED
2024-07-31,2024-07-31,sh.600362,600362.SS,江西铜业,C32有色金属冶炼和压延加工业,34.0000000000,1.1564581845,0.0500000000,0.0500000000,0.0000000000,0.0000000000,HOLD,POSITION_RETAINED
2024-07-31,2024-07-31,sh.600406,600406.SS,国电南瑞,I65软件和信息技术服务业,1.0000000000,2.8722659485,0.0500000000,0.0500000000,0.0000000000,0.0000000000,HOLD,POSITION_RETAINED
2024-07-31,2024-07-31,sh.600426,600426.SS,华鲁恒升,C26化学原料和化学制品制造业,102.0000000000,0.3213356164,0.0500000000,0.0000000000,-0.0500000000,0.0500000000,SELL,RANK_BELOW_EXIT_LIMIT
2024-07-31,2024-07-31,sh.600585,600585.SS,海螺水泥,C30非金属矿物制品业,4.0000000000,2.0311141719,0.0000000000,0.0500000000,0.0500000000,0.0500000000,BUY,RANK_WITHIN_ENTRY_LIMIT
2024-07-31,2024-07-31,sh.600741,600741.SS,华域汽车,C36汽车制造业,2.0000000000,2.5448678022,0.0500000000,0.0500000000,0.0000000000,0.0000000000,HOLD,POSITION_RETAINED
2024-07-31,2024-07-31,sh.600845,600845.SS,宝信软件,I65软件和信息技术服务业,9.0000000000,1.9525743721,0.0500000000,0.0500000000,0.0000000000,0.0000000000,HOLD,POSITION_RETAINED
2024-07-31,2024-07-31,sh.600999,600999.SS,招商证券,J67资本市场服务,17.0000000000,1.5546673628,0.0000000000,0.0500000000,0.0500000000,0.0500000000,BUY,RANK_WITHIN_ENTRY_LIMIT
2024-07-31,2024-07-31,sh.601211,601211.SS,国泰君安,J67资本市场服务,16.0000000000,1.5781300181,0.0000000000,0.0500000000,0.0500000000,0.0500000000,BUY,RANK_WITHIN_ENTRY_LIMIT
2024-07-31,2024-07-31,sh.601360,601360.SS,三六零,I64互联网和相关服务,75.0000000000,0.6399352499,0.0500000000,0.0000000000,-0.0500000000,0.0500000000,SELL,RANK_BELOW_EXIT_LIMIT
2024-07-31,2024-07-31,sh.601877,601877.SS,正泰电器,C38电气机械和器材制造业,6.0000000000,1.9953848329,0.0500000000,0.0500000000,0.0000000000,0.0000000000,HOLD,POSITION_RETAINED
2024-07-31,2024-07-31,sz.000157,000157.SZ,中联重科,C35专用设备制造业,8.0000000000,1.9841689439,0.0500000000,0.0500000000,0.0000000000,0.0000000000,HOLD,POSITION_RETAINED
2024-07-31,2024-07-31,sz.000651,000651.SZ,格力电器,C38电气机械和器材制造业,31.0000000000,1.2135956333,0.0500000000,0.0500000000,0.0000000000,0.0000000000,HOLD,POSITION_RETAINED
2024-07-31,2024-07-31,sz.000776,000776.SZ,广发证券,J67资本市场服务,26.0000000000,1.2886710705,0.0500000000,0.0500000000,0.0000000000,0.0000000000,HOLD,POSITION_RETAINED
2024-07-31,2024-07-31,sz.002236,002236.SZ,大华股份,C39计算机、通信和其他电子设备制造业,5.0000000000,1.9966779468,0.0500000000,0.0500000000,0.0000000000,0.0000000000,HOLD,POSITION_RETAINED
2024-07-31,2024-07-31,sz.002841,002841.SZ,视源股份,C39计算机、通信和其他电子设备制造业,18.0000000000,1.5492139849,0.0500000000,0.0500000000,0.0000000000,0.0000000000,HOLD,POSITION_RETAINED
2024-07-31,2024-07-31,sz.300413,300413.SZ,芒果超媒,I64互联网和相关服务,70.0000000000,0.6971174639,0.0500000000,0.0000000000,-0.0500000000,0.0500000000,SELL,RANK_BELOW_EXIT_LIMIT
2024-07-31,2024-07-31,sz.300919,300919.SZ,中伟股份,C39计算机、通信和其他电子设备制造业,14.0000000000,1.7569119081,0.0500000000,0.0500000000,0.0000000000,0.0000000000,HOLD,POSITION_RETAINED
2024-08-31,2024-08-30,sh.600018,600018.SS,上港集团,G55水上运输业,22.0000000000,1.3952576570,0.0500000000,0.0500000000,0.0000000000,0.0000000000,HOLD,POSITION_RETAINED
2024-08-31,2024-08-30,sh.600050,600050.SS,中国联通,I63电信、广播电视和卫星传输服务,38.0000000000,1.0839246544,0.0500000000,0.0500000000,0.0000000000,0.0000000000,HOLD,POSITION_RETAINED
2024-08-31,2024-08-30,sh.600089,600089.SS,特变电工,C38电气机械和器材制造业,3.0000000000,2.1921981749,0.0500000000,0.0500000000,0.0000000000,0.0000000000,HOLD,POSITION_RETAINED
2024-08-31,2024-08-30,sh.600104,600104.SS,上汽集团,C36汽车制造业,6.0000000000,1.9875892758,0.0500000000,0.0500000000,0.0000000000,0.0000000000,HOLD,POSITION_RETAINED
2024-08-31,2024-08-30,sh.600219,600219.SS,南山铝业,C32有色金属冶炼和压延加工业,7.0000000000,1.9086324782,0.0500000000,0.0500000000,0.0000000000,0.0000000000,HOLD,POSITION_RETAINED
2024-08-31,2024-08-30,sh.600332,600332.SS,白云山,C27医药制造业,5.0000000000,2.1292914240,0.0500000000,0.0500000000,0.0000000000,0.0000000000,HOLD,POSITION_RETAINED
2024-08-31,2024-08-30,sh.600362,600362.SS,江西铜业,C32有色金属冶炼和压延加工业,19.0000000000,1.4992634788,0.0500000000,0.0500000000,0.0000000000,0.0000000000,HOLD,POSITION_RETAINED
2024-08-31,2024-08-30,sh.600406,600406.SS,国电南瑞,I65软件和信息技术服务业,4.0000000000,2.1509159635,0.0500000000,0.0500000000,0.0000000000,0.0000000000,HOLD,POSITION_RETAINED
2024-08-31,2024-08-30,sh.600585,600585.SS,海螺水泥,C30非金属矿物制品业,14.0000000000,1.6689942741,0.0500000000,0.0500000000,0.0000000000,0.0000000000,HOLD,POSITION_RETAINED
2024-08-31,2024-08-30,sh.600741,600741.SS,华域汽车,C36汽车制造业,63.0000000000,0.8103733295,0.0500000000,0.0000000000,-0.0500000000,0.0500000000,SELL,RANK_BELOW_EXIT_LIMIT
2024-08-31,2024-08-30,sh.600845,600845.SS,宝信软件,I65软件和信息技术服务业,15.0000000000,1.5769059436,0.0500000000,0.0500000000,0.0000000000,0.0000000000,HOLD,POSITION_RETAINED
2024-08-31,2024-08-30,sh.600999,600999.SS,招商证券,J67资本市场服务,27.0000000000,1.2879467854,0.0500000000,0.0500000000,0.0000000000,0.0000000000,HOLD,POSITION_RETAINED
2024-08-31,2024-08-30,sh.601211,601211.SS,国泰君安,J67资本市场服务,103.0000000000,0.4107879333,0.0500000000,0.0000000000,-0.0500000000,0.0500000000,SELL,RANK_BELOW_EXIT_LIMIT
2024-08-31,2024-08-30,sh.601360,601360.SS,三六零,I64互联网和相关服务,13.0000000000,1.7042308456,0.0000000000,0.0500000000,0.0500000000,0.0500000000,BUY,RANK_WITHIN_ENTRY_LIMIT
2024-08-31,2024-08-30,sh.601877,601877.SS,正泰电器,C38电气机械和器材制造业,2.0000000000,2.4544303147,0.0500000000,0.0500000000,0.0000000000,0.0000000000,HOLD,POSITION_RETAINED
2024-08-31,2024-08-30,sz.000157,000157.SZ,中联重科,C35专用设备制造业,1.0000000000,2.6942495151,0.0500000000,0.0500000000,0.0000000000,0.0000000000,HOLD,POSITION_RETAINED
2024-08-31,2024-08-30,sz.000651,000651.SZ,格力电器,C38电气机械和器材制造业,8.0000000000,1.9054271020,0.0500000000,0.0500000000,0.0000000000,0.0000000000,HOLD,POSITION_RETAINED
2024-08-31,2024-08-30,sz.000776,000776.SZ,广发证券,J67资本市场服务,39.0000000000,1.0814051039,0.0500000000,0.0500000000,0.0000000000,0.0000000000,HOLD,POSITION_RETAINED
2024-08-31,2024-08-30,sz.002236,002236.SZ,大华股份,C39计算机、通信和其他电子设备制造业,9.0000000000,1.8715479919,0.0500000000,0.0500000000,0.0000000000,0.0000000000,HOLD,POSITION_RETAINED
2024-08-31,2024-08-30,sz.002252,002252.SZ,上海莱士,C27医药制造业,12.0000000000,1.7428763917,0.0000000000,0.0500000000,0.0500000000,0.0500000000,BUY,RANK_WITHIN_ENTRY_LIMIT
2024-08-31,2024-08-30,sz.002841,002841.SZ,视源股份,C39计算机、通信和其他电子设备制造业,94.0000000000,0.4921326452,0.0500000000,0.0000000000,-0.0500000000,0.0500000000,SELL,RANK_BELOW_EXIT_LIMIT
2024-08-31,2024-08-30,sz.300413,300413.SZ,芒果超媒,I64互联网和相关服务,11.0000000000,1.7456268691,0.0000000000,0.0500000000,0.0500000000,0.0500000000,BUY,RANK_WITHIN_ENTRY_LIMIT
2024-08-31,2024-08-30,sz.300919,300919.SZ,中伟股份,C39计算机、通信和其他电子设备制造业,10.0000000000,1.8158801698,0.0500000000,0.0500000000,0.0000000000,0.0000000000,HOLD,POSITION_RETAINED
2024-09-30,2024-09-30,sh.600018,600018.SS,上港集团,G55水上运输业,80.0000000000,0.6235710707,0.0500000000,0.0000000000,-0.0500000000,0.0500000000,SELL,RANK_BELOW_EXIT_LIMIT
2024-09-30,2024-09-30,sh.600050,600050.SS,中国联通,I63电信、广播电视和卫星传输服务,58.0000000000,0.7734248003,0.0500000000,0.0000000000,-0.0500000000,0.0500000000,SELL,RANK_BELOW_EXIT_LIMIT
2024-09-30,2024-09-30,sh.600089,600089.SS,特变电工,C38电气机械和器材制造业,12.0000000000,1.6327418238,0.0500000000,0.0500000000,0.0000000000,0.0000000000,HOLD,POSITION_RETAINED
2024-09-30,2024-09-30,sh.600104,600104.SS,上汽集团,C36汽车制造业,31.0000000000,1.0674511304,0.0500000000,0.0500000000,0.0000000000,0.0000000000,HOLD,POSITION_RETAINED
2024-09-30,2024-09-30,sh.600219,600219.SS,南山铝业,C32有色金属冶炼和压延加工业,3.0000000000,2.2245049752,0.0500000000,0.0500000000,0.0000000000,0.0000000000,HOLD,POSITION_RETAINED
2024-09-30,2024-09-30,sh.600332,600332.SS,白云山,C27医药制造业,35.0000000000,1.0306336022,0.0500000000,0.0500000000,0.0000000000,0.0000000000,HOLD,POSITION_RETAINED
2024-09-30,2024-09-30,sh.600362,600362.SS,江西铜业,C32有色金属冶炼和压延加工业,20.0000000000,1.3885748940,0.0500000000,0.0500000000,0.0000000000,0.0000000000,HOLD,POSITION_RETAINED
2024-09-30,2024-09-30,sh.600406,600406.SS,国电南瑞,I65软件和信息技术服务业,1.0000000000,3.0113291791,0.0500000000,0.0500000000,0.0000000000,0.0000000000,HOLD,POSITION_RETAINED
2024-09-30,2024-09-30,sh.600585,600585.SS,海螺水泥,C30非金属矿物制品业,34.0000000000,1.0398718598,0.0500000000,0.0500000000,0.0000000000,0.0000000000,HOLD,POSITION_RETAINED
2024-09-30,2024-09-30,sh.600741,600741.SS,华域汽车,C36汽车制造业,7.0000000000,1.9373327918,0.0000000000,0.0500000000,0.0500000000,0.0500000000,BUY,RANK_WITHIN_ENTRY_LIMIT
2024-09-30,2024-09-30,sh.600845,600845.SS,宝信软件,I65软件和信息技术服务业,10.0000000000,1.6970806280,0.0500000000,0.0500000000,0.0000000000,0.0000000000,HOLD,POSITION_RETAINED
2024-09-30,2024-09-30,sh.600999,600999.SS,招商证券,J67资本市场服务,15.0000000000,1.5077765134,0.0500000000,0.0500000000,0.0000000000,0.0000000000,HOLD,POSITION_RETAINED
2024-09-30,2024-09-30,sh.601360,601360.SS,三六零,I64互联网和相关服务,13.0000000000,1.6132409834,0.0500000000,0.0500000000,0.0000000000,0.0000000000,HOLD,POSITION_RETAINED
2024-09-30,2024-09-30,sh.601877,601877.SS,正泰电器,C38电气机械和器材制造业,8.0000000000,1.9242262047,0.0500000000,0.0500000000,0.0000000000,0.0000000000,HOLD,POSITION_RETAINED
2024-09-30,2024-09-30,sh.603296,603296.SS,华勤技术,C39计算机、通信和其他电子设备制造业,6.0000000000,1.9868758147,0.0000000000,0.0500000000,0.0500000000,0.0500000000,BUY,RANK_WITHIN_ENTRY_LIMIT
2024-09-30,2024-09-30,sh.605499,605499.SS,东鹏饮料,C15酒、饮料和精制茶制造业,9.0000000000,1.7661588316,0.0000000000,0.0500000000,0.0500000000,0.0500000000,BUY,RANK_WITHIN_ENTRY_LIMIT
2024-09-30,2024-09-30,sz.000157,000157.SZ,中联重科,C35专用设备制造业,2.0000000000,2.5969875455,0.0500000000,0.0500000000,0.0000000000,0.0000000000,HOLD,POSITION_RETAINED
2024-09-30,2024-09-30,sz.000425,000425.SZ,徐工机械,C35专用设备制造业,4.0000000000,2.1752475845,0.0000000000,0.0500000000,0.0500000000,0.0500000000,BUY,RANK_WITHIN_ENTRY_LIMIT
2024-09-30,2024-09-30,sz.000651,000651.SZ,格力电器,C38电气机械和器材制造业,14.0000000000,1.5909436504,0.0500000000,0.0500000000,0.0000000000,0.0000000000,HOLD,POSITION_RETAINED
2024-09-30,2024-09-30,sz.000776,000776.SZ,广发证券,J67资本市场服务,104.0000000000,0.3918647138,0.0500000000,0.0000000000,-0.0500000000,0.0500000000,SELL,RANK_BELOW_EXIT_LIMIT
2024-09-30,2024-09-30,sz.002236,002236.SZ,大华股份,C39计算机、通信和其他电子设备制造业,24.0000000000,1.3279278412,0.0500000000,0.0500000000,0.0000000000,0.0000000000,HOLD,POSITION_RETAINED
2024-09-30,2024-09-30,sz.002252,002252.SZ,上海莱士,C27医药制造业,19.0000000000,1.3929406044,0.0500000000,0.0500000000,0.0000000000,0.0000000000,HOLD,POSITION_RETAINED
2024-09-30,2024-09-30,sz.002841,002841.SZ,视源股份,C39计算机、通信和其他电子设备制造业,5.0000000000,2.0965521894,0.0000000000,0.0500000000,0.0500000000,0.0500000000,BUY,RANK_WITHIN_ENTRY_LIMIT
2024-09-30,2024-09-30,sz.300413,300413.SZ,芒果超媒,I64互联网和相关服务,66.0000000000,0.7195731719,0.0500000000,0.0000000000,-0.0500000000,0.0500000000,SELL,RANK_BELOW_EXIT_LIMIT
2024-09-30,2024-09-30,sz.300919,300919.SZ,中伟股份,C39计算机、通信和其他电子设备制造业,55.0000000000,0.8093559097,0.0500000000,0.0000000000,-0.0500000000,0.0500000000,SELL,RANK_BELOW_EXIT_LIMIT
2024-10-31,2024-10-31,sh.600031,600031.SS,三一重工,C35专用设备制造业,18.0000000000,1.4197998169,0.0000000000,0.0500000000,0.0500000000,0.0500000000,BUY,RANK_WITHIN_ENTRY_LIMIT
2024-10-31,2024-10-31,sh.600089,600089.SS,特变电工,C38电气机械和器材制造业,13.0000000000,1.6350906835,0.0500000000,0.0500000000,0.0000000000,0.0000000000,HOLD,POSITION_RETAINED
2024-10-31,2024-10-31,sh.600104,600104.SS,上汽集团,C36汽车制造业,36.0000000000,0.9310689770,0.0500000000,0.0500000000,0.0000000000,0.0000000000,HOLD,POSITION_RETAINED
2024-10-31,2024-10-31,sh.600219,600219.SS,南山铝业,C32有色金属冶炼和压延加工业,12.0000000000,1.6532791503,0.0500000000,0.0500000000,0.0000000000,0.0000000000,HOLD,POSITION_RETAINED
2024-10-31,2024-10-31,sh.600332,600332.SS,白云山,C27医药制造业,21.0000000000,1.3500184974,0.0500000000,0.0500000000,0.0000000000,0.0000000000,HOLD,POSITION_RETAINED
2024-10-31,2024-10-31,sh.600362,600362.SS,江西铜业,C32有色金属冶炼和压延加工业,25.0000000000,1.2543286411,0.0500000000,0.0500000000,0.0000000000,0.0000000000,HOLD,POSITION_RETAINED
2024-10-31,2024-10-31,sh.600406,600406.SS,国电南瑞,I65软件和信息技术服务业,1.0000000000,3.0558369518,0.0500000000,0.0500000000,0.0000000000,0.0000000000,HOLD,POSITION_RETAINED
2024-10-31,2024-10-31,sh.600585,600585.SS,海螺水泥,C30非金属矿物制品业,35.0000000000,0.9518393637,0.0500000000,0.0500000000,0.0000000000,0.0000000000,HOLD,POSITION_RETAINED
2024-10-31,2024-10-31,sh.600741,600741.SS,华域汽车,C36汽车制造业,8.0000000000,1.8411562258,0.0500000000,0.0500000000,0.0000000000,0.0000000000,HOLD,POSITION_RETAINED
2024-10-31,2024-10-31,sh.600845,600845.SS,宝信软件,I65软件和信息技术服务业,10.0000000000,1.7898546972,0.0500000000,0.0500000000,0.0000000000,0.0000000000,HOLD,POSITION_RETAINED
2024-10-31,2024-10-31,sh.600999,600999.SS,招商证券,J67资本市场服务,59.0000000000,0.7234778320,0.0500000000,0.0000000000,-0.0500000000,0.0500000000,SELL,RANK_BELOW_EXIT_LIMIT
2024-10-31,2024-10-31,sh.601360,601360.SS,三六零,I64互联网和相关服务,23.0000000000,1.2737464962,0.0500000000,0.0500000000,0.0000000000,0.0000000000,HOLD,POSITION_RETAINED
2024-10-31,2024-10-31,sh.601877,601877.SS,正泰电器,C38电气机械和器材制造业,5.0000000000,2.1753084653,0.0500000000,0.0500000000,0.0000000000,0.0000000000,HOLD,POSITION_RETAINED
2024-10-31,2024-10-31,sh.603296,603296.SS,华勤技术,C39计算机、通信和其他电子设备制造业,9.0000000000,1.8396301683,0.0500000000,0.0500000000,0.0000000000,0.0000000000,HOLD,POSITION_RETAINED
2024-10-31,2024-10-31,sh.605499,605499.SS,东鹏饮料,C15酒、饮料和精制茶制造业,52.0000000000,0.7793471966,0.0500000000,0.0000000000,-0.0500000000,0.0500000000,SELL,RANK_BELOW_EXIT_LIMIT
2024-10-31,2024-10-31,sz.000157,000157.SZ,中联重科,C35专用设备制造业,3.0000000000,2.4856548645,0.0500000000,0.0500000000,0.0000000000,0.0000000000,HOLD,POSITION_RETAINED
2024-10-31,2024-10-31,sz.000425,000425.SZ,徐工机械,C35专用设备制造业,2.0000000000,2.5255833168,0.0500000000,0.0500000000,0.0000000000,0.0000000000,HOLD,POSITION_RETAINED
2024-10-31,2024-10-31,sz.000651,000651.SZ,格力电器,C38电气机械和器材制造业,7.0000000000,2.0019511276,0.0500000000,0.0500000000,0.0000000000,0.0000000000,HOLD,POSITION_RETAINED
2024-10-31,2024-10-31,sz.002236,002236.SZ,大华股份,C39计算机、通信和其他电子设备制造业,14.0000000000,1.5192837004,0.0500000000,0.0500000000,0.0000000000,0.0000000000,HOLD,POSITION_RETAINED
2024-10-31,2024-10-31,sz.002252,002252.SZ,上海莱士,C27医药制造业,32.0000000000,1.1100290347,0.0500000000,0.0500000000,0.0000000000,0.0000000000,HOLD,POSITION_RETAINED
2024-10-31,2024-10-31,sz.002736,002736.SZ,国信证券,J67资本市场服务,16.0000000000,1.4842178704,0.0000000000,0.0500000000,0.0500000000,0.0500000000,BUY,RANK_WITHIN_ENTRY_LIMIT
2024-10-31,2024-10-31,sz.002841,002841.SZ,视源股份,C39计算机、通信和其他电子设备制造业,6.0000000000,2.0413501979,0.0500000000,0.0500000000,0.0000000000,0.0000000000,HOLD,POSITION_RETAINED
2024-11-30,2024-11-29,sh.600031,600031.SS,三一重工,C35专用设备制造业,9.0000000000,1.8558887073,0.0500000000,0.0500000000,0.0000000000,0.0000000000,HOLD,POSITION_RETAINED
2024-11-30,2024-11-29,sh.600089,600089.SS,特变电工,C38电气机械和器材制造业,11.0000000000,1.6810046207,0.0500000000,0.0500000000,0.0000000000,0.0000000000,HOLD,POSITION_RETAINED
2024-11-30,2024-11-29,sh.600104,600104.SS,上汽集团,C36汽车制造业,252.0000000000,-0.8511521812,0.0500000000,0.0000000000,-0.0500000000,0.0500000000,SELL,RANK_BELOW_EXIT_LIMIT
2024-11-30,2024-11-29,sh.600219,600219.SS,南山铝业,C32有色金属冶炼和压延加工业,7.0000000000,2.0139087891,0.0500000000,0.0500000000,0.0000000000,0.0000000000,HOLD,POSITION_RETAINED
2024-11-30,2024-11-29,sh.600332,600332.SS,白云山,C27医药制造业,32.0000000000,1.1155741078,0.0500000000,0.0500000000,0.0000000000,0.0000000000,HOLD,POSITION_RETAINED
2024-11-30,2024-11-29,sh.600362,600362.SS,江西铜业,C32有色金属冶炼和压延加工业,10.0000000000,1.8448628022,0.0500000000,0.0500000000,0.0000000000,0.0000000000,HOLD,POSITION_RETAINED
2024-11-30,2024-11-29,sh.600406,600406.SS,国电南瑞,I65软件和信息技术服务业,1.0000000000,3.3184423831,0.0500000000,0.0500000000,0.0000000000,0.0000000000,HOLD,POSITION_RETAINED
2024-11-30,2024-11-29,sh.600585,600585.SS,海螺水泥,C30非金属矿物制品业,41.0000000000,0.9433661308,0.0500000000,0.0000000000,-0.0500000000,0.0500000000,SELL,RANK_BELOW_EXIT_LIMIT
2024-11-30,2024-11-29,sh.600741,600741.SS,华域汽车,C36汽车制造业,23.0000000000,1.2294160848,0.0500000000,0.0500000000,0.0000000000,0.0000000000,HOLD,POSITION_RETAINED
2024-11-30,2024-11-29,sh.600845,600845.SS,宝信软件,I65软件和信息技术服务业,6.0000000000,2.0212965985,0.0500000000,0.0500000000,0.0000000000,0.0000000000,HOLD,POSITION_RETAINED
2024-11-30,2024-11-29,sh.600941,600941.SS,中国移动,I63电信、广播电视和卫星传输服务,8.0000000000,1.9070465226,0.0000000000,0.0500000000,0.0500000000,0.0500000000,BUY,RANK_WITHIN_ENTRY_LIMIT
2024-11-30,2024-11-29,sh.601360,601360.SS,三六零,I64互联网和相关服务,269.0000000000,-1.2454962226,0.0500000000,0.0000000000,-0.0500000000,0.0500000000,SELL,RANK_BELOW_EXIT_LIMIT
2024-11-30,2024-11-29,sh.601728,601728.SS,中国电信,I63电信、广播电视和卫星传输服务,12.0000000000,1.6693398810,0.0000000000,0.0500000000,0.0500000000,0.0500000000,BUY,RANK_WITHIN_ENTRY_LIMIT
2024-11-30,2024-11-29,sh.601877,601877.SS,正泰电器,C38电气机械和器材制造业,5.0000000000,2.0444201355,0.0500000000,0.0500000000,0.0000000000,0.0000000000,HOLD,POSITION_RETAINED
2024-11-30,2024-11-29,sh.603296,603296.SS,华勤技术,C39计算机、通信和其他电子设备制造业,179.0000000000,-0.0920874292,0.0500000000,0.0000000000,-0.0500000000,0.0500000000,SELL,RANK_BELOW_EXIT_LIMIT
2024-11-30,2024-11-29,sz.000157,000157.SZ,中联重科,C35专用设备制造业,2.0000000000,2.4772338060,0.0500000000,0.0500000000,0.0000000000,0.0000000000,HOLD,POSITION_RETAINED
2024-11-30,2024-11-29,sz.000425,000425.SZ,徐工机械,C35专用设备制造业,3.0000000000,2.2067027879,0.0500000000,0.0500000000,0.0000000000,0.0000000000,HOLD,POSITION_RETAINED
2024-11-30,2024-11-29,sz.000651,000651.SZ,格力电器,C38电气机械和器材制造业,13.0000000000,1.5440876666,0.0500000000,0.0500000000,0.0000000000,0.0000000000,HOLD,POSITION_RETAINED
2024-11-30,2024-11-29,sz.000725,000725.SZ,京东方A,C39计算机、通信和其他电子设备制造业,14.0000000000,1.5138596144,0.0000000000,0.0500000000,0.0500000000,0.0500000000,BUY,RANK_WITHIN_ENTRY_LIMIT
2024-11-30,2024-11-29,sz.002001,002001.SZ,新和成,C27医药制造业,16.0000000000,1.4121953061,0.0000000000,0.0500000000,0.0500000000,0.0500000000,BUY,RANK_WITHIN_ENTRY_LIMIT
2024-11-30,2024-11-29,sz.002236,002236.SZ,大华股份,C39计算机、通信和其他电子设备制造业,19.0000000000,1.3264773786,0.0500000000,0.0500000000,0.0000000000,0.0000000000,HOLD,POSITION_RETAINED
2024-11-30,2024-11-29,sz.002252,002252.SZ,上海莱士,C27医药制造业,46.0000000000,0.9077781086,0.0500000000,0.0000000000,-0.0500000000,0.0500000000,SELL,RANK_BELOW_EXIT_LIMIT
2024-11-30,2024-11-29,sz.002736,002736.SZ,国信证券,J67资本市场服务,15.0000000000,1.4239975641,0.0500000000,0.0500000000,0.0000000000,0.0000000000,HOLD,POSITION_RETAINED
2024-11-30,2024-11-29,sz.002841,002841.SZ,视源股份,C39计算机、通信和其他电子设备制造业,34.0000000000,1.0910406291,0.0500000000,0.0500000000,0.0000000000,0.0000000000,HOLD,POSITION_RETAINED
2024-11-30,2024-11-29,sz.300413,300413.SZ,芒果超媒,I64互联网和相关服务,4.0000000000,2.0858703779,0.0000000000,0.0500000000,0.0500000000,0.0500000000,BUY,RANK_WITHIN_ENTRY_LIMIT
2024-12-31,2024-12-31,sh.600031,600031.SS,三一重工,C35专用设备制造业,14.0000000000,1.5810305999,0.0500000000,0.0500000000,0.0000000000,0.0000000000,HOLD,POSITION_RETAINED
2024-12-31,2024-12-31,sh.600089,600089.SS,特变电工,C38电气机械和器材制造业,22.0000000000,1.3496392334,0.0500000000,0.0500000000,0.0000000000,0.0000000000,HOLD,POSITION_RETAINED
2024-12-31,2024-12-31,sh.600219,600219.SS,南山铝业,C32有色金属冶炼和压延加工业,32.0000000000,1.1322167738,0.0500000000,0.0500000000,0.0000000000,0.0000000000,HOLD,POSITION_RETAINED
2024-12-31,2024-12-31,sh.600332,600332.SS,白云山,C27医药制造业,13.0000000000,1.6198214257,0.0500000000,0.0500000000,0.0000000000,0.0000000000,HOLD,POSITION_RETAINED
2024-12-31,2024-12-31,sh.600362,600362.SS,江西铜业,C32有色金属冶炼和压延加工业,29.0000000000,1.1988441440,0.0500000000,0.0500000000,0.0000000000,0.0000000000,HOLD,POSITION_RETAINED
2024-12-31,2024-12-31,sh.600406,600406.SS,国电南瑞,I65软件和信息技术服务业,1.0000000000,3.3470264292,0.0500000000,0.0500000000,0.0000000000,0.0000000000,HOLD,POSITION_RETAINED
2024-12-31,2024-12-31,sh.600741,600741.SS,华域汽车,C36汽车制造业,2.0000000000,2.2152329256,0.0500000000,0.0500000000,0.0000000000,0.0000000000,HOLD,POSITION_RETAINED
2024-12-31,2024-12-31,sh.600845,600845.SS,宝信软件,I65软件和信息技术服务业,47.0000000000,0.9232485636,0.0500000000,0.0000000000,-0.0500000000,0.0500000000,SELL,RANK_BELOW_EXIT_LIMIT
2024-12-31,2024-12-31,sh.600875,600875.SS,东方电气,C34通用设备制造业,9.0000000000,1.6901869224,0.0000000000,0.0500000000,0.0500000000,0.0500000000,BUY,RANK_WITHIN_ENTRY_LIMIT
2024-12-31,2024-12-31,sh.600941,600941.SS,中国移动,I63电信、广播电视和卫星传输服务,39.0000000000,0.9594201230,0.0500000000,0.0500000000,0.0000000000,0.0000000000,HOLD,POSITION_RETAINED
2024-12-31,2024-12-31,sh.601728,601728.SS,中国电信,I63电信、广播电视和卫星传输服务,21.0000000000,1.3748199417,0.0500000000,0.0500000000,0.0000000000,0.0000000000,HOLD,POSITION_RETAINED
2024-12-31,2024-12-31,sh.601877,601877.SS,正泰电器,C38电气机械和器材制造业,6.0000000000,1.8315639562,0.0500000000,0.0500000000,0.0000000000,0.0000000000,HOLD,POSITION_RETAINED
2024-12-31,2024-12-31,sh.688396,688396.SS,华润微,C39计算机、通信和其他电子设备制造业,3.0000000000,2.1759868201,0.0000000000,0.0500000000,0.0500000000,0.0500000000,BUY,RANK_WITHIN_ENTRY_LIMIT
2024-12-31,2024-12-31,sz.000157,000157.SZ,中联重科,C35专用设备制造业,8.0000000000,1.7118124990,0.0500000000,0.0500000000,0.0000000000,0.0000000000,HOLD,POSITION_RETAINED
2024-12-31,2024-12-31,sz.000425,000425.SZ,徐工机械,C35专用设备制造业,30.0000000000,1.1940259052,0.0500000000,0.0500000000,0.0000000000,0.0000000000,HOLD,POSITION_RETAINED
2024-12-31,2024-12-31,sz.000651,000651.SZ,格力电器,C38电气机械和器材制造业,28.0000000000,1.2158955245,0.0500000000,0.0500000000,0.0000000000,0.0000000000,HOLD,POSITION_RETAINED
2024-12-31,2024-12-31,sz.000725,000725.SZ,京东方A,C39计算机、通信和其他电子设备制造业,5.0000000000,2.1241728505,0.0500000000,0.0500000000,0.0000000000,0.0000000000,HOLD,POSITION_RETAINED
2024-12-31,2024-12-31,sz.002001,002001.SZ,新和成,C27医药制造业,23.0000000000,1.3336566696,0.0500000000,0.0500000000,0.0000000000,0.0000000000,HOLD,POSITION_RETAINED
2024-12-31,2024-12-31,sz.002236,002236.SZ,大华股份,C39计算机、通信和其他电子设备制造业,15.0000000000,1.5736752094,0.0500000000,0.0500000000,0.0000000000,0.0000000000,HOLD,POSITION_RETAINED
2024-12-31,2024-12-31,sz.002736,002736.SZ,国信证券,J67资本市场服务,26.0000000000,1.2422579846,0.0500000000,0.0500000000,0.0000000000,0.0000000000,HOLD,POSITION_RETAINED
2024-12-31,2024-11-29,sz.002841,002841.SZ,视源股份,C39计算机、通信和其他电子设备制造业,34.0000000000,1.0910406291,0.0500000000,0.0000000000,-0.0500000000,0.0500000000,SELL,NO_LONGER_ELIGIBLE
2024-12-31,2024-12-31,sz.300413,300413.SZ,芒果超媒,I64互联网和相关服务,25.0000000000,1.3028096229,0.0500000000,0.0500000000,0.0000000000,0.0000000000,HOLD,POSITION_RETAINED
2025-01-31,2025-01-27,sh.600018,600018.SS,上港集团,G55水上运输业,18.0000000000,1.4571912685,0.0000000000,0.0500000000,0.0500000000,0.0500000000,BUY,RANK_WITHIN_ENTRY_LIMIT
2025-01-31,2025-01-27,sh.600031,600031.SS,三一重工,C35专用设备制造业,46.0000000000,0.9226713283,0.0500000000,0.0000000000,-0.0500000000,0.0500000000,SELL,RANK_BELOW_EXIT_LIMIT
2025-01-31,2025-01-27,sh.600089,600089.SS,特变电工,C38电气机械和器材制造业,13.0000000000,1.5776058322,0.0500000000,0.0500000000,0.0000000000,0.0000000000,HOLD,POSITION_RETAINED
2025-01-31,2025-01-27,sh.600219,600219.SS,南山铝业,C32有色金属冶炼和压延加工业,33.0000000000,1.1316726747,0.0500000000,0.0500000000,0.0000000000,0.0000000000,HOLD,POSITION_RETAINED
2025-01-31,2025-01-27,sh.600332,600332.SS,白云山,C27医药制造业,20.0000000000,1.3869891365,0.0500000000,0.0500000000,0.0000000000,0.0000000000,HOLD,POSITION_RETAINED
2025-01-31,2025-01-27,sh.600362,600362.SS,江西铜业,C32有色金属冶炼和压延加工业,39.0000000000,1.0421095988,0.0500000000,0.0500000000,0.0000000000,0.0000000000,HOLD,POSITION_RETAINED
2025-01-31,2025-01-27,sh.600406,600406.SS,国电南瑞,I65软件和信息技术服务业,1.0000000000,2.9950078732,0.0500000000,0.0500000000,0.0000000000,0.0000000000,HOLD,POSITION_RETAINED
2025-01-31,2025-01-27,sh.600585,600585.SS,海螺水泥,C30非金属矿物制品业,15.0000000000,1.5534636013,0.0000000000,0.0500000000,0.0500000000,0.0500000000,BUY,RANK_WITHIN_ENTRY_LIMIT
2025-01-31,2025-01-27,sh.600741,600741.SS,华域汽车,C36汽车制造业,8.0000000000,2.0885316921,0.0500000000,0.0500000000,0.0000000000,0.0000000000,HOLD,POSITION_RETAINED
2025-01-31,2025-01-27,sh.600845,600845.SS,宝信软件,I65软件和信息技术服务业,11.0000000000,1.7454791467,0.0000000000,0.0500000000,0.0500000000,0.0500000000,BUY,RANK_WITHIN_ENTRY_LIMIT
2025-01-31,2025-01-27,sh.600875,600875.SS,东方电气,C34通用设备制造业,2.0000000000,2.6187691868,0.0500000000,0.0500000000,0.0000000000,0.0000000000,HOLD,POSITION_RETAINED
2025-01-31,2025-01-27,sh.600941,600941.SS,中国移动,I63电信、广播电视和卫星传输服务,53.0000000000,0.8222229174,0.0500000000,0.0000000000,-0.0500000000,0.0500000000,SELL,RANK_BELOW_EXIT_LIMIT
2025-01-31,2025-01-27,sh.601728,601728.SS,中国电信,I63电信、广播电视和卫星传输服务,37.0000000000,1.0716928842,0.0500000000,0.0500000000,0.0000000000,0.0000000000,HOLD,POSITION_RETAINED
2025-01-31,2025-01-27,sh.601877,601877.SS,正泰电器,C38电气机械和器材制造业,14.0000000000,1.5696665132,0.0500000000,0.0500000000,0.0000000000,0.0000000000,HOLD,POSITION_RETAINED
2025-01-31,2025-01-27,sh.688396,688396.SS,华润微,C39计算机、通信和其他电子设备制造业,6.0000000000,2.2275381523,0.0500000000,0.0500000000,0.0000000000,0.0000000000,HOLD,POSITION_RETAINED
2025-01-31,2025-01-27,sz.000157,000157.SZ,中联重科,C35专用设备制造业,25.0000000000,1.2316457439,0.0500000000,0.0500000000,0.0000000000,0.0000000000,HOLD,POSITION_RETAINED
2025-01-31,2025-01-27,sz.000425,000425.SZ,徐工机械,C35专用设备制造业,28.0000000000,1.1827062918,0.0500000000,0.0500000000,0.0000000000,0.0000000000,HOLD,POSITION_RETAINED
2025-01-31,2025-01-27,sz.000651,000651.SZ,格力电器,C38电气机械和器材制造业,49.0000000000,0.8856948845,0.0500000000,0.0000000000,-0.0500000000,0.0500000000,SELL,RANK_BELOW_EXIT_LIMIT
2025-01-31,2025-01-27,sz.000725,000725.SZ,京东方A,C39计算机、通信和其他电子设备制造业,23.0000000000,1.3251090530,0.0500000000,0.0500000000,0.0000000000,0.0000000000,HOLD,POSITION_RETAINED
2025-01-31,2025-01-27,sz.000800,000800.SZ,一汽解放,C36汽车制造业,17.0000000000,1.4848605399,0.0000000000,0.0500000000,0.0500000000,0.0500000000,BUY,RANK_WITHIN_ENTRY_LIMIT
2025-01-31,2025-01-27,sz.002001,002001.SZ,新和成,C27医药制造业,81.0000000000,0.5158711109,0.0500000000,0.0000000000,-0.0500000000,0.0500000000,SELL,RANK_BELOW_EXIT_LIMIT
2025-01-31,2025-01-27,sz.002236,002236.SZ,大华股份,C39计算机、通信和其他电子设备制造业,5.0000000000,2.2380798167,0.0500000000,0.0500000000,0.0000000000,0.0000000000,HOLD,POSITION_RETAINED
2025-01-31,2025-01-27,sz.002555,002555.SZ,三七互娱,I64互联网和相关服务,16.0000000000,1.5128984520,0.0000000000,0.0500000000,0.0500000000,0.0500000000,BUY,RANK_WITHIN_ENTRY_LIMIT
2025-01-31,2025-01-27,sz.002736,002736.SZ,国信证券,J67资本市场服务,59.0000000000,0.7784052897,0.0500000000,0.0000000000,-0.0500000000,0.0500000000,SELL,RANK_BELOW_EXIT_LIMIT
2025-01-31,2025-01-27,sz.300413,300413.SZ,芒果超媒,I64互联网和相关服务,10.0000000000,2.0594746595,0.0500000000,0.0500000000,0.0000000000,0.0000000000,HOLD,POSITION_RETAINED
2025-02-28,2025-02-28,sh.600018,600018.SS,上港集团,G55水上运输业,101.0000000000,0.3981761198,0.0500000000,0.0000000000,-0.0500000000,0.0500000000,SELL,RANK_BELOW_EXIT_LIMIT
2025-02-28,2025-02-28,sh.600089,600089.SS,特变电工,C38电气机械和器材制造业,8.0000000000,1.9626148843,0.0500000000,0.0500000000,0.0000000000,0.0000000000,HOLD,POSITION_RETAINED
2025-02-28,2025-02-28,sh.600219,600219.SS,南山铝业,C32有色金属冶炼和压延加工业,15.0000000000,1.5817963258,0.0500000000,0.0500000000,0.0000000000,0.0000000000,HOLD,POSITION_RETAINED
2025-02-28,2025-02-28,sh.600332,600332.SS,白云山,C27医药制造业,14.0000000000,1.5994093686,0.0500000000,0.0500000000,0.0000000000,0.0000000000,HOLD,POSITION_RETAINED
2025-02-28,2025-02-28,sh.600362,600362.SS,江西铜业,C32有色金属冶炼和压延加工业,34.0000000000,1.1147477854,0.0500000000,0.0500000000,0.0000000000,0.0000000000,HOLD,POSITION_RETAINED
2025-02-28,2025-02-28,sh.600406,600406.SS,国电南瑞,I65软件和信息技术服务业,1.0000000000,3.7222424760,0.0500000000,0.0500000000,0.0000000000,0.0000000000,HOLD,POSITION_RETAINED
2025-02-28,2025-02-28,sh.600585,600585.SS,海螺水泥,C30非金属矿物制品业,38.0000000000,1.0182768508,0.0500000000,0.0500000000,0.0000000000,0.0000000000,HOLD,POSITION_RETAINED
2025-02-28,2025-02-28,sh.600741,600741.SS,华域汽车,C36汽车制造业,16.0000000000,1.5331410444,0.0500000000,0.0500000000,0.0000000000,0.0000000000,HOLD,POSITION_RETAINED
2025-02-28,2025-02-28,sh.600845,600845.SS,宝信软件,I65软件和信息技术服务业,96.0000000000,0.4096788896,0.0500000000,0.0000000000,-0.0500000000,0.0500000000,SELL,RANK_BELOW_EXIT_LIMIT
2025-02-28,2025-02-28,sh.600875,600875.SS,东方电气,C34通用设备制造业,5.0000000000,2.0659199255,0.0500000000,0.0500000000,0.0000000000,0.0000000000,HOLD,POSITION_RETAINED
2025-02-28,2025-02-28,sh.600941,600941.SS,中国移动,I63电信、广播电视和卫星传输服务,24.0000000000,1.3262366312,0.0000000000,0.0500000000,0.0500000000,0.0500000000,BUY,RANK_WITHIN_ENTRY_LIMIT
2025-02-28,2025-02-28,sh.601688,601688.SS,华泰证券,J67资本市场服务,23.0000000000,1.3419903993,0.0000000000,0.0500000000,0.0500000000,0.0500000000,BUY,RANK_WITHIN_ENTRY_LIMIT
2025-02-28,2025-02-28,sh.601728,601728.SS,中国电信,I63电信、广播电视和卫星传输服务,83.0000000000,0.4858978287,0.0500000000,0.0000000000,-0.0500000000,0.0500000000,SELL,RANK_BELOW_EXIT_LIMIT
2025-02-28,2025-02-28,sh.601877,601877.SS,正泰电器,C38电气机械和器材制造业,113.0000000000,0.3014655768,0.0500000000,0.0000000000,-0.0500000000,0.0500000000,SELL,RANK_BELOW_EXIT_LIMIT
2025-02-28,2025-02-28,sh.688396,688396.SS,华润微,C39计算机、通信和其他电子设备制造业,13.0000000000,1.6588427676,0.0500000000,0.0500000000,0.0000000000,0.0000000000,HOLD,POSITION_RETAINED
2025-02-28,2025-02-28,sz.000157,000157.SZ,中联重科,C35专用设备制造业,46.0000000000,0.8253703389,0.0500000000,0.0000000000,-0.0500000000,0.0500000000,SELL,RANK_BELOW_EXIT_LIMIT
2025-02-28,2025-02-28,sz.000425,000425.SZ,徐工机械,C35专用设备制造业,35.0000000000,1.1059243267,0.0500000000,0.0500000000,0.0000000000,0.0000000000,HOLD,POSITION_RETAINED
2025-02-28,2025-02-28,sz.000651,000651.SZ,格力电器,C38电气机械和器材制造业,20.0000000000,1.4154411614,0.0000000000,0.0500000000,0.0500000000,0.0500000000,BUY,RANK_WITHIN_ENTRY_LIMIT
2025-02-28,2025-02-28,sz.000725,000725.SZ,京东方A,C39计算机、通信和其他电子设备制造业,2.0000000000,2.8728122705,0.0500000000,0.0500000000,0.0000000000,0.0000000000,HOLD,POSITION_RETAINED
2025-02-28,2025-02-28,sz.000800,000800.SZ,一汽解放,C36汽车制造业,19.0000000000,1.4311394531,0.0500000000,0.0500000000,0.0000000000,0.0000000000,HOLD,POSITION_RETAINED
2025-02-28,2025-02-28,sz.002236,002236.SZ,大华股份,C39计算机、通信和其他电子设备制造业,10.0000000000,1.8267402505,0.0500000000,0.0500000000,0.0000000000,0.0000000000,HOLD,POSITION_RETAINED
2025-02-28,2025-02-28,sz.002304,002304.SZ,洋河股份,C15酒、饮料和精制茶制造业,22.0000000000,1.3504530965,0.0000000000,0.0500000000,0.0500000000,0.0500000000,BUY,RANK_WITHIN_ENTRY_LIMIT
2025-02-28,2025-02-28,sz.002555,002555.SZ,三七互娱,I64互联网和相关服务,27.0000000000,1.2602804005,0.0500000000,0.0500000000,0.0000000000,0.0000000000,HOLD,POSITION_RETAINED
2025-02-28,2025-02-28,sz.002736,002736.SZ,国信证券,J67资本市场服务,25.0000000000,1.2758933100,0.0000000000,0.0500000000,0.0500000000,0.0500000000,BUY,RANK_WITHIN_ENTRY_LIMIT
2025-02-28,2025-02-28,sz.300413,300413.SZ,芒果超媒,I64互联网和相关服务,3.0000000000,2.2255991274,0.0500000000,0.0500000000,0.0000000000,0.0000000000,HOLD,POSITION_RETAINED
2025-03-31,2025-03-31,sh.600089,600089.SS,特变电工,C38电气机械和器材制造业,11.0000000000,1.5459132764,0.0500000000,0.0500000000,0.0000000000,0.0000000000,HOLD,POSITION_RETAINED
2025-03-31,2025-03-31,sh.600219,600219.SS,南山铝业,C32有色金属冶炼和压延加工业,9.0000000000,1.7133573646,0.0500000000,0.0500000000,0.0000000000,0.0000000000,HOLD,POSITION_RETAINED
2025-03-31,2025-03-31,sh.600332,600332.SS,白云山,C27医药制造业,19.0000000000,1.3874474799,0.0500000000,0.0500000000,0.0000000000,0.0000000000,HOLD,POSITION_RETAINED
2025-03-31,2025-03-31,sh.600362,600362.SS,江西铜业,C32有色金属冶炼和压延加工业,241.0000000000,-0.6132108506,0.0500000000,0.0000000000,-0.0500000000,0.0500000000,SELL,RANK_BELOW_EXIT_LIMIT
2025-03-31,2025-03-31,sh.600406,600406.SS,国电南瑞,I65软件和信息技术服务业,1.0000000000,3.4847299395,0.0500000000,0.0500000000,0.0000000000,0.0000000000,HOLD,POSITION_RETAINED
2025-03-31,2025-03-31,sh.600585,600585.SS,海螺水泥,C30非金属矿物制品业,30.0000000000,1.1221565417,0.0500000000,0.0500000000,0.0000000000,0.0000000000,HOLD,POSITION_RETAINED
2025-03-31,2025-03-31,sh.600741,600741.SS,华域汽车,C36汽车制造业,3.0000000000,2.3267795446,0.0500000000,0.0500000000,0.0000000000,0.0000000000,HOLD,POSITION_RETAINED
2025-03-31,2025-03-31,sh.600875,600875.SS,东方电气,C34通用设备制造业,5.0000000000,2.0407326546,0.0500000000,0.0500000000,0.0000000000,0.0000000000,HOLD,POSITION_RETAINED
2025-03-31,2025-03-31,sh.600941,600941.SS,中国移动,I63电信、广播电视和卫星传输服务,52.0000000000,0.8340883001,0.0500000000,0.0000000000,-0.0500000000,0.0500000000,SELL,RANK_BELOW_EXIT_LIMIT
2025-03-31,2025-03-31,sh.600999,600999.SS,招商证券,J67资本市场服务,23.0000000000,1.2706672939,0.0000000000,0.0500000000,0.0500000000,0.0500000000,BUY,RANK_WITHIN_ENTRY_LIMIT
2025-03-31,2025-03-31,sh.601377,601377.SS,兴业证券,J67资本市场服务,17.0000000000,1.4080796702,0.0000000000,0.0500000000,0.0500000000,0.0500000000,BUY,RANK_WITHIN_ENTRY_LIMIT
2025-03-31,2025-03-31,sh.601607,601607.SS,上海医药,F52零售业,16.0000000000,1.4148173427,0.0000000000,0.0500000000,0.0500000000,0.0500000000,BUY,RANK_WITHIN_ENTRY_LIMIT
2025-03-31,2025-03-31,sh.601688,601688.SS,华泰证券,J67资本市场服务,75.0000000000,0.6017854654,0.0500000000,0.0000000000,-0.0500000000,0.0500000000,SELL,RANK_BELOW_EXIT_LIMIT
2025-03-31,2025-03-31,sh.688009,688009.SS,中国通号,C37铁路、船舶、航空航天和其他运输设备制造业,13.0000000000,1.5188955877,0.0000000000,0.0500000000,0.0500000000,0.0500000000,BUY,RANK_WITHIN_ENTRY_LIMIT
2025-03-31,2025-03-31,sh.688396,688396.SS,华润微,C39计算机、通信和其他电子设备制造业,6.0000000000,1.9960473656,0.0500000000,0.0500000000,0.0000000000,0.0000000000,HOLD,POSITION_RETAINED
2025-03-31,2025-03-31,sz.000157,000157.SZ,中联重科,C35专用设备制造业,25.0000000000,1.2604394771,0.0000000000,0.0500000000,0.0500000000,0.0500000000,BUY,RANK_WITHIN_ENTRY_LIMIT
2025-03-31,2025-03-31,sz.000425,000425.SZ,徐工机械,C35专用设备制造业,18.0000000000,1.3946418158,0.0500000000,0.0500000000,0.0000000000,0.0000000000,HOLD,POSITION_RETAINED
2025-03-31,2025-03-31,sz.000651,000651.SZ,格力电器,C38电气机械和器材制造业,61.0000000000,0.7417211706,0.0500000000,0.0000000000,-0.0500000000,0.0500000000,SELL,RANK_BELOW_EXIT_LIMIT
2025-03-31,2025-03-31,sz.000725,000725.SZ,京东方A,C39计算机、通信和其他电子设备制造业,2.0000000000,2.6337239320,0.0500000000,0.0500000000,0.0000000000,0.0000000000,HOLD,POSITION_RETAINED
2025-03-31,2025-03-31,sz.000800,000800.SZ,一汽解放,C36汽车制造业,12.0000000000,1.5243928899,0.0500000000,0.0500000000,0.0000000000,0.0000000000,HOLD,POSITION_RETAINED
2025-03-31,2025-03-31,sz.002236,002236.SZ,大华股份,C39计算机、通信和其他电子设备制造业,271.0000000000,-1.2353066229,0.0500000000,0.0000000000,-0.0500000000,0.0500000000,SELL,RANK_BELOW_EXIT_LIMIT
2025-03-31,2025-03-31,sz.002304,002304.SZ,洋河股份,C15酒、饮料和精制茶制造业,14.0000000000,1.4676045345,0.0500000000,0.0500000000,0.0000000000,0.0000000000,HOLD,POSITION_RETAINED
2025-03-31,2025-03-31,sz.002555,002555.SZ,三七互娱,I64互联网和相关服务,60.0000000000,0.7429164707,0.0500000000,0.0000000000,-0.0500000000,0.0500000000,SELL,RANK_BELOW_EXIT_LIMIT
2025-03-31,2025-03-31,sz.002736,002736.SZ,国信证券,J67资本市场服务,21.0000000000,1.3137483445,0.0500000000,0.0500000000,0.0000000000,0.0000000000,HOLD,POSITION_RETAINED
2025-03-31,2025-03-31,sz.002938,002938.SZ,鹏鼎控股,C39计算机、通信和其他电子设备制造业,4.0000000000,2.0975771156,0.0000000000,0.0500000000,0.0500000000,0.0500000000,BUY,RANK_WITHIN_ENTRY_LIMIT
2025-03-31,2025-03-31,sz.300413,300413.SZ,芒果超媒,I64互联网和相关服务,22.0000000000,1.2936363597,0.0500000000,0.0500000000,0.0000000000,0.0000000000,HOLD,POSITION_RETAINED
2025-04-30,2025-04-30,sh.600089,600089.SS,特变电工,C38电气机械和器材制造业,25.0000000000,1.1594129828,0.0500000000,0.0500000000,0.0000000000,0.0000000000,HOLD,POSITION_RETAINED
2025-04-30,2025-04-30,sh.600219,600219.SS,南山铝业,C32有色金属冶炼和压延加工业,39.0000000000,0.9632265635,0.0500000000,0.0500000000,0.0000000000,0.0000000000,HOLD,POSITION_RETAINED
2025-04-30,2025-04-30,sh.600332,600332.SS,白云山,C27医药制造业,13.0000000000,1.4410588390,0.0500000000,0.0500000000,0.0000000000,0.0000000000,HOLD,POSITION_RETAINED
2025-04-30,2025-04-30,sh.600346,600346.SS,恒力石化,C26化学原料和化学制品制造业,11.0000000000,1.5865202774,0.0000000000,0.0500000000,0.0500000000,0.0500000000,BUY,RANK_WITHIN_ENTRY_LIMIT
2025-04-30,2025-04-30,sh.600406,600406.SS,国电南瑞,I65软件和信息技术服务业,3.0000000000,2.3335512710,0.0500000000,0.0500000000,0.0000000000,0.0000000000,HOLD,POSITION_RETAINED
2025-04-30,2025-04-30,sh.600426,600426.SS,华鲁恒升,C26化学原料和化学制品制造业,29.0000000000,1.0373829208,0.0000000000,0.0500000000,0.0500000000,0.0500000000,BUY,RANK_WITHIN_ENTRY_LIMIT
2025-04-30,2025-04-30,sh.600585,600585.SS,海螺水泥,C30非金属矿物制品业,44.0000000000,0.8678652347,0.0500000000,0.0000000000,-0.0500000000,0.0500000000,SELL,RANK_BELOW_EXIT_LIMIT
2025-04-30,2025-04-30,sh.600741,600741.SS,华域汽车,C36汽车制造业,8.0000000000,1.7603247183,0.0500000000,0.0500000000,0.0000000000,0.0000000000,HOLD,POSITION_RETAINED
2025-04-30,2025-04-30,sh.600845,600845.SS,宝信软件,I65软件和信息技术服务业,17.0000000000,1.3059129347,0.0000000000,0.0500000000,0.0500000000,0.0500000000,BUY,RANK_WITHIN_ENTRY_LIMIT
2025-04-30,2025-04-30,sh.600875,600875.SS,东方电气,C34通用设备制造业,9.0000000000,1.6380770167,0.0500000000,0.0500000000,0.0000000000,0.0000000000,HOLD,POSITION_RETAINED
2025-04-30,2025-04-30,sh.600999,600999.SS,招商证券,J67资本市场服务,30.0000000000,1.0349038699,0.0500000000,0.0500000000,0.0000000000,0.0000000000,HOLD,POSITION_RETAINED
2025-04-30,2025-04-30,sh.601377,601377.SS,兴业证券,J67资本市场服务,45.0000000000,0.8513123064,0.0500000000,0.0000000000,-0.0500000000,0.0500000000,SELL,RANK_BELOW_EXIT_LIMIT
2025-04-30,2025-04-30,sh.601607,601607.SS,上海医药,F52零售业,72.0000000000,0.5444400728,0.0500000000,0.0000000000,-0.0500000000,0.0500000000,SELL,RANK_BELOW_EXIT_LIMIT
2025-04-30,2025-04-30,sh.601877,601877.SS,正泰电器,C38电气机械和器材制造业,19.0000000000,1.3014808534,0.0000000000,0.0500000000,0.0500000000,0.0500000000,BUY,RANK_WITHIN_ENTRY_LIMIT
2025-04-30,2025-04-30,sh.603195,603195.SS,公牛集团,C38电气机械和器材制造业,24.0000000000,1.1606055067,0.0000000000,0.0500000000,0.0500000000,0.0500000000,BUY,RANK_WITHIN_ENTRY_LIMIT
2025-04-30,2025-04-30,sh.603260,603260.SS,合盛硅业,C26化学原料和化学制品制造业,22.0000000000,1.1691998777,0.0000000000,0.0500000000,0.0500000000,0.0500000000,BUY,RANK_WITHIN_ENTRY_LIMIT
2025-04-30,2025-04-30,sh.688009,688009.SS,中国通号,C37铁路、船舶、航空航天和其他运输设备制造业,52.0000000000,0.7393384945,0.0500000000,0.0000000000,-0.0500000000,0.0500000000,SELL,RANK_BELOW_EXIT_LIMIT
2025-04-30,2025-04-30,sh.688396,688396.SS,华润微,C39计算机、通信和其他电子设备制造业,33.0000000000,1.0121990698,0.0500000000,0.0500000000,0.0000000000,0.0000000000,HOLD,POSITION_RETAINED
2025-04-30,2025-04-30,sz.000157,000157.SZ,中联重科,C35专用设备制造业,32.0000000000,1.0311517798,0.0500000000,0.0500000000,0.0000000000,0.0000000000,HOLD,POSITION_RETAINED
2025-04-30,2025-04-30,sz.000425,000425.SZ,徐工机械,C35专用设备制造业,56.0000000000,0.7147241006,0.0500000000,0.0000000000,-0.0500000000,0.0500000000,SELL,RANK_BELOW_EXIT_LIMIT
2025-04-30,2025-04-30,sz.000538,000538.SZ,云南白药,C27医药制造业,21.0000000000,1.1853925407,0.0000000000,0.0500000000,0.0500000000,0.0500000000,BUY,RANK_WITHIN_ENTRY_LIMIT
2025-04-30,2025-04-30,sz.000725,000725.SZ,京东方A,C39计算机、通信和其他电子设备制造业,7.0000000000,1.8486060284,0.0500000000,0.0500000000,0.0000000000,0.0000000000,HOLD,POSITION_RETAINED
2025-04-30,2025-04-30,sz.000800,000800.SZ,一汽解放,C36汽车制造业,63.0000000000,0.6506594169,0.0500000000,0.0000000000,-0.0500000000,0.0500000000,SELL,RANK_BELOW_EXIT_LIMIT
2025-04-30,2025-04-30,sz.000895,000895.SZ,双汇发展,C13农副食品加工业,10.0000000000,1.6322132785,0.0000000000,0.0500000000,0.0500000000,0.0500000000,BUY,RANK_WITHIN_ENTRY_LIMIT
2025-04-30,2025-04-30,sz.002179,002179.SZ,中航光电,C39计算机、通信和其他电子设备制造业,1.0000000000,2.4799839168,0.0000000000,0.0500000000,0.0500000000,0.0500000000,BUY,RANK_WITHIN_ENTRY_LIMIT
2025-04-30,2025-04-30,sz.002252,002252.SZ,上海莱士,C27医药制造业,15.0000000000,1.3599372929,0.0000000000,0.0500000000,0.0500000000,0.0500000000,BUY,RANK_WITHIN_ENTRY_LIMIT
2025-04-30,2025-04-30,sz.002304,002304.SZ,洋河股份,C15酒、饮料和精制茶制造业,51.0000000000,0.7399309438,0.0500000000,0.0000000000,-0.0500000000,0.0500000000,SELL,RANK_BELOW_EXIT_LIMIT
2025-04-30,2025-04-30,sz.002736,002736.SZ,国信证券,J67资本市场服务,53.0000000000,0.7378271752,0.0500000000,0.0000000000,-0.0500000000,0.0500000000,SELL,RANK_BELOW_EXIT_LIMIT
2025-04-30,2025-04-30,sz.002938,002938.SZ,鹏鼎控股,C39计算机、通信和其他电子设备制造业,123.0000000000,0.2496861060,0.0500000000,0.0000000000,-0.0500000000,0.0500000000,SELL,RANK_BELOW_EXIT_LIMIT
2025-04-30,2025-04-30,sz.300413,300413.SZ,芒果超媒,I64互联网和相关服务,65.0000000000,0.6125129344,0.0500000000,0.0000000000,-0.0500000000,0.0500000000,SELL,RANK_BELOW_EXIT_LIMIT
2025-05-31,2025-05-30,sh.600089,600089.SS,特变电工,C38电气机械和器材制造业,5.0000000000,1.7830777869,0.0500000000,0.0500000000,0.0000000000,0.0000000000,HOLD,POSITION_RETAINED
2025-05-31,2025-05-30,sh.600219,600219.SS,南山铝业,C32有色金属冶炼和压延加工业,28.0000000000,1.2051503909,0.0500000000,0.0500000000,0.0000000000,0.0000000000,HOLD,POSITION_RETAINED
2025-05-31,2025-05-30,sh.600332,600332.SS,白云山,C27医药制造业,16.0000000000,1.4485578861,0.0500000000,0.0500000000,0.0000000000,0.0000000000,HOLD,POSITION_RETAINED
2025-05-31,2025-05-30,sh.600346,600346.SS,恒力石化,C26化学原料和化学制品制造业,34.0000000000,1.0723008081,0.0500000000,0.0500000000,0.0000000000,0.0000000000,HOLD,POSITION_RETAINED
2025-05-31,2025-05-30,sh.600406,600406.SS,国电南瑞,I65软件和信息技术服务业,1.0000000000,2.4704531153,0.0500000000,0.0500000000,0.0000000000,0.0000000000,HOLD,POSITION_RETAINED
2025-05-31,2025-05-30,sh.600426,600426.SS,华鲁恒升,C26化学原料和化学制品制造业,67.0000000000,0.6505788614,0.0500000000,0.0000000000,-0.0500000000,0.0500000000,SELL,RANK_BELOW_EXIT_LIMIT
2025-05-31,2025-05-30,sh.600741,600741.SS,华域汽车,C36汽车制造业,4.0000000000,1.7836831399,0.0500000000,0.0500000000,0.0000000000,0.0000000000,HOLD,POSITION_RETAINED
2025-05-31,2025-05-30,sh.600845,600845.SS,宝信软件,I65软件和信息技术服务业,17.0000000000,1.4164967918,0.0500000000,0.0500000000,0.0000000000,0.0000000000,HOLD,POSITION_RETAINED
2025-05-31,2025-05-30,sh.600875,600875.SS,东方电气,C34通用设备制造业,32.0000000000,1.0941071039,0.0500000000,0.0500000000,0.0000000000,0.0000000000,HOLD,POSITION_RETAINED
2025-05-31,2025-05-30,sh.600999,600999.SS,招商证券,J67资本市场服务,35.0000000000,1.0569288025,0.0500000000,0.0500000000,0.0000000000,0.0000000000,HOLD,POSITION_RETAINED
2025-05-31,2025-05-30,sh.601766,601766.SS,中国中车,C37铁路、船舶、航空航天和其他运输设备制造业,6.0000000000,1.7762523053,0.0000000000,0.0500000000,0.0500000000,0.0500000000,BUY,RANK_WITHIN_ENTRY_LIMIT
2025-05-31,2025-05-30,sh.601877,601877.SS,正泰电器,C38电气机械和器材制造业,2.0000000000,2.0256162186,0.0500000000,0.0500000000,0.0000000000,0.0000000000,HOLD,POSITION_RETAINED
2025-05-31,2025-05-30,sh.603195,603195.SS,公牛集团,C38电气机械和器材制造业,8.0000000000,1.7677102476,0.0500000000,0.0500000000,0.0000000000,0.0000000000,HOLD,POSITION_RETAINED
2025-05-31,2025-05-30,sh.603260,603260.SS,合盛硅业,C26化学原料和化学制品制造业,49.0000000000,0.8701359563,0.0500000000,0.0000000000,-0.0500000000,0.0500000000,SELL,RANK_BELOW_EXIT_LIMIT
2025-05-31,2025-05-30,sh.688009,688009.SS,中国通号,C37铁路、船舶、航空航天和其他运输设备制造业,13.0000000000,1.5546877858,0.0000000000,0.0500000000,0.0500000000,0.0500000000,BUY,RANK_WITHIN_ENTRY_LIMIT
2025-05-31,2025-05-30,sh.688187,688187.SS,时代电气,C37铁路、船舶、航空航天和其他运输设备制造业,12.0000000000,1.5767405601,0.0000000000,0.0500000000,0.0500000000,0.0500000000,BUY,RANK_WITHIN_ENTRY_LIMIT
2025-05-31,2025-05-30,sh.688396,688396.SS,华润微,C39计算机、通信和其他电子设备制造业,27.0000000000,1.2190241442,0.0500000000,0.0500000000,0.0000000000,0.0000000000,HOLD,POSITION_RETAINED
2025-05-31,2025-05-30,sz.000157,000157.SZ,中联重科,C35专用设备制造业,39.0000000000,0.9531806298,0.0500000000,0.0500000000,0.0000000000,0.0000000000,HOLD,POSITION_RETAINED
2025-05-31,2025-05-30,sz.000538,000538.SZ,云南白药,C27医药制造业,23.0000000000,1.3058928124,0.0500000000,0.0500000000,0.0000000000,0.0000000000,HOLD,POSITION_RETAINED
2025-05-31,2025-05-30,sz.000725,000725.SZ,京东方A,C39计算机、通信和其他电子设备制造业,3.0000000000,1.8420496927,0.0500000000,0.0500000000,0.0000000000,0.0000000000,HOLD,POSITION_RETAINED
2025-05-31,2025-05-30,sz.000895,000895.SZ,双汇发展,C13农副食品加工业,131.0000000000,0.2009783328,0.0500000000,0.0000000000,-0.0500000000,0.0500000000,SELL,RANK_BELOW_EXIT_LIMIT
2025-05-31,2025-05-30,sz.002179,002179.SZ,中航光电,C39计算机、通信和其他电子设备制造业,37.0000000000,1.0360539325,0.0500000000,0.0500000000,0.0000000000,0.0000000000,HOLD,POSITION_RETAINED
2025-05-31,2025-05-30,sz.002252,002252.SZ,上海莱士,C27医药制造业,14.0000000000,1.4970582134,0.0500000000,0.0500000000,0.0000000000,0.0000000000,HOLD,POSITION_RETAINED
2025-06-30,2025-06-30,sh.600018,600018.SS,上港集团,G55水上运输业,7.0000000000,1.8155869538,0.0000000000,0.0500000000,0.0500000000,0.0500000000,BUY,RANK_WITHIN_ENTRY_LIMIT
2025-06-30,2025-06-30,sh.600089,600089.SS,特变电工,C38电气机械和器材制造业,8.0000000000,1.7801838335,0.0500000000,0.0500000000,0.0000000000,0.0000000000,HOLD,POSITION_RETAINED
2025-06-30,2025-06-30,sh.600219,600219.SS,南山铝业,C32有色金属冶炼和压延加工业,12.0000000000,1.6287808691,0.0500000000,0.0500000000,0.0000000000,0.0000000000,HOLD,POSITION_RETAINED
2025-06-30,2025-06-30,sh.600332,600332.SS,白云山,C27医药制造业,4.0000000000,1.8763069263,0.0500000000,0.0500000000,0.0000000000,0.0000000000,HOLD,POSITION_RETAINED
2025-06-30,2025-06-30,sh.600346,600346.SS,恒力石化,C26化学原料和化学制品制造业,30.0000000000,1.1997082709,0.0500000000,0.0500000000,0.0000000000,0.0000000000,HOLD,POSITION_RETAINED
2025-06-30,2025-06-30,sh.600406,600406.SS,国电南瑞,I65软件和信息技术服务业,1.0000000000,2.6811609710,0.0500000000,0.0500000000,0.0000000000,0.0000000000,HOLD,POSITION_RETAINED
2025-06-30,2025-06-30,sh.600741,600741.SS,华域汽车,C36汽车制造业,6.0000000000,1.8441039552,0.0500000000,0.0500000000,0.0000000000,0.0000000000,HOLD,POSITION_RETAINED
2025-06-30,2025-06-30,sh.600845,600845.SS,宝信软件,I65软件和信息技术服务业,5.0000000000,1.8668441520,0.0500000000,0.0500000000,0.0000000000,0.0000000000,HOLD,POSITION_RETAINED
2025-06-30,2025-06-30,sh.600875,600875.SS,东方电气,C34通用设备制造业,13.0000000000,1.5746993869,0.0500000000,0.0500000000,0.0000000000,0.0000000000,HOLD,POSITION_RETAINED
2025-06-30,2025-06-30,sh.600999,600999.SS,招商证券,J67资本市场服务,31.0000000000,1.1483801082,0.0500000000,0.0500000000,0.0000000000,0.0000000000,HOLD,POSITION_RETAINED
2025-06-30,2025-06-30,sh.601766,601766.SS,中国中车,C37铁路、船舶、航空航天和其他运输设备制造业,28.0000000000,1.2683671816,0.0500000000,0.0500000000,0.0000000000,0.0000000000,HOLD,POSITION_RETAINED
2025-06-30,2025-06-30,sh.601877,601877.SS,正泰电器,C38电气机械和器材制造业,9.0000000000,1.7718851137,0.0500000000,0.0500000000,0.0000000000,0.0000000000,HOLD,POSITION_RETAINED
2025-06-30,2025-06-30,sh.603195,603195.SS,公牛集团,C38电气机械和器材制造业,46.0000000000,0.9418691734,0.0500000000,0.0000000000,-0.0500000000,0.0500000000,SELL,RANK_BELOW_EXIT_LIMIT
2025-06-30,2025-06-30,sh.688009,688009.SS,中国通号,C37铁路、船舶、航空航天和其他运输设备制造业,23.0000000000,1.4127631518,0.0500000000,0.0500000000,0.0000000000,0.0000000000,HOLD,POSITION_RETAINED
2025-06-30,2025-06-30,sh.688187,688187.SS,时代电气,C37铁路、船舶、航空航天和其他运输设备制造业,26.0000000000,1.3246229870,0.0500000000,0.0500000000,0.0000000000,0.0000000000,HOLD,POSITION_RETAINED
2025-06-30,2025-06-30,sh.688396,688396.SS,华润微,C39计算机、通信和其他电子设备制造业,18.0000000000,1.4967728957,0.0500000000,0.0500000000,0.0000000000,0.0000000000,HOLD,POSITION_RETAINED
2025-06-30,2025-06-30,sz.000157,000157.SZ,中联重科,C35专用设备制造业,33.0000000000,1.1158866449,0.0500000000,0.0500000000,0.0000000000,0.0000000000,HOLD,POSITION_RETAINED
2025-06-30,2025-06-30,sz.000538,000538.SZ,云南白药,C27医药制造业,19.0000000000,1.4714951297,0.0500000000,0.0500000000,0.0000000000,0.0000000000,HOLD,POSITION_RETAINED
2025-06-30,2025-06-30,sz.000725,000725.SZ,京东方A,C39计算机、通信和其他电子设备制造业,11.0000000000,1.6421177188,0.0500000000,0.0500000000,0.0000000000,0.0000000000,HOLD,POSITION_RETAINED
2025-06-30,2025-06-30,sz.002179,002179.SZ,中航光电,C39计算机、通信和其他电子设备制造业,10.0000000000,1.6760415307,0.0500000000,0.0500000000,0.0000000000,0.0000000000,HOLD,POSITION_RETAINED
2025-06-30,2025-06-30,sz.002252,002252.SZ,上海莱士,C27医药制造业,25.0000000000,1.3504183302,0.0500000000,0.0500000000,0.0000000000,0.0000000000,HOLD,POSITION_RETAINED
2025-07-31,2025-07-31,sh.600018,600018.SS,上港集团,G55水上运输业,93.0000000000,0.4778542563,0.0500000000,0.0000000000,-0.0500000000,0.0500000000,SELL,RANK_BELOW_EXIT_LIMIT
2025-07-31,2025-07-31,sh.600019,600019.SS,宝钢股份,C31黑色金属冶炼和压延加工业,11.0000000000,1.6322454325,0.0000000000,0.0500000000,0.0500000000,0.0500000000,BUY,RANK_WITHIN_ENTRY_LIMIT
2025-07-31,2025-07-31,sh.600089,600089.SS,特变电工,C38电气机械和器材制造业,255.0000000000,-0.9457988070,0.0500000000,0.0000000000,-0.0500000000,0.0500000000,SELL,RANK_BELOW_EXIT_LIMIT
2025-07-31,2025-07-31,sh.600219,600219.SS,南山铝业,C32有色金属冶炼和压延加工业,3.0000000000,2.0080286496,0.0500000000,0.0500000000,0.0000000000,0.0000000000,HOLD,POSITION_RETAINED
2025-07-31,2025-07-31,sh.600332,600332.SS,白云山,C27医药制造业,4.0000000000,1.8919763910,0.0500000000,0.0500000000,0.0000000000,0.0000000000,HOLD,POSITION_RETAINED
2025-07-31,2025-07-31,sh.600346,600346.SS,恒力石化,C26化学原料和化学制品制造业,112.0000000000,0.3250509992,0.0500000000,0.0000000000,-0.0500000000,0.0500000000,SELL,RANK_BELOW_EXIT_LIMIT
2025-07-31,2025-07-31,sh.600362,600362.SS,江西铜业,C32有色金属冶炼和压延加工业,21.0000000000,1.2659560157,0.0000000000,0.0500000000,0.0500000000,0.0500000000,BUY,RANK_WITHIN_ENTRY_LIMIT
2025-07-31,2025-07-31,sh.600406,600406.SS,国电南瑞,I65软件和信息技术服务业,18.0000000000,1.3688111795,0.0500000000,0.0500000000,0.0000000000,0.0000000000,HOLD,POSITION_RETAINED
2025-07-31,2025-07-31,sh.600741,600741.SS,华域汽车,C36汽车制造业,23.0000000000,1.2356210177,0.0500000000,0.0500000000,0.0000000000,0.0000000000,HOLD,POSITION_RETAINED
2025-07-31,2025-07-31,sh.600845,600845.SS,宝信软件,I65软件和信息技术服务业,5.0000000000,1.8677274509,0.0500000000,0.0500000000,0.0000000000,0.0000000000,HOLD,POSITION_RETAINED
2025-07-31,2025-07-31,sh.600875,600875.SS,东方电气,C34通用设备制造业,273.0000000000,-1.2900942152,0.0500000000,0.0000000000,-0.0500000000,0.0500000000,SELL,RANK_BELOW_EXIT_LIMIT
2025-07-31,2025-07-31,sh.600999,600999.SS,招商证券,J67资本市场服务,45.0000000000,0.8735908050,0.0500000000,0.0000000000,-0.0500000000,0.0500000000,SELL,RANK_BELOW_EXIT_LIMIT
2025-07-31,2025-07-31,sh.601668,601668.SS,中国建筑,E48土木工程建筑业,14.0000000000,1.4900397836,0.0000000000,0.0500000000,0.0500000000,0.0500000000,BUY,RANK_WITHIN_ENTRY_LIMIT
2025-07-31,2025-07-31,sh.601766,601766.SS,中国中车,C37铁路、船舶、航空航天和其他运输设备制造业,41.0000000000,0.9459009410,0.0500000000,0.0000000000,-0.0500000000,0.0500000000,SELL,RANK_BELOW_EXIT_LIMIT
2025-07-31,2025-07-31,sh.601877,601877.SS,正泰电器,C38电气机械和器材制造业,1.0000000000,2.1624658248,0.0500000000,0.0500000000,0.0000000000,0.0000000000,HOLD,POSITION_RETAINED
2025-07-31,2025-07-31,sh.603195,603195.SS,公牛集团,C38电气机械和器材制造业,25.0000000000,1.1738956318,0.0000000000,0.0500000000,0.0500000000,0.0500000000,BUY,RANK_WITHIN_ENTRY_LIMIT
2025-07-31,2025-07-31,sh.688009,688009.SS,中国通号,C37铁路、船舶、航空航天和其他运输设备制造业,13.0000000000,1.4929357561,0.0500000000,0.0500000000,0.0000000000,0.0000000000,HOLD,POSITION_RETAINED
2025-07-31,2025-07-31,sh.688187,688187.SS,时代电气,C37铁路、船舶、航空航天和其他运输设备制造业,24.0000000000,1.1755096366,0.0500000000,0.0500000000,0.0000000000,0.0000000000,HOLD,POSITION_RETAINED
2025-07-31,2025-07-31,sh.688396,688396.SS,华润微,C39计算机、通信和其他电子设备制造业,16.0000000000,1.4226777320,0.0500000000,0.0500000000,0.0000000000,0.0000000000,HOLD,POSITION_RETAINED
2025-07-31,2025-07-31,sz.000157,000157.SZ,中联重科,C35专用设备制造业,182.0000000000,-0.0060282475,0.0500000000,0.0000000000,-0.0500000000,0.0500000000,SELL,RANK_BELOW_EXIT_LIMIT
2025-07-31,2025-07-31,sz.000538,000538.SZ,云南白药,C27医药制造业,35.0000000000,1.0093153540,0.0500000000,0.0500000000,0.0000000000,0.0000000000,HOLD,POSITION_RETAINED
2025-07-31,2025-07-31,sz.000651,000651.SZ,格力电器,C38电气机械和器材制造业,12.0000000000,1.5864568757,0.0000000000,0.0500000000,0.0500000000,0.0500000000,BUY,RANK_WITHIN_ENTRY_LIMIT
2025-07-31,2025-07-31,sz.000708,000708.SZ,中信特钢,C31黑色金属冶炼和压延加工业,9.0000000000,1.7213876457,0.0000000000,0.0500000000,0.0500000000,0.0500000000,BUY,RANK_WITHIN_ENTRY_LIMIT
2025-07-31,2025-07-31,sz.000725,000725.SZ,京东方A,C39计算机、通信和其他电子设备制造业,6.0000000000,1.8298579585,0.0500000000,0.0500000000,0.0000000000,0.0000000000,HOLD,POSITION_RETAINED
2025-07-31,2025-07-31,sz.002179,002179.SZ,中航光电,C39计算机、通信和其他电子设备制造业,22.0000000000,1.2442513924,0.0500000000,0.0500000000,0.0000000000,0.0000000000,HOLD,POSITION_RETAINED
2025-07-31,2025-07-31,sz.002252,002252.SZ,上海莱士,C27医药制造业,10.0000000000,1.6885698557,0.0500000000,0.0500000000,0.0000000000,0.0000000000,HOLD,POSITION_RETAINED
2025-07-31,2025-07-31,sz.300413,300413.SZ,芒果超媒,I64互联网和相关服务,7.0000000000,1.8080079585,0.0000000000,0.0500000000,0.0500000000,0.0500000000,BUY,RANK_WITHIN_ENTRY_LIMIT
2025-08-31,2025-08-29,sh.600019,600019.SS,宝钢股份,C31黑色金属冶炼和压延加工业,8.0000000000,1.8156562204,0.0500000000,0.0500000000,0.0000000000,0.0000000000,HOLD,POSITION_RETAINED
2025-08-31,2025-08-29,sh.600219,600219.SS,南山铝业,C32有色金属冶炼和压延加工业,6.0000000000,1.8863640295,0.0500000000,0.0500000000,0.0000000000,0.0000000000,HOLD,POSITION_RETAINED
2025-08-31,2025-08-29,sh.600332,600332.SS,白云山,C27医药制造业,17.0000000000,1.4194757399,0.0500000000,0.0500000000,0.0000000000,0.0000000000,HOLD,POSITION_RETAINED
2025-08-31,2025-08-29,sh.600362,600362.SS,江西铜业,C32有色金属冶炼和压延加工业,46.0000000000,0.8022320849,0.0500000000,0.0000000000,-0.0500000000,0.0500000000,SELL,RANK_BELOW_EXIT_LIMIT
2025-08-31,2025-08-29,sh.600406,600406.SS,国电南瑞,I65软件和信息技术服务业,2.0000000000,2.5370076428,0.0500000000,0.0500000000,0.0000000000,0.0000000000,HOLD,POSITION_RETAINED
2025-08-31,2025-08-29,sh.600690,600690.SS,海尔智家,C38电气机械和器材制造业,14.0000000000,1.5150077990,0.0000000000,0.0500000000,0.0500000000,0.0500000000,BUY,RANK_WITHIN_ENTRY_LIMIT
2025-08-31,2025-08-29,sh.600741,600741.SS,华域汽车,C36汽车制造业,39.0000000000,0.9082971711,0.0500000000,0.0500000000,0.0000000000,0.0000000000,HOLD,POSITION_RETAINED
2025-08-31,2025-08-29,sh.600845,600845.SS,宝信软件,I65软件和信息技术服务业,13.0000000000,1.5283104501,0.0500000000,0.0500000000,0.0000000000,0.0000000000,HOLD,POSITION_RETAINED
2025-08-31,2025-08-29,sh.601238,601238.SS,广汽集团,C36汽车制造业,19.0000000000,1.3285161102,0.0000000000,0.0500000000,0.0500000000,0.0500000000,BUY,RANK_WITHIN_ENTRY_LIMIT
2025-08-31,2025-08-29,sh.601360,601360.SS,三六零,I64互联网和相关服务,4.0000000000,2.0893194983,0.0000000000,0.0500000000,0.0500000000,0.0500000000,BUY,RANK_WITHIN_ENTRY_LIMIT
2025-08-31,2025-08-29,sh.601668,601668.SS,中国建筑,E48土木工程建筑业,83.0000000000,0.4988430074,0.0500000000,0.0000000000,-0.0500000000,0.0500000000,SELL,RANK_BELOW_EXIT_LIMIT
2025-08-31,2025-08-29,sh.601728,601728.SS,中国电信,I63电信、广播电视和卫星传输服务,23.0000000000,1.2603813251,0.0000000000,0.0500000000,0.0500000000,0.0500000000,BUY,RANK_WITHIN_ENTRY_LIMIT
2025-08-31,2025-08-29,sh.601877,601877.SS,正泰电器,C38电气机械和器材制造业,61.0000000000,0.6776532721,0.0500000000,0.0000000000,-0.0500000000,0.0500000000,SELL,RANK_BELOW_EXIT_LIMIT
2025-08-31,2025-08-29,sh.603195,603195.SS,公牛集团,C38电气机械和器材制造业,26.0000000000,1.1903007770,0.0500000000,0.0500000000,0.0000000000,0.0000000000,HOLD,POSITION_RETAINED
2025-08-31,2025-08-29,sh.688009,688009.SS,中国通号,C37铁路、船舶、航空航天和其他运输设备制造业,18.0000000000,1.3588982622,0.0500000000,0.0500000000,0.0000000000,0.0000000000,HOLD,POSITION_RETAINED
2025-08-31,2025-08-29,sh.688187,688187.SS,时代电气,C37铁路、船舶、航空航天和其他运输设备制造业,133.0000000000,0.2115145797,0.0500000000,0.0000000000,-0.0500000000,0.0500000000,SELL,RANK_BELOW_EXIT_LIMIT
2025-08-31,2025-08-29,sh.688396,688396.SS,华润微,C39计算机、通信和其他电子设备制造业,11.0000000000,1.6324908803,0.0500000000,0.0500000000,0.0000000000,0.0000000000,HOLD,POSITION_RETAINED
2025-08-31,2025-08-29,sz.000157,000157.SZ,中联重科,C35专用设备制造业,10.0000000000,1.7401475091,0.0000000000,0.0500000000,0.0500000000,0.0500000000,BUY,RANK_WITHIN_ENTRY_LIMIT
2025-08-31,2025-08-29,sz.000333,000333.SZ,美的集团,C38电气机械和器材制造业,12.0000000000,1.5393403062,0.0000000000,0.0500000000,0.0500000000,0.0500000000,BUY,RANK_WITHIN_ENTRY_LIMIT
2025-08-31,2025-08-29,sz.000538,000538.SZ,云南白药,C27医药制造业,30.0000000000,1.0905175317,0.0500000000,0.0500000000,0.0000000000,0.0000000000,HOLD,POSITION_RETAINED
2025-08-31,2025-08-29,sz.000651,000651.SZ,格力电器,C38电气机械和器材制造业,87.0000000000,0.4819591997,0.0500000000,0.0000000000,-0.0500000000,0.0500000000,SELL,RANK_BELOW_EXIT_LIMIT
2025-08-31,2025-08-29,sz.000708,000708.SZ,中信特钢,C31黑色金属冶炼和压延加工业,16.0000000000,1.4978647844,0.0500000000,0.0500000000,0.0000000000,0.0000000000,HOLD,POSITION_RETAINED
2025-08-31,2025-08-29,sz.000725,000725.SZ,京东方A,C39计算机、通信和其他电子设备制造业,3.0000000000,2.3240939549,0.0500000000,0.0500000000,0.0000000000,0.0000000000,HOLD,POSITION_RETAINED
2025-08-31,2025-08-29,sz.002179,002179.SZ,中航光电,C39计算机、通信和其他电子设备制造业,5.0000000000,1.9349073564,0.0500000000,0.0500000000,0.0000000000,0.0000000000,HOLD,POSITION_RETAINED
2025-08-31,2025-08-29,sz.002252,002252.SZ,上海莱士,C27医药制造业,31.0000000000,1.0603681477,0.0500000000,0.0500000000,0.0000000000,0.0000000000,HOLD,POSITION_RETAINED
2025-08-31,2025-08-29,sz.300413,300413.SZ,芒果超媒,I64互联网和相关服务,242.0000000000,-0.6710311456,0.0500000000,0.0000000000,-0.0500000000,0.0500000000,SELL,RANK_BELOW_EXIT_LIMIT
2025-09-30,2025-09-30,sh.600019,600019.SS,宝钢股份,C31黑色金属冶炼和压延加工业,31.0000000000,1.0785082583,0.0500000000,0.0500000000,0.0000000000,0.0000000000,HOLD,POSITION_RETAINED
2025-09-30,2025-09-30,sh.600219,600219.SS,南山铝业,C32有色金属冶炼和压延加工业,9.0000000000,1.9232494452,0.0500000000,0.0500000000,0.0000000000,0.0000000000,HOLD,POSITION_RETAINED
2025-09-30,2025-09-30,sh.600332,600332.SS,白云山,C27医药制造业,22.0000000000,1.2571941656,0.0500000000,0.0500000000,0.0000000000,0.0000000000,HOLD,POSITION_RETAINED
2025-09-30,2025-09-30,sh.600406,600406.SS,国电南瑞,I65软件和信息技术服务业,7.0000000000,2.0886432713,0.0500000000,0.0500000000,0.0000000000,0.0000000000,HOLD,POSITION_RETAINED
2025-09-30,2025-09-30,sh.600690,600690.SS,海尔智家,C38电气机械和器材制造业,10.0000000000,1.8900619444,0.0500000000,0.0500000000,0.0000000000,0.0000000000,HOLD,POSITION_RETAINED
2025-09-30,2025-09-30,sh.600741,600741.SS,华域汽车,C36汽车制造业,45.0000000000,0.8577342989,0.0500000000,0.0000000000,-0.0500000000,0.0500000000,SELL,RANK_BELOW_EXIT_LIMIT
2025-09-30,2025-09-30,sh.600845,600845.SS,宝信软件,I65软件和信息技术服务业,17.0000000000,1.4618896935,0.0500000000,0.0500000000,0.0000000000,0.0000000000,HOLD,POSITION_RETAINED
2025-09-30,2025-09-30,sh.600875,600875.SS,东方电气,C34通用设备制造业,11.0000000000,1.8081240601,0.0000000000,0.0500000000,0.0500000000,0.0500000000,BUY,RANK_WITHIN_ENTRY_LIMIT
2025-09-30,2025-09-30,sh.601238,601238.SS,广汽集团,C36汽车制造业,20.0000000000,1.3634933177,0.0500000000,0.0500000000,0.0000000000,0.0000000000,HOLD,POSITION_RETAINED
2025-09-30,2025-09-30,sh.601360,601360.SS,三六零,I64互联网和相关服务,30.0000000000,1.0896776941,0.0500000000,0.0500000000,0.0000000000,0.0000000000,HOLD,POSITION_RETAINED
2025-09-30,2025-09-30,sh.601728,601728.SS,中国电信,I63电信、广播电视和卫星传输服务,27.0000000000,1.1801060517,0.0500000000,0.0500000000,0.0000000000,0.0000000000,HOLD,POSITION_RETAINED
2025-09-30,2025-09-30,sh.601766,601766.SS,中国中车,C37铁路、船舶、航空航天和其他运输设备制造业,18.0000000000,1.4564169251,0.0000000000,0.0500000000,0.0500000000,0.0500000000,BUY,RANK_WITHIN_ENTRY_LIMIT
2025-09-30,2025-09-30,sh.603195,603195.SS,公牛集团,C38电气机械和器材制造业,8.0000000000,2.0631181627,0.0500000000,0.0500000000,0.0000000000,0.0000000000,HOLD,POSITION_RETAINED
2025-09-30,2025-09-30,sh.688009,688009.SS,中国通号,C37铁路、船舶、航空航天和其他运输设备制造业,16.0000000000,1.5040002876,0.0500000000,0.0500000000,0.0000000000,0.0000000000,HOLD,POSITION_RETAINED
2025-09-30,2025-09-30,sh.688396,688396.SS,华润微,C39计算机、通信和其他电子设备制造业,12.0000000000,1.7087140792,0.0500000000,0.0500000000,0.0000000000,0.0000000000,HOLD,POSITION_RETAINED
2025-09-30,2025-09-30,sz.000157,000157.SZ,中联重科,C35专用设备制造业,24.0000000000,1.2205175120,0.0500000000,0.0500000000,0.0000000000,0.0000000000,HOLD,POSITION_RETAINED
2025-09-30,2025-09-30,sz.000333,000333.SZ,美的集团,C38电气机械和器材制造业,6.0000000000,2.1515256292,0.0500000000,0.0500000000,0.0000000000,0.0000000000,HOLD,POSITION_RETAINED
2025-09-30,2025-09-30,sz.000538,000538.SZ,云南白药,C27医药制造业,35.0000000000,1.0247248388,0.0500000000,0.0500000000,0.0000000000,0.0000000000,HOLD,POSITION_RETAINED
2025-09-30,2025-09-30,sz.000708,000708.SZ,中信特钢,C31黑色金属冶炼和压延加工业,51.0000000000,0.7660382106,0.0500000000,0.0000000000,-0.0500000000,0.0500000000,SELL,RANK_BELOW_EXIT_LIMIT
2025-09-30,2025-09-30,sz.000725,000725.SZ,京东方A,C39计算机、通信和其他电子设备制造业,1.0000000000,3.0667147940,0.0500000000,0.0500000000,0.0000000000,0.0000000000,HOLD,POSITION_RETAINED
2025-09-30,2025-09-30,sz.002179,002179.SZ,中航光电,C39计算机、通信和其他电子设备制造业,4.0000000000,2.3687125775,0.0500000000,0.0500000000,0.0000000000,0.0000000000,HOLD,POSITION_RETAINED
2025-09-30,2025-09-30,sz.002252,002252.SZ,上海莱士,C27医药制造业,23.0000000000,1.2471017254,0.0500000000,0.0500000000,0.0000000000,0.0000000000,HOLD,POSITION_RETAINED
2025-10-31,2025-10-31,sh.600019,600019.SS,宝钢股份,C31黑色金属冶炼和压延加工业,14.0000000000,1.7260718105,0.0500000000,0.0500000000,0.0000000000,0.0000000000,HOLD,POSITION_RETAINED
2025-10-31,2025-10-31,sh.600219,600219.SS,南山铝业,C32有色金属冶炼和压延加工业,20.0000000000,1.2982236713,0.0500000000,0.0500000000,0.0000000000,0.0000000000,HOLD,POSITION_RETAINED
2025-10-31,2025-10-31,sh.600332,600332.SS,白云山,C27医药制造业,32.0000000000,1.0484855320,0.0500000000,0.0500000000,0.0000000000,0.0000000000,HOLD,POSITION_RETAINED
2025-10-31,2025-10-31,sh.600406,600406.SS,国电南瑞,I65软件和信息技术服务业,5.0000000000,2.2993130252,0.0500000000,0.0500000000,0.0000000000,0.0000000000,HOLD,POSITION_RETAINED
2025-10-31,2025-10-31,sh.600690,600690.SS,海尔智家,C38电气机械和器材制造业,8.0000000000,2.1118102092,0.0500000000,0.0500000000,0.0000000000,0.0000000000,HOLD,POSITION_RETAINED
2025-10-31,2025-10-31,sh.600741,600741.SS,华域汽车,C36汽车制造业,22.0000000000,1.2863876401,0.0000000000,0.0500000000,0.0500000000,0.0500000000,BUY,RANK_WITHIN_ENTRY_LIMIT
2025-10-31,2025-10-31,sh.600845,600845.SS,宝信软件,I65软件和信息技术服务业,12.0000000000,1.8796098786,0.0500000000,0.0500000000,0.0000000000,0.0000000000,HOLD,POSITION_RETAINED
2025-10-31,2025-10-31,sh.600875,600875.SS,东方电气,C34通用设备制造业,120.0000000000,0.2746770995,0.0500000000,0.0000000000,-0.0500000000,0.0500000000,SELL,RANK_BELOW_EXIT_LIMIT
2025-10-31,2025-10-31,sh.601238,601238.SS,广汽集团,C36汽车制造业,36.0000000000,0.9721406243,0.0500000000,0.0500000000,0.0000000000,0.0000000000,HOLD,POSITION_RETAINED
2025-10-31,2025-10-31,sh.601360,601360.SS,三六零,I64互联网和相关服务,99.0000000000,0.4150174306,0.0500000000,0.0000000000,-0.0500000000,0.0500000000,SELL,RANK_BELOW_EXIT_LIMIT
2025-10-31,2025-10-31,sh.601600,601600.SS,中国铝业,C32有色金属冶炼和压延加工业,15.0000000000,1.6632993357,0.0000000000,0.0500000000,0.0500000000,0.0500000000,BUY,RANK_WITHIN_ENTRY_LIMIT
2025-10-31,2025-10-31,sh.601728,601728.SS,中国电信,I63电信、广播电视和卫星传输服务,53.0000000000,0.7842048713,0.0500000000,0.0000000000,-0.0500000000,0.0500000000,SELL,RANK_BELOW_EXIT_LIMIT
2025-10-31,2025-10-31,sh.601766,601766.SS,中国中车,C37铁路、船舶、航空航天和其他运输设备制造业,41.0000000000,0.9134107474,0.0500000000,0.0000000000,-0.0500000000,0.0500000000,SELL,RANK_BELOW_EXIT_LIMIT
2025-10-31,2025-10-31,sh.603195,603195.SS,公牛集团,C38电气机械和器材制造业,6.0000000000,2.2560117593,0.0500000000,0.0500000000,0.0000000000,0.0000000000,HOLD,POSITION_RETAINED
2025-10-31,2025-10-31,sh.688009,688009.SS,中国通号,C37铁路、船舶、航空航天和其他运输设备制造业,18.0000000000,1.4418176234,0.0500000000,0.0500000000,0.0000000000,0.0000000000,HOLD,POSITION_RETAINED
2025-10-31,2025-10-31,sh.688396,688396.SS,华润微,C39计算机、通信和其他电子设备制造业,37.0000000000,0.9664162446,0.0500000000,0.0500000000,0.0000000000,0.0000000000,HOLD,POSITION_RETAINED
2025-10-31,2025-10-31,sz.000157,000157.SZ,中联重科,C35专用设备制造业,13.0000000000,1.7324843704,0.0500000000,0.0500000000,0.0000000000,0.0000000000,HOLD,POSITION_RETAINED
2025-10-31,2025-10-31,sz.000333,000333.SZ,美的集团,C38电气机械和器材制造业,4.0000000000,2.3505419474,0.0500000000,0.0500000000,0.0000000000,0.0000000000,HOLD,POSITION_RETAINED
2025-10-31,2025-10-31,sz.000538,000538.SZ,云南白药,C27医药制造业,39.0000000000,0.9294683939,0.0500000000,0.0500000000,0.0000000000,0.0000000000,HOLD,POSITION_RETAINED
2025-10-31,2025-10-31,sz.000708,000708.SZ,中信特钢,C31黑色金属冶炼和压延加工业,19.0000000000,1.3668695678,0.0000000000,0.0500000000,0.0500000000,0.0500000000,BUY,RANK_WITHIN_ENTRY_LIMIT
2025-10-31,2025-10-31,sz.000725,000725.SZ,京东方A,C39计算机、通信和其他电子设备制造业,1.0000000000,2.7013871891,0.0500000000,0.0500000000,0.0000000000,0.0000000000,HOLD,POSITION_RETAINED
2025-10-31,2025-10-31,sz.000807,000807.SZ,云铝股份,C32有色金属冶炼和压延加工业,7.0000000000,2.1811891154,0.0000000000,0.0500000000,0.0500000000,0.0500000000,BUY,RANK_WITHIN_ENTRY_LIMIT
2025-10-31,2025-10-31,sz.002179,002179.SZ,中航光电,C39计算机、通信和其他电子设备制造业,11.0000000000,1.8843767500,0.0500000000,0.0500000000,0.0000000000,0.0000000000,HOLD,POSITION_RETAINED
2025-10-31,2025-10-31,sz.002252,002252.SZ,上海莱士,C27医药制造业,27.0000000000,1.1561029342,0.0500000000,0.0500000000,0.0000000000,0.0000000000,HOLD,POSITION_RETAINED
2025-11-30,2025-11-28,sh.600019,600019.SS,宝钢股份,C31黑色金属冶炼和压延加工业,17.0000000000,1.3505212579,0.0500000000,0.0500000000,0.0000000000,0.0000000000,HOLD,POSITION_RETAINED
2025-11-30,2025-11-28,sh.600219,600219.SS,南山铝业,C32有色金属冶炼和压延加工业,87.0000000000,0.4998826685,0.0500000000,0.0000000000,-0.0500000000,0.0500000000,SELL,RANK_BELOW_EXIT_LIMIT
2025-11-30,2025-11-28,sh.600332,600332.SS,白云山,C27医药制造业,29.0000000000,1.1931376610,0.0500000000,0.0500000000,0.0000000000,0.0000000000,HOLD,POSITION_RETAINED
2025-11-30,2025-11-28,sh.600362,600362.SS,江西铜业,C32有色金属冶炼和压延加工业,21.0000000000,1.2915930977,0.0000000000,0.0500000000,0.0500000000,0.0500000000,BUY,RANK_WITHIN_ENTRY_LIMIT
2025-11-30,2025-11-28,sh.600406,600406.SS,国电南瑞,I65软件和信息技术服务业,13.0000000000,1.4606623636,0.0500000000,0.0500000000,0.0000000000,0.0000000000,HOLD,POSITION_RETAINED
2025-11-30,2025-11-28,sh.600585,600585.SS,海螺水泥,C30非金属矿物制品业,19.0000000000,1.3316380310,0.0000000000,0.0500000000,0.0500000000,0.0500000000,BUY,RANK_WITHIN_ENTRY_LIMIT
2025-11-30,2025-11-28,sh.600690,600690.SS,海尔智家,C38电气机械和器材制造业,2.0000000000,2.6626192257,0.0500000000,0.0500000000,0.0000000000,0.0000000000,HOLD,POSITION_RETAINED
2025-11-30,2025-11-28,sh.600741,600741.SS,华域汽车,C36汽车制造业,12.0000000000,1.5628604009,0.0500000000,0.0500000000,0.0000000000,0.0000000000,HOLD,POSITION_RETAINED
2025-11-30,2025-11-28,sh.600845,600845.SS,宝信软件,I65软件和信息技术服务业,10.0000000000,1.6495494617,0.0500000000,0.0500000000,0.0000000000,0.0000000000,HOLD,POSITION_RETAINED
2025-11-30,2025-11-28,sh.601238,601238.SS,广汽集团,C36汽车制造业,256.0000000000,-0.9103936380,0.0500000000,0.0000000000,-0.0500000000,0.0500000000,SELL,RANK_BELOW_EXIT_LIMIT
2025-11-30,2025-11-28,sh.601600,601600.SS,中国铝业,C32有色金属冶炼和压延加工业,162.0000000000,0.0063835637,0.0500000000,0.0000000000,-0.0500000000,0.0500000000,SELL,RANK_BELOW_EXIT_LIMIT
2025-11-30,2025-11-28,sh.603195,603195.SS,公牛集团,C38电气机械和器材制造业,4.0000000000,2.5581433201,0.0500000000,0.0500000000,0.0000000000,0.0000000000,HOLD,POSITION_RETAINED
2025-11-30,2025-11-28,sh.688009,688009.SS,中国通号,C37铁路、船舶、航空航天和其他运输设备制造业,22.0000000000,1.2790926418,0.0500000000,0.0500000000,0.0000000000,0.0000000000,HOLD,POSITION_RETAINED
2025-11-30,2025-11-28,sh.688396,688396.SS,华润微,C39计算机、通信和其他电子设备制造业,15.0000000000,1.4546895440,0.0500000000,0.0500000000,0.0000000000,0.0000000000,HOLD,POSITION_RETAINED
2025-11-30,2025-11-28,sz.000157,000157.SZ,中联重科,C35专用设备制造业,14.0000000000,1.4569520989,0.0500000000,0.0500000000,0.0000000000,0.0000000000,HOLD,POSITION_RETAINED
2025-11-30,2025-11-28,sz.000333,000333.SZ,美的集团,C38电气机械和器材制造业,5.0000000000,2.5217634903,0.0500000000,0.0500000000,0.0000000000,0.0000000000,HOLD,POSITION_RETAINED
2025-11-30,2025-11-28,sz.000425,000425.SZ,徐工机械,C35专用设备制造业,23.0000000000,1.2771884669,0.0000000000,0.0500000000,0.0500000000,0.0500000000,BUY,RANK_WITHIN_ENTRY_LIMIT
2025-11-30,2025-11-28,sz.000538,000538.SZ,云南白药,C27医药制造业,46.0000000000,0.8836803883,0.0500000000,0.0000000000,-0.0500000000,0.0500000000,SELL,RANK_BELOW_EXIT_LIMIT
2025-11-30,2025-11-28,sz.000708,000708.SZ,中信特钢,C31黑色金属冶炼和压延加工业,31.0000000000,1.1321050346,0.0500000000,0.0500000000,0.0000000000,0.0000000000,HOLD,POSITION_RETAINED
2025-11-30,2025-11-28,sz.000725,000725.SZ,京东方A,C39计算机、通信和其他电子设备制造业,3.0000000000,2.6489229527,0.0500000000,0.0500000000,0.0000000000,0.0000000000,HOLD,POSITION_RETAINED
2025-11-30,2025-11-28,sz.000807,000807.SZ,云铝股份,C32有色金属冶炼和压延加工业,38.0000000000,0.9689689769,0.0500000000,0.0500000000,0.0000000000,0.0000000000,HOLD,POSITION_RETAINED
2025-11-30,2025-11-28,sz.002179,002179.SZ,中航光电,C39计算机、通信和其他电子设备制造业,8.0000000000,1.8132714479,0.0500000000,0.0500000000,0.0000000000,0.0000000000,HOLD,POSITION_RETAINED
2025-11-30,2025-11-28,sz.002252,002252.SZ,上海莱士,C27医药制造业,33.0000000000,1.0849543110,0.0500000000,0.0500000000,0.0000000000,0.0000000000,HOLD,POSITION_RETAINED
2025-11-30,2025-11-28,sz.300413,300413.SZ,芒果超媒,I64互联网和相关服务,9.0000000000,1.6745407015,0.0000000000,0.0500000000,0.0500000000,0.0500000000,BUY,RANK_WITHIN_ENTRY_LIMIT
2025-12-31,2025-12-31,sh.600019,600019.SS,宝钢股份,C31黑色金属冶炼和压延加工业,81.0000000000,0.5183838890,0.0500000000,0.0000000000,-0.0500000000,0.0500000000,SELL,RANK_BELOW_EXIT_LIMIT
2025-12-31,2025-12-31,sh.600048,600048.SS,保利发展,K70房地产业,23.0000000000,1.3875250453,0.0000000000,0.0500000000,0.0500000000,0.0500000000,BUY,RANK_WITHIN_ENTRY_LIMIT
2025-12-31,2025-12-31,sh.600050,600050.SS,中国联通,I63电信、广播电视和卫星传输服务,8.0000000000,1.8673476014,0.0000000000,0.0500000000,0.0500000000,0.0500000000,BUY,RANK_WITHIN_ENTRY_LIMIT
2025-12-31,2025-11-28,sh.600332,600332.SS,白云山,C27医药制造业,29.0000000000,1.1931376610,0.0500000000,0.0000000000,-0.0500000000,0.0500000000,SELL,NO_LONGER_ELIGIBLE
2025-12-31,2025-12-31,sh.600362,600362.SS,江西铜业,C32有色金属冶炼和压延加工业,263.0000000000,-1.0541043008,0.0500000000,0.0000000000,-0.0500000000,0.0500000000,SELL,RANK_BELOW_EXIT_LIMIT
2025-12-31,2025-12-31,sh.600406,600406.SS,国电南瑞,I65软件和信息技术服务业,9.0000000000,1.7578882308,0.0500000000,0.0500000000,0.0000000000,0.0000000000,HOLD,POSITION_RETAINED
2025-12-31,2025-12-31,sh.600585,600585.SS,海螺水泥,C30非金属矿物制品业,37.0000000000,0.9647642034,0.0500000000,0.0500000000,0.0000000000,0.0000000000,HOLD,POSITION_RETAINED
2025-12-31,2025-12-31,sh.600690,600690.SS,海尔智家,C38电气机械和器材制造业,7.0000000000,1.9426071435,0.0500000000,0.0500000000,0.0000000000,0.0000000000,HOLD,POSITION_RETAINED
2025-12-31,2025-12-31,sh.600741,600741.SS,华域汽车,C36汽车制造业,22.0000000000,1.4078535347,0.0500000000,0.0500000000,0.0000000000,0.0000000000,HOLD,POSITION_RETAINED
2025-12-31,2025-12-31,sh.600845,600845.SS,宝信软件,I65软件和信息技术服务业,14.0000000000,1.4750460757,0.0500000000,0.0500000000,0.0000000000,0.0000000000,HOLD,POSITION_RETAINED
2025-12-31,2025-12-31,sh.600941,600941.SS,中国移动,I63电信、广播电视和卫星传输服务,26.0000000000,1.1951559055,0.0000000000,0.0500000000,0.0500000000,0.0500000000,BUY,RANK_WITHIN_ENTRY_LIMIT
2025-12-31,2025-12-31,sh.601100,601100.SS,恒立液压,C34通用设备制造业,20.0000000000,1.4179177895,0.0000000000,0.0500000000,0.0500000000,0.0500000000,BUY,RANK_WITHIN_ENTRY_LIMIT
2025-12-31,2025-12-31,sh.601728,601728.SS,中国电信,I63电信、广播电视和卫星传输服务,12.0000000000,1.5331487799,0.0000000000,0.0500000000,0.0500000000,0.0500000000,BUY,RANK_WITHIN_ENTRY_LIMIT
2025-12-31,2025-12-31,sh.603195,603195.SS,公牛集团,C38电气机械和器材制造业,10.0000000000,1.6593385370,0.0500000000,0.0500000000,0.0000000000,0.0000000000,HOLD,POSITION_RETAINED
2025-12-31,2025-12-31,sh.688009,688009.SS,中国通号,C37铁路、船舶、航空航天和其他运输设备制造业,16.0000000000,1.4683697518,0.0500000000,0.0500000000,0.0000000000,0.0000000000,HOLD,POSITION_RETAINED
2025-12-31,2025-12-31,sh.688396,688396.SS,华润微,C39计算机、通信和其他电子设备制造业,149.0000000000,0.0955273998,0.0500000000,0.0000000000,-0.0500000000,0.0500000000,SELL,RANK_BELOW_EXIT_LIMIT
2025-12-31,2025-12-31,sz.000157,000157.SZ,中联重科,C35专用设备制造业,18.0000000000,1.4490066664,0.0500000000,0.0500000000,0.0000000000,0.0000000000,HOLD,POSITION_RETAINED
2025-12-31,2025-12-31,sz.000333,000333.SZ,美的集团,C38电气机械和器材制造业,6.0000000000,1.9599499318,0.0500000000,0.0500000000,0.0000000000,0.0000000000,HOLD,POSITION_RETAINED
2025-12-31,2025-12-31,sz.000425,000425.SZ,徐工机械,C35专用设备制造业,68.0000000000,0.6090246220,0.0500000000,0.0000000000,-0.0500000000,0.0500000000,SELL,RANK_BELOW_EXIT_LIMIT
2025-12-31,2025-12-31,sz.000708,000708.SZ,中信特钢,C31黑色金属冶炼和压延加工业,129.0000000000,0.1957853156,0.0500000000,0.0000000000,-0.0500000000,0.0500000000,SELL,RANK_BELOW_EXIT_LIMIT
2025-12-31,2025-12-31,sz.000725,000725.SZ,京东方A,C39计算机、通信和其他电子设备制造业,13.0000000000,1.4832953212,0.0500000000,0.0500000000,0.0000000000,0.0000000000,HOLD,POSITION_RETAINED
2025-12-31,2025-12-31,sz.000807,000807.SZ,云铝股份,C32有色金属冶炼和压延加工业,34.0000000000,0.9791573824,0.0500000000,0.0500000000,0.0000000000,0.0000000000,HOLD,POSITION_RETAINED
2025-12-31,2025-12-31,sz.001979,001979.SZ,招商蛇口,K70房地产业,4.0000000000,2.1663194137,0.0000000000,0.0500000000,0.0500000000,0.0500000000,BUY,RANK_WITHIN_ENTRY_LIMIT
2025-12-31,2025-12-31,sz.002027,002027.SZ,分众传媒,L72商务服务业,19.0000000000,1.4222719075,0.0000000000,0.0500000000,0.0500000000,0.0500000000,BUY,RANK_WITHIN_ENTRY_LIMIT
2025-12-31,2025-12-31,sz.002179,002179.SZ,中航光电,C39计算机、通信和其他电子设备制造业,50.0000000000,0.8697157583,0.0500000000,0.0000000000,-0.0500000000,0.0500000000,SELL,RANK_BELOW_EXIT_LIMIT
2025-12-31,2025-12-31,sz.002236,002236.SZ,大华股份,C39计算机、通信和其他电子设备制造业,1.0000000000,2.7433232828,0.0000000000,0.0500000000,0.0500000000,0.0500000000,BUY,RANK_WITHIN_ENTRY_LIMIT
2025-12-31,2025-12-31,sz.002252,002252.SZ,上海莱士,C27医药制造业,41.0000000000,0.9350649712,0.0500000000,0.0000000000,-0.0500000000,0.0500000000,SELL,RANK_BELOW_EXIT_LIMIT
2025-12-31,2025-12-31,sz.002415,002415.SZ,海康威视,C39计算机、通信和其他电子设备制造业,2.0000000000,2.5999825674,0.0000000000,0.0500000000,0.0500000000,0.0500000000,BUY,RANK_WITHIN_ENTRY_LIMIT
2025-12-31,2025-12-31,sz.300413,300413.SZ,芒果超媒,I64互联网和相关服务,43.0000000000,0.9327381004,0.0500000000,0.0000000000,-0.0500000000,0.0500000000,SELL,RANK_BELOW_EXIT_LIMIT
2026-01-31,2026-01-30,sh.600048,600048.SS,保利发展,K70房地产业,147.0000000000,0.0967739745,0.0500000000,0.0000000000,-0.0500000000,0.0500000000,SELL,RANK_BELOW_EXIT_LIMIT
2026-01-31,2026-01-30,sh.600050,600050.SS,中国联通,I63电信、广播电视和卫星传输服务,9.0000000000,1.7575800956,0.0500000000,0.0500000000,0.0000000000,0.0000000000,HOLD,POSITION_RETAINED
2026-01-31,2026-01-30,sh.600406,600406.SS,国电南瑞,I65软件和信息技术服务业,12.0000000000,1.6681163939,0.0500000000,0.0500000000,0.0000000000,0.0000000000,HOLD,POSITION_RETAINED
2026-01-31,2026-01-30,sh.600585,600585.SS,海螺水泥,C30非金属矿物制品业,79.0000000000,0.5407971338,0.0500000000,0.0000000000,-0.0500000000,0.0500000000,SELL,RANK_BELOW_EXIT_LIMIT
2026-01-31,2026-01-30,sh.600690,600690.SS,海尔智家,C38电气机械和器材制造业,2.0000000000,2.0851284930,0.0500000000,0.0500000000,0.0000000000,0.0000000000,HOLD,POSITION_RETAINED
2026-01-31,2026-01-30,sh.600741,600741.SS,华域汽车,C36汽车制造业,24.0000000000,1.3138557874,0.0500000000,0.0500000000,0.0000000000,0.0000000000,HOLD,POSITION_RETAINED
2026-01-31,2026-01-30,sh.600845,600845.SS,宝信软件,I65软件和信息技术服务业,38.0000000000,0.9510586426,0.0500000000,0.0500000000,0.0000000000,0.0000000000,HOLD,POSITION_RETAINED
2026-01-31,2026-01-30,sh.600941,600941.SS,中国移动,I63电信、广播电视和卫星传输服务,6.0000000000,1.8409745738,0.0500000000,0.0500000000,0.0000000000,0.0000000000,HOLD,POSITION_RETAINED
2026-01-31,2026-01-30,sh.601100,601100.SS,恒立液压,C34通用设备制造业,86.0000000000,0.5095623135,0.0500000000,0.0000000000,-0.0500000000,0.0500000000,SELL,RANK_BELOW_EXIT_LIMIT
2026-01-31,2026-01-30,sh.601668,601668.SS,中国建筑,E48土木工程建筑业,21.0000000000,1.4121336772,0.0000000000,0.0500000000,0.0500000000,0.0500000000,BUY,RANK_WITHIN_ENTRY_LIMIT
2026-01-31,2026-01-30,sh.601728,601728.SS,中国电信,I63电信、广播电视和卫星传输服务,10.0000000000,1.7533584717,0.0500000000,0.0500000000,0.0000000000,0.0000000000,HOLD,POSITION_RETAINED
2026-01-31,2026-01-30,sh.601766,601766.SS,中国中车,C37铁路、船舶、航空航天和其他运输设备制造业,16.0000000000,1.5268594096,0.0000000000,0.0500000000,0.0500000000,0.0500000000,BUY,RANK_WITHIN_ENTRY_LIMIT
2026-01-31,2026-01-30,sh.601800,601800.SS,中国交建,E48土木工程建筑业,18.0000000000,1.5124787026,0.0000000000,0.0500000000,0.0500000000,0.0500000000,BUY,RANK_WITHIN_ENTRY_LIMIT
2026-01-31,2026-01-30,sh.603195,603195.SS,公牛集团,C38电气机械和器材制造业,19.0000000000,1.4740388778,0.0500000000,0.0500000000,0.0000000000,0.0000000000,HOLD,POSITION_RETAINED
2026-01-31,2026-01-30,sh.688009,688009.SS,中国通号,C37铁路、船舶、航空航天和其他运输设备制造业,3.0000000000,2.0198213360,0.0500000000,0.0500000000,0.0000000000,0.0000000000,HOLD,POSITION_RETAINED
2026-01-31,2026-01-30,sh.688187,688187.SS,时代电气,C37铁路、船舶、航空航天和其他运输设备制造业,20.0000000000,1.4184393039,0.0000000000,0.0500000000,0.0500000000,0.0500000000,BUY,RANK_WITHIN_ENTRY_LIMIT
2026-01-31,2026-01-30,sz.000157,000157.SZ,中联重科,C35专用设备制造业,11.0000000000,1.7533134480,0.0500000000,0.0500000000,0.0000000000,0.0000000000,HOLD,POSITION_RETAINED
2026-01-31,2026-01-30,sz.000333,000333.SZ,美的集团,C38电气机械和器材制造业,14.0000000000,1.6075020201,0.0500000000,0.0500000000,0.0000000000,0.0000000000,HOLD,POSITION_RETAINED
2026-01-31,2026-01-30,sz.000425,000425.SZ,徐工机械,C35专用设备制造业,26.0000000000,1.2554390167,0.0000000000,0.0500000000,0.0500000000,0.0500000000,BUY,RANK_WITHIN_ENTRY_LIMIT
2026-01-31,2026-01-30,sz.000725,000725.SZ,京东方A,C39计算机、通信和其他电子设备制造业,15.0000000000,1.5729357805,0.0500000000,0.0500000000,0.0000000000,0.0000000000,HOLD,POSITION_RETAINED
2026-01-31,2026-01-30,sz.000807,000807.SZ,云铝股份,C32有色金属冶炼和压延加工业,33.0000000000,1.0927458397,0.0500000000,0.0500000000,0.0000000000,0.0000000000,HOLD,POSITION_RETAINED
2026-01-31,2026-01-30,sz.001979,001979.SZ,招商蛇口,K70房地产业,50.0000000000,0.7887366862,0.0500000000,0.0000000000,-0.0500000000,0.0500000000,SELL,RANK_BELOW_EXIT_LIMIT
2026-01-31,2026-01-30,sz.002027,002027.SZ,分众传媒,L72商务服务业,66.0000000000,0.6323400777,0.0500000000,0.0000000000,-0.0500000000,0.0500000000,SELL,RANK_BELOW_EXIT_LIMIT
2026-01-31,2026-01-30,sz.002236,002236.SZ,大华股份,C39计算机、通信和其他电子设备制造业,17.0000000000,1.5166445275,0.0500000000,0.0500000000,0.0000000000,0.0000000000,HOLD,POSITION_RETAINED
2026-01-31,2026-01-30,sz.002415,002415.SZ,海康威视,C39计算机、通信和其他电子设备制造业,5.0000000000,1.8558034750,0.0500000000,0.0500000000,0.0000000000,0.0000000000,HOLD,POSITION_RETAINED
2026-02-28,2026-02-27,sh.600019,600019.SS,宝钢股份,C31黑色金属冶炼和压延加工业,12.0000000000,1.6050780136,0.0000000000,0.0500000000,0.0500000000,0.0500000000,BUY,RANK_WITHIN_ENTRY_LIMIT
2026-02-28,2026-02-27,sh.600050,600050.SS,中国联通,I63电信、广播电视和卫星传输服务,19.0000000000,1.3474757275,0.0500000000,0.0500000000,0.0000000000,0.0000000000,HOLD,POSITION_RETAINED
2026-02-28,2026-02-27,sh.600406,600406.SS,国电南瑞,I65软件和信息技术服务业,4.0000000000,1.9793085025,0.0500000000,0.0500000000,0.0000000000,0.0000000000,HOLD,POSITION_RETAINED
2026-02-28,2026-02-27,sh.600690,600690.SS,海尔智家,C38电气机械和器材制造业,3.0000000000,1.9896558810,0.0500000000,0.0500000000,0.0000000000,0.0000000000,HOLD,POSITION_RETAINED
2026-02-28,2026-02-27,sh.600741,600741.SS,华域汽车,C36汽车制造业,38.0000000000,1.0468100129,0.0500000000,0.0500000000,0.0000000000,0.0000000000,HOLD,POSITION_RETAINED
2026-02-28,2026-02-27,sh.600845,600845.SS,宝信软件,I65软件和信息技术服务业,21.0000000000,1.3224860848,0.0500000000,0.0500000000,0.0000000000,0.0000000000,HOLD,POSITION_RETAINED
2026-02-28,2026-02-27,sh.600941,600941.SS,中国移动,I63电信、广播电视和卫星传输服务,39.0000000000,1.0250657996,0.0500000000,0.0500000000,0.0000000000,0.0000000000,HOLD,POSITION_RETAINED
2026-02-28,2026-02-27,sh.601668,601668.SS,中国建筑,E48土木工程建筑业,40.0000000000,1.0227635933,0.0500000000,0.0500000000,0.0000000000,0.0000000000,HOLD,POSITION_RETAINED
2026-02-28,2026-02-27,sh.601728,601728.SS,中国电信,I63电信、广播电视和卫星传输服务,16.0000000000,1.4010057159,0.0500000000,0.0500000000,0.0000000000,0.0000000000,HOLD,POSITION_RETAINED
2026-02-28,2026-02-27,sh.601766,601766.SS,中国中车,C37铁路、船舶、航空航天和其他运输设备制造业,28.0000000000,1.1713721855,0.0500000000,0.0500000000,0.0000000000,0.0000000000,HOLD,POSITION_RETAINED
2026-02-28,2026-02-27,sh.601800,601800.SS,中国交建,E48土木工程建筑业,17.0000000000,1.3987274410,0.0500000000,0.0500000000,0.0000000000,0.0000000000,HOLD,POSITION_RETAINED
2026-02-28,2026-02-27,sh.603195,603195.SS,公牛集团,C38电气机械和器材制造业,13.0000000000,1.4698791401,0.0500000000,0.0500000000,0.0000000000,0.0000000000,HOLD,POSITION_RETAINED
2026-02-28,2026-02-27,sh.603799,603799.SS,华友钴业,C32有色金属冶炼和压延加工业,18.0000000000,1.3937546534,0.0000000000,0.0500000000,0.0500000000,0.0500000000,BUY,RANK_WITHIN_ENTRY_LIMIT
2026-02-28,2026-02-27,sh.688009,688009.SS,中国通号,C37铁路、船舶、航空航天和其他运输设备制造业,6.0000000000,1.7972791401,0.0500000000,0.0500000000,0.0000000000,0.0000000000,HOLD,POSITION_RETAINED
2026-02-28,2026-02-27,sh.688187,688187.SS,时代电气,C37铁路、船舶、航空航天和其他运输设备制造业,42.0000000000,1.0113377282,0.0500000000,0.0000000000,-0.0500000000,0.0500000000,SELL,RANK_BELOW_EXIT_LIMIT
2026-02-28,2026-02-27,sz.000157,000157.SZ,中联重科,C35专用设备制造业,15.0000000000,1.4320352838,0.0500000000,0.0500000000,0.0000000000,0.0000000000,HOLD,POSITION_RETAINED
2026-02-28,2026-02-27,sz.000333,000333.SZ,美的集团,C38电气机械和器材制造业,7.0000000000,1.7937059844,0.0500000000,0.0500000000,0.0000000000,0.0000000000,HOLD,POSITION_RETAINED
2026-02-28,2026-02-27,sz.000425,000425.SZ,徐工机械,C35专用设备制造业,47.0000000000,0.9094778343,0.0500000000,0.0000000000,-0.0500000000,0.0500000000,SELL,RANK_BELOW_EXIT_LIMIT
2026-02-28,2026-02-27,sz.000725,000725.SZ,京东方A,C39计算机、通信和其他电子设备制造业,8.0000000000,1.7735767652,0.0500000000,0.0500000000,0.0000000000,0.0000000000,HOLD,POSITION_RETAINED
2026-02-28,2026-02-27,sz.000807,000807.SZ,云铝股份,C32有色金属冶炼和压延加工业,22.0000000000,1.3067904919,0.0500000000,0.0500000000,0.0000000000,0.0000000000,HOLD,POSITION_RETAINED
2026-02-28,2026-02-27,sz.002236,002236.SZ,大华股份,C39计算机、通信和其他电子设备制造业,5.0000000000,1.8685970837,0.0500000000,0.0500000000,0.0000000000,0.0000000000,HOLD,POSITION_RETAINED
2026-02-28,2026-02-27,sz.002415,002415.SZ,海康威视,C39计算机、通信和其他电子设备制造业,2.0000000000,2.1794717463,0.0500000000,0.0500000000,0.0000000000,0.0000000000,HOLD,POSITION_RETAINED
2026-03-31,2026-03-31,sh.600018,600018.SS,上港集团,G55水上运输业,9.0000000000,1.6692267502,0.0000000000,0.0500000000,0.0500000000,0.0500000000,BUY,RANK_WITHIN_ENTRY_LIMIT
2026-03-31,2026-03-31,sh.600019,600019.SS,宝钢股份,C31黑色金属冶炼和压延加工业,23.0000000000,1.2481002204,0.0500000000,0.0500000000,0.0000000000,0.0000000000,HOLD,POSITION_RETAINED
2026-03-31,2026-03-31,sh.600050,600050.SS,中国联通,I63电信、广播电视和卫星传输服务,71.0000000000,0.6489163244,0.0500000000,0.0000000000,-0.0500000000,0.0500000000,SELL,RANK_BELOW_EXIT_LIMIT
2026-03-31,2026-03-31,sh.600406,600406.SS,国电南瑞,I65软件和信息技术服务业,37.0000000000,1.0001301200,0.0500000000,0.0500000000,0.0000000000,0.0000000000,HOLD,POSITION_RETAINED
2026-03-31,2026-03-31,sh.600690,600690.SS,海尔智家,C38电气机械和器材制造业,12.0000000000,1.5775463387,0.0500000000,0.0500000000,0.0000000000,0.0000000000,HOLD,POSITION_RETAINED
2026-03-31,2026-03-31,sh.600741,600741.SS,华域汽车,C36汽车制造业,72.0000000000,0.6264602075,0.0500000000,0.0000000000,-0.0500000000,0.0500000000,SELL,RANK_BELOW_EXIT_LIMIT
2026-03-31,2026-03-31,sh.600845,600845.SS,宝信软件,I65软件和信息技术服务业,196.0000000000,-0.1065934700,0.0500000000,0.0000000000,-0.0500000000,0.0500000000,SELL,RANK_BELOW_EXIT_LIMIT
2026-03-31,2026-03-31,sh.600941,600941.SS,中国移动,I63电信、广播电视和卫星传输服务,32.0000000000,1.0804874595,0.0500000000,0.0500000000,0.0000000000,0.0000000000,HOLD,POSITION_RETAINED
2026-03-31,2026-03-31,sh.601018,601018.SS,宁波港,G55水上运输业,16.0000000000,1.4502777152,0.0000000000,0.0500000000,0.0500000000,0.0500000000,BUY,RANK_WITHIN_ENTRY_LIMIT
2026-03-31,2026-03-31,sh.601186,601186.SS,中国铁建,E48土木工程建筑业,11.0000000000,1.6182879980,0.0000000000,0.0500000000,0.0500000000,0.0500000000,BUY,RANK_WITHIN_ENTRY_LIMIT
2026-03-31,2026-03-31,sh.601238,601238.SS,广汽集团,C36汽车制造业,18.0000000000,1.3511395965,0.0000000000,0.0500000000,0.0500000000,0.0500000000,BUY,RANK_WITHIN_ENTRY_LIMIT
2026-03-31,2026-03-31,sh.601298,601298.SS,青岛港,G55水上运输业,13.0000000000,1.5628406720,0.0000000000,0.0500000000,0.0500000000,0.0500000000,BUY,RANK_WITHIN_ENTRY_LIMIT
2026-03-31,2026-03-31,sh.601668,601668.SS,中国建筑,E48土木工程建筑业,4.0000000000,1.8090905842,0.0500000000,0.0500000000,0.0000000000,0.0000000000,HOLD,POSITION_RETAINED
2026-03-31,2026-03-31,sh.601728,601728.SS,中国电信,I63电信、广播电视和卫星传输服务,29.0000000000,1.1219155196,0.0500000000,0.0500000000,0.0000000000,0.0000000000,HOLD,POSITION_RETAINED
2026-03-31,2026-03-31,sh.601766,601766.SS,中国中车,C37铁路、船舶、航空航天和其他运输设备制造业,20.0000000000,1.3469708937,0.0500000000,0.0500000000,0.0000000000,0.0000000000,HOLD,POSITION_RETAINED
2026-03-31,2026-03-31,sh.601800,601800.SS,中国交建,E48土木工程建筑业,19.0000000000,1.3510736702,0.0500000000,0.0500000000,0.0000000000,0.0000000000,HOLD,POSITION_RETAINED
2026-03-31,2026-03-31,sh.603195,603195.SS,公牛集团,C38电气机械和器材制造业,6.0000000000,1.7883787509,0.0500000000,0.0500000000,0.0000000000,0.0000000000,HOLD,POSITION_RETAINED
2026-03-31,2026-03-31,sh.603799,603799.SS,华友钴业,C32有色金属冶炼和压延加工业,86.0000000000,0.5241682006,0.0500000000,0.0000000000,-0.0500000000,0.0500000000,SELL,RANK_BELOW_EXIT_LIMIT
2026-03-31,2026-03-31,sh.688009,688009.SS,中国通号,C37铁路、船舶、航空航天和其他运输设备制造业,24.0000000000,1.2433374794,0.0500000000,0.0500000000,0.0000000000,0.0000000000,HOLD,POSITION_RETAINED
2026-03-31,2026-03-31,sz.000157,000157.SZ,中联重科,C35专用设备制造业,53.0000000000,0.7877026904,0.0500000000,0.0000000000,-0.0500000000,0.0500000000,SELL,RANK_BELOW_EXIT_LIMIT
2026-03-31,2026-03-31,sz.000333,000333.SZ,美的集团,C38电气机械和器材制造业,10.0000000000,1.6382590307,0.0500000000,0.0500000000,0.0000000000,0.0000000000,HOLD,POSITION_RETAINED
2026-03-31,2026-03-31,sz.000725,000725.SZ,京东方A,C39计算机、通信和其他电子设备制造业,15.0000000000,1.4917843782,0.0500000000,0.0500000000,0.0000000000,0.0000000000,HOLD,POSITION_RETAINED
2026-03-31,2026-03-31,sz.000807,000807.SZ,云铝股份,C32有色金属冶炼和压延加工业,114.0000000000,0.3079939923,0.0500000000,0.0000000000,-0.0500000000,0.0500000000,SELL,RANK_BELOW_EXIT_LIMIT
2026-03-31,2026-03-31,sz.002236,002236.SZ,大华股份,C39计算机、通信和其他电子设备制造业,3.0000000000,2.0125442958,0.0500000000,0.0500000000,0.0000000000,0.0000000000,HOLD,POSITION_RETAINED
2026-03-31,2026-03-31,sz.002415,002415.SZ,海康威视,C39计算机、通信和其他电子设备制造业,2.0000000000,2.0988035682,0.0500000000,0.0500000000,0.0000000000,0.0000000000,HOLD,POSITION_RETAINED
2026-03-31,2026-03-31,sz.300413,300413.SZ,芒果超媒,I64互联网和相关服务,5.0000000000,1.7934384548,0.0000000000,0.0500000000,0.0500000000,0.0500000000,BUY,RANK_WITHIN_ENTRY_LIMIT
2026-04-30,2026-04-30,sh.600009,600009.SS,上海机场,G56航空运输业,20.0000000000,1.2566334609,0.0000000000,0.0500000000,0.0500000000,0.0500000000,BUY,RANK_WITHIN_ENTRY_LIMIT
2026-04-30,2026-04-30,sh.600018,600018.SS,上港集团,G55水上运输业,17.0000000000,1.3362903654,0.0500000000,0.0500000000,0.0000000000,0.0000000000,HOLD,POSITION_RETAINED
2026-04-30,2026-04-30,sh.600019,600019.SS,宝钢股份,C31黑色金属冶炼和压延加工业,19.0000000000,1.3137295742,0.0500000000,0.0500000000,0.0000000000,0.0000000000,HOLD,POSITION_RETAINED
2026-04-30,2026-04-30,sh.600031,600031.SS,三一重工,C35专用设备制造业,23.0000000000,1.1984153877,0.0000000000,0.0500000000,0.0500000000,0.0500000000,BUY,RANK_WITHIN_ENTRY_LIMIT
2026-04-30,2026-04-30,sh.600406,600406.SS,国电南瑞,I65软件和信息技术服务业,5.0000000000,2.0052133068,0.0500000000,0.0500000000,0.0000000000,0.0000000000,HOLD,POSITION_RETAINED
2026-04-30,2026-04-30,sh.600690,600690.SS,海尔智家,C38电气机械和器材制造业,8.0000000000,1.7330061496,0.0500000000,0.0500000000,0.0000000000,0.0000000000,HOLD,POSITION_RETAINED
2026-04-30,2026-04-30,sh.600941,600941.SS,中国移动,I63电信、广播电视和卫星传输服务,42.0000000000,0.9446231328,0.0500000000,0.0000000000,-0.0500000000,0.0500000000,SELL,RANK_BELOW_EXIT_LIMIT
2026-04-30,2026-04-30,sh.601018,601018.SS,宁波港,G55水上运输业,45.0000000000,0.9325986508,0.0500000000,0.0000000000,-0.0500000000,0.0500000000,SELL,RANK_BELOW_EXIT_LIMIT
2026-04-30,2026-04-30,sh.601186,601186.SS,中国铁建,E48土木工程建筑业,16.0000000000,1.3467068675,0.0500000000,0.0500000000,0.0000000000,0.0000000000,HOLD,POSITION_RETAINED
2026-04-30,2026-04-30,sh.601238,601238.SS,广汽集团,C36汽车制造业,32.0000000000,1.0826804255,0.0500000000,0.0500000000,0.0000000000,0.0000000000,HOLD,POSITION_RETAINED
2026-04-30,2026-04-30,sh.601298,601298.SS,青岛港,G55水上运输业,56.0000000000,0.7797079450,0.0500000000,0.0000000000,-0.0500000000,0.0500000000,SELL,RANK_BELOW_EXIT_LIMIT
2026-04-30,2026-04-30,sh.601668,601668.SS,中国建筑,E48土木工程建筑业,27.0000000000,1.1512518379,0.0500000000,0.0500000000,0.0000000000,0.0000000000,HOLD,POSITION_RETAINED
2026-04-30,2026-04-30,sh.601728,601728.SS,中国电信,I63电信、广播电视和卫星传输服务,13.0000000000,1.4073793375,0.0500000000,0.0500000000,0.0000000000,0.0000000000,HOLD,POSITION_RETAINED
2026-04-30,2026-04-30,sh.601766,601766.SS,中国中车,C37铁路、船舶、航空航天和其他运输设备制造业,10.0000000000,1.6173116364,0.0500000000,0.0500000000,0.0000000000,0.0000000000,HOLD,POSITION_RETAINED
2026-04-30,2026-04-30,sh.601800,601800.SS,中国交建,E48土木工程建筑业,41.0000000000,0.9455758298,0.0500000000,0.0000000000,-0.0500000000,0.0500000000,SELL,RANK_BELOW_EXIT_LIMIT
2026-04-30,2026-04-30,sh.603195,603195.SS,公牛集团,C38电气机械和器材制造业,30.0000000000,1.1323642744,0.0500000000,0.0500000000,0.0000000000,0.0000000000,HOLD,POSITION_RETAINED
2026-04-30,2026-04-30,sh.688009,688009.SS,中国通号,C37铁路、船舶、航空航天和其他运输设备制造业,9.0000000000,1.6894824739,0.0500000000,0.0500000000,0.0000000000,0.0000000000,HOLD,POSITION_RETAINED
2026-04-30,2026-04-30,sh.688271,688271.SS,联影医疗,C35专用设备制造业,24.0000000000,1.1823483968,0.0000000000,0.0500000000,0.0500000000,0.0500000000,BUY,RANK_WITHIN_ENTRY_LIMIT
2026-04-30,2026-04-30,sz.000333,000333.SZ,美的集团,C38电气机械和器材制造业,1.0000000000,2.3834045963,0.0500000000,0.0500000000,0.0000000000,0.0000000000,HOLD,POSITION_RETAINED
2026-04-30,2026-04-30,sz.000725,000725.SZ,京东方A,C39计算机、通信和其他电子设备制造业,4.0000000000,2.0853192060,0.0500000000,0.0500000000,0.0000000000,0.0000000000,HOLD,POSITION_RETAINED
2026-04-30,2026-04-30,sz.000807,000807.SZ,云铝股份,C32有色金属冶炼和压延加工业,15.0000000000,1.3743687350,0.0000000000,0.0500000000,0.0500000000,0.0500000000,BUY,RANK_WITHIN_ENTRY_LIMIT
2026-04-30,2026-04-30,sz.002236,002236.SZ,大华股份,C39计算机、通信和其他电子设备制造业,6.0000000000,1.9772890254,0.0500000000,0.0500000000,0.0000000000,0.0000000000,HOLD,POSITION_RETAINED
2026-04-30,2026-04-30,sz.002415,002415.SZ,海康威视,C39计算机、通信和其他电子设备制造业,3.0000000000,2.2147272804,0.0500000000,0.0500000000,0.0000000000,0.0000000000,HOLD,POSITION_RETAINED
2026-04-30,2026-04-30,sz.300413,300413.SZ,芒果超媒,I64互联网和相关服务,21.0000000000,1.2558496804,0.0500000000,0.0500000000,0.0000000000,0.0000000000,HOLD,POSITION_RETAINED
2026-05-31,2026-05-29,sh.600009,600009.SS,上海机场,G56航空运输业,21.0000000000,1.3033711376,0.0500000000,0.0500000000,0.0000000000,0.0000000000,HOLD,POSITION_RETAINED
2026-05-31,2026-05-29,sh.600018,600018.SS,上港集团,G55水上运输业,31.0000000000,1.1098438679,0.0500000000,0.0500000000,0.0000000000,0.0000000000,HOLD,POSITION_RETAINED
2026-05-31,2026-05-29,sh.600019,600019.SS,宝钢股份,C31黑色金属冶炼和压延加工业,49.0000000000,0.8486991133,0.0500000000,0.0000000000,-0.0500000000,0.0500000000,SELL,RANK_BELOW_EXIT_LIMIT
2026-05-31,2026-05-29,sh.600031,600031.SS,三一重工,C35专用设备制造业,19.0000000000,1.3837531897,0.0500000000,0.0500000000,0.0000000000,0.0000000000,HOLD,POSITION_RETAINED
2026-05-31,2026-05-29,sh.600104,600104.SS,上汽集团,C36汽车制造业,22.0000000000,1.2935056754,0.0000000000,0.0500000000,0.0500000000,0.0500000000,BUY,RANK_WITHIN_ENTRY_LIMIT
2026-05-31,2026-05-29,sh.600406,600406.SS,国电南瑞,I65软件和信息技术服务业,12.0000000000,1.5775520705,0.0500000000,0.0500000000,0.0000000000,0.0000000000,HOLD,POSITION_RETAINED
2026-05-31,2026-05-29,sh.600570,600570.SS,恒生电子,I65软件和信息技术服务业,9.0000000000,1.7662491912,0.0000000000,0.0500000000,0.0500000000,0.0500000000,BUY,RANK_WITHIN_ENTRY_LIMIT
2026-05-31,2026-05-29,sh.600690,600690.SS,海尔智家,C38电气机械和器材制造业,11.0000000000,1.6063315679,0.0500000000,0.0500000000,0.0000000000,0.0000000000,HOLD,POSITION_RETAINED
2026-05-31,2026-05-29,sh.601186,601186.SS,中国铁建,E48土木工程建筑业,14.0000000000,1.4578619841,0.0500000000,0.0500000000,0.0000000000,0.0000000000,HOLD,POSITION_RETAINED
2026-05-31,2026-05-29,sh.601238,601238.SS,广汽集团,C36汽车制造业,36.0000000000,1.0505020939,0.0500000000,0.0500000000,0.0000000000,0.0000000000,HOLD,POSITION_RETAINED
2026-05-31,2026-05-29,sh.601668,601668.SS,中国建筑,E48土木工程建筑业,15.0000000000,1.4399014934,0.0500000000,0.0500000000,0.0000000000,0.0000000000,HOLD,POSITION_RETAINED
2026-05-31,2026-05-29,sh.601728,601728.SS,中国电信,I63电信、广播电视和卫星传输服务,91.0000000000,0.3955361608,0.0500000000,0.0000000000,-0.0500000000,0.0500000000,SELL,RANK_BELOW_EXIT_LIMIT
2026-05-31,2026-05-29,sh.601766,601766.SS,中国中车,C37铁路、船舶、航空航天和其他运输设备制造业,10.0000000000,1.7284729900,0.0500000000,0.0500000000,0.0000000000,0.0000000000,HOLD,POSITION_RETAINED
2026-05-31,2026-05-29,sh.603195,603195.SS,公牛集团,C38电气机械和器材制造业,50.0000000000,0.8076142052,0.0500000000,0.0000000000,-0.0500000000,0.0500000000,SELL,RANK_BELOW_EXIT_LIMIT
2026-05-31,2026-05-29,sh.688009,688009.SS,中国通号,C37铁路、船舶、航空航天和其他运输设备制造业,7.0000000000,1.8995704940,0.0500000000,0.0500000000,0.0000000000,0.0000000000,HOLD,POSITION_RETAINED
2026-05-31,2026-05-29,sh.688271,688271.SS,联影医疗,C35专用设备制造业,159.0000000000,0.0486740895,0.0500000000,0.0000000000,-0.0500000000,0.0500000000,SELL,RANK_BELOW_EXIT_LIMIT
2026-05-31,2026-05-29,sz.000333,000333.SZ,美的集团,C38电气机械和器材制造业,5.0000000000,1.9540698245,0.0500000000,0.0500000000,0.0000000000,0.0000000000,HOLD,POSITION_RETAINED
2026-05-31,2026-05-29,sz.000651,000651.SZ,格力电器,C38电气机械和器材制造业,18.0000000000,1.3914132427,0.0000000000,0.0500000000,0.0500000000,0.0500000000,BUY,RANK_WITHIN_ENTRY_LIMIT
2026-05-31,2026-05-29,sz.000725,000725.SZ,京东方A,C39计算机、通信和其他电子设备制造业,254.0000000000,-0.8829619256,0.0500000000,0.0000000000,-0.0500000000,0.0500000000,SELL,RANK_BELOW_EXIT_LIMIT
2026-05-31,2026-05-29,sz.000807,000807.SZ,云铝股份,C32有色金属冶炼和压延加工业,37.0000000000,1.0391965463,0.0500000000,0.0500000000,0.0000000000,0.0000000000,HOLD,POSITION_RETAINED
2026-05-31,2026-05-29,sz.002236,002236.SZ,大华股份,C39计算机、通信和其他电子设备制造业,2.0000000000,3.1555067065,0.0500000000,0.0500000000,0.0000000000,0.0000000000,HOLD,POSITION_RETAINED
2026-05-31,2026-05-29,sz.002415,002415.SZ,海康威视,C39计算机、通信和其他电子设备制造业,1.0000000000,3.1760305194,0.0500000000,0.0500000000,0.0000000000,0.0000000000,HOLD,POSITION_RETAINED
2026-05-31,2026-05-29,sz.300413,300413.SZ,芒果超媒,I64互联网和相关服务,13.0000000000,1.4583916689,0.0500000000,0.0500000000,0.0000000000,0.0000000000,HOLD,POSITION_RETAINED
2026-05-31,2026-05-29,sz.300628,300628.SZ,亿联网络,C39计算机、通信和其他电子设备制造业,3.0000000000,2.8054114846,0.0000000000,0.0500000000,0.0500000000,0.0500000000,BUY,RANK_WITHIN_ENTRY_LIMIT
2026-05-31,2026-05-29,sz.300760,300760.SZ,迈瑞医疗,C35专用设备制造业,17.0000000000,1.4054145068,0.0000000000,0.0500000000,0.0500000000,0.0500000000,BUY,RANK_WITHIN_ENTRY_LIMIT
2026-06-30,2026-06-30,sh.600009,600009.SS,上海机场,G56航空运输业,49.0000000000,0.8658339481,0.0500000000,0.0000000000,-0.0500000000,0.0500000000,SELL,RANK_BELOW_EXIT_LIMIT
2026-06-30,2026-06-30,sh.600018,600018.SS,上港集团,G55水上运输业,14.0000000000,1.6012139476,0.0500000000,0.0500000000,0.0000000000,0.0000000000,HOLD,POSITION_RETAINED
2026-06-30,2026-06-30,sh.600031,600031.SS,三一重工,C35专用设备制造业,25.0000000000,1.2739866555,0.0500000000,0.0500000000,0.0000000000,0.0000000000,HOLD,POSITION_RETAINED
2026-06-30,2026-06-30,sh.600104,600104.SS,上汽集团,C36汽车制造业,26.0000000000,1.2604395944,0.0500000000,0.0500000000,0.0000000000,0.0000000000,HOLD,POSITION_RETAINED
2026-06-30,2026-06-30,sh.600219,600219.SS,南山铝业,C32有色金属冶炼和压延加工业,12.0000000000,1.6375576892,0.0000000000,0.0500000000,0.0500000000,0.0500000000,BUY,RANK_WITHIN_ENTRY_LIMIT
2026-06-30,2026-06-30,sh.600406,600406.SS,国电南瑞,I65软件和信息技术服务业,5.0000000000,2.1686119415,0.0500000000,0.0500000000,0.0000000000,0.0000000000,HOLD,POSITION_RETAINED
2026-06-30,2026-06-30,sh.600570,600570.SS,恒生电子,I65软件和信息技术服务业,37.0000000000,1.0422129124,0.0500000000,0.0500000000,0.0000000000,0.0000000000,HOLD,POSITION_RETAINED
2026-06-30,2026-06-30,sh.600690,600690.SS,海尔智家,C38电气机械和器材制造业,23.0000000000,1.3497004176,0.0500000000,0.0500000000,0.0000000000,0.0000000000,HOLD,POSITION_RETAINED
2026-06-30,2026-06-30,sh.601186,601186.SS,中国铁建,E48土木工程建筑业,34.0000000000,1.1306195478,0.0500000000,0.0500000000,0.0000000000,0.0000000000,HOLD,POSITION_RETAINED
2026-06-30,2026-06-30,sh.601238,601238.SS,广汽集团,C36汽车制造业,35.0000000000,1.0602092066,0.0500000000,0.0500000000,0.0000000000,0.0000000000,HOLD,POSITION_RETAINED
2026-06-30,2026-06-30,sh.601668,601668.SS,中国建筑,E48土木工程建筑业,31.0000000000,1.1808843227,0.0500000000,0.0500000000,0.0000000000,0.0000000000,HOLD,POSITION_RETAINED
2026-06-30,2026-06-30,sh.601766,601766.SS,中国中车,C37铁路、船舶、航空航天和其他运输设备制造业,20.0000000000,1.4105836939,0.0500000000,0.0500000000,0.0000000000,0.0000000000,HOLD,POSITION_RETAINED
2026-06-30,2026-06-30,sh.688009,688009.SS,中国通号,C37铁路、船舶、航空航天和其他运输设备制造业,17.0000000000,1.5302272457,0.0500000000,0.0500000000,0.0000000000,0.0000000000,HOLD,POSITION_RETAINED
2026-06-30,2026-06-30,sz.000157,000157.SZ,中联重科,C35专用设备制造业,8.0000000000,1.9484140350,0.0000000000,0.0500000000,0.0500000000,0.0500000000,BUY,RANK_WITHIN_ENTRY_LIMIT
2026-06-30,2026-06-30,sz.000333,000333.SZ,美的集团,C38电气机械和器材制造业,15.0000000000,1.5868231997,0.0500000000,0.0500000000,0.0000000000,0.0000000000,HOLD,POSITION_RETAINED
2026-06-30,2026-06-30,sz.000651,000651.SZ,格力电器,C38电气机械和器材制造业,4.0000000000,2.1720981579,0.0500000000,0.0500000000,0.0000000000,0.0000000000,HOLD,POSITION_RETAINED
2026-06-30,2026-06-30,sz.000807,000807.SZ,云铝股份,C32有色金属冶炼和压延加工业,44.0000000000,0.9248436690,0.0500000000,0.0000000000,-0.0500000000,0.0500000000,SELL,RANK_BELOW_EXIT_LIMIT
2026-06-30,2026-06-30,sz.002236,002236.SZ,大华股份,C39计算机、通信和其他电子设备制造业,1.0000000000,2.9856035064,0.0500000000,0.0500000000,0.0000000000,0.0000000000,HOLD,POSITION_RETAINED
2026-06-30,2026-06-30,sz.002415,002415.SZ,海康威视,C39计算机、通信和其他电子设备制造业,2.0000000000,2.3107548976,0.0500000000,0.0500000000,0.0000000000,0.0000000000,HOLD,POSITION_RETAINED
2026-06-30,2026-06-30,sz.300413,300413.SZ,芒果超媒,I64互联网和相关服务,6.0000000000,1.9941826114,0.0500000000,0.0500000000,0.0000000000,0.0000000000,HOLD,POSITION_RETAINED
2026-06-30,2026-06-30,sz.300628,300628.SZ,亿联网络,C39计算机、通信和其他电子设备制造业,10.0000000000,1.7812730311,0.0500000000,0.0500000000,0.0000000000,0.0000000000,HOLD,POSITION_RETAINED
2026-06-30,2026-06-30,sz.300760,300760.SZ,迈瑞医疗,C35专用设备制造业,11.0000000000,1.6750995825,0.0500000000,0.0500000000,0.0000000000,0.0000000000,HOLD,POSITION_RETAINED
2026-07-31,2026-07-31,sh.600018,600018.SS,上港集团,G55水上运输业,40.0000000000,0.9804739503,0.0500000000,0.0500000000,0.0000000000,0.0000000000,HOLD,POSITION_RETAINED
2026-07-31,2026-07-31,sh.600031,600031.SS,三一重工,C35专用设备制造业,14.0000000000,1.6694563188,0.0500000000,0.0500000000,0.0000000000,0.0000000000,HOLD,POSITION_RETAINED
2026-07-31,2026-07-31,sh.600104,600104.SS,上汽集团,C36汽车制造业,30.0000000000,1.2631663616,0.0500000000,0.0500000000,0.0000000000,0.0000000000,HOLD,POSITION_RETAINED
2026-07-31,2026-07-31,sh.600219,600219.SS,南山铝业,C32有色金属冶炼和压延加工业,60.0000000000,0.6675764964,0.0500000000,0.0000000000,-0.0500000000,0.0500000000,SELL,RANK_BELOW_EXIT_LIMIT
2026-07-31,2026-07-31,sh.600406,600406.SS,国电南瑞,I65软件和信息技术服务业,6.0000000000,2.2259185373,0.0500000000,0.0500000000,0.0000000000,0.0000000000,HOLD,POSITION_RETAINED
2026-07-31,2026-07-31,sh.600570,600570.SS,恒生电子,I65软件和信息技术服务业,34.0000000000,1.1249311227,0.0500000000,0.0500000000,0.0000000000,0.0000000000,HOLD,POSITION_RETAINED
2026-07-31,2026-07-31,sh.600585,600585.SS,海螺水泥,C30非金属矿物制品业,8.0000000000,2.1608142607,0.0000000000,0.0500000000,0.0500000000,0.0500000000,BUY,RANK_WITHIN_ENTRY_LIMIT
2026-07-31,2026-07-31,sh.600690,600690.SS,海尔智家,C38电气机械和器材制造业,27.0000000000,1.3039222137,0.0500000000,0.0500000000,0.0000000000,0.0000000000,HOLD,POSITION_RETAINED
2026-07-31,2026-07-31,sh.600741,600741.SS,华域汽车,C36汽车制造业,12.0000000000,1.7149582780,0.0000000000,0.0500000000,0.0500000000,0.0500000000,BUY,RANK_WITHIN_ENTRY_LIMIT
2026-07-31,2026-07-31,sh.601186,601186.SS,中国铁建,E48土木工程建筑业,61.0000000000,0.6629713622,0.0500000000,0.0000000000,-0.0500000000,0.0500000000,SELL,RANK_BELOW_EXIT_LIMIT
2026-07-31,2026-07-31,sh.601238,601238.SS,广汽集团,C36汽车制造业,47.0000000000,0.8825690686,0.0500000000,0.0000000000,-0.0500000000,0.0500000000,SELL,RANK_BELOW_EXIT_LIMIT
2026-07-31,2026-07-31,sh.601360,601360.SS,三六零,I64互联网和相关服务,25.0000000000,1.4085797484,0.0000000000,0.0500000000,0.0500000000,0.0500000000,BUY,RANK_WITHIN_ENTRY_LIMIT
2026-07-31,2026-07-31,sh.601668,601668.SS,中国建筑,E48土木工程建筑业,68.0000000000,0.5643176838,0.0500000000,0.0000000000,-0.0500000000,0.0500000000,SELL,RANK_BELOW_EXIT_LIMIT
2026-07-31,2026-07-31,sh.601766,601766.SS,中国中车,C37铁路、船舶、航空航天和其他运输设备制造业,62.0000000000,0.6558366170,0.0500000000,0.0000000000,-0.0500000000,0.0500000000,SELL,RANK_BELOW_EXIT_LIMIT
2026-07-31,2026-07-31,sh.688009,688009.SS,中国通号,C37铁路、船舶、航空航天和其他运输设备制造业,24.0000000000,1.4113179207,0.0500000000,0.0500000000,0.0000000000,0.0000000000,HOLD,POSITION_RETAINED
2026-07-31,2026-07-31,sz.000157,000157.SZ,中联重科,C35专用设备制造业,2.0000000000,2.4674235145,0.0500000000,0.0500000000,0.0000000000,0.0000000000,HOLD,POSITION_RETAINED
2026-07-31,2026-07-31,sz.000333,000333.SZ,美的集团,C38电气机械和器材制造业,26.0000000000,1.3949403319,0.0500000000,0.0500000000,0.0000000000,0.0000000000,HOLD,POSITION_RETAINED
2026-07-31,2026-07-31,sz.000538,000538.SZ,云南白药,C27医药制造业,18.0000000000,1.5249934078,0.0000000000,0.0500000000,0.0500000000,0.0500000000,BUY,RANK_WITHIN_ENTRY_LIMIT
2026-07-31,2026-07-31,sz.000651,000651.SZ,格力电器,C38电气机械和器材制造业,13.0000000000,1.7037322613,0.0500000000,0.0500000000,0.0000000000,0.0000000000,HOLD,POSITION_RETAINED
2026-07-31,2026-07-31,sz.002236,002236.SZ,大华股份,C39计算机、通信和其他电子设备制造业,1.0000000000,3.3085471514,0.0500000000,0.0500000000,0.0000000000,0.0000000000,HOLD,POSITION_RETAINED
2026-07-31,2026-07-31,sz.002415,002415.SZ,海康威视,C39计算机、通信和其他电子设备制造业,3.0000000000,2.4101889676,0.0500000000,0.0500000000,0.0000000000,0.0000000000,HOLD,POSITION_RETAINED
2026-07-31,2026-07-31,sz.002602,002602.SZ,世纪华通,I64互联网和相关服务,21.0000000000,1.4433757490,0.0000000000,0.0500000000,0.0500000000,0.0500000000,BUY,RANK_WITHIN_ENTRY_LIMIT
2026-07-31,2026-07-31,sz.300413,300413.SZ,芒果超媒,I64互联网和相关服务,7.0000000000,2.2008823455,0.0500000000,0.0500000000,0.0000000000,0.0000000000,HOLD,POSITION_RETAINED
2026-07-31,2026-07-31,sz.300628,300628.SZ,亿联网络,C39计算机、通信和其他电子设备制造业,11.0000000000,1.8332261857,0.0500000000,0.0500000000,0.0000000000,0.0000000000,HOLD,POSITION_RETAINED
2026-07-31,2026-07-31,sz.300760,300760.SZ,迈瑞医疗,C35专用设备制造业,31.0000000000,1.2211807824,0.0500000000,0.0500000000,0.0000000000,0.0000000000,HOLD,POSITION_RETAINED
2026-08-31,2026-08-31,sh.600018,600018.SS,上港集团,G55水上运输业,37.0000000000,0.9586304043,0.0500000000,0.0500000000,0.0000000000,0.0000000000,HOLD,POSITION_RETAINED
2026-08-31,2026-08-31,sh.600031,600031.SS,三一重工,C35专用设备制造业,44.0000000000,0.8096602115,0.0500000000,0.0000000000,-0.0500000000,0.0500000000,SELL,RANK_BELOW_EXIT_LIMIT
2026-08-31,2026-08-31,sh.600104,600104.SS,上汽集团,C36汽车制造业,32.0000000000,1.0675768166,0.0500000000,0.0500000000,0.0000000000,0.0000000000,HOLD,POSITION_RETAINED
2026-08-31,2026-08-31,sh.600406,600406.SS,国电南瑞,I65软件和信息技术服务业,1.0000000000,2.9672470088,0.0500000000,0.0500000000,0.0000000000,0.0000000000,HOLD,POSITION_RETAINED
2026-08-31,2026-08-31,sh.600570,600570.SS,恒生电子,I65软件和信息技术服务业,22.0000000000,1.3501286766,0.0500000000,0.0500000000,0.0000000000,0.0000000000,HOLD,POSITION_RETAINED
2026-08-31,2026-08-31,sh.600585,600585.SS,海螺水泥,C30非金属矿物制品业,8.0000000000,1.8307707752,0.0500000000,0.0500000000,0.0000000000,0.0000000000,HOLD,POSITION_RETAINED
2026-08-31,2026-08-31,sh.600660,600660.SS,福耀玻璃,C30非金属矿物制品业,24.0000000000,1.2151096865,0.0000000000,0.0500000000,0.0500000000,0.0500000000,BUY,RANK_WITHIN_ENTRY_LIMIT
2026-08-31,2026-08-31,sh.600690,600690.SS,海尔智家,C38电气机械和器材制造业,27.0000000000,1.1901179784,0.0500000000,0.0500000000,0.0000000000,0.0000000000,HOLD,POSITION_RETAINED
2026-08-31,2026-08-31,sh.600741,600741.SS,华域汽车,C36汽车制造业,15.0000000000,1.4554703243,0.0500000000,0.0500000000,0.0000000000,0.0000000000,HOLD,POSITION_RETAINED
2026-08-31,2026-08-31,sh.600845,600845.SS,宝信软件,I65软件和信息技术服务业,17.0000000000,1.4416849505,0.0000000000,0.0500000000,0.0500000000,0.0500000000,BUY,RANK_WITHIN_ENTRY_LIMIT
2026-08-31,2026-08-31,sh.601360,601360.SS,三六零,I64互联网和相关服务,55.0000000000,0.7114778741,0.0500000000,0.0000000000,-0.0500000000,0.0500000000,SELL,RANK_BELOW_EXIT_LIMIT
2026-08-31,2026-08-31,sh.688009,688009.SS,中国通号,C37铁路、船舶、航空航天和其他运输设备制造业,16.0000000000,1.4446397887,0.0500000000,0.0500000000,0.0000000000,0.0000000000,HOLD,POSITION_RETAINED
2026-08-31,2026-08-31,sh.688271,688271.SS,联影医疗,C35专用设备制造业,18.0000000000,1.3894583516,0.0000000000,0.0500000000,0.0500000000,0.0500000000,BUY,RANK_WITHIN_ENTRY_LIMIT
2026-08-31,2026-08-31,sz.000157,000157.SZ,中联重科,C35专用设备制造业,4.0000000000,2.3965862768,0.0500000000,0.0500000000,0.0000000000,0.0000000000,HOLD,POSITION_RETAINED
2026-08-31,2026-08-31,sz.000333,000333.SZ,美的集团,C38电气机械和器材制造业,35.0000000000,0.9666571096,0.0500000000,0.0500000000,0.0000000000,0.0000000000,HOLD,POSITION_RETAINED
2026-08-31,2026-08-31,sz.000425,000425.SZ,徐工机械,C35专用设备制造业,12.0000000000,1.5505264722,0.0000000000,0.0500000000,0.0500000000,0.0500000000,BUY,RANK_WITHIN_ENTRY_LIMIT
2026-08-31,2026-08-31,sz.000538,000538.SZ,云南白药,C27医药制造业,10.0000000000,1.6646049591,0.0500000000,0.0500000000,0.0000000000,0.0000000000,HOLD,POSITION_RETAINED
2026-08-31,2026-08-31,sz.000651,000651.SZ,格力电器,C38电气机械和器材制造业,21.0000000000,1.3584172640,0.0500000000,0.0500000000,0.0000000000,0.0000000000,HOLD,POSITION_RETAINED
2026-08-31,2026-08-31,sz.002236,002236.SZ,大华股份,C39计算机、通信和其他电子设备制造业,2.0000000000,2.7948381165,0.0500000000,0.0500000000,0.0000000000,0.0000000000,HOLD,POSITION_RETAINED
2026-08-31,2026-08-31,sz.002415,002415.SZ,海康威视,C39计算机、通信和其他电子设备制造业,3.0000000000,2.5598743459,0.0500000000,0.0500000000,0.0000000000,0.0000000000,HOLD,POSITION_RETAINED
2026-08-31,2026-08-31,sz.002602,002602.SZ,世纪华通,I64互联网和相关服务,7.0000000000,1.9391163838,0.0500000000,0.0500000000,0.0000000000,0.0000000000,HOLD,POSITION_RETAINED
2026-08-31,2026-08-31,sz.300413,300413.SZ,芒果超媒,I64互联网和相关服务,270.0000000000,-1.2235755701,0.0500000000,0.0000000000,-0.0500000000,0.0500000000,SELL,RANK_BELOW_EXIT_LIMIT
2026-08-31,2026-08-31,sz.300628,300628.SZ,亿联网络,C39计算机、通信和其他电子设备制造业,5.0000000000,1.9893285388,0.0500000000,0.0500000000,0.0000000000,0.0000000000,HOLD,POSITION_RETAINED
2026-08-31,2026-08-31,sz.300760,300760.SZ,迈瑞医疗,C35专用设备制造业,54.0000000000,0.7220974821,0.0500000000,0.0000000000,-0.0500000000,0.0500000000,SELL,RANK_BELOW_EXIT_LIMIT
2026-09-08,2026-09-07,sh.600018,600018.SS,上港集团,G55水上运输业,70.0000000000,0.5527552579,0.0500000000,0.0000000000,-0.0500000000,0.0500000000,SELL,RANK_BELOW_EXIT_LIMIT
2026-09-08,2026-09-07,sh.600104,600104.SS,上汽集团,C36汽车制造业,41.0000000000,0.9513174098,0.0500000000,0.0000000000,-0.0500000000,0.0500000000,SELL,RANK_BELOW_EXIT_LIMIT
2026-09-08,2026-09-07,sh.600406,600406.SS,国电南瑞,I65软件和信息技术服务业,6.0000000000,2.0341989114,0.0500000000,0.0500000000,0.0000000000,0.0000000000,HOLD,POSITION_RETAINED
2026-09-08,2026-09-07,sh.600570,600570.SS,恒生电子,I65软件和信息技术服务业,36.0000000000,1.0492546744,0.0500000000,0.0500000000,0.0000000000,0.0000000000,HOLD,POSITION_RETAINED
2026-09-08,2026-09-07,sh.600585,600585.SS,海螺水泥,C30非金属矿物制品业,23.0000000000,1.3232556439,0.0500000000,0.0500000000,0.0000000000,0.0000000000,HOLD,POSITION_RETAINED
2026-09-08,2026-09-07,sh.600600,600600.SS,青岛啤酒,C15酒、饮料和精制茶制造业,18.0000000000,1.4288093549,0.0000000000,0.0500000000,0.0500000000,0.0500000000,BUY,RANK_WITHIN_ENTRY_LIMIT
2026-09-08,2026-09-07,sh.600660,600660.SS,福耀玻璃,C30非金属矿物制品业,65.0000000000,0.5934047509,0.0500000000,0.0000000000,-0.0500000000,0.0500000000,SELL,RANK_BELOW_EXIT_LIMIT
2026-09-08,2026-09-07,sh.600690,600690.SS,海尔智家,C38电气机械和器材制造业,38.0000000000,1.0354244882,0.0500000000,0.0500000000,0.0000000000,0.0000000000,HOLD,POSITION_RETAINED
2026-09-08,2026-09-07,sh.600741,600741.SS,华域汽车,C36汽车制造业,14.0000000000,1.5067099612,0.0500000000,0.0500000000,0.0000000000,0.0000000000,HOLD,POSITION_RETAINED
2026-09-08,2026-09-07,sh.600845,600845.SS,宝信软件,I65软件和信息技术服务业,30.0000000000,1.1233470258,0.0500000000,0.0500000000,0.0000000000,0.0000000000,HOLD,POSITION_RETAINED
2026-09-08,2026-09-07,sh.601360,601360.SS,三六零,I64互联网和相关服务,1.0000000000,2.5921202469,0.0000000000,0.0500000000,0.0500000000,0.0500000000,BUY,RANK_WITHIN_ENTRY_LIMIT
2026-09-08,2026-09-07,sh.601766,601766.SS,中国中车,C37铁路、船舶、航空航天和其他运输设备制造业,13.0000000000,1.5671486770,0.0000000000,0.0500000000,0.0500000000,0.0500000000,BUY,RANK_WITHIN_ENTRY_LIMIT
2026-09-08,2026-09-07,sh.688009,688009.SS,中国通号,C37铁路、船舶、航空航天和其他运输设备制造业,4.0000000000,2.1759776759,0.0500000000,0.0500000000,0.0000000000,0.0000000000,HOLD,POSITION_RETAINED
2026-09-08,2026-09-07,sh.688271,688271.SS,联影医疗,C35专用设备制造业,83.0000000000,0.4735297780,0.0500000000,0.0000000000,-0.0500000000,0.0500000000,SELL,RANK_BELOW_EXIT_LIMIT
2026-09-08,2026-09-07,sz.000157,000157.SZ,中联重科,C35专用设备制造业,9.0000000000,1.8835528627,0.0500000000,0.0500000000,0.0000000000,0.0000000000,HOLD,POSITION_RETAINED
2026-09-08,2026-09-07,sz.000333,000333.SZ,美的集团,C38电气机械和器材制造业,21.0000000000,1.3620317964,0.0500000000,0.0500000000,0.0000000000,0.0000000000,HOLD,POSITION_RETAINED
2026-09-08,2026-09-07,sz.000425,000425.SZ,徐工机械,C35专用设备制造业,187.0000000000,-0.0747057213,0.0500000000,0.0000000000,-0.0500000000,0.0500000000,SELL,RANK_BELOW_EXIT_LIMIT
2026-09-08,2026-09-07,sz.000538,000538.SZ,云南白药,C27医药制造业,11.0000000000,1.7858592122,0.0500000000,0.0500000000,0.0000000000,0.0000000000,HOLD,POSITION_RETAINED
2026-09-08,2026-09-07,sz.000651,000651.SZ,格力电器,C38电气机械和器材制造业,22.0000000000,1.3546927759,0.0500000000,0.0500000000,0.0000000000,0.0000000000,HOLD,POSITION_RETAINED
2026-09-08,2026-09-07,sz.000999,000999.SZ,华润三九,C27医药制造业,17.0000000000,1.4501625806,0.0000000000,0.0500000000,0.0500000000,0.0500000000,BUY,RANK_WITHIN_ENTRY_LIMIT
2026-09-08,2026-09-07,sz.002236,002236.SZ,大华股份,C39计算机、通信和其他电子设备制造业,2.0000000000,2.5722271398,0.0500000000,0.0500000000,0.0000000000,0.0000000000,HOLD,POSITION_RETAINED
2026-09-08,2026-09-07,sz.002415,002415.SZ,海康威视,C39计算机、通信和其他电子设备制造业,3.0000000000,2.5605378962,0.0500000000,0.0500000000,0.0000000000,0.0000000000,HOLD,POSITION_RETAINED
2026-09-08,2026-09-07,sz.002558,002558.SZ,巨人网络,I64互联网和相关服务,7.0000000000,1.9819138955,0.0000000000,0.0500000000,0.0500000000,0.0500000000,BUY,RANK_WITHIN_ENTRY_LIMIT
2026-09-08,2026-09-07,sz.002602,002602.SZ,世纪华通,I64互联网和相关服务,198.0000000000,-0.1466496084,0.0500000000,0.0000000000,-0.0500000000,0.0500000000,SELL,RANK_BELOW_EXIT_LIMIT
2026-09-08,2026-09-07,sz.300450,300450.SZ,先导智能,C35专用设备制造业,15.0000000000,1.4901607796,0.0000000000,0.0500000000,0.0500000000,0.0500000000,BUY,RANK_WITHIN_ENTRY_LIMIT
2026-09-08,2026-09-07,sz.300628,300628.SZ,亿联网络,C39计算机、通信和其他电子设备制造业,16.0000000000,1.4825419933,0.0500000000,0.0500000000,0.0000000000,0.0000000000,HOLD,POSITION_RETAINED
