snapshot_date,signal_price_date,baostock_code,symbol,stock_name,industry,close,target_snapshot_date_1m,forward_return_1m,turnover_stability_component,low_risk_component,long_momentum_component,value_component,short_reversal_component,fixed_equal_weight_score,fixed_equal_weight_rank,walk_forward_score,walk_forward_rank,model_ready,active_component_weight_sum,selection_status,selection_reason,target_weight,portfolio_position,industry_position_number,invested_weight
2022-01-31,2022-01-28,sh.600362,600362.SS,江西铜业,C32有色金属冶炼和压延加工业,17.5836815600,2022-02-28 00:00:00,0.0981169475,1.8789395900,2.2282408060,-1.5474782654,2.1029898304,2.2392893298,3.1847959740,2,3.2658346326,1.0000000000,1,1.0000000000,NEW_ENTRY,RANK_WITHIN_ENTRY_LIMIT,0.0500000000,1,1,0.0500000000
2022-01-31,2022-01-28,sz.000425,000425.SZ,徐工机械,C35专用设备制造业,4.8924687600,2022-02-28 00:00:00,-0.0195035461,1.5898581540,2.5823607209,0.3776617757,3.0602017473,0.3467947656,3.6715588305,1,2.8835532669,2.0000000000,1,1.0000000000,NEW_ENTRY,RANK_WITHIN_ENTRY_LIMIT,0.0500000000,2,1,0.0500000000
2022-01-31,2022-01-28,sh.601600,601600.SS,中国铝业,C32有色金属冶炼和压延加工业,4.8392578600,2022-02-28 00:00:00,0.2319391635,0.8928074949,0.5744224228,0.7087828691,1.5722918719,2.2322300478,2.7596109078,3,2.1299938538,3.0000000000,1,1.0000000000,NEW_ENTRY,RANK_WITHIN_ENTRY_LIMIT,0.0500000000,3,2,0.0500000000
2022-01-31,2022-01-28,sh.603195,603195.SS,公牛集团,C38电气机械和器材制造业,44.7180654200,2022-02-28 00:00:00,-0.0441422864,1.7193743130,2.4470591614,-1.1677065374,-0.2381139819,0.1479389163,1.3420993045,19,2.0937055009,4.0000000000,1,1.0000000000,NEW_ENTRY,RANK_WITHIN_ENTRY_LIMIT,0.0500000000,4,1,0.0500000000
2022-01-31,2022-01-28,sh.688009,688009.SS,中国通号,C37铁路、船舶、航空航天和其他运输设备制造业,4.1129831200,2022-02-28 00:00:00,0.0062240664,1.2948749991,2.4709805720,-0.3299286344,1.8100383681,-0.5807713744,2.1526704031,5,1.9547009325,5.0000000000,1,1.0000000000,NEW_ENTRY,RANK_WITHIN_ENTRY_LIMIT,0.0500000000,5,1,0.0500000000
2022-01-31,2022-01-28,sz.002032,002032.SZ,苏泊尔,C38电气机械和器材制造业,39.4660739000,2022-02-28 00:00:00,-0.0218568665,1.6014707710,0.9678495053,-1.4504587270,0.6234449440,0.9545194685,1.2444021657,24,1.7517978568,6.0000000000,1,1.0000000000,NEW_ENTRY,RANK_WITHIN_ENTRY_LIMIT,0.0500000000,6,2,0.0500000000
2022-01-31,2022-01-28,sz.300558,300558.SZ,贝达药业,C27医药制造业,61.1954833000,2022-02-28 00:00:00,-0.0329052970,1.7502623526,0.6815755648,-0.8309450006,-0.5023202786,1.1771735274,1.0501024156,37,1.7390669137,7.0000000000,1,1.0000000000,NEW_ENTRY,RANK_WITHIN_ENTRY_LIMIT,0.0500000000,7,1,0.0500000000
2022-01-31,2022-01-28,sz.000157,000157.SZ,中联重科,C35专用设备制造业,5.5841640000,2022-02-28 00:00:00,-0.0014184397,0.5845831563,2.0838081365,-1.2912265598,3.0882193089,0.2914917944,2.1949753808,4,1.7254466318,8.0000000000,1,1.0000000000,NEW_ENTRY,RANK_WITHIN_ENTRY_LIMIT,0.0500000000,8,2,0.0500000000
2022-01-31,2022-01-28,sh.600183,600183.SS,生益科技,C39计算机、通信和其他电子设备制造业,17.2586031500,2022-02-28 00:00:00,-0.0061381074,0.4843617183,1.4392356309,-0.4539248583,1.0020612517,1.4151300761,1.7935238766,7,1.6600162946,9.0000000000,1,1.0000000000,NEW_ENTRY,RANK_WITHIN_ENTRY_LIMIT,0.0500000000,9,1,0.0500000000
2022-01-31,2022-01-28,sh.601360,601360.SS,三六零,I64互联网和相关服务,9.8947396800,2022-02-28 00:00:00,0.0019157088,1.1320806523,1.5666474979,-0.5441414758,0.1347348526,0.5616595521,1.3155342908,23,1.6324155300,10.0000000000,1,1.0000000000,NEW_ENTRY,RANK_WITHIN_ENTRY_LIMIT,0.0500000000,10,1,0.0500000000
2022-01-31,2022-01-28,sh.601766,601766.SS,中国中车,C37铁路、船舶、航空航天和其他运输设备制造业,4.9802845800,2022-02-28 00:00:00,-0.0051546392,0.7560625826,1.9515007522,-0.6552626279,1.9429103368,0.0699495553,1.8757957409,6,1.6105641458,11.0000000000,1,1.0000000000,NEW_ENTRY,RANK_WITHIN_ENTRY_LIMIT,0.0500000000,11,2,0.0500000000
2022-01-31,2022-01-28,sh.600143,600143.SS,金发科技,C29橡胶和塑料制品业,10.3754309400,2022-02-28 00:00:00,-0.0529100529,0.8280693860,2.1087476120,-1.4076763969,1.3150556145,0.1571299974,1.3849083671,18,1.5577645798,12.0000000000,1,1.0000000000,NEW_ENTRY,RANK_WITHIN_ENTRY_LIMIT,0.0500000000,12,1,0.0500000000
2022-01-31,2022-01-28,sh.600848,600848.SS,上海临港,K70房地产业,12.9765335000,2022-02-28 00:00:00,-0.0228373702,0.8900228613,1.4535178295,0.0667535960,-1.7109031833,1.1552586389,0.8557949934,51,1.4993913008,13.0000000000,1,1.0000000000,NEW_ENTRY,RANK_WITHIN_ENTRY_LIMIT,0.0500000000,13,1,0.0500000000
2022-01-31,2022-01-28,sh.600690,600690.SS,海尔智家,C38电气机械和器材制造业,23.5053479500,2022-02-28 00:00:00,-0.0781193490,0.6900351899,1.3539671802,-1.2807891782,1.2020306980,1.0455770801,1.3892895532,16,1.4963837457,14.0000000000,1,1.0000000000,NEW_ENTRY,RANK_WITHIN_ENTRY_LIMIT,0.0500000000,14,3,0.0500000000
2022-01-31,2022-01-28,sh.601138,601138.SS,工业富联,C39计算机、通信和其他电子设备制造业,9.6554565800,2022-02-28 00:00:00,0.0054005401,0.7629926122,1.8036577810,-0.7941767218,1.9476005347,-0.1547881380,1.6451375681,10,1.4297632723,15.0000000000,1,1.0000000000,NEW_ENTRY,RANK_WITHIN_ENTRY_LIMIT,0.0500000000,15,2,0.0500000000
2022-01-31,2022-01-28,sz.000800,000800.SZ,一汽解放,C36汽车制造业,8.5280802600,2022-02-28 00:00:00,-0.0095948827,1.2151726700,1.5738451953,-0.0943073844,1.0182186466,-0.6301170954,1.4225085429,14,1.3838736236,16.0000000000,1,1.0000000000,NEW_ENTRY,RANK_WITHIN_ENTRY_LIMIT,0.0500000000,16,1,0.0500000000
2022-01-31,2022-01-28,sh.600276,600276.SS,恒瑞医药,C27医药制造业,40.1378796000,2022-02-28 00:00:00,-0.0212454212,1.0682415990,1.4562814831,-1.5492531055,-0.3797941655,0.7078224809,0.6013837155,87,1.3696611694,17.0000000000,1,1.0000000000,NEW_ENTRY,RANK_WITHIN_ENTRY_LIMIT,0.0500000000,17,2,0.0500000000
2022-01-31,2022-01-28,sz.002601,002601.SZ,龙佰集团,C26化学原料和化学制品制造业,19.8721817600,2022-02-28 00:00:00,0.0934270360,0.6478512697,0.9029080140,-1.4504895321,0.3386064045,1.6014583139,0.9414758940,45,1.3409257124,18.0000000000,1,1.0000000000,NEW_ENTRY,RANK_WITHIN_ENTRY_LIMIT,0.0500000000,18,1,0.0500000000
2022-01-31,2022-01-28,sh.600606,600606.SS,绿地控股,E48土木工程建筑业,3.9704552700,2022-02-28 00:00:00,-0.0114416476,1.4433516308,1.2131898848,-1.1021793588,0.6066838927,-0.3272883235,0.8461547456,53,1.2730683184,19.0000000000,1,1.0000000000,NEW_ENTRY,RANK_WITHIN_ENTRY_LIMIT,0.0500000000,19,1,0.0500000000
2022-01-31,2022-01-28,sh.601216,601216.SS,君正集团,C26化学原料和化学制品制造业,3.7732297300,2022-02-28 00:00:00,0.0040567951,1.0800116889,1.0623655311,0.2974240336,1.3953444730,-0.4028206241,1.5837851056,11,1.2709647005,20.0000000000,1,1.0000000000,NEW_ENTRY,RANK_WITHIN_ENTRY_LIMIT,0.0500000000,20,2,0.0500000000
2022-02-28,2022-02-28,sz.000425,000425.SZ,徐工机械,C35专用设备制造业,4.7970482700,2022-03-31 00:00:00,-0.0687160940,1.2940705005,2.2605587088,0.6114945489,3.0325581297,1.4282128492,3.2505053734,1,2.6191070187,1.0000000000,1,1.0000000000,RETAINED,RANK_WITHIN_EXIT_BUFFER,0.0500000000,1,1,0.0500000000
2022-02-28,2022-02-28,sh.600362,600362.SS,江西铜业,C32有色金属冶炼和压延加工业,19.3089387200,2022-03-31 00:00:00,-0.1299638989,2.3268324193,1.7883920251,-1.2196725840,2.2388360593,1.1442603937,2.3657156721,3,2.3808538044,2.0000000000,1,1.0000000000,RETAINED,RANK_WITHIN_EXIT_BUFFER,0.0500000000,2,1,0.0500000000
2022-02-28,2022-02-28,sh.603195,603195.SS,公牛集团,C38电气机械和器材制造业,42.7441077700,2022-03-31 00:00:00,-0.1342277355,1.5310628000,2.6534695934,-1.0187198712,-0.1707247669,1.4614035500,1.6791498420,16,2.1768539282,3.0000000000,1,1.0000000000,RETAINED,RANK_WITHIN_EXIT_BUFFER,0.0500000000,3,1,0.0500000000
2022-02-28,2022-02-28,sh.688009,688009.SS,中国通号,C37铁路、船舶、航空航天和其他运输设备制造业,4.1385826000,2022-03-31 00:00:00,-0.0824742268,1.3938961197,1.9794442286,-0.0383864836,1.7991016301,1.0568070003,2.3326390804,4,2.1265989740,4.0000000000,1,1.0000000000,RETAINED,RANK_WITHIN_EXIT_BUFFER,0.0500000000,4,1,0.0500000000
2022-02-28,2022-02-28,sz.000157,000157.SZ,中联重科,C35专用设备制造业,5.5762432000,2022-03-31 00:00:00,-0.0568181818,1.0470147964,1.7258852142,-1.0490867557,3.0289198269,1.8216907552,2.4771601672,2,2.0605167515,5.0000000000,1,1.0000000000,RETAINED,RANK_WITHIN_EXIT_BUFFER,0.0500000000,5,2,0.0500000000
2022-02-28,2022-02-28,sz.002044,002044.SZ,美年健康,Q84卫生,7.1130967600,2022-03-31 00:00:00,-0.1796657382,0.9494867469,1.8346564124,0.0012917394,1.1229524826,1.4610233711,2.0231264012,8,1.9415212931,7.0000000000,1,1.0000000000,NEW_ENTRY,RANK_WITHIN_ENTRY_LIMIT,0.0500000000,6,1,0.0500000000
2022-02-28,2022-02-28,sh.601766,601766.SS,中国中车,C37铁路、船舶、航空航天和其他运输设备制造业,4.9546130100,2022-03-31 00:00:00,-0.0673575130,0.9952424622,1.4022958957,-0.1312369980,2.0533280694,1.5277645151,2.2032244528,6,1.9080675392,8.0000000000,1,1.0000000000,RETAINED,RANK_WITHIN_EXIT_BUFFER,0.0500000000,7,2,0.0500000000
2022-02-28,2022-02-28,sh.601138,601138.SS,工业富联,C39计算机、通信和其他电子设备制造业,9.7076012600,2022-03-31 00:00:00,-0.0913160251,1.1785723651,2.4916089935,-0.6036642458,1.9378034953,0.6627456285,2.1352792418,7,1.8928421474,9.0000000000,1,1.0000000000,RETAINED,RANK_WITHIN_EXIT_BUFFER,0.0500000000,8,1,0.0500000000
2022-02-28,2022-02-28,sh.600690,600690.SS,海尔智家,C38电气机械和器材制造业,21.6691254700,2022-03-31 00:00:00,-0.0937622597,1.0219688445,1.7148833172,-1.1310792940,1.3470473982,1.9211227605,1.8364403971,12,1.8904190420,10.0000000000,1,1.0000000000,RETAINED,RANK_WITHIN_EXIT_BUFFER,0.0500000000,9,2,0.0500000000
2022-02-28,2022-02-28,sh.600332,600332.SS,白云山,C27医药制造业,26.0336001600,2022-03-31 00:00:00,0.0527022491,1.0023966278,1.5374451893,1.0693009133,1.9639080897,0.3016123197,2.2134991425,5,1.7046781619,12.0000000000,1,1.0000000000,NEW_ENTRY,RANK_WITHIN_ENTRY_LIMIT,0.0500000000,10,1,0.0500000000
2022-02-28,2022-02-28,sz.300498,300498.SZ,温氏股份,A03畜牧业,18.0599212500,2022-03-31 00:00:00,0.1313494100,1.8439487204,0.9642396311,1.0471636359,-0.0679004124,0.0260929633,1.4368955912,21,1.6352622039,13.0000000000,1,1.0000000000,NEW_ENTRY,RANK_WITHIN_ENTRY_LIMIT,0.0500000000,11,1,0.0500000000
2022-02-28,2022-02-28,sh.601216,601216.SS,君正集团,C26化学原料和化学制品制造业,3.7885369500,2022-03-31 00:00:00,-0.0727272727,1.2225445590,1.1079365448,0.0384277371,1.5247116418,0.7838052011,1.7623951355,13,1.5913879953,14.0000000000,1,1.0000000000,RETAINED,RANK_WITHIN_EXIT_BUFFER,0.0500000000,12,1,0.0500000000
2022-02-28,2022-02-28,sh.601231,601231.SS,环旭电子,C39计算机、通信和其他电子设备制造业,12.7013671100,2022-03-31 00:00:00,-0.1336669049,1.7289195168,0.5090730323,-0.4509016430,1.3335927757,0.7782558580,1.4690713531,20,1.5221857275,15.0000000000,1,1.0000000000,NEW_ENTRY,RANK_WITHIN_ENTRY_LIMIT,0.0500000000,13,2,0.0500000000
2022-02-28,2022-02-28,sh.600352,600352.SS,浙江龙盛,C26化学原料和化学制品制造业,10.2752232000,2022-03-31 00:00:00,-0.1138211382,0.8059826624,1.3984508998,-0.2103706123,1.5625288598,1.0189434010,1.7240040875,14,1.5073408018,16.0000000000,1,1.0000000000,NEW_ENTRY,RANK_WITHIN_ENTRY_LIMIT,0.0500000000,14,2,0.0500000000
2022-02-28,2022-02-28,sz.002252,002252.SZ,上海莱士,C27医药制造业,6.4632139600,2022-03-31 00:00:00,-0.1032934132,0.7300613119,1.5981787382,0.4389768708,1.3061800985,0.4962786081,1.7217962703,15,1.4372627115,17.0000000000,1,1.0000000000,NEW_ENTRY,RANK_WITHIN_ENTRY_LIMIT,0.0500000000,15,2,0.0500000000
2022-02-28,2022-02-28,sh.600161,600161.SS,天坛生物,C27医药制造业,18.4571788500,2022-03-31 00:00:00,-0.0969630443,1.1923464881,1.5218494419,-0.3724454208,-0.1479286450,0.6283431531,1.0633562635,35,1.3791121110,18.0000000000,1,1.0000000000,NEW_ENTRY,RANK_WITHIN_ENTRY_LIMIT,0.0500000000,16,3,0.0500000000
2022-02-28,2022-02-28,sz.000800,000800.SZ,一汽解放,C36汽车制造业,8.4462543300,2022-03-31 00:00:00,-0.0699677072,1.0154021505,1.2991970252,0.1698611706,0.9592907672,0.3600905862,1.4332396837,22,1.3303009187,23.0000000000,1,1.0000000000,RETAINED,RANK_WITHIN_EXIT_BUFFER,0.0500000000,17,1,0.0500000000
2022-02-28,2022-02-28,sz.002032,002032.SZ,苏泊尔,C38电气机械和器材制造业,38.6034691900,2022-03-31 00:00:00,-0.0106782677,1.5379089340,0.7573379613,-1.3651580976,0.6289580347,0.9351914392,0.9397975925,40,1.2768885091,26.0000000000,1,1.0000000000,RETAINED,RANK_WITHIN_EXIT_BUFFER,0.0500000000,18,3,0.0500000000
2022-02-28,2022-02-28,sh.601360,601360.SS,三六零,I64互联网和相关服务,9.9136951200,2022-03-31 00:00:00,-0.0458891013,1.7013345741,1.4619868540,-0.3916674506,0.0597518963,-0.6300817195,0.8294312392,49,1.1099490442,32.0000000000,1,1.0000000000,RETAINED,RANK_WITHIN_EXIT_BUFFER,0.0500000000,19,1,0.0500000000
2022-02-28,2022-02-28,sh.600183,600183.SS,生益科技,C39计算机、通信和其他电子设备制造业,17.1526679900,2022-03-31 00:00:00,-0.1703551209,0.5128818825,1.3699030385,-0.0355962473,1.0459778249,0.2945897182,1.2011064268,28,1.0039830776,37.0000000000,1,1.0000000000,RETAINED,RANK_WITHIN_EXIT_BUFFER,0.0500000000,20,3,0.0500000000
2022-03-31,2022-03-31,sh.603260,603260.SS,合盛硅业,C26化学原料和化学制品制造业,99.4937898500,2022-04-30 00:00:00,-0.2408982322,0.5028468054,-0.3196012431,4.1286379767,-0.9029239566,3.9394054700,3.0914666167,1,3.5192002164,1.0000000000,1,1.0000000000,NEW_ENTRY,RANK_WITHIN_ENTRY_LIMIT,0.0500000000,1,1,0.0500000000
2022-03-31,2022-03-31,sz.300498,300498.SZ,温氏股份,A03畜牧业,20.4320812500,2022-04-30 00:00:00,-0.1537414966,1.6244366169,0.9771163252,1.2266345200,-0.0970383035,1.8007816575,2.3272904001,2,2.6078735225,2.0000000000,1,1.0000000000,RETAINED,RANK_WITHIN_EXIT_BUFFER,0.0500000000,2,1,0.0500000000
2022-03-31,2022-03-31,sh.600848,600848.SS,上海临港,K70房地产业,12.6622230000,2022-04-30 00:00:00,-0.0957446809,1.6313342809,2.2796526409,0.3099395716,-1.4290990463,1.1554456113,1.6606228460,8,2.2593315882,3.0000000000,1,1.0000000000,NEW_ENTRY,RANK_WITHIN_ENTRY_LIMIT,0.0500000000,3,1,0.0500000000
2022-03-31,2022-03-31,sh.603882,603882.SS,金域医学,Q84卫生,65.2233796500,2022-04-30 00:00:00,0.1072838666,2.0772781035,0.3702284109,0.0681628854,1.0766591675,1.2402190543,2.0330589919,4,2.0980382156,4.0000000000,1,1.0000000000,NEW_ENTRY,RANK_WITHIN_ENTRY_LIMIT,0.0500000000,4,1,0.0500000000
2022-03-31,2022-03-31,sh.600111,600111.SS,北方稀土,C32有色金属冶炼和压延加工业,37.6803782700,2022-04-30 00:00:00,-0.1820294345,0.7267611706,1.6027818331,1.8952811461,-1.0812160131,0.7652876621,1.6444774835,9,1.9112004676,5.0000000000,1,1.0000000000,NEW_ENTRY,RANK_WITHIN_ENTRY_LIMIT,0.0500000000,5,1,0.0500000000
2022-03-31,2022-03-31,sh.601865,601865.SS,福莱特,C30非金属矿物制品业,42.5365650000,2022-04-30 00:00:00,-0.0977777778,0.4137875571,-1.3793532692,2.7296827392,-1.7132043943,2.6528190253,1.1374633816,32,1.8265901743,6.0000000000,1,1.0000000000,NEW_ENTRY,RANK_WITHIN_ENTRY_LIMIT,0.0500000000,6,1,0.0500000000
2022-03-31,2022-03-31,sh.600161,600161.SS,天坛生物,C27医药制造业,16.6675146000,2022-04-30 00:00:00,-0.2005672609,1.4605172480,0.9144851225,0.0424975667,-0.0123128589,0.8389576674,1.3648158617,15,1.5944857528,7.0000000000,1,1.0000000000,RETAINED,RANK_WITHIN_EXIT_BUFFER,0.0500000000,7,1,0.0500000000
2022-03-31,2022-03-31,sz.002311,002311.SZ,海大集团,C13农副食品加工业,51.1406127000,2022-04-30 00:00:00,0.1234972678,1.0028611259,0.7779164448,0.3068885833,-0.7846884886,1.4517133671,1.1589020558,31,1.5939604358,8.0000000000,1,1.0000000000,NEW_ENTRY,RANK_WITHIN_ENTRY_LIMIT,0.0500000000,8,1,0.0500000000
2022-03-31,2022-03-31,sh.688599,688599.SS,天合光能,C38电气机械和器材制造业,56.1602665000,2022-04-30 00:00:00,-0.1375212224,-0.5286645047,-1.0067077273,3.5164377745,-0.9071282820,2.1280201760,1.3470676065,18,1.5480642966,9.0000000000,1,1.0000000000,NEW_ENTRY,RANK_WITHIN_ENTRY_LIMIT,0.0500000000,9,1,0.0500000000
2022-03-31,2022-03-31,sh.601877,601877.SS,正泰电器,C38电气机械和器材制造业,35.7899775200,2022-04-30 00:00:00,-0.1740778171,0.7855375087,-0.1749427713,0.3261369778,1.5577377822,1.6560173382,1.7461151431,7,1.5408246442,10.0000000000,1,1.0000000000,NEW_ENTRY,RANK_WITHIN_ENTRY_LIMIT,0.0500000000,10,2,0.0500000000
2022-03-31,2022-03-31,sz.002252,002252.SZ,上海莱士,C27医药制造业,5.7956065300,2022-04-30 00:00:00,-0.0984974958,1.2023018363,1.7480927521,-0.0070437322,1.4938673080,0.0374156610,1.8824841980,5,1.5219895836,11.0000000000,1,1.0000000000,RETAINED,RANK_WITHIN_EXIT_BUFFER,0.0500000000,11,2,0.0500000000
2022-03-31,2022-03-31,sh.600383,600383.SS,金地集团,K70房地产业,13.2144406800,2022-04-30 00:00:00,0.0000000000,0.0050343450,-0.1776579313,0.7079260864,0.4569858546,2.4214379328,1.4361590341,14,1.4846459913,12.0000000000,1,1.0000000000,NEW_ENTRY,RANK_WITHIN_ENTRY_LIMIT,0.0500000000,12,2,0.0500000000
2022-03-31,2022-03-31,sz.000425,000425.SZ,徐工机械,C35专用设备制造业,4.4674138500,2022-04-30 00:00:00,-0.0368932039,1.4321530678,2.0474922245,-0.4640810428,3.0245656006,-0.6911850468,2.2503079495,3,1.4253561480,13.0000000000,1,1.0000000000,RETAINED,RANK_WITHIN_EXIT_BUFFER,0.0500000000,13,1,0.0500000000
2022-03-31,2022-03-31,sh.601186,601186.SS,中国铁建,E48土木工程建筑业,6.3737864200,2022-04-30 00:00:00,0.0992167102,1.3693843693,1.6903163585,-0.6682456471,0.9852975052,0.2687144944,1.5336526833,11,1.4131900832,14.0000000000,1,1.0000000000,NEW_ENTRY,RANK_WITHIN_ENTRY_LIMIT,0.0500000000,14,1,0.0500000000
2022-03-31,2022-03-31,sz.300316,300316.SZ,晶盛机电,C35专用设备制造业,57.0628200000,2022-04-30 00:00:00,-0.1575000000,0.5553713554,0.1582974543,2.8010683385,-0.8853157533,0.2263037640,1.2014072425,27,1.3591433513,16.0000000000,1,1.0000000000,NEW_ENTRY,RANK_WITHIN_ENTRY_LIMIT,0.0500000000,15,2,0.0500000000
2022-03-31,2022-03-31,sh.601360,601360.SS,三六零,I64互联网和相关服务,9.4587645600,2022-04-30 00:00:00,-0.1793587174,0.8349150586,1.8489620132,-0.1206346035,0.1367558174,0.0630943553,1.1624366233,30,1.1491077935,25.0000000000,1,1.0000000000,RETAINED,RANK_WITHIN_EXIT_BUFFER,0.0500000000,16,1,0.0500000000
2022-03-31,2022-03-31,sz.002044,002044.SZ,美年健康,Q84卫生,5.8351169800,2022-04-30 00:00:00,-0.1511035654,1.1042404772,1.0992064317,-0.3824047724,1.2278516565,0.1820600871,1.3592664476,16,1.1374206655,26.0000000000,1,1.0000000000,RETAINED,RANK_WITHIN_EXIT_BUFFER,0.0500000000,17,2,0.0500000000
2022-03-31,2022-03-31,sz.000157,000157.SZ,中联重科,C35专用设备制造业,5.2594112000,2022-04-30 00:00:00,-0.1265060241,1.3054978291,1.9008913215,-1.3535425427,2.8632270575,-0.5369680572,1.7581550975,6,1.0445423410,33.0000000000,1,1.0000000000,RETAINED,RANK_WITHIN_EXIT_BUFFER,0.0500000000,18,3,0.0500000000
2022-03-31,2022-03-31,sh.601216,601216.SS,君正集团,C26化学原料和化学制品制造业,3.5130069900,2022-04-30 00:00:00,-0.0479302832,1.4103906474,1.5539919309,-0.2512766344,1.2403733496,-0.8654935364,1.2991195746,20,0.9875790969,37.0000000000,1,1.0000000000,RETAINED,RANK_WITHIN_EXIT_BUFFER,0.0500000000,19,2,0.0500000000
2022-03-31,2022-03-31,sh.600332,600332.SS,白云山,C27医药制造业,27.4056294400,2022-04-30 00:00:00,-0.0742984694,1.2751742014,1.0718696284,0.5667634780,1.9353176211,-1.1330291905,1.5633662505,10,0.9787956196,39.0000000000,1,1.0000000000,RETAINED,RANK_WITHIN_EXIT_BUFFER,0.0500000000,20,3,0.0500000000
2022-04-30,2022-04-29,sh.601360,601360.SS,三六零,I64互联网和相关服务,7.7622526800,2022-05-31 00:00:00,0.0109890110,2.4616418470,1.5870231927,-0.3481276614,-0.3683124464,2.3875927928,2.3456670845,2,2.9799739239,1.0000000000,1,1.0000000000,RETAINED,RANK_WITHIN_EXIT_BUFFER,0.0500000000,1,1,0.0500000000
2022-04-30,2022-04-29,sz.002602,002602.SZ,世纪华通,I64互联网和相关服务,4.7406886800,2022-05-31 00:00:00,-0.0252100840,1.2987101559,-0.0837281396,0.4555167219,1.6676584070,3.0003529490,2.5993895625,1,2.5728808049,2.0000000000,1,1.0000000000,NEW_ENTRY,RANK_WITHIN_ENTRY_LIMIT,0.0500000000,2,2,0.0500000000
2022-04-30,2022-04-29,sh.601600,601600.SS,中国铝业,C32有色金属冶炼和压延加工业,4.3792523600,2022-05-31 00:00:00,0.0819327731,1.8573243698,-0.0161841605,-0.4390198353,1.0537189831,2.4687971815,2.0195674736,7,2.2300708294,3.0000000000,1,1.0000000000,NEW_ENTRY,RANK_WITHIN_ENTRY_LIMIT,0.0500000000,3,1,0.0500000000
2022-04-30,2022-04-29,sh.603260,603260.SS,合盛硅业,C26化学原料和化学制品制造业,75.5259117600,2022-05-31 00:00:00,0.1722054381,0.6901165264,-0.5541087556,4.0947498873,0.0134932236,0.8246366228,2.0787240341,5,2.1657830771,4.0000000000,1,1.0000000000,RETAINED,RANK_WITHIN_EXIT_BUFFER,0.0500000000,4,1,0.0500000000
2022-04-30,2022-04-29,sh.600655,600655.SS,豫园股份,F52零售业,7.7065426500,2022-05-31 00:00:00,0.1123470523,1.3161528349,0.5174980795,0.4811609338,1.2907090399,1.5797943756,2.1264704441,4,2.0871893811,5.0000000000,1,1.0000000000,NEW_ENTRY,RANK_WITHIN_ENTRY_LIMIT,0.0500000000,5,1,0.0500000000
2022-04-30,2022-04-29,sh.600332,600332.SS,白云山,C27医药制造业,25.3694331200,2022-05-31 00:00:00,0.0661384774,0.9938069604,1.9789051491,1.0870192264,1.8350453289,-0.6951234870,2.1323503470,3,1.6845367936,6.0000000000,1,1.0000000000,RETAINED,RANK_WITHIN_EXIT_BUFFER,0.0500000000,6,1,0.0500000000
2022-04-30,2022-04-29,sh.600362,600362.SS,江西铜业,C32有色金属冶炼和压延加工业,15.3530460400,2022-05-31 00:00:00,0.0283768445,1.9144047498,1.0528069104,-2.2956915124,1.9989240095,1.4362463075,1.6841321024,15,1.5972724329,7.0000000000,1,1.0000000000,NEW_ENTRY,RANK_WITHIN_ENTRY_LIMIT,0.0500000000,7,2,0.0500000000
2022-04-30,2022-04-29,sh.601138,601138.SS,工业富联,C39计算机、通信和其他电子设备制造业,8.2736225600,2022-05-31 00:00:00,-0.0115546218,0.8220495044,2.2798412272,-0.9199745920,1.8711590226,0.6462408417,1.9271647106,8,1.5726813109,8.0000000000,1,1.0000000000,NEW_ENTRY,RANK_WITHIN_ENTRY_LIMIT,0.0500000000,8,1,0.0500000000
2022-04-30,2022-04-29,sz.000651,000651.SZ,格力电器,C38电气机械和器材制造业,22.8053342600,2022-05-31 00:00:00,0.0307593720,0.9410004792,2.4500051734,-2.4259445904,2.1642726225,1.4347203845,1.8716945046,9,1.5445144633,9.0000000000,1,1.0000000000,NEW_ENTRY,RANK_WITHIN_ENTRY_LIMIT,0.0500000000,9,1,0.0500000000
2022-04-30,2022-04-29,sz.002001,002001.SZ,新和成,C27医药制造业,19.2328529600,2022-05-31 00:00:00,-0.0450695267,0.6408933112,0.2468046304,0.6971478790,0.9396167877,1.3524719263,1.5899104070,16,1.5182034071,10.0000000000,1,1.0000000000,NEW_ENTRY,RANK_WITHIN_ENTRY_LIMIT,0.0500000000,10,2,0.0500000000
2022-04-30,2022-04-29,sz.002916,002916.SZ,深南电路,C39计算机、通信和其他电子设备制造业,69.5506460600,2022-05-31 00:00:00,-0.0242509501,1.0205240358,1.0039081458,1.0604686881,-0.2886663651,0.3083758705,1.2731843422,23,1.4873034466,11.0000000000,1,1.0000000000,NEW_ENTRY,RANK_WITHIN_ENTRY_LIMIT,0.0500000000,11,2,0.0500000000
2022-04-30,2022-04-29,sh.600104,600104.SS,上汽集团,C36汽车制造业,14.1383033000,2022-05-31 00:00:00,0.0777429467,0.4321975113,1.8901070939,-0.4920540372,1.9033877615,0.8115618626,1.8639626290,10,1.4485161366,12.0000000000,1,1.0000000000,NEW_ENTRY,RANK_WITHIN_ENTRY_LIMIT,0.0500000000,12,1,0.0500000000
2022-04-30,2022-04-29,sz.002044,002044.SZ,美年健康,Q84卫生,4.9534100000,2022-05-31 00:00:00,0.0240000000,1.1176187974,-0.1411457591,-0.0433413240,-0.2795557936,1.8749455065,1.0369333028,38,1.4301863815,13.0000000000,1,1.0000000000,RETAINED,RANK_WITHIN_EXIT_BUFFER,0.0500000000,13,1,0.0500000000
2022-04-30,2022-04-29,sz.000425,000425.SZ,徐工机械,C35专用设备制造业,4.3025966400,2022-05-31 00:00:00,0.0665322581,0.6337732981,1.7112149222,-0.6943971762,2.8120689160,0.5500254682,2.0556758590,6,1.4252508993,14.0000000000,1,1.0000000000,RETAINED,RANK_WITHIN_EXIT_BUFFER,0.0500000000,14,1,0.0500000000
2022-04-30,2022-04-29,sz.002252,002252.SZ,上海莱士,C27医药制造业,5.2247538000,2022-05-31 00:00:00,0.0425925926,1.4124965795,1.1752738096,-0.0007717365,1.1446684875,-0.1679929083,1.4614440089,19,1.3492131346,16.0000000000,1,1.0000000000,RETAINED,RANK_WITHIN_EXIT_BUFFER,0.0500000000,15,3,0.0500000000
2022-04-30,2022-04-29,sh.600848,600848.SS,上海临港,K70房地产业,11.4498825000,2022-05-31 00:00:00,0.1105882353,1.4258145811,2.1048125314,0.0727379661,-1.3722683266,-0.3732432899,0.7618959071,65,1.2750815671,21.0000000000,1,1.0000000000,RETAINED,RANK_WITHIN_EXIT_BUFFER,0.0500000000,16,1,0.0500000000
2022-04-30,2022-04-29,sz.000157,000157.SZ,中联重科,C35专用设备制造业,4.5940640000,2022-05-31 00:00:00,0.0224137931,0.3811837863,1.1602875345,-1.1202444134,2.6347490453,1.2919289747,1.7830528814,11,1.2339513279,23.0000000000,1,1.0000000000,RETAINED,RANK_WITHIN_EXIT_BUFFER,0.0500000000,17,2,0.0500000000
2022-04-30,2022-04-29,sz.300498,300498.SZ,温氏股份,A03畜牧业,17.2908225000,2022-05-31 00:00:00,-0.0316184352,0.6304974272,-0.2311307536,1.6233700240,-0.2736301462,0.6767454490,0.9948291122,40,1.1865862873,26.0000000000,1,1.0000000000,RETAINED,RANK_WITHIN_EXIT_BUFFER,0.0500000000,18,1,0.0500000000
2022-04-30,2022-04-29,sz.300316,300316.SZ,晶盛机电,C35专用设备制造业,48.0754258500,2022-05-31 00:00:00,0.0943620178,0.7659820427,-0.5189047314,3.2603564570,-0.7578915574,-0.5265179860,0.9116505112,46,1.1402452052,30.0000000000,1,1.0000000000,RETAINED,RANK_WITHIN_EXIT_BUFFER,0.0500000000,19,3,0.0500000000
2022-04-30,2022-04-29,sh.601216,601216.SS,君正集团,C26化学原料和化学制品制造业,3.3446275700,2022-05-31 00:00:00,-0.0091533181,0.9398700163,0.8261422047,-0.3146345298,0.9321057899,0.4363802813,1.1564112579,31,1.0807087329,35.0000000000,1,1.0000000000,RETAINED,RANK_WITHIN_EXIT_BUFFER,0.0500000000,20,2,0.0500000000
2022-05-31,2022-05-31,sh.603659,603659.SS,璞泰来,C39计算机、通信和其他电子设备制造业,42.7827766000,2022-06-30 00:00:00,0.3177224220,0.8200428630,0.1543384637,3.1651994982,-1.1431602225,1.7806346504,1.7740092509,10,2.4439218507,1.0000000000,1,1.0000000000,NEW_ENTRY,RANK_WITHIN_ENTRY_LIMIT,0.0500000000,1,1,0.0500000000
2022-05-31,2022-05-31,sh.600332,600332.SS,白云山,C27医药制造业,27.0473288000,2022-06-30 00:00:00,0.0436346235,1.9914589622,2.3056115146,1.5188486150,1.6853441781,-0.9423499259,2.4357208222,1,2.2713550279,2.0000000000,1,1.0000000000,RETAINED,RANK_WITHIN_EXIT_BUFFER,0.0500000000,2,1,0.0500000000
2022-05-31,2022-05-31,sz.002916,002916.SZ,深南电路,C39计算机、通信和其他电子设备制造业,67.8639768100,2022-06-30 00:00:00,0.0173705352,1.1283577027,1.2983713796,1.8466843760,-0.1502177952,1.0780388845,1.9315326525,8,2.2338331662,3.0000000000,1,1.0000000000,RETAINED,RANK_WITHIN_EXIT_BUFFER,0.0500000000,3,2,0.0500000000
2022-05-31,2022-05-31,sz.300316,300316.SZ,晶盛机电,C35专用设备制造业,52.6119200400,2022-06-30 00:00:00,0.2281442324,1.0922983275,0.4851270499,2.1990546350,-0.7595083304,1.5439861521,1.6937592225,11,2.2302834545,4.0000000000,1,1.0000000000,RETAINED,RANK_WITHIN_EXIT_BUFFER,0.0500000000,4,1,0.0500000000
2022-05-31,2022-05-31,sz.002252,002252.SZ,上海莱士,C27医药制造业,5.4472896100,2022-06-30 00:00:00,0.0532859680,1.8524772508,1.5455004697,0.3986078637,1.1642206975,0.7510540804,2.1211588700,3,2.0876506676,5.0000000000,1,1.0000000000,RETAINED,RANK_WITHIN_EXIT_BUFFER,0.0500000000,5,2,0.0500000000
2022-05-31,2022-05-31,sz.002459,002459.SZ,晶澳科技,C38电气机械和器材制造业,45.8154216000,2022-06-30 00:00:00,0.1819305838,-0.5169781215,0.1658579251,4.5746353771,-1.0863984625,0.7050675846,1.4268351811,20,1.8963275469,7.0000000000,1,1.0000000000,NEW_ENTRY,RANK_WITHIN_ENTRY_LIMIT,0.0500000000,6,1,0.0500000000
2022-05-31,2022-05-31,sh.603806,603806.SS,福斯特,C29橡胶和塑料制品业,38.7575900000,2022-06-30 00:00:00,-0.1741870431,1.5038831554,0.4538640723,2.0534728770,-1.4158848213,0.2112757521,1.0422642563,45,1.8031183562,8.0000000000,1,1.0000000000,NEW_ENTRY,RANK_WITHIN_ENTRY_LIMIT,0.0500000000,7,1,0.0500000000
2022-05-31,2022-05-31,sh.688599,688599.SS,天合光能,C38电气机械和器材制造业,61.2137370000,2022-06-30 00:00:00,0.0200507445,0.1254626362,-0.9920669260,4.3421860830,-0.8373712445,0.2230084783,1.0625435031,43,1.6156306143,9.0000000000,1,1.0000000000,NEW_ENTRY,RANK_WITHIN_ENTRY_LIMIT,0.0500000000,8,2,0.0500000000
2022-05-31,2022-05-31,sh.600406,600406.SS,国电南瑞,I65软件和信息技术服务业,21.5118427500,2022-06-30 00:00:00,-0.0419373068,0.2450022893,0.3517343512,2.1039761494,0.9801441793,0.8243414366,1.6730523777,12,1.5589776795,11.0000000000,1,1.0000000000,NEW_ENTRY,RANK_WITHIN_ENTRY_LIMIT,0.0500000000,9,1,0.0500000000
2022-05-31,2022-05-31,sh.603882,603882.SS,金域医学,Q84卫生,67.2391328400,2022-06-30 00:00:00,0.0902007396,-1.2105068999,1.3213034959,0.4873991066,1.8428167467,3.6041186960,2.2449224484,2,1.5431972574,12.0000000000,1,1.0000000000,NEW_ENTRY,RANK_WITHIN_ENTRY_LIMIT,0.0500000000,10,1,0.0500000000
2022-05-31,2022-05-31,sh.600655,600655.SS,豫园股份,F52零售业,8.5723500000,2022-06-30 00:00:00,-0.0213304496,1.6416472312,0.7685921138,0.5076349312,1.5221708602,0.0119062684,1.6532785490,13,1.5134121162,13.0000000000,1,1.0000000000,RETAINED,RANK_WITHIN_EXIT_BUFFER,0.0500000000,11,1,0.0500000000
2022-05-31,2022-05-31,sh.603260,603260.SS,合盛硅业,C26化学原料和化学制品制造业,88.5318844800,2022-06-30 00:00:00,0.2859311620,-0.7153122872,-0.7987282291,2.3414848861,-0.1402621056,3.0009352461,1.3696208721,21,1.5106973025,14.0000000000,1,1.0000000000,RETAINED,RANK_WITHIN_EXIT_BUFFER,0.0500000000,12,1,0.0500000000
2022-05-31,2022-05-31,sz.000895,000895.SZ,双汇发展,C13农副食品加工业,22.5510165400,2022-06-30 00:00:00,0.0338743825,0.7451499444,0.5907060933,0.8455741808,0.8176677426,1.1918609231,1.5563562565,18,1.5027708902,15.0000000000,1,1.0000000000,NEW_ENTRY,RANK_WITHIN_ENTRY_LIMIT,0.0500000000,13,1,0.0500000000
2022-05-31,2022-05-31,sh.600104,600104.SS,上汽集团,C36汽车制造业,15.2374566600,2022-06-30 00:00:00,0.0360674811,1.1984718564,1.8999344290,-0.4245413607,2.0522620386,0.5745600845,1.9684653748,7,1.5018641047,16.0000000000,1,1.0000000000,RETAINED,RANK_WITHIN_EXIT_BUFFER,0.0500000000,14,1,0.0500000000
2022-05-31,2022-05-31,sz.000425,000425.SZ,徐工机械,C35专用设备制造业,4.5888581100,2022-06-30 00:00:00,0.0189035917,0.4621403277,1.4632800017,-0.0560578472,2.7664114447,1.0282661562,2.1034003111,4,1.3569120938,21.0000000000,1,1.0000000000,RETAINED,RANK_WITHIN_EXIT_BUFFER,0.0500000000,15,2,0.0500000000
2022-05-31,2022-05-31,sz.000157,000157.SZ,中联重科,C35专用设备制造业,4.6970344000,2022-06-30 00:00:00,0.0387858347,1.2390625905,1.5607630386,-0.8154104511,2.6897224790,0.6601783090,1.9809538241,5,1.3413513910,22.0000000000,1,1.0000000000,RETAINED,RANK_WITHIN_EXIT_BUFFER,0.0500000000,16,3,0.0500000000
2022-05-31,2022-05-31,sh.600362,600362.SS,江西铜业,C32有色金属冶炼和压延加工业,15.7887170400,2022-06-30 00:00:00,-0.0160044150,2.4623097748,1.3790220561,-1.5218576304,2.0935530874,-0.0433193424,1.6227365833,16,1.3260428672,24.0000000000,1,1.0000000000,RETAINED,RANK_WITHIN_EXIT_BUFFER,0.0500000000,17,1,0.0500000000
2022-05-31,2022-05-31,sz.300498,300498.SZ,温氏股份,A03畜牧业,16.7441137500,2022-06-30 00:00:00,0.1781959048,0.1869837347,-0.1572360107,2.4276540208,0.9722498459,0.1887155728,1.3437183540,24,1.2530240115,30.0000000000,1,1.0000000000,RETAINED,RANK_WITHIN_EXIT_BUFFER,0.0500000000,18,1,0.0500000000
2022-05-31,2022-05-31,sh.601216,601216.SS,君正集团,C26化学原料和化学制品制造业,3.3140131300,2022-06-30 00:00:00,0.1693502735,1.3211100618,0.8921662865,-0.0353521378,1.0887267795,0.3047750685,1.3262862855,26,1.2187974500,31.0000000000,1,1.0000000000,RETAINED,RANK_WITHIN_EXIT_BUFFER,0.0500000000,19,2,0.0500000000
2022-05-31,2022-05-31,sh.601138,601138.SS,工业富联,C39计算机、通信和其他电子设备制造业,8.1780239800,2022-06-30 00:00:00,0.0456960680,1.0101931987,1.8957922073,-0.5281159513,1.8932809053,0.1461036001,1.6403932913,15,1.1701542615,33.0000000000,1,1.0000000000,RETAINED,RANK_WITHIN_EXIT_BUFFER,0.0500000000,20,3,0.0500000000
2022-06-30,2022-06-30,sh.601238,601238.SS,广汽集团,C36汽车制造业,14.5699276800,2022-07-31 00:00:00,-0.0229658793,0.9975608022,-0.1655097728,1.5242032279,0.6531310276,2.2233572242,1.9390294957,7,2.2600865583,1.0000000000,1,1.0000000000,NEW_ENTRY,RANK_WITHIN_ENTRY_LIMIT,0.0500000000,1,1,0.0500000000
2022-06-30,2022-06-30,sh.600085,600085.SS,同仁堂,C27医药制造业,49.1219770400,2022-07-31 00:00:00,-0.1100605144,0.6727251849,0.2686957269,2.5260672027,-0.5962526053,1.2230437691,1.5171639480,14,2.1405376794,2.0000000000,1,1.0000000000,NEW_ENTRY,RANK_WITHIN_ENTRY_LIMIT,0.0500000000,2,1,0.0500000000
2022-06-30,2022-06-30,sh.600406,600406.SS,国电南瑞,I65软件和信息技术服务业,20.6096940000,2022-07-31 00:00:00,0.0807407407,0.3773334864,0.7040334060,2.8470889801,1.1397041042,0.6826461508,2.1310016087,3,2.1015027385,3.0000000000,1,1.0000000000,RETAINED,RANK_WITHIN_EXIT_BUFFER,0.0500000000,3,1,0.0500000000
2022-06-30,2022-06-30,sh.600332,600332.SS,白云山,C27医药制造业,28.2275288100,2022-07-31 00:00:00,-0.0876859766,0.7155794788,1.6352533553,1.4232716112,1.8159031457,1.0526128086,2.4614696521,1,2.0176124592,4.0000000000,1,1.0000000000,RETAINED,RANK_WITHIN_EXIT_BUFFER,0.0500000000,4,2,0.0500000000
2022-06-30,2022-06-30,sh.688599,688599.SS,天合光能,C38电气机械和器材制造业,62.4411180000,2022-07-31 00:00:00,0.2718773946,0.1327578394,-0.7484857631,3.4972775336,-0.4233818729,0.9049452892,1.2462251570,30,1.9521016596,6.0000000000,1,1.0000000000,RETAINED,RANK_WITHIN_EXIT_BUFFER,0.0500000000,5,1,0.0500000000
2022-06-30,2022-06-30,sz.002459,002459.SZ,晶澳科技,C38电气机械和器材制造业,54.1506480000,2022-07-31 00:00:00,-0.0154626109,0.2952031536,0.0706861342,3.6010471543,-0.9071737784,0.0289477206,1.1445433305,38,1.8627043715,7.0000000000,1,1.0000000000,RETAINED,RANK_WITHIN_EXIT_BUFFER,0.0500000000,6,2,0.0500000000
2022-06-30,2022-06-30,sz.002252,002252.SZ,上海莱士,C27医药制造业,5.7375537100,2022-07-31 00:00:00,-0.0220668139,1.0607518523,1.4375215795,0.4240503356,1.2709873040,1.3747002426,2.0632657065,4,1.7930687112,8.0000000000,1,1.0000000000,RETAINED,RANK_WITHIN_EXIT_BUFFER,0.0500000000,7,3,0.0500000000
2022-06-30,2022-06-30,sz.002916,002916.SZ,深南电路,C39计算机、通信和其他电子设备制造业,69.0428104100,2022-07-31 00:00:00,-0.0761925088,1.4347177047,1.2481257289,0.6886965936,0.2107804572,0.6912193406,1.5835902029,13,1.7232701009,9.0000000000,1,1.0000000000,RETAINED,RANK_WITHIN_EXIT_BUFFER,0.0500000000,8,1,0.0500000000
2022-06-30,2022-06-30,sh.601865,601865.SS,福莱特,C30非金属矿物制品业,36.0142917000,2022-07-31 00:00:00,0.0784776903,0.1967256956,-1.5940274385,1.9160132871,-1.6112038937,2.4665896698,0.5091814148,97,1.6447397539,10.0000000000,1,1.0000000000,NEW_ENTRY,RANK_WITHIN_ENTRY_LIMIT,0.0500000000,9,1,0.0500000000
2022-06-30,2022-06-30,sh.601877,601877.SS,正泰电器,C38电气机械和器材制造业,32.3538503200,2022-07-31 00:00:00,0.0359693164,1.0281410911,0.3525027921,0.0306551925,1.5048235804,1.9353384251,1.7977429841,8,1.6047171816,11.0000000000,1,1.0000000000,NEW_ENTRY,RANK_WITHIN_ENTRY_LIMIT,0.0500000000,10,3,0.0500000000
2022-06-30,2022-06-30,sz.002736,002736.SZ,国信证券,J67资本市场服务,8.3710991100,2022-07-31 00:00:00,-0.0386624869,2.0637065308,1.0260267000,0.2740176016,0.6740641546,-0.1878228830,1.4266416195,20,1.4757266098,13.0000000000,1,1.0000000000,NEW_ENTRY,RANK_WITHIN_ENTRY_LIMIT,0.0500000000,11,1,0.0500000000
2022-06-30,2022-06-30,sz.300316,300316.SZ,晶盛机电,C35专用设备制造业,64.6150261500,2022-07-31 00:00:00,0.0803373280,0.8530064454,-0.1911052224,1.7200374447,-0.7061612423,0.5592297819,0.8281976212,58,1.4582274304,14.0000000000,1,1.0000000000,RETAINED,RANK_WITHIN_EXIT_BUFFER,0.0500000000,12,1,0.0500000000
2022-06-30,2022-06-30,sh.601881,601881.SS,中国银河,J67资本市场服务,8.6046947800,2022-07-31 00:00:00,-0.0699017078,1.9622259094,1.1978869475,0.2811377806,0.7128569290,-0.2397494913,1.4504928823,18,1.4401948640,15.0000000000,1,1.0000000000,NEW_ENTRY,RANK_WITHIN_ENTRY_LIMIT,0.0500000000,13,2,0.0500000000
2022-06-30,2022-06-30,sz.000425,000425.SZ,徐工机械,C35专用设备制造业,4.6756040100,2022-07-31 00:00:00,0.0371057514,1.0131739045,1.8774208751,0.1497472645,2.8721235399,0.4371075884,2.3528789434,2,1.4273314162,16.0000000000,1,1.0000000000,RETAINED,RANK_WITHIN_EXIT_BUFFER,0.0500000000,14,2,0.0500000000
2022-06-30,2022-06-30,sh.603369,603369.SS,今世缘,C15酒、饮料和精制茶制造业,46.0557540000,2022-07-31 00:00:00,-0.1417647059,0.4443677439,0.5244209164,0.4916368456,0.8092722643,1.5719125666,1.4235356968,21,1.3345742380,18.0000000000,1,1.0000000000,NEW_ENTRY,RANK_WITHIN_ENTRY_LIMIT,0.0500000000,15,1,0.0500000000
2022-06-30,2022-06-30,sh.601211,601211.SS,国泰君安,J67资本市场服务,12.9300624000,2022-07-31 00:00:00,-0.0041986456,1.4868403643,1.6715725692,0.2519439597,0.8275744959,-0.1908640938,1.4996692161,15,1.2930636703,20.0000000000,1,1.0000000000,NEW_ENTRY,RANK_WITHIN_ENTRY_LIMIT,0.0500000000,16,3,0.0500000000
2022-06-30,2022-06-30,sh.601138,601138.SS,工业富联,C39计算机、通信和其他电子设备制造业,8.5517275200,2022-07-31 00:00:00,0.0213414634,1.1448475421,1.7852666154,-0.4541352134,2.0620924359,0.7154396468,1.9467254157,6,1.2601876614,21.0000000000,1,1.0000000000,RETAINED,RANK_WITHIN_EXIT_BUFFER,0.0500000000,17,2,0.0500000000
2022-06-30,2022-06-30,sh.600362,600362.SS,江西铜业,C32有色金属冶炼和压延加工业,15.5360278600,2022-07-31 00:00:00,-0.0263768991,2.0899135605,1.4127947859,-1.6063839344,1.9020558701,0.8134937796,1.7089623310,9,1.1870571625,27.0000000000,1,1.0000000000,RETAINED,RANK_WITHIN_EXIT_BUFFER,0.0500000000,18,1,0.0500000000
2022-06-30,2022-06-30,sh.603659,603659.SS,璞泰来,C39计算机、通信和其他电子设备制造业,56.3758240000,2022-07-31 00:00:00,-0.1606635071,0.9385332227,-0.6374189521,1.3957107295,-1.1265395397,0.3925822270,0.3567973856,117,1.1528113331,29.0000000000,1,1.0000000000,RETAINED,RANK_WITHIN_EXIT_BUFFER,0.0500000000,19,3,0.0500000000
2022-06-30,2022-06-30,sz.000895,000895.SZ,双汇发展,C13农副食品加工业,23.3149183000,2022-07-31 00:00:00,-0.0843003413,0.9275122452,0.9617709554,0.2488124036,0.8930798302,0.4011883133,1.2718864983,27,1.0825842504,33.0000000000,1,1.0000000000,RETAINED,RANK_WITHIN_EXIT_BUFFER,0.0500000000,20,1,0.0500000000
2022-07-31,2022-07-29,sz.300751,300751.SZ,迈为股份,C35专用设备制造业,284.8118800000,2022-08-31 00:00:00,-0.0084745763,1.0947292193,-0.4528341493,3.6011910583,-1.6613933398,-0.0613445304,0.9918584364,43,2.5958931101,1.0000000000,1,1.0000000000,NEW_ENTRY,RANK_WITHIN_ENTRY_LIMIT,0.0500000000,1,1,0.0500000000
2022-07-31,2022-07-29,sh.603659,603659.SS,璞泰来,C39计算机、通信和其他电子设备制造业,47.3182864000,2022-08-31 00:00:00,-0.1053077357,0.7408942860,-0.3678937926,1.1334183007,-0.7808225423,2.2996667554,1.1905627035,31,2.2879752181,2.0000000000,1,1.0000000000,RETAINED,RANK_WITHIN_EXIT_BUFFER,0.0500000000,2,1,0.0500000000
2022-07-31,2022-07-29,sz.000408,000408.SZ,藏格矿业,C26化学原料和化学制品制造业,26.9599008300,2022-08-31 00:00:00,-0.0123989377,0.4942319930,-0.5634777317,1.8388176144,-0.1359271848,1.5423205038,1.2498700773,29,2.1300472100,3.0000000000,1,1.0000000000,NEW_ENTRY,RANK_WITHIN_ENTRY_LIMIT,0.0500000000,3,1,0.0500000000
2022-07-31,2022-07-29,sz.002179,002179.SZ,中航光电,C39计算机、通信和其他电子设备制造业,44.1719910000,2022-08-31 00:00:00,-0.0024590164,1.1984805729,0.8394178935,1.1894157636,-0.5706136000,0.9045791731,1.4015068774,23,2.0575133269,4.0000000000,1,1.0000000000,NEW_ENTRY,RANK_WITHIN_ENTRY_LIMIT,0.0500000000,4,2,0.0500000000
2022-07-31,2022-07-29,sh.600845,600845.SS,宝信软件,I65软件和信息技术服务业,25.9638251300,2022-08-31 00:00:00,-0.0542423488,0.7460346098,1.4812818634,0.9273578723,0.2653803716,1.3040553598,1.8591273723,5,1.9970405421,5.0000000000,1,1.0000000000,NEW_ENTRY,RANK_WITHIN_ENTRY_LIMIT,0.0500000000,5,1,0.0500000000
2022-07-31,2022-07-29,sz.002129,002129.SZ,中环股份,C38电气机械和器材制造业,39.2882744900,2022-08-31 00:00:00,-0.0542559465,0.2230643816,0.6992743979,0.8467805467,0.3618656050,1.9563863675,1.6085450462,10,1.8530115951,7.0000000000,1,1.0000000000,NEW_ENTRY,RANK_WITHIN_ENTRY_LIMIT,0.0500000000,6,1,0.0500000000
2022-07-31,2022-07-29,sh.603195,603195.SS,公牛集团,C38电气机械和器材制造业,42.9253770200,2022-08-31 00:00:00,0.0191848160,2.3440243960,3.3125800696,-1.0295301978,-0.1783254818,0.6429928823,2.0038051938,3,1.7734162539,8.0000000000,1,1.0000000000,NEW_ENTRY,RANK_WITHIN_ENTRY_LIMIT,0.0500000000,7,2,0.0500000000
2022-07-31,2022-07-29,sz.002648,002648.SZ,卫星化学,C26化学原料和化学制品制造业,14.7717720000,2022-08-31 00:00:00,-0.0326422585,1.4872721688,0.2380046828,0.0426813131,0.8573314533,1.3268173262,1.5553130809,13,1.7635933310,9.0000000000,1,1.0000000000,NEW_ENTRY,RANK_WITHIN_ENTRY_LIMIT,0.0500000000,8,2,0.0500000000
2022-07-31,2022-07-29,sh.600085,600085.SS,同仁堂,C27医药制造业,43.7155869800,2022-08-31 00:00:00,-0.0006178741,0.5516145610,0.2525434572,2.7055576366,-0.5882792481,-0.4032713642,0.9909992532,44,1.7220704083,10.0000000000,1,1.0000000000,RETAINED,RANK_WITHIN_EXIT_BUFFER,0.0500000000,9,1,0.0500000000
2022-07-31,2022-07-29,sh.600438,600438.SS,通威股份,C38电气机械和器材制造业,47.6093660800,2022-08-31 00:00:00,-0.0172830329,0.0511255588,0.2107905275,1.5638716693,0.7323972448,1.0477200897,1.4190687231,21,1.6000725518,12.0000000000,1,1.0000000000,NEW_ENTRY,RANK_WITHIN_ENTRY_LIMIT,0.0500000000,10,3,0.0500000000
2022-07-31,2022-07-29,sh.601669,601669.SS,中国电建,E48土木工程建筑业,6.5846965000,2022-08-31 00:00:00,0.0648275862,-0.9337959426,0.0321317879,3.1744163358,-0.8001667314,0.5235319893,0.7855525186,66,1.5366598284,14.0000000000,1,1.0000000000,NEW_ENTRY,RANK_WITHIN_ENTRY_LIMIT,0.0500000000,11,1,0.0500000000
2022-07-31,2022-07-29,sh.600406,600406.SS,国电南瑞,I65软件和信息技术服务业,22.2737359600,2022-08-31 00:00:00,-0.0592871830,-0.0910262003,0.2100291595,2.0755489834,0.9878015262,0.4679559272,1.4365436040,19,1.5054858481,15.0000000000,1,1.0000000000,RETAINED,RANK_WITHIN_EXIT_BUFFER,0.0500000000,12,2,0.0500000000
2022-07-31,2022-07-29,sz.000768,000768.SZ,中航西飞,C37铁路、船舶、航空航天和其他运输设备制造业,30.5253490500,2022-08-31 00:00:00,-0.1030497592,0.5552126314,-0.4560947921,0.8971764729,-0.6541817813,1.2218003355,0.6154626311,86,1.4314477634,16.0000000000,1,1.0000000000,NEW_ENTRY,RANK_WITHIN_ENTRY_LIMIT,0.0500000000,13,1,0.0500000000
2022-07-31,2022-07-29,sh.601216,601216.SS,君正集团,C26化学原料和化学制品制造业,3.6131868500,2022-08-31 00:00:00,-0.0439560440,0.9732449604,0.1674019760,0.1479163232,1.1997462009,1.0998129788,1.4120705346,22,1.3862423603,18.0000000000,1,1.0000000000,NEW_ENTRY,RANK_WITHIN_ENTRY_LIMIT,0.0500000000,14,3,0.0500000000
2022-07-31,2022-07-29,sz.000708,000708.SZ,中信特钢,C31黑色金属冶炼和压延加工业,16.9831662000,2022-08-31 00:00:00,-0.0124875125,0.7774964383,-0.2001140463,0.2137440421,-0.5357617900,1.5192509185,0.6983826190,75,1.3828373008,19.0000000000,1,1.0000000000,NEW_ENTRY,RANK_WITHIN_ENTRY_LIMIT,0.0500000000,15,1,0.0500000000
2022-07-31,2022-07-29,sz.000596,000596.SZ,古井贡酒,C15酒、饮料和精制茶制造业,189.1459639600,2022-08-31 00:00:00,0.1959782507,0.0605203791,-0.8471305911,0.8954640111,0.2337836896,1.6884062838,0.7992974359,65,1.3570137089,20.0000000000,1,1.0000000000,NEW_ENTRY,RANK_WITHIN_ENTRY_LIMIT,0.0500000000,16,1,0.0500000000
2022-07-31,2022-07-29,sh.600332,600332.SS,白云山,C27医药制造业,25.7523703800,2022-08-31 00:00:00,-0.0562109646,1.2485915852,1.8159957488,1.0990460583,1.7419794401,-0.9903012988,1.9343728377,4,1.2787541035,22.0000000000,1,1.0000000000,RETAINED,RANK_WITHIN_EXIT_BUFFER,0.0500000000,17,2,0.0500000000
2022-07-31,2022-07-29,sz.002916,002916.SZ,深南电路,C39计算机、通信和其他电子设备制造业,63.7822654700,2022-08-31 00:00:00,-0.0190597205,0.9951783147,1.3703643592,0.3726684453,0.1922951588,0.2848601739,1.2653760571,28,1.2418140334,24.0000000000,1,1.0000000000,RETAINED,RANK_WITHIN_EXIT_BUFFER,0.0500000000,18,3,0.0500000000
2022-07-31,2022-07-29,sh.601238,601238.SS,广汽集团,C36汽车制造业,14.2353164800,2022-08-31 00:00:00,-0.0658159839,0.9388487221,-0.7707893077,0.3846810414,0.6383042230,0.7618524664,0.7685435942,68,1.1257864688,29.0000000000,1,1.0000000000,RETAINED,RANK_WITHIN_EXIT_BUFFER,0.0500000000,19,1,0.0500000000
2022-07-31,2022-07-29,sz.000425,000425.SZ,徐工机械,C35专用设备制造业,4.8490958100,2022-08-31 00:00:00,-0.0679785331,0.8422038951,1.8806798143,0.2495267155,2.6975440884,-0.2079052684,2.1495361231,1,1.0184788413,33.0000000000,1,1.0000000000,RETAINED,RANK_WITHIN_EXIT_BUFFER,0.0500000000,20,2,0.0500000000
2022-08-31,2022-08-31,sz.300763,300763.SZ,锦浪科技,C38电气机械和器材制造业,226.7873737500,2022-09-30 00:00:00,-0.0383025027,0.3878087822,-2.3789137279,1.8019555931,-2.9330952503,3.4665214148,0.1494216410,134,2.8425084602,2.0000000000,1,1.0000000000,NEW_ENTRY,RANK_WITHIN_ENTRY_LIMIT,0.0500000000,1,1,0.0500000000
2022-08-31,2022-08-31,sh.600085,600085.SS,同仁堂,C27医药制造业,43.6885762500,2022-09-30 00:00:00,-0.0256684492,0.4064509589,0.2982622636,3.3269957087,-0.6474875656,0.7699924596,1.8029952217,10,2.7825404668,3.0000000000,1,1.0000000000,RETAINED,RANK_WITHIN_EXIT_BUFFER,0.0500000000,2,1,0.0500000000
2022-08-31,2022-08-31,sh.600406,600406.SS,国电南瑞,I65软件和信息技术服务业,20.9531889000,2022-09-30 00:00:00,-0.0939890710,0.3875557100,0.5020710779,1.9170067927,1.1955186234,1.2780421326,2.2916887669,5,2.3589247611,4.0000000000,1,1.0000000000,RETAINED,RANK_WITHIN_EXIT_BUFFER,0.0500000000,3,1,0.0500000000
2022-08-31,2022-08-31,sz.002916,002916.SZ,深南电路,C39计算机、通信和其他电子设备制造业,62.5665933200,2022-09-30 00:00:00,-0.1099858691,1.5202676115,1.5713034503,0.9725821432,0.1866765945,0.4712942280,2.0494773297,7,2.1591808283,5.0000000000,1,1.0000000000,RETAINED,RANK_WITHIN_EXIT_BUFFER,0.0500000000,4,1,0.0500000000
2022-08-31,2022-08-31,sz.002179,002179.SZ,中航光电,C39计算机、通信和其他电子设备制造业,44.0633713500,2022-09-30 00:00:00,-0.0468364832,1.6886117107,1.2097233841,1.0395054386,-0.6078465420,0.4097740038,1.6231191049,16,2.1566304261,6.0000000000,1,1.0000000000,RETAINED,RANK_WITHIN_EXIT_BUFFER,0.0500000000,5,2,0.0500000000
2022-08-31,2022-08-31,sh.603659,603659.SS,璞泰来,C39计算机、通信和其他电子设备制造业,42.3353048000,2022-09-30 00:00:00,-0.1195960871,1.1047044752,0.0129978099,1.1862025951,-0.7570938923,0.9635363568,1.0895308854,40,1.9752247530,7.0000000000,1,1.0000000000,RETAINED,RANK_WITHIN_EXIT_BUFFER,0.0500000000,6,3,0.0500000000
2022-08-31,2022-08-31,sz.000408,000408.SZ,藏格矿业,C26化学原料和化学制品制造业,26.6256267000,2022-09-30 00:00:00,-0.0894568690,0.5681550943,0.1111028358,2.7281346413,-0.1023433764,-0.2455494822,1.3278717935,26,1.8952277626,9.0000000000,1,1.0000000000,RETAINED,RANK_WITHIN_EXIT_BUFFER,0.0500000000,7,1,0.0500000000
2022-08-31,2022-08-31,sz.300751,300751.SZ,迈为股份,C35专用设备制造业,282.3982200000,2022-09-30 00:00:00,0.0341025641,0.0055457607,-1.0136559534,1.3203185146,-1.6588522213,2.2253346713,0.3813658443,105,1.8804288722,10.0000000000,1,1.0000000000,RETAINED,RANK_WITHIN_EXIT_BUFFER,0.0500000000,8,1,0.0500000000
2022-08-31,2022-08-31,sh.600741,600741.SS,华域汽车,C36汽车制造业,15.2943146400,2022-09-30 00:00:00,-0.1151580075,0.9251572440,0.9798849280,0.5576049772,1.4981600623,0.8058796007,2.0688182908,6,1.6903224238,12.0000000000,1,1.0000000000,NEW_ENTRY,RANK_WITHIN_ENTRY_LIMIT,0.0500000000,9,1,0.0500000000
2022-08-31,2022-08-31,sh.600332,600332.SS,白云山,C27医药制造业,24.3048048000,2022-09-30 00:00:00,-0.0455882353,0.8792638966,1.4171093270,1.1743172068,1.9359515389,-0.0548066111,2.3227821157,4,1.6217618032,14.0000000000,1,1.0000000000,RETAINED,RANK_WITHIN_EXIT_BUFFER,0.0500000000,10,2,0.0500000000
2022-08-31,2022-08-31,sz.300496,300496.SZ,中科创达,I65软件和信息技术服务业,121.0654406400,2022-09-30 00:00:00,-0.1414166057,-0.3336717289,-0.6306045129,2.0324188300,-0.2453738035,1.1636808054,0.8621508834,56,1.6048799007,15.0000000000,1,1.0000000000,NEW_ENTRY,RANK_WITHIN_ENTRY_LIMIT,0.0500000000,11,2,0.0500000000
2022-08-31,2022-08-31,sh.600845,600845.SS,宝信软件,I65软件和信息技术服务业,24.5554862700,2022-09-30 00:00:00,-0.0320968166,0.8917007891,1.4713197716,0.4440698688,0.4891061198,0.7191085379,1.7427066083,13,1.5848256685,16.0000000000,1,1.0000000000,RETAINED,RANK_WITHIN_EXIT_BUFFER,0.0500000000,12,3,0.0500000000
2022-08-31,2022-08-31,sh.600018,600018.SS,上港集团,G55水上运输业,4.7735405500,2022-09-30 00:00:00,0.0277264325,1.1507266128,0.6076941696,0.9490020493,-0.5819359920,0.2787664511,1.0434843697,44,1.5657825634,17.0000000000,1,1.0000000000,NEW_ENTRY,RANK_WITHIN_ENTRY_LIMIT,0.0500000000,13,1,0.0500000000
2022-08-31,2022-08-31,sz.300450,300450.SZ,先导智能,C35专用设备制造业,52.6919761200,2022-09-30 00:00:00,-0.1423132705,0.7334515290,-0.6400152250,-0.2405233340,-0.5000985705,2.2181993103,0.6818450689,73,1.5204257764,18.0000000000,1,1.0000000000,NEW_ENTRY,RANK_WITHIN_ENTRY_LIMIT,0.0500000000,14,2,0.0500000000
2022-08-31,2022-08-31,sz.000157,000157.SZ,中联重科,C35专用设备制造业,4.8144533800,2022-09-30 00:00:00,-0.0398613518,1.7159539346,1.9958774261,-0.4387397761,2.6364604615,0.2244239147,2.6622436428,1,1.4872586687,19.0000000000,1,1.0000000000,NEW_ENTRY,RANK_WITHIN_ENTRY_LIMIT,0.0500000000,15,3,0.0500000000
2022-08-31,2022-08-31,sz.002304,002304.SZ,洋河股份,C15酒、饮料和精制茶制造业,136.8578559000,2022-09-30 00:00:00,-0.0383679922,0.0485766238,-0.1975164118,0.1139992023,0.8850988762,2.0808300793,1.2720958159,31,1.3791070090,21.0000000000,1,1.0000000000,NEW_ENTRY,RANK_WITHIN_ENTRY_LIMIT,0.0500000000,16,1,0.0500000000
2022-08-31,2022-08-31,sz.000538,000538.SZ,云南白药,C27医药制造业,44.9258748400,2022-09-30 00:00:00,-0.0001909855,0.5593754719,1.2130013641,0.5885914818,0.3497589944,0.5709139561,1.4242847805,21,1.3144680757,23.0000000000,1,1.0000000000,NEW_ENTRY,RANK_WITHIN_ENTRY_LIMIT,0.0500000000,17,3,0.0500000000
2022-08-31,2022-08-31,sz.002120,002120.SZ,韵达股份,G60邮政业,15.4660412400,2022-09-30 00:00:00,-0.0706650831,0.1018863592,-0.3016900228,1.2688681047,0.0744292932,0.8245801449,0.8541755310,57,1.2891737100,25.0000000000,1,1.0000000000,NEW_ENTRY,RANK_WITHIN_ENTRY_LIMIT,0.0500000000,18,1,0.0500000000
2022-08-31,2022-08-31,sz.000596,000596.SZ,古井贡酒,C15酒、饮料和精制茶制造业,226.2144591000,2022-09-30 00:00:00,0.0658436214,0.3589314075,-0.3182060052,1.4838707490,0.0468469891,0.0187921991,0.6901875636,71,1.0886940822,37.0000000000,1,1.0000000000,RETAINED,RANK_WITHIN_EXIT_BUFFER,0.0500000000,19,2,0.0500000000
2022-08-31,2022-08-31,sz.002129,002129.SZ,TCL中环,C38电气机械和器材制造业,37.1566519700,2022-09-30 00:00:00,-0.0696320931,-0.1611664036,0.0329112740,0.3854064066,0.3713775386,1.4768111160,0.9137511925,54,1.0593488223,39.0000000000,1,1.0000000000,RETAINED,RANK_WITHIN_EXIT_BUFFER,0.0500000000,20,2,0.0500000000
2022-09-30,2022-09-30,sz.000425,000425.SZ,徐工机械,C35专用设备制造业,4.0743897600,2022-10-31 00:00:00,0.0334821429,1.5231120562,2.1352570504,0.2268982112,2.2911322845,2.1710117304,3.2350473495,1,2.7861008476,1.0000000000,1,1.0000000000,NEW_ENTRY,RANK_WITHIN_ENTRY_LIMIT,0.0500000000,1,1,0.0500000000
2022-09-30,2022-09-30,sz.002179,002179.SZ,中航光电,C39计算机、通信和其他电子设备制造业,41.9995980000,2022-10-31 00:00:00,0.1344827586,0.4995304230,0.2698487555,1.5039970618,-0.7617848004,2.6915501075,1.6289315789,10,2.5862982040,2.0000000000,1,1.0000000000,RETAINED,RANK_WITHIN_EXIT_BUFFER,0.0500000000,2,1,0.0500000000
2022-09-30,2022-09-30,sz.000157,000157.SZ,中联重科,C35专用设备制造业,4.6225427600,2022-10-31 00:00:00,-0.0342960289,1.7256531350,2.0766899178,-0.6533716207,2.5917634026,1.9657329087,2.9866490404,2,2.2972870052,3.0000000000,1,1.0000000000,RETAINED,RANK_WITHIN_EXIT_BUFFER,0.0500000000,3,2,0.0500000000
2022-09-30,2022-09-30,sz.002920,002920.SZ,德赛西威,C39计算机、通信和其他电子设备制造业,132.9575895000,2022-10-31 00:00:00,-0.2490032621,-0.5371014089,-3.0441970239,5.8497876485,-2.2108126580,-0.3539772784,-0.1148316314,173,2.0608275385,4.0000000000,1,1.0000000000,NEW_ENTRY,RANK_WITHIN_ENTRY_LIMIT,0.0500000000,4,2,0.0500000000
2022-09-30,2022-09-30,sh.600332,600332.SS,白云山,C27医药制造业,23.1967916400,2022-10-31 00:00:00,0.0396764253,1.1349540418,1.9440220455,0.7737364478,1.8443623576,0.6364851137,2.4545773168,3,2.0048930744,5.0000000000,1,1.0000000000,RETAINED,RANK_WITHIN_EXIT_BUFFER,0.0500000000,5,1,0.0500000000
2022-09-30,2022-09-30,sh.600085,600085.SS,同仁堂,C27医药制造业,42.5671582500,2022-10-31 00:00:00,0.0702524698,0.8175398484,0.5498787135,3.2228824030,-0.7662956682,-0.9517294030,1.1131533055,33,1.9507564656,6.0000000000,1,1.0000000000,RETAINED,RANK_WITHIN_EXIT_BUFFER,0.0500000000,6,2,0.0500000000
2022-09-30,2022-09-30,sh.600600,600600.SS,青岛啤酒,C15酒、饮料和精制茶制造业,94.0600656000,2022-10-31 00:00:00,-0.2297551789,0.6508677873,0.5347094917,1.7466891863,0.4536778007,0.2479617333,1.4083237908,19,1.6781843450,9.0000000000,1,1.0000000000,NEW_ENTRY,RANK_WITHIN_ENTRY_LIMIT,0.0500000000,7,1,0.0500000000
2022-09-30,2022-09-30,sh.603882,603882.SS,金域医学,Q84卫生,57.1468939000,2022-10-31 00:00:00,0.1921741874,1.6350818460,1.1004129829,0.3679456147,1.9974850649,0.2177527961,2.0612589300,4,1.6747063484,10.0000000000,1,1.0000000000,NEW_ENTRY,RANK_WITHIN_ENTRY_LIMIT,0.0500000000,8,1,0.0500000000
2022-09-30,2022-09-30,sz.002916,002916.SZ,深南电路,C39计算机、通信和其他电子设备制造业,55.6851521800,2022-10-31 00:00:00,-0.0067478169,1.1270208586,1.4386760263,1.0120443583,0.1464612373,0.0111096065,1.4476238183,13,1.6102624277,12.0000000000,1,1.0000000000,RETAINED,RANK_WITHIN_EXIT_BUFFER,0.0500000000,9,3,0.0500000000
2022-09-30,2022-09-30,sh.603195,603195.SS,公牛集团,C38电气机械和器材制造业,41.1757730000,2022-10-31 00:00:00,-0.1482562278,1.8776869042,2.6340190861,0.4915062490,-0.5304120909,-0.7865748677,1.4286001790,15,1.5896016554,13.0000000000,1,1.0000000000,NEW_ENTRY,RANK_WITHIN_ENTRY_LIMIT,0.0500000000,10,1,0.0500000000
2022-09-30,2022-09-30,sh.601216,601216.SS,君正集团,C26化学原料和化学制品制造业,3.1208405100,2022-10-31 00:00:00,-0.0127226463,1.3801268590,1.4465290291,0.1144795162,1.3723785227,0.5209459661,1.8735996155,7,1.5758610221,14.0000000000,1,1.0000000000,NEW_ENTRY,RANK_WITHIN_ENTRY_LIMIT,0.0500000000,11,1,0.0500000000
2022-09-30,2022-09-30,sz.000568,000568.SZ,泸州老窖,C15酒、饮料和精制茶制造业,193.0340488200,2022-10-31 00:00:00,-0.3221624902,0.5453560268,0.6174159441,1.7344922107,-0.0442853341,0.1142386654,1.1499480219,30,1.5304006103,15.0000000000,1,1.0000000000,NEW_ENTRY,RANK_WITHIN_ENTRY_LIMIT,0.0500000000,12,2,0.0500000000
2022-09-30,2022-09-30,sz.300763,300763.SZ,锦浪科技,C38电气机械和器材制造业,218.1008497500,2022-10-31 00:00:00,-0.1545598552,-0.3954894790,-3.1344224815,3.9232045934,-3.0111395220,0.7026779022,-0.7422255964,237,1.5186685626,16.0000000000,1,1.0000000000,RETAINED,RANK_WITHIN_EXIT_BUFFER,0.0500000000,13,2,0.0500000000
2022-09-30,2022-09-30,sh.600352,600352.SS,浙江龙盛,C26化学原料和化学制品制造业,7.7120194000,2022-10-31 00:00:00,0.0022197558,1.5338809467,2.6354924637,-0.2710439257,1.2837812274,0.0550664205,2.0296730719,5,1.4710702352,17.0000000000,1,1.0000000000,NEW_ENTRY,RANK_WITHIN_ENTRY_LIMIT,0.0500000000,14,2,0.0500000000
2022-09-30,2022-09-30,sz.000876,000876.SZ,新希望,C13农副食品加工业,13.8726170000,2022-10-31 00:00:00,-0.0726618705,-0.2759916504,-0.2927063839,1.6531216311,0.0715759787,1.3593677072,0.9748330275,44,1.4272955107,19.0000000000,1,1.0000000000,NEW_ENTRY,RANK_WITHIN_ENTRY_LIMIT,0.0500000000,15,1,0.0500000000
2022-09-30,2022-09-30,sz.000408,000408.SZ,藏格矿业,C26化学原料和化学制品制造业,24.2437815000,2022-10-31 00:00:00,-0.0473684211,0.5601225396,-0.3516221015,1.2922061166,-0.0467736371,0.7405110495,0.8504588855,58,1.3878410046,21.0000000000,1,1.0000000000,RETAINED,RANK_WITHIN_EXIT_BUFFER,0.0500000000,16,3,0.0500000000
2022-09-30,2022-09-30,sz.002120,002120.SZ,韵达股份,G60邮政业,14.3731321500,2022-10-31 00:00:00,-0.1578274760,0.4174253062,0.1411640136,0.8565770024,0.0962560890,0.8472520165,0.9141065596,49,1.2240839984,26.0000000000,1,1.0000000000,RETAINED,RANK_WITHIN_EXIT_BUFFER,0.0500000000,17,1,0.0500000000
2022-09-30,2022-09-30,sz.300450,300450.SZ,先导智能,C35专用设备制造业,45.1932086700,2022-10-31 00:00:00,0.0587613612,0.9841583262,-0.5604928064,-0.4872974474,-0.3203654648,2.0240761923,0.6356141279,84,1.2205610114,27.0000000000,1,1.0000000000,RETAINED,RANK_WITHIN_EXIT_BUFFER,0.0500000000,18,3,0.0500000000
2022-09-30,2022-09-30,sz.000538,000538.SZ,云南白药,C27医药制造业,44.9172946500,2022-10-31 00:00:00,0.0422158548,0.8881438523,1.8614361558,-0.0801466206,0.1756430763,0.4145419612,1.2632682787,27,1.1404728736,29.0000000000,1,1.0000000000,RETAINED,RANK_WITHIN_EXIT_BUFFER,0.0500000000,19,3,0.0500000000
2022-09-30,2022-09-30,sh.600845,600845.SS,宝信软件,I65软件和信息技术服务业,23.7673333300,2022-10-31 00:00:00,0.1503125849,1.0258987768,1.4387072187,-0.0441993393,0.4458454285,0.1849539203,1.1824978435,29,1.0444580082,34.0000000000,1,1.0000000000,RETAINED,RANK_WITHIN_EXIT_BUFFER,0.0500000000,20,1,0.0500000000
2022-10-31,2022-10-31,sz.002920,002920.SZ,德赛西威,C39计算机、通信和其他电子设备制造业,99.8507160000,2022-11-30 00:00:00,0.0616795367,-0.7847802314,-2.2781206615,5.8216516431,-1.6223579543,3.1165197105,1.6185106726,16,3.4240268587,1.0000000000,1,1.0000000000,RETAINED,RANK_WITHIN_EXIT_BUFFER,0.0500000000,1,1,0.0500000000
2022-10-31,2022-10-31,sh.600406,600406.SS,国电南瑞,I65软件和信息技术服务业,18.6250568000,2022-11-30 00:00:00,0.0889344262,2.0181741989,1.1174646063,0.5800195902,1.7192984444,2.1317421701,2.8796226317,2,2.9195769001,2.0000000000,1,1.0000000000,NEW_ENTRY,RANK_WITHIN_ENTRY_LIMIT,0.0500000000,2,1,0.0500000000
2022-10-31,2022-10-31,sz.000157,000157.SZ,中联重科,C35专用设备制造业,4.4640079000,2022-11-30 00:00:00,0.0915887850,2.5689457942,3.1161831559,0.0224126240,2.4433155018,0.0037849615,3.1033733116,1,2.4336241129,3.0000000000,1,1.0000000000,RETAINED,RANK_WITHIN_EXIT_BUFFER,0.0500000000,3,1,0.0500000000
2022-10-31,2022-10-31,sz.002032,002032.SZ,苏泊尔,C38电气机械和器材制造业,31.5986977000,2022-11-30 00:00:00,0.1454636341,1.8324918144,1.9940986604,1.1446006769,0.3839484154,0.4279104413,2.2008278197,4,2.3924838652,4.0000000000,1,1.0000000000,NEW_ENTRY,RANK_WITHIN_ENTRY_LIMIT,0.0500000000,4,1,0.0500000000
2022-10-31,2022-10-31,sz.300496,300496.SZ,中科创达,I65软件和信息技术服务业,97.2107148800,2022-11-30 00:00:00,0.1596110999,-0.2673546701,-0.5251036063,1.7344746584,0.8666798836,2.9822173667,1.8232552008,12,2.1397288336,5.0000000000,1,1.0000000000,NEW_ENTRY,RANK_WITHIN_ENTRY_LIMIT,0.0500000000,5,2,0.0500000000
2022-10-31,2022-10-31,sh.600600,600600.SS,青岛啤酒,C15酒、饮料和精制茶制造业,72.4492784000,2022-11-30 00:00:00,0.2383863081,0.1705154500,0.1713270873,2.4193050211,0.6389670367,1.3133482732,1.7937801321,13,2.0763384753,6.0000000000,1,1.0000000000,RETAINED,RANK_WITHIN_EXIT_BUFFER,0.0500000000,6,1,0.0500000000
2022-10-31,2022-10-31,sh.600161,600161.SS,天坛生物,C27医药制造业,16.8188689500,2022-11-30 00:00:00,0.0725689405,1.9016894949,1.4393213859,0.4935781898,-0.2568951719,0.5289493787,1.5628456882,18,1.9743556344,7.0000000000,1,1.0000000000,NEW_ENTRY,RANK_WITHIN_ENTRY_LIMIT,0.0500000000,7,1,0.0500000000
2022-10-31,2022-10-31,sh.603195,603195.SS,公牛集团,C38电气机械和器材制造业,35.0712082200,2022-11-30 00:00:00,0.1402189354,1.2610288609,2.0764983764,0.9337264294,-0.3572423023,0.4439416233,1.6584854287,15,1.9349899706,8.0000000000,1,1.0000000000,RETAINED,RANK_WITHIN_EXIT_BUFFER,0.0500000000,8,2,0.0500000000
2022-10-31,2022-10-31,sh.600085,600085.SS,同仁堂,C27医药制造业,45.5576062500,2022-11-30 00:00:00,0.0082051282,-0.8031317316,-0.5520663303,3.7401842791,-0.8159190130,1.2987958219,1.0914089835,39,1.9134307111,9.0000000000,1,1.0000000000,RETAINED,RANK_WITHIN_EXIT_BUFFER,0.0500000000,9,2,0.0500000000
2022-10-31,2022-10-31,sh.600845,600845.SS,宝信软件,I65软件和信息技术服务业,27.3398626400,2022-11-30 00:00:00,-0.0694706994,1.9224074347,2.0727968827,0.3279064208,0.4666070579,0.0349725871,1.8361094581,11,1.8542118869,11.0000000000,1,1.0000000000,RETAINED,RANK_WITHIN_EXIT_BUFFER,0.0500000000,10,3,0.0500000000
2022-10-31,2022-10-31,sz.002179,002179.SZ,中航光电,C39计算机、通信和其他电子设备制造业,47.6478198000,2022-11-30 00:00:00,-0.1088145897,0.7113186183,0.9839696246,2.0090886819,-0.8424644268,0.3013901055,1.2038430175,30,1.7948533944,12.0000000000,1,1.0000000000,RETAINED,RANK_WITHIN_EXIT_BUFFER,0.0500000000,11,2,0.0500000000
2022-10-31,2022-10-31,sh.600690,600690.SS,海尔智家,C38电气机械和器材制造业,18.0219104000,2022-11-30 00:00:00,0.1793269231,1.1406137036,1.3022948359,0.5931556072,1.3265533891,0.5421488047,1.8665835841,9,1.6431284139,13.0000000000,1,1.0000000000,NEW_ENTRY,RANK_WITHIN_ENTRY_LIMIT,0.0500000000,12,3,0.0500000000
2022-10-31,2022-10-31,sz.002916,002916.SZ,深南电路,C39计算机、通信和其他电子设备制造业,55.3093989700,2022-11-30 00:00:00,0.0061276142,1.5830715787,0.9622000574,1.1136682769,0.2735535738,-0.2929687684,1.3850766013,24,1.6085937971,16.0000000000,1,1.0000000000,RETAINED,RANK_WITHIN_EXIT_BUFFER,0.0500000000,13,3,0.0500000000
2022-10-31,2022-10-31,sz.300751,300751.SZ,迈为股份,C35专用设备制造业,288.1306625000,2022-11-30 00:00:00,-0.0994764398,1.2272381891,0.6582766459,2.7566207810,-1.9055549974,-1.2771755433,0.5553988441,81,1.5525100609,17.0000000000,1,1.0000000000,NEW_ENTRY,RANK_WITHIN_ENTRY_LIMIT,0.0500000000,14,2,0.0500000000
2022-10-31,2022-10-31,sh.601838,601838.SS,成都银行,J66货币金融服务,10.9896238800,2022-11-30 00:00:00,0.1270190896,0.0702077812,-0.8101053784,2.3722779589,-0.8910301501,1.0798000123,0.6930664737,67,1.5452159822,18.0000000000,1,1.0000000000,NEW_ENTRY,RANK_WITHIN_ENTRY_LIMIT,0.0500000000,15,1,0.0500000000
2022-10-31,2022-10-31,sh.600332,600332.SS,白云山,C27医药制造业,24.1171574100,2022-11-30 00:00:00,0.0859577621,1.1248229971,1.5235530153,1.1753723105,2.0097049940,-0.4762813470,2.0387534414,7,1.5196978010,19.0000000000,1,1.0000000000,RETAINED,RANK_WITHIN_EXIT_BUFFER,0.0500000000,16,3,0.0500000000
2022-10-31,2022-10-31,sz.000425,000425.SZ,徐工机械,C35专用设备制造业,4.2108090600,2022-11-30 00:00:00,0.1382289417,2.1503243225,2.9500874361,-0.0753645765,2.3197103788,-1.4031188863,2.2611811537,3,1.3886033112,22.0000000000,1,1.0000000000,RETAINED,RANK_WITHIN_EXIT_BUFFER,0.0500000000,17,3,0.0500000000
2022-10-31,2022-10-31,sz.002120,002120.SZ,韵达股份,G60邮政业,12.1046569800,2022-11-30 00:00:00,-0.0667678300,0.2914392103,-0.5155340396,0.8341737361,0.2048436096,0.9938821801,0.6883681951,69,0.9783138072,35.0000000000,1,1.0000000000,RETAINED,RANK_WITHIN_EXIT_BUFFER,0.0500000000,18,1,0.0500000000
2022-10-31,2022-10-31,sz.000408,000408.SZ,藏格矿业,C26化学原料和化学制品制造业,23.0953918500,2022-11-30 00:00:00,0.1337016575,0.8371804641,0.0997005494,1.6302388072,0.0688790359,-0.8057120474,0.6965435405,64,0.9552632227,37.0000000000,1,1.0000000000,RETAINED,RANK_WITHIN_EXIT_BUFFER,0.0500000000,19,1,0.0500000000
2022-10-31,2022-10-31,sh.601216,601216.SS,君正集团,C26化学原料和化学制品制造业,3.0811351600,2022-11-30 00:00:00,0.0824742268,1.3800537577,1.8293437540,-0.0664674494,1.2911790819,-0.7923624038,1.3859222257,23,0.9085164287,40.0000000000,1,1.0000000000,RETAINED,RANK_WITHIN_EXIT_BUFFER,0.0500000000,20,2,0.0500000000
2022-11-30,2022-11-30,sz.001979,001979.SZ,招商蛇口,K70房地产业,14.1159789000,2022-12-31 00:00:00,-0.1745098039,1.8231041432,0.9870230947,2.9230476099,-0.7834679839,2.0859385266,2.4247529924,1,3.0667316406,1.0000000000,1,1.0000000000,NEW_ENTRY,RANK_WITHIN_ENTRY_LIMIT,0.0500000000,1,1,0.0500000000
2022-11-30,2022-11-30,sh.600048,600048.SS,保利发展,K70房地产业,14.9240443500,2022-12-31 00:00:00,-0.0912912913,1.6140358679,-0.2675824541,1.1259228110,0.2624121290,2.6316422038,1.8494776002,5,2.3904831740,2.0000000000,1,1.0000000000,NEW_ENTRY,RANK_WITHIN_ENTRY_LIMIT,0.0500000000,2,2,0.0500000000
2022-11-30,2022-11-30,sz.002841,002841.SZ,视源股份,C39计算机、通信和其他电子设备制造业,56.5136324400,2022-12-31 00:00:00,-0.0373389858,1.7444556851,1.6363096352,1.7286583922,0.3596844695,0.7256990118,2.1349679306,2,2.2226964338,3.0000000000,1,1.0000000000,NEW_ENTRY,RANK_WITHIN_ENTRY_LIMIT,0.0500000000,3,1,0.0500000000
2022-11-30,2022-11-30,sh.603806,603806.SS,福斯特,C29橡胶和塑料制品业,29.3539650000,2022-12-31 00:00:00,0.1056748211,1.7623352833,-0.1766405227,0.9340145464,0.2168251169,1.9897270038,1.6288507882,10,2.1226584418,4.0000000000,1,1.0000000000,NEW_ENTRY,RANK_WITHIN_ENTRY_LIMIT,0.0500000000,4,1,0.0500000000
2022-11-30,2022-11-30,sz.300316,300316.SZ,晶盛机电,C35专用设备制造业,61.6610325000,2022-12-31 00:00:00,-0.0145736434,0.7585936764,-0.0008495318,1.4718147882,-0.5495974850,2.2346692427,1.3491317362,23,1.8799887656,6.0000000000,1,1.0000000000,NEW_ENTRY,RANK_WITHIN_ENTRY_LIMIT,0.0500000000,5,1,0.0500000000
2022-11-30,2022-11-30,sz.002179,002179.SZ,中航光电,C39计算机、通信和其他电子设备制造业,42.4630418400,2022-12-31 00:00:00,-0.0150068213,0.6899483616,1.6554920146,1.6009914451,-0.5456061825,1.0341575795,1.5284651561,15,1.7011601952,8.0000000000,1,1.0000000000,RETAINED,RANK_WITHIN_EXIT_BUFFER,0.0500000000,6,2,0.0500000000
2022-11-30,2022-11-30,sz.300751,300751.SZ,迈为股份,C35专用设备制造业,259.4684500000,2022-12-31 00:00:00,-0.0422325581,0.5594838688,-0.3691841299,2.4676573680,-1.7726612450,1.6626344508,0.8781144170,55,1.6862269353,9.0000000000,1,1.0000000000,RETAINED,RANK_WITHIN_EXIT_BUFFER,0.0500000000,7,2,0.0500000000
2022-11-30,2022-11-30,sh.603882,603882.SS,金域医学,Q84卫生,61.4928710000,2022-12-31 00:00:00,0.1466275660,0.7581516360,1.7383071916,0.3193038242,1.9714487169,1.3004078870,2.0980268600,3,1.6375072699,10.0000000000,1,1.0000000000,NEW_ENTRY,RANK_WITHIN_ENTRY_LIMIT,0.0500000000,8,1,0.0500000000
2022-11-30,2022-11-30,sh.605499,605499.SS,东鹏饮料,C15酒、饮料和精制茶制造业,94.9968270000,2022-12-31 00:00:00,0.0403508772,0.3291471947,0.9187395832,1.3151426347,-0.8105961984,1.8569462339,1.2439304614,28,1.6069146423,11.0000000000,1,1.0000000000,NEW_ENTRY,RANK_WITHIN_ENTRY_LIMIT,0.0500000000,9,1,0.0500000000
2022-11-30,2022-11-30,sh.600845,600845.SS,宝信软件,I65软件和信息技术服务业,25.4405432600,2022-12-31 00:00:00,0.1376333164,1.2297299135,1.6480282195,0.0499689718,0.5980196168,1.0566893375,1.5792830550,12,1.5360425066,13.0000000000,1,1.0000000000,RETAINED,RANK_WITHIN_EXIT_BUFFER,0.0500000000,10,1,0.0500000000
2022-11-30,2022-11-30,sh.601319,601319.SS,中国人保,J68保险业,4.8734743000,2022-12-31 00:00:00,-0.0369003690,0.3171718817,0.5820273376,1.3917521493,0.2815741542,1.2622902926,1.3216244719,24,1.3795694216,15.0000000000,1,1.0000000000,NEW_ENTRY,RANK_WITHIN_ENTRY_LIMIT,0.0500000000,11,1,0.0500000000
2022-11-30,2022-11-30,sz.002001,002001.SZ,新和成,C27医药制造业,17.4450789000,2022-12-31 00:00:00,-0.0482233503,1.1499897796,0.5444290416,0.1408062016,1.2289445156,1.0609486291,1.4216737862,18,1.3465028407,16.0000000000,1,1.0000000000,NEW_ENTRY,RANK_WITHIN_ENTRY_LIMIT,0.0500000000,12,1,0.0500000000
2022-11-30,2022-11-30,sh.600085,600085.SS,同仁堂,C27医药制造业,45.9314122500,2022-12-31 00:00:00,-0.0909460834,1.1350495686,-0.3237382968,4.8936386831,-0.7297740273,-1.9240183152,1.0515458270,40,1.3126806025,17.0000000000,1,1.0000000000,RETAINED,RANK_WITHIN_EXIT_BUFFER,0.0500000000,13,2,0.0500000000
2022-11-30,2022-11-30,sz.002916,002916.SZ,深南电路,C39计算机、通信和其他电子设备制造业,55.6483136300,2022-12-31 00:00:00,-0.0447504303,1.3442566514,0.9021465216,0.1868315624,0.3727783367,0.6698622624,1.1979198284,32,1.2880898610,18.0000000000,1,1.0000000000,RETAINED,RANK_WITHIN_EXIT_BUFFER,0.0500000000,14,3,0.0500000000
2022-11-30,2022-11-30,sz.002736,002736.SZ,国信证券,J67资本市场服务,7.9862209900,2022-12-31 00:00:00,-0.0273822563,1.3246788221,0.9975047969,0.3427106327,0.5276560821,0.3786305056,1.2307657572,30,1.2348100902,19.0000000000,1,1.0000000000,NEW_ENTRY,RANK_WITHIN_ENTRY_LIMIT,0.0500000000,15,1,0.0500000000
2022-11-30,2022-11-30,sh.601216,601216.SS,君正集团,C26化学原料和化学制品制造业,3.3352494000,2022-12-31 00:00:00,-0.0500000000,0.8175133243,1.5098222344,0.5681874307,1.3655075569,0.3410471181,1.5860523048,11,1.2190809925,20.0000000000,1,1.0000000000,RETAINED,RANK_WITHIN_EXIT_BUFFER,0.0500000000,16,1,0.0500000000
2022-11-30,2022-11-30,sh.600332,600332.SS,白云山,C27医药制造业,26.1902142900,2022-12-31 00:00:00,0.0163766633,0.5606187906,1.1246947825,1.5323272739,2.0413366593,-0.1627088758,1.7563694482,8,1.1754901448,23.0000000000,1,1.0000000000,RETAINED,RANK_WITHIN_EXIT_BUFFER,0.0500000000,17,3,0.0500000000
2022-11-30,2022-11-30,sh.601865,601865.SS,福莱特,C30非金属矿物制品业,33.4831794300,2022-12-31 00:00:00,-0.0534242683,1.0304251616,0.0027560740,0.5335801545,-1.8912683550,1.3463320510,0.3521600789,119,1.1685669964,24.0000000000,1,1.0000000000,NEW_ENTRY,RANK_WITHIN_ENTRY_LIMIT,0.0500000000,18,1,0.0500000000
2022-11-30,2022-11-30,sz.000408,000408.SZ,藏格矿业,C26化学原料和化学制品制造业,26.1832840200,2022-12-31 00:00:00,-0.1562703054,0.7041372441,0.1890974446,2.5264983383,0.0064915604,-0.5801194301,0.9808768939,48,1.0358055637,36.0000000000,1,1.0000000000,RETAINED,RANK_WITHIN_EXIT_BUFFER,0.0500000000,19,2,0.0500000000
2022-11-30,2022-11-30,sz.000157,000157.SZ,中联重科,C35专用设备制造业,4.8728609600,2022-12-31 00:00:00,-0.0684931507,1.0981589327,2.2053146258,0.4040879061,2.3335927665,-0.7683757454,1.8172015077,6,1.0340473245,38.0000000000,1,1.0000000000,RETAINED,RANK_WITHIN_EXIT_BUFFER,0.0500000000,20,3,0.0500000000
2022-12-31,2022-12-30,sz.000425,000425.SZ,徐工机械,C35专用设备制造业,4.6109723400,2023-01-31 00:00:00,0.1479289941,1.4450025797,2.5449448202,1.1197011394,2.1750795486,0.4894838584,2.7586570418,1,2.3154012353,1.0000000000,1,1.0000000000,NEW_ENTRY,RANK_WITHIN_ENTRY_LIMIT,0.0500000000,1,1,0.0500000000
2022-12-31,2022-12-30,sz.000157,000157.SZ,中联重科,C35专用设备制造业,4.5391033600,2023-01-31 00:00:00,0.0698529412,1.5349819476,2.3131804781,0.3924624418,2.4446770096,0.8271010771,2.6657548641,2,2.2966413039,2.0000000000,1,1.0000000000,RETAINED,RANK_WITHIN_EXIT_BUFFER,0.0500000000,2,2,0.0500000000
2022-12-31,2022-12-30,sz.000651,000651.SZ,格力电器,C38电气机械和器材制造业,25.1574678400,2023-01-31 00:00:00,0.0714727723,0.4290721106,1.6730515306,1.1069229704,2.0994856859,1.7922854889,2.5197050356,3,2.1376339470,3.0000000000,1,1.0000000000,NEW_ENTRY,RANK_WITHIN_ENTRY_LIMIT,0.0500000000,3,1,0.0500000000
2022-12-31,2022-12-30,sh.603195,603195.SS,公牛集团,C38电气机械和器材制造业,41.9846351600,2023-01-31 00:00:00,0.0570291777,1.6560995588,1.5160961072,0.6150109893,-0.6555147210,1.4692657835,1.6326367862,9,2.1347587841,4.0000000000,1,1.0000000000,NEW_ENTRY,RANK_WITHIN_ENTRY_LIMIT,0.0500000000,4,2,0.0500000000
2022-12-31,2022-12-30,sz.000538,000538.SZ,云南白药,C27医药制造业,46.6419128400,2023-01-31 00:00:00,0.0570272259,0.9553701908,2.0308202466,0.9014058532,0.4445378645,1.4484148965,2.0512114227,5,2.0870359139,5.0000000000,1,1.0000000000,NEW_ENTRY,RANK_WITHIN_ENTRY_LIMIT,0.0500000000,5,1,0.0500000000
2022-12-31,2022-12-30,sh.601216,601216.SS,君正集团,C26化学原料和化学制品制造业,3.1684869300,2023-01-31 00:00:00,0.1102756892,1.5329421627,2.2332328405,0.2972137481,1.4531512864,0.5780203567,2.1626374564,4,1.9980624737,6.0000000000,1,1.0000000000,RETAINED,RANK_WITHIN_EXIT_BUFFER,0.0500000000,6,1,0.0500000000
2022-12-31,2022-12-30,sz.002841,002841.SZ,视源股份,C39计算机、通信和其他电子设备制造业,54.4034707200,2023-01-31 00:00:00,0.0670731707,1.5367670393,1.6735715708,1.1745310230,0.3527824053,0.3865152658,1.8182962228,7,1.8715556695,7.0000000000,1,1.0000000000,RETAINED,RANK_WITHIN_EXIT_BUFFER,0.0500000000,7,1,0.0500000000
2022-12-31,2022-12-30,sh.600085,600085.SS,同仁堂,C27医药制造业,41.7541302000,2023-01-31 00:00:00,0.0550581916,1.2596283617,0.0082290964,3.4277031925,-0.5576771662,0.2674483065,1.5632194813,11,1.7546297166,8.0000000000,1,1.0000000000,RETAINED,RANK_WITHIN_EXIT_BUFFER,0.0500000000,8,2,0.0500000000
2022-12-31,2022-12-30,sz.002032,002032.SZ,苏泊尔,C38电气机械和器材制造业,40.1015744800,2023-01-31 00:00:00,0.0446825718,1.7334859655,1.8292730008,-0.2129271223,0.0287284061,0.6914182594,1.4442203213,19,1.7313735443,9.0000000000,1,1.0000000000,NEW_ENTRY,RANK_WITHIN_ENTRY_LIMIT,0.0500000000,9,3,0.0500000000
2022-12-31,2022-12-30,sh.600346,600346.SS,恒力石化,C26化学原料和化学制品制造业,14.2041107200,2023-01-31 00:00:00,0.1281390856,1.1563247633,0.9837235737,0.1528312097,0.7580724891,1.3920693496,1.5765935269,10,1.7271285234,10.0000000000,1,1.0000000000,NEW_ENTRY,RANK_WITHIN_ENTRY_LIMIT,0.0500000000,10,2,0.0500000000
2022-12-31,2022-12-30,sh.601138,601138.SS,工业富联,C39计算机、通信和其他电子设备制造业,8.4029589000,2023-01-31 00:00:00,0.0359477124,1.0758199029,1.6982517493,0.6490541215,2.0361767916,0.1128213290,1.9772523473,6,1.5511729855,12.0000000000,1,1.0000000000,NEW_ENTRY,RANK_WITHIN_ENTRY_LIMIT,0.0500000000,11,2,0.0500000000
2022-12-31,2022-12-30,sz.003816,003816.SZ,中国广核,D44电力、热力生产和供应业,2.4459632000,2023-01-31 00:00:00,0.0074349442,0.8965608433,1.4013611291,-0.4488050514,0.8157047016,1.2693655323,1.3960351446,21,1.4638750930,13.0000000000,1,1.0000000000,NEW_ENTRY,RANK_WITHIN_ENTRY_LIMIT,0.0500000000,12,1,0.0500000000
2022-12-31,2022-12-30,sz.002916,002916.SZ,深南电路,C39计算机、通信和其他电子设备制造业,53.1580276500,2023-01-31 00:00:00,0.0576576577,1.3208538023,1.1878718951,0.3216935851,0.3951002541,0.4763380421,1.3135936540,22,1.4283258697,14.0000000000,1,1.0000000000,RETAINED,RANK_WITHIN_EXIT_BUFFER,0.0500000000,13,3,0.0500000000
2022-12-31,2022-12-30,sh.601966,601966.SS,玲珑轮胎,C29橡胶和塑料制品业,19.3380147200,2023-01-31 00:00:00,0.0751953125,0.5322827768,1.0568402895,-0.3562929415,-0.4691666263,1.9070729493,0.9477032476,46,1.3404318201,17.0000000000,1,1.0000000000,NEW_ENTRY,RANK_WITHIN_ENTRY_LIMIT,0.0500000000,14,1,0.0500000000
2022-12-31,2022-12-30,sh.600219,600219.SS,南山铝业,C32有色金属冶炼和压延加工业,2.7227131800,2023-01-31 00:00:00,0.1039755352,1.7534930365,0.6949749331,0.1915816878,1.1083882223,-0.0824453619,1.3008670389,23,1.3270985334,19.0000000000,1,1.0000000000,NEW_ENTRY,RANK_WITHIN_ENTRY_LIMIT,0.0500000000,15,1,0.0500000000
2022-12-31,2022-12-30,sh.600606,600606.SS,绿地控股,E48土木工程建筑业,2.9800000000,2023-01-31 00:00:00,0.0503355705,1.8890424299,0.1799804639,-0.6097875674,-0.4377330829,0.9123125740,0.6862086988,69,1.3250479589,20.0000000000,1,1.0000000000,NEW_ENTRY,RANK_WITHIN_ENTRY_LIMIT,0.0500000000,16,1,0.0500000000
2022-12-31,2022-12-30,sh.600104,600104.SS,上汽集团,C36汽车制造业,13.2953720900,2023-01-31 00:00:00,0.0423317141,1.0341878327,1.3838057104,-0.2304741338,1.8155689373,0.1656039409,1.4792486253,14,1.1909832543,22.0000000000,1,1.0000000000,NEW_ENTRY,RANK_WITHIN_ENTRY_LIMIT,0.0500000000,17,1,0.0500000000
2022-12-31,2022-12-30,sh.601360,601360.SS,三六零,I64互联网和相关服务,6.2740247400,2023-01-31 00:00:00,0.0703363914,1.3589910882,1.0327058661,0.0301274948,0.3112774255,0.1505443013,1.0232536602,38,1.1563915826,23.0000000000,1,1.0000000000,NEW_ENTRY,RANK_WITHIN_ENTRY_LIMIT,0.0500000000,18,1,0.0500000000
2022-12-31,2022-12-30,sz.002001,002001.SZ,新和成,C27医药制造业,16.6038187500,2023-01-31 00:00:00,0.0389333333,0.5511006877,0.0363360961,0.7903688618,1.2955192895,0.5687118052,1.1504275347,28,0.9914213262,37.0000000000,1,1.0000000000,RETAINED,RANK_WITHIN_EXIT_BUFFER,0.0500000000,19,3,0.0500000000
2022-12-31,2022-12-30,sz.000408,000408.SZ,藏格矿业,C26化学原料和化学制品制造业,22.0916142300,2023-01-31 00:00:00,0.0727762803,1.0697376629,0.9181073377,1.0966542873,0.3443458627,-0.4426495859,1.0596430198,36,0.9849116737,39.0000000000,1,1.0000000000,RETAINED,RANK_WITHIN_EXIT_BUFFER,0.0500000000,20,3,0.0500000000
2023-01-31,2023-01-31,sh.600406,600406.SS,国电南瑞,I65软件和信息技术服务业,20.1440675800,2023-02-28 00:00:00,-0.0053050398,0.8516772952,1.3135414681,-0.0634497549,1.8777021115,2.7005563958,2.4416262027,2,2.4902647163,1.0000000000,1,1.0000000000,NEW_ENTRY,RANK_WITHIN_ENTRY_LIMIT,0.0500000000,1,1,0.0500000000
2023-01-31,2023-01-31,sh.601138,601138.SS,工业富联,C39计算机、通信和其他电子设备制造业,8.7050260500,2023-02-28 00:00:00,0.0094637224,1.6906916050,2.1138384386,0.7401735184,2.1858057613,0.7574964228,2.7369514561,1,2.3775181446,2.0000000000,1,1.0000000000,RETAINED,RANK_WITHIN_EXIT_BUFFER,0.0500000000,2,1,0.0500000000
2023-01-31,2023-01-31,sz.002032,002032.SZ,苏泊尔,C38电气机械和器材制造业,41.8934159600,2023-02-28 00:00:00,0.1017998839,1.6412551784,1.6239298720,0.1075210651,0.0986057305,1.5155749594,1.8227639730,10,2.1147855538,3.0000000000,1,1.0000000000,RETAINED,RANK_WITHIN_EXIT_BUFFER,0.0500000000,3,1,0.0500000000
2023-01-31,2023-01-31,sz.002916,002916.SZ,深南电路,C39计算机、通信和其他电子设备制造业,56.2229950100,2023-02-28 00:00:00,0.0465207705,1.8176893211,1.8197359266,-0.1995925761,0.4659286777,0.7066624603,1.6851624567,13,1.8559755189,7.0000000000,1,1.0000000000,RETAINED,RANK_WITHIN_EXIT_BUFFER,0.0500000000,4,2,0.0500000000
2023-01-31,2023-01-31,sh.600426,600426.SS,华鲁恒升,C26化学原料和化学制品制造业,23.6692609900,2023-02-28 00:00:00,0.0679869938,1.0093380884,1.1219960033,2.2646629533,0.7083716845,0.8829240475,2.1884237593,3,1.8530571914,8.0000000000,1,1.0000000000,NEW_ENTRY,RANK_WITHIN_ENTRY_LIMIT,0.0500000000,5,1,0.0500000000
2023-01-31,2023-01-31,sz.000651,000651.SZ,格力电器,C38电气机械和器材制造业,26.9555418100,2023-02-28 00:00:00,0.0545439495,0.4174951946,2.0143177106,0.0037551845,2.1577180954,1.3026011328,2.1550140220,4,1.7743938222,9.0000000000,1,1.0000000000,RETAINED,RANK_WITHIN_EXIT_BUFFER,0.0500000000,6,2,0.0500000000
2023-01-31,2023-01-31,sh.600352,600352.SS,浙江龙盛,C26化学原料和化学制品制造业,8.5936376000,2023-02-28 00:00:00,0.0288844622,1.1070267486,2.3716397240,-0.0485028119,1.3428206422,0.5967418408,1.9626961152,7,1.7284235884,10.0000000000,1,1.0000000000,NEW_ENTRY,RANK_WITHIN_ENTRY_LIMIT,0.0500000000,7,2,0.0500000000
2023-01-31,2023-01-31,sh.600219,600219.SS,南山铝业,C32有色金属冶炼和压延加工业,3.0058087400,2023-02-28 00:00:00,0.0000000000,1.8436824802,1.0200605786,-0.3355452244,1.2052668013,0.4289545141,1.5214116468,15,1.6412162585,11.0000000000,1,1.0000000000,RETAINED,RANK_WITHIN_EXIT_BUFFER,0.0500000000,8,1,0.0500000000
2023-01-31,2023-01-31,sz.002352,002352.SZ,顺丰控股,G60邮政业,53.9069310400,2023-02-28 00:00:00,-0.0803206003,0.3190694502,1.0770444901,0.5355169059,-0.2829651170,2.1897483203,1.4029840893,21,1.6050514714,12.0000000000,1,1.0000000000,NEW_ENTRY,RANK_WITHIN_ENTRY_LIMIT,0.0500000000,9,1,0.0500000000
2023-01-31,2023-01-31,sz.000157,000157.SZ,中联重科,C35专用设备制造业,4.8561730800,2023-02-28 00:00:00,0.1529209622,1.6101418594,1.8320915543,-0.5940692669,2.4745770079,-0.1874761784,1.8769978859,8,1.5753201737,14.0000000000,1,1.0000000000,RETAINED,RANK_WITHIN_EXIT_BUFFER,0.0500000000,10,1,0.0500000000
2023-01-31,2023-01-31,sz.002841,002841.SZ,视源股份,C39计算机、通信和其他电子设备制造业,58.0524840000,2023-02-28 00:00:00,0.0911111111,1.7368659642,1.3093038718,0.7827659313,0.4032003978,-0.0738823998,1.5198891512,16,1.4714201687,15.0000000000,1,1.0000000000,RETAINED,RANK_WITHIN_EXIT_BUFFER,0.0500000000,11,3,0.0500000000
2023-01-31,2023-01-31,sh.601766,601766.SS,中国中车,C37铁路、船舶、航空航天和其他运输设备制造业,4.7442355500,2023-02-28 00:00:00,0.0654205607,0.7184303250,1.3851353851,-0.2331221136,2.4379836188,0.3866237346,1.7160946412,11,1.3271132908,21.0000000000,1,1.0000000000,NEW_ENTRY,RANK_WITHIN_ENTRY_LIMIT,0.0500000000,12,1,0.0500000000
2023-01-31,2023-01-31,sh.603195,603195.SS,公牛集团,C38电气机械和器材制造业,44.3789843800,2023-02-28 00:00:00,0.0757445684,1.3232834861,1.4559808779,0.4151429671,-0.6433720427,0.5255067640,1.1245111897,37,1.3211297535,22.0000000000,1,1.0000000000,RETAINED,RANK_WITHIN_EXIT_BUFFER,0.0500000000,13,3,0.0500000000
2023-01-31,2023-01-31,sh.600332,600332.SS,白云山,C27医药制造业,27.0480309300,2023-02-28 00:00:00,0.0429468120,1.5325456848,1.0336360026,1.2085177149,2.0586709009,-0.7677664331,1.8515359574,9,1.3207921590,23.0000000000,1,1.0000000000,NEW_ENTRY,RANK_WITHIN_ENTRY_LIMIT,0.0500000000,14,1,0.0500000000
2023-01-31,2023-01-31,sz.002410,002410.SZ,广联达,I65软件和信息技术服务业,44.7244754400,2023-02-28 00:00:00,-0.0807833537,0.9837350386,1.1252588799,1.0122255609,-0.4031426570,0.6908968857,1.2460187493,29,1.2963183099,25.0000000000,1,1.0000000000,NEW_ENTRY,RANK_WITHIN_ENTRY_LIMIT,0.0500000000,15,2,0.0500000000
2023-01-31,2023-01-31,sh.600489,600489.SS,中金黄金,B09有色金属矿采选业,7.8755846400,2023-02-28 00:00:00,0.0081018519,0.6624620072,0.7211322184,0.0744699055,0.6267661807,1.2305147440,1.2117964096,32,1.2957588569,26.0000000000,1,1.0000000000,NEW_ENTRY,RANK_WITHIN_ENTRY_LIMIT,0.0500000000,16,1,0.0500000000
2023-01-31,2023-01-31,sz.002736,002736.SZ,国信证券,J67资本市场服务,8.2049017400,2023-02-28 00:00:00,0.0298507463,1.5762548630,1.1208200508,0.2504296987,0.5803605944,-0.0172739593,1.2831611183,26,1.2928394774,27.0000000000,1,1.0000000000,NEW_ENTRY,RANK_WITHIN_ENTRY_LIMIT,0.0500000000,17,1,0.0500000000
2023-01-31,2023-01-31,sh.600104,600104.SS,上汽集团,C36汽车制造业,13.8581879800,2023-02-28 00:00:00,0.0006657790,0.7102358590,1.3836331060,-0.5642419587,1.9136784767,0.6124431845,1.4824223695,18,1.2773599333,28.0000000000,1,1.0000000000,RETAINED,RANK_WITHIN_EXIT_BUFFER,0.0500000000,18,1,0.0500000000
2023-01-31,2023-01-31,sh.600886,600886.SS,国投电力,D44电力、热力生产和供应业,9.3962835200,2023-02-28 00:00:00,0.0275142315,1.1387307271,0.2675247359,0.5297509890,0.0427802343,0.9209686688,1.0598936366,41,1.2759154188,29.0000000000,1,1.0000000000,NEW_ENTRY,RANK_WITHIN_ENTRY_LIMIT,0.0500000000,19,1,0.0500000000
2023-01-31,2023-01-31,sz.002001,002001.SZ,新和成,C27医药制造业,17.2502607600,2023-02-28 00:00:00,-0.0261806982,1.7395077899,1.7835470327,0.2707483533,1.3365005346,-1.0233966025,1.5011213627,17,1.1747892683,34.0000000000,1,1.0000000000,RETAINED,RANK_WITHIN_EXIT_BUFFER,0.0500000000,20,2,0.0500000000
2023-02-28,2023-02-28,sh.601138,601138.SS,工业富联,C39计算机、通信和其他电子设备制造业,8.7874080000,2023-03-31 00:00:00,0.7937500000,1.1849654061,1.6603666281,0.4151256537,2.2499237238,0.4493984728,2.4783286149,1,2.0861877557,2.0000000000,1,1.0000000000,RETAINED,RANK_WITHIN_EXIT_BUFFER,0.0500000000,1,1,0.0500000000
2023-02-28,2023-02-28,sz.002410,002410.SZ,广联达,I65软件和信息技术服务业,41.1114823200,2023-03-31 00:00:00,0.2366844208,1.3677931959,1.3794104752,1.0660240639,0.0666631951,1.1795830157,2.1039433166,4,2.0287498370,3.0000000000,1,1.0000000000,RETAINED,RANK_WITHIN_EXIT_BUFFER,0.0500000000,2,1,0.0500000000
2023-02-28,2023-02-28,sh.600690,600690.SS,海尔智家,C38电气机械和器材制造业,22.7959837800,2023-03-31 00:00:00,-0.1379703535,0.6609822730,0.5163110134,-0.2619653177,1.0610347032,1.7507259783,1.5498811418,11,1.6975668480,6.0000000000,1,1.0000000000,NEW_ENTRY,RANK_WITHIN_ENTRY_LIMIT,0.0500000000,3,1,0.0500000000
2023-02-28,2023-02-28,sh.600219,600219.SS,南山铝业,C32有色金属冶炼和压延加工业,3.0058087400,2023-03-31 00:00:00,-0.0609418283,1.5918354727,0.6448932171,-0.2736053671,1.1924264864,0.3683566608,1.4653893952,13,1.6150319537,8.0000000000,1,1.0000000000,RETAINED,RANK_WITHIN_EXIT_BUFFER,0.0500000000,4,1,0.0500000000
2023-02-28,2023-02-28,sz.300529,300529.SZ,健帆生物,C35专用设备制造业,29.3208084400,2023-03-31 00:00:00,-0.0635606294,1.6586989885,1.4244008830,-1.6653350594,0.1015646483,0.6834228344,0.9159975955,45,1.5630000656,9.0000000000,1,1.0000000000,NEW_ENTRY,RANK_WITHIN_ENTRY_LIMIT,0.0500000000,5,1,0.0500000000
2023-02-28,2023-02-28,sh.601216,601216.SS,君正集团,C26化学原料和化学制品制造业,3.5099529400,2023-03-31 00:00:00,0.0226244344,1.1513341715,1.3252201050,0.5964419255,1.5440308952,-0.2529965666,1.8147485226,7,1.4470163716,10.0000000000,1,1.0000000000,NEW_ENTRY,RANK_WITHIN_ENTRY_LIMIT,0.0500000000,6,1,0.0500000000
2023-02-28,2023-02-28,sz.002841,002841.SZ,视源股份,C39计算机、通信和其他电子设备制造业,63.3417103200,2023-03-31 00:00:00,0.0888856561,0.8768085758,0.5255496484,0.1321888865,0.2738464814,1.2791689513,1.2839391303,19,1.4428454153,11.0000000000,1,1.0000000000,RETAINED,RANK_WITHIN_EXIT_BUFFER,0.0500000000,7,2,0.0500000000
2023-02-28,2023-02-28,sz.002916,002916.SZ,深南电路,C39计算机、通信和其他电子设备制造业,58.8385320600,2023-03-31 00:00:00,0.1560230403,0.9079901645,0.6951295730,-0.7446660998,0.4276350482,1.2521440026,1.0555045362,34,1.4069739552,14.0000000000,1,1.0000000000,RETAINED,RANK_WITHIN_EXIT_BUFFER,0.0500000000,8,3,0.0500000000
2023-02-28,2023-02-28,sh.601006,601006.SS,大秦铁路,G53铁路运输业,5.5314056000,2023-03-31 00:00:00,0.0589101620,0.2800569561,0.9783048024,0.4333267453,2.0869270414,0.4914892953,1.7756902469,8,1.3168720153,16.0000000000,1,1.0000000000,NEW_ENTRY,RANK_WITHIN_ENTRY_LIMIT,0.0500000000,9,1,0.0500000000
2023-02-28,2023-02-28,sh.600406,600406.SS,国电南瑞,I65软件和信息技术服务业,20.0372025000,2023-03-31 00:00:00,0.0327619048,1.1314284124,1.8947493995,-0.7098400860,2.1056633610,-0.7102843213,1.5434888618,12,1.3163176322,17.0000000000,1,1.0000000000,RETAINED,RANK_WITHIN_EXIT_BUFFER,0.0500000000,10,2,0.0500000000
2023-02-28,2023-02-28,sh.600104,600104.SS,上汽集团,C36汽车制造业,13.8674144700,2023-03-31 00:00:00,-0.0445775116,0.8564078102,1.5688879245,-0.9241921921,2.0476355282,-0.1175433759,1.4268363327,15,1.3135250858,18.0000000000,1,1.0000000000,RETAINED,RANK_WITHIN_EXIT_BUFFER,0.0500000000,11,1,0.0500000000
2023-02-28,2023-02-28,sz.002001,002001.SZ,新和成,C27医药制造业,16.7986368900,2023-03-31 00:00:00,-0.0537691091,0.5181370221,0.6576163644,-1.1165905902,1.3347852440,1.2037441557,1.0802303150,32,1.3117572441,19.0000000000,1,1.0000000000,RETAINED,RANK_WITHIN_EXIT_BUFFER,0.0500000000,12,1,0.0500000000
2023-02-28,2023-02-28,sz.002648,002648.SZ,卫星化学,C26化学原料和化学制品制造业,16.2027731900,2023-03-31 00:00:00,-0.0809879380,0.6034289966,-0.5736836640,-0.5862985042,0.5952300309,2.0065667568,0.8504988232,54,1.3036595779,20.0000000000,1,1.0000000000,NEW_ENTRY,RANK_WITHIN_ENTRY_LIMIT,0.0500000000,13,2,0.0500000000
2023-02-28,2023-02-28,sh.601877,601877.SS,正泰电器,C38电气机械和器材制造业,27.3985800000,2023-03-31 00:00:00,-0.0676666667,0.8105807674,0.8138959437,-1.9984592074,1.4731463518,0.8612409700,0.8152192648,58,1.2620026804,22.0000000000,1,1.0000000000,NEW_ENTRY,RANK_WITHIN_ENTRY_LIMIT,0.0500000000,14,2,0.0500000000
2023-02-28,2023-02-28,sh.600845,600845.SS,宝信软件,I65软件和信息技术服务业,31.9718762300,2023-03-31 00:00:00,0.1759951505,1.3493894246,1.2600577774,1.6761978484,0.5706715787,-0.6337706844,1.7559132460,10,1.2608673168,23.0000000000,1,1.0000000000,NEW_ENTRY,RANK_WITHIN_ENTRY_LIMIT,0.0500000000,15,3,0.0500000000
2023-02-28,2023-02-28,sh.603195,603195.SS,公牛集团,C38电气机械和器材制造业,47.7404514000,2023-03-31 00:00:00,-0.0303253530,1.1373836085,1.1863731174,0.3415149415,-0.8704953465,0.7239861053,1.0474079774,36,1.2460602565,24.0000000000,1,1.0000000000,RETAINED,RANK_WITHIN_EXIT_BUFFER,0.0500000000,16,3,0.0500000000
2023-02-28,2023-02-28,sz.000800,000800.SZ,一汽解放,C36汽车制造业,8.2578588800,2023-03-31 00:00:00,-0.0269636577,0.6103504761,-0.0180282268,0.1430386196,0.2845926390,1.4814028197,1.0401697853,37,1.2290153845,25.0000000000,1,1.0000000000,NEW_ENTRY,RANK_WITHIN_ENTRY_LIMIT,0.0500000000,17,2,0.0500000000
2023-02-28,2023-02-28,sz.003816,003816.SZ,中国广核,D44电力、热力生产和供应业,2.4823344000,2023-03-31 00:00:00,0.0512820513,0.7986223247,1.4705670369,-0.4676752594,0.8776172869,0.2738440567,1.2279721211,23,1.2197843523,26.0000000000,1,1.0000000000,NEW_ENTRY,RANK_WITHIN_ENTRY_LIMIT,0.0500000000,18,1,0.0500000000
2023-02-28,2023-02-28,sz.000596,000596.SZ,古井贡酒,C15酒、饮料和精制茶制造业,242.7671690800,2023-03-31 00:00:00,0.0810021182,0.6696307483,0.9038907490,1.0225558891,0.2322846571,0.6324551491,1.4391542046,14,1.2155827129,27.0000000000,1,1.0000000000,NEW_ENTRY,RANK_WITHIN_ENTRY_LIMIT,0.0500000000,19,1,0.0500000000
2023-02-28,2023-02-28,sh.601766,601766.SS,中国中车,C37铁路、船舶、航空航天和其他运输设备制造业,5.0546061000,2023-03-31 00:00:00,0.0736842105,0.8019667195,1.0645657145,-0.6216582343,2.3983795039,-0.3720583356,1.3603014277,16,1.1337316649,29.0000000000,1,1.0000000000,RETAINED,RANK_WITHIN_EXIT_BUFFER,0.0500000000,20,1,0.0500000000
2023-03-31,2023-03-31,sh.600406,600406.SS,国电南瑞,I65软件和信息技术服务业,20.6936594200,2023-04-30 00:00:00,-0.0365178901,1.9160907677,2.5362722897,-0.9751069530,2.2209616587,2.0627903575,3.0349308998,1,3.3410287680,1.0000000000,1,1.0000000000,RETAINED,RANK_WITHIN_EXIT_BUFFER,0.0500000000,1,1,0.0500000000
2023-03-31,2023-03-31,sz.300413,300413.SZ,芒果超媒,I64互联网和相关服务,35.7455960400,2023-04-30 00:00:00,-0.0365198711,2.3079251579,1.1174303028,0.8766255686,0.0128170876,1.8402977455,2.4069412548,4,2.5532167910,2.0000000000,1,1.0000000000,NEW_ENTRY,RANK_WITHIN_ENTRY_LIMIT,0.0500000000,2,1,0.0500000000
2023-03-31,2023-03-31,sh.600845,600845.SS,宝信软件,I65软件和信息技术服务业,37.5987714000,2023-04-30 00:00:00,-0.0721649485,2.4450675992,2.4273115789,0.9950097124,0.4197162142,0.2074587213,2.5396897065,2,2.4674891857,3.0000000000,1,1.0000000000,RETAINED,RANK_WITHIN_EXIT_BUFFER,0.0500000000,3,2,0.0500000000
2023-03-31,2023-03-31,sz.000157,000157.SZ,中联重科,C35专用设备制造业,5.1815867400,2023-04-30 00:00:00,0.0434782609,0.9549501305,1.4581645152,0.5227484328,2.4468285054,0.9581032238,2.4795585563,3,2.1911699493,4.0000000000,1,1.0000000000,NEW_ENTRY,RANK_WITHIN_ENTRY_LIMIT,0.0500000000,4,1,0.0500000000
2023-03-31,2023-03-31,sz.002032,002032.SZ,苏泊尔,C38电气机械和器材制造业,43.9041702000,2023-04-30 00:00:00,-0.0489381348,1.6231067695,1.1376394276,1.9122145018,-0.2328262828,1.3108080090,2.2488976429,5,1.9668812404,5.0000000000,1,1.0000000000,NEW_ENTRY,RANK_WITHIN_ENTRY_LIMIT,0.0500000000,5,1,0.0500000000
2023-03-31,2023-03-31,sh.600219,600219.SS,南山铝业,C32有色金属冶炼和压延加工业,2.8226292600,2023-04-30 00:00:00,0.0000000000,1.3148254561,1.3222305310,0.4480101498,1.0794391970,0.4477222482,1.8036048653,9,1.7219326426,6.0000000000,1,1.0000000000,RETAINED,RANK_WITHIN_EXIT_BUFFER,0.0500000000,6,1,0.0500000000
2023-03-31,2023-03-31,sz.000792,000792.SZ,盐湖股份,C26化学原料和化学制品制造业,22.3600000000,2023-04-30 00:00:00,-0.0867620751,0.9322629521,1.7259739938,-0.8741219891,0.2756279025,1.3979852976,1.3521395499,15,1.6711465179,7.0000000000,1,1.0000000000,NEW_ENTRY,RANK_WITHIN_ENTRY_LIMIT,0.0500000000,7,1,0.0500000000
2023-03-31,2023-03-31,sz.000651,000651.SZ,格力电器,C38电气机械和器材制造业,29.4101430000,2023-04-30 00:00:00,0.0704761905,0.6019934918,1.3261124594,1.5062940098,1.8513167861,0.4622958434,2.2477519353,6,1.6532055181,8.0000000000,1,1.0000000000,NEW_ENTRY,RANK_WITHIN_ENTRY_LIMIT,0.0500000000,8,2,0.0500000000
2023-03-31,2023-03-31,sh.600606,600606.SS,绿地控股,E48土木工程建筑业,2.8800000000,2023-04-30 00:00:00,-0.0173611111,1.9597407057,1.5459188431,-1.5389097076,-0.0263694943,0.4185459170,0.9224546730,43,1.6267425791,9.0000000000,1,1.0000000000,NEW_ENTRY,RANK_WITHIN_ENTRY_LIMIT,0.0500000000,9,1,0.0500000000
2023-03-31,2023-03-31,sz.000408,000408.SZ,藏格矿业,C26化学原料和化学制品制造业,20.5519214400,2023-04-30 00:00:00,-0.0141345266,0.8033695403,0.4193337596,-0.5250047406,0.9492155737,1.8227380678,1.3568024298,14,1.6074996055,10.0000000000,1,1.0000000000,NEW_ENTRY,RANK_WITHIN_ENTRY_LIMIT,0.0500000000,10,2,0.0500000000
2023-03-31,2023-03-31,sz.000725,000725.SZ,京东方A,C39计算机、通信和其他电子设备制造业,4.2476769600,2023-04-30 00:00:00,-0.0945945946,0.7802772601,1.9821660793,0.6897754631,1.9425674563,-0.2669167228,2.0052458988,7,1.5925107325,11.0000000000,1,1.0000000000,NEW_ENTRY,RANK_WITHIN_ENTRY_LIMIT,0.0500000000,11,1,0.0500000000
2023-03-31,2023-03-31,sz.002202,002202.SZ,金风科技,C34通用设备制造业,10.5257678400,2023-04-30 00:00:00,-0.0072463768,0.6358741659,1.4922930755,-1.6449095563,1.3898587844,1.1580170210,1.1853203280,28,1.5804339257,12.0000000000,1,1.0000000000,NEW_ENTRY,RANK_WITHIN_ENTRY_LIMIT,0.0500000000,12,1,0.0500000000
2023-03-31,2023-03-31,sh.688396,688396.SS,华润微,C39计算机、通信和其他电子设备制造业,59.9204549600,2023-04-30 00:00:00,-0.0530929540,1.8517436113,1.4335629190,0.1529936303,0.0397285828,-0.0520016516,1.3397428946,17,1.5114308630,13.0000000000,1,1.0000000000,NEW_ENTRY,RANK_WITHIN_ENTRY_LIMIT,0.0500000000,13,2,0.0500000000
2023-03-31,2023-03-31,sh.600104,600104.SS,上汽集团,C36汽车制造业,13.2492396400,2023-04-30 00:00:00,-0.0167130919,0.5124101583,1.3188375158,-1.1761619851,2.1289567882,0.6294184829,1.3348289271,18,1.4925797070,14.0000000000,1,1.0000000000,RETAINED,RANK_WITHIN_EXIT_BUFFER,0.0500000000,14,1,0.0500000000
2023-03-31,2023-03-31,sh.600741,600741.SS,华域汽车,C36汽车制造业,13.7132740800,2023-04-30 00:00:00,-0.0215053763,0.7664934059,0.8174955862,-0.9141122737,1.7754971760,0.7792622652,1.2609892644,23,1.4673595023,15.0000000000,1,1.0000000000,NEW_ENTRY,RANK_WITHIN_ENTRY_LIMIT,0.0500000000,15,2,0.0500000000
2023-03-31,2023-03-31,sh.600183,600183.SS,生益科技,C39计算机、通信和其他电子设备制造业,16.9097845800,2023-04-30 00:00:00,-0.1305525460,0.6044220616,0.9054360127,1.4880965810,0.4393808433,1.2914867726,1.8491990483,8,1.4607365339,16.0000000000,1,1.0000000000,NEW_ENTRY,RANK_WITHIN_ENTRY_LIMIT,0.0500000000,16,3,0.0500000000
2023-03-31,2023-03-31,sz.300529,300529.SZ,健帆生物,C35专用设备制造业,27.4571594000,2023-04-30 00:00:00,-0.0510708402,0.9353917730,1.3732899141,-1.4022469251,0.0437157503,1.1254406011,0.8116568760,49,1.3252641231,20.0000000000,1,1.0000000000,RETAINED,RANK_WITHIN_EXIT_BUFFER,0.0500000000,17,2,0.0500000000
2023-03-31,2023-03-31,sz.002001,002001.SZ,新和成,C27医药制造业,15.8953891500,2023-04-30 00:00:00,-0.0490250696,0.8803908884,1.6075366855,-1.0462976504,1.2744617558,-0.1381149366,1.0081140431,39,1.2213572333,26.0000000000,1,1.0000000000,RETAINED,RANK_WITHIN_EXIT_BUFFER,0.0500000000,18,1,0.0500000000
2023-03-31,2023-03-31,sz.000800,000800.SZ,一汽解放,C36汽车制造业,8.0351968000,2023-04-30 00:00:00,-0.0192771084,0.5079571101,1.3575154283,0.4920499615,0.2768406339,0.4731134014,1.2151741643,26,1.0478922927,34.0000000000,1,1.0000000000,RETAINED,RANK_WITHIN_EXIT_BUFFER,0.0500000000,19,3,0.0500000000
2023-03-31,2023-03-31,sh.601877,601877.SS,正泰电器,C38电气机械和器材制造业,25.5446094200,2023-04-30 00:00:00,-0.0686449768,0.7256902632,1.1151630729,-1.7050647102,1.4900118655,-0.0103204541,0.6317311111,69,1.0342632312,36.0000000000,1,1.0000000000,RETAINED,RANK_WITHIN_EXIT_BUFFER,0.0500000000,20,3,0.0500000000
2023-04-30,2023-04-28,sh.600406,600406.SS,国电南瑞,I65软件和信息技术服务业,19.9379706400,2023-05-31 00:00:00,0.0505359877,1.7471120417,3.2444543135,-1.6919703904,2.2881867296,-1.0335463631,1.9262395121,6,2.4669781163,1.0000000000,1,1.0000000000,RETAINED,RANK_WITHIN_EXIT_BUFFER,0.0500000000,1,1,0.0500000000
2023-04-30,2023-04-28,sz.000725,000725.SZ,京东方A,C39计算机、通信和其他电子设备制造业,3.8458696800,2023-05-31 00:00:00,-0.0124378109,1.2953167881,2.3306282105,0.4132438455,1.9206031983,-0.4671104661,2.3231601326,3,2.1415741389,3.0000000000,1,1.0000000000,RETAINED,RANK_WITHIN_EXIT_BUFFER,0.0500000000,2,1,0.0500000000
2023-04-30,2023-04-28,sh.600845,600845.SS,宝信软件,I65软件和信息技术服务业,34.8854580000,2023-05-31 00:00:00,-0.0179629630,1.8546855161,2.2253442375,0.9071830715,0.5494356685,-0.2040243948,2.2554629349,4,2.0650183910,4.0000000000,1,1.0000000000,RETAINED,RANK_WITHIN_EXIT_BUFFER,0.0500000000,3,2,0.0500000000
2023-04-30,2023-04-28,sh.600219,600219.SS,南山铝业,C32有色金属冶炼和压延加工业,2.8226292600,2023-05-31 00:00:00,-0.1120943953,1.9475919380,1.6996339872,0.2771060800,1.1057647688,-0.4932738616,1.9188744100,7,1.9704004953,6.0000000000,1,1.0000000000,RETAINED,RANK_WITHIN_EXIT_BUFFER,0.0500000000,4,1,0.0500000000
2023-04-30,2023-04-28,sz.000425,000425.SZ,徐工机械,C35专用设备制造业,6.2389093200,2023-05-31 00:00:00,-0.1282798834,0.8299995266,0.9857712229,2.5620772223,1.9253749744,0.0542132093,2.6889128774,1,1.7782979216,7.0000000000,1,1.0000000000,NEW_ENTRY,RANK_WITHIN_ENTRY_LIMIT,0.0500000000,5,1,0.0500000000
2023-04-30,2023-04-28,sh.600606,600606.SS,绿地控股,E48土木工程建筑业,2.8300000000,2023-05-31 00:00:00,0.0353356890,1.4673505032,1.0943026745,-2.2616315374,0.2955580761,1.2233298088,0.7693178705,65,1.6598733133,8.0000000000,1,1.0000000000,RETAINED,RANK_WITHIN_EXIT_BUFFER,0.0500000000,6,1,0.0500000000
2023-04-30,2023-04-28,sh.600362,600362.SS,江西铜业,C32有色金属冶炼和压延加工业,18.3111784700,2023-05-31 00:00:00,-0.0935815777,1.2949869063,1.2923241995,0.7956472929,0.9988944912,-0.0520199366,1.8313268589,8,1.6267668552,9.0000000000,1,1.0000000000,NEW_ENTRY,RANK_WITHIN_ENTRY_LIMIT,0.0500000000,7,2,0.0500000000
2023-04-30,2023-04-28,sz.000157,000157.SZ,中联重科,C35专用设备制造业,5.4068731200,2023-05-31 00:00:00,-0.0231481481,1.0866242341,0.8620523731,-0.1149368460,2.3495809773,-0.6786429223,1.4823229177,18,1.5279866212,11.0000000000,1,1.0000000000,RETAINED,RANK_WITHIN_EXIT_BUFFER,0.0500000000,8,2,0.0500000000
2023-04-30,2023-04-28,sz.002736,002736.SZ,国信证券,J67资本市场服务,8.2311434300,2023-05-31 00:00:00,-0.0212539851,1.3741147511,0.8227677045,0.0773812579,0.7418987453,0.2615663901,1.3863335935,19,1.4775766537,13.0000000000,1,1.0000000000,NEW_ENTRY,RANK_WITHIN_ENTRY_LIMIT,0.0500000000,9,1,0.0500000000
2023-04-30,2023-04-28,sh.600183,600183.SS,生益科技,C39计算机、通信和其他电子设备制造业,14.7021691500,2023-05-31 00:00:00,-0.0199366860,1.1414903676,0.0560189148,0.7769679385,0.6832574789,1.1707761017,1.6192898746,12,1.4703212957,14.0000000000,1,1.0000000000,RETAINED,RANK_WITHIN_EXIT_BUFFER,0.0500000000,10,2,0.0500000000
2023-04-30,2023-04-28,sh.600741,600741.SS,华域汽车,C36汽车制造业,13.4183649600,2023-05-31 00:00:00,0.0659340659,0.5826482442,0.8835571472,-0.9830516017,1.7876046072,0.2868949223,1.0817736549,39,1.3528494548,17.0000000000,1,1.0000000000,RETAINED,RANK_WITHIN_EXIT_BUFFER,0.0500000000,11,1,0.0500000000
2023-04-30,2023-04-28,sh.600104,600104.SS,上汽集团,C36汽车制造业,13.0278038800,2023-05-31 00:00:00,-0.0495750708,0.4481381700,1.2208346697,-1.1313328187,2.0982259493,-0.2193781779,1.0220669126,42,1.2946670389,19.0000000000,1,1.0000000000,RETAINED,RANK_WITHIN_EXIT_BUFFER,0.0500000000,12,2,0.0500000000
2023-04-30,2023-04-28,sh.600999,600999.SS,招商证券,J67资本市场服务,12.7988250500,2023-05-31 00:00:00,-0.0042949177,1.2037756584,0.9643396059,-0.0490862509,0.5743751375,0.0823205483,1.1740081544,34,1.2846087627,21.0000000000,1,1.0000000000,NEW_ENTRY,RANK_WITHIN_ENTRY_LIMIT,0.0500000000,13,2,0.0500000000
2023-04-30,2023-04-28,sz.002001,002001.SZ,新和成,C27医药制造业,15.1161165900,2023-05-31 00:00:00,-0.1154071470,0.8560393441,1.1195467360,-1.0207114532,1.1384093901,0.0750216475,0.9170969053,47,1.2659964891,23.0000000000,1,1.0000000000,RETAINED,RANK_WITHIN_EXIT_BUFFER,0.0500000000,14,1,0.0500000000
2023-04-30,2023-04-28,sh.603882,603882.SS,金域医学,Q84卫生,73.7553790000,2023-05-31 00:00:00,-0.1548899756,0.0712740371,-0.0323915328,0.4892958684,1.6663249539,1.4287253750,1.5324646721,15,1.2639101575,24.0000000000,1,1.0000000000,NEW_ENTRY,RANK_WITHIN_ENTRY_LIMIT,0.0500000000,15,1,0.0500000000
2023-04-30,2023-04-28,sz.300529,300529.SZ,健帆生物,C35专用设备制造业,26.0548992000,2023-05-31 00:00:00,-0.0182664057,0.8162003451,1.1888451696,-1.5068005163,-0.1006912398,1.2959130988,0.7162611985,71,1.2593395303,25.0000000000,1,1.0000000000,RETAINED,RANK_WITHIN_EXIT_BUFFER,0.0500000000,16,3,0.0500000000
2023-04-30,2023-04-28,sh.600585,600585.SS,海螺水泥,C30非金属矿物制品业,22.5339878400,2023-05-31 00:00:00,-0.0677083333,0.2721846898,1.1746159019,-0.5527262571,1.7299677952,0.1681204746,1.1809606575,33,1.2423655925,26.0000000000,1,1.0000000000,NEW_ENTRY,RANK_WITHIN_ENTRY_LIMIT,0.0500000000,17,1,0.0500000000
2023-04-30,2023-04-28,sz.000651,000651.SZ,格力电器,C38电气机械和器材制造业,31.4828578400,2023-05-31 00:00:00,-0.1616675140,-0.0334663796,0.9002416545,0.9574794217,1.3295622431,0.7719807397,1.6604378992,11,1.1843376019,31.0000000000,1,1.0000000000,RETAINED,RANK_WITHIN_EXIT_BUFFER,0.0500000000,18,1,0.0500000000
2023-04-30,2023-04-28,sh.688396,688396.SS,华润微,C39计算机、通信和其他电子设备制造业,56.7391010000,2023-05-31 00:00:00,0.0389519651,1.4424836114,1.7210859647,0.9935575302,0.0944140742,-1.1557409250,1.3093858860,25,1.1008635368,37.0000000000,1,1.0000000000,RETAINED,RANK_WITHIN_EXIT_BUFFER,0.0500000000,19,3,0.0500000000
2023-04-30,2023-04-28,sh.601877,601877.SS,正泰电器,C38电气机械和器材制造业,23.7911003000,2023-05-31 00:00:00,0.0038387716,0.8812333357,1.0488548535,-1.6043597185,1.2246749552,-0.3323421732,0.5151857616,89,1.0759917233,38.0000000000,1,1.0000000000,RETAINED,RANK_WITHIN_EXIT_BUFFER,0.0500000000,20,2,0.0500000000
2023-05-31,2023-05-31,sh.600406,600406.SS,国电南瑞,I65软件和信息技术服务业,20.9455556800,2023-06-30 00:00:00,0.0246378625,1.2452416353,2.5742025380,-2.2909320071,2.2740411132,0.6062816186,1.9443684317,4,2.4593452166,1.0000000000,1,1.0000000000,RETAINED,RANK_WITHIN_EXIT_BUFFER,0.0500000000,1,1,0.0500000000
2023-05-31,2023-05-31,sh.600219,600219.SS,南山铝业,C32有色金属冶炼和压延加工业,2.5062283400,2023-06-30 00:00:00,0.0164808367,1.6338557389,1.6963008096,0.6375689119,1.0966860439,-0.3953437592,2.0591353814,2,1.8056136590,5.0000000000,1,1.0000000000,RETAINED,RANK_WITHIN_EXIT_BUFFER,0.0500000000,2,1,0.0500000000
2023-05-31,2023-05-31,sz.002736,002736.SZ,国信证券,J67资本市场服务,8.0561988300,2023-06-30 00:00:00,-0.0231657180,2.2329695773,0.9719690397,-0.1600254481,0.6374846515,-0.0722660808,1.5921272516,10,1.7290847300,7.0000000000,1,1.0000000000,RETAINED,RANK_WITHIN_EXIT_BUFFER,0.0500000000,3,1,0.0500000000
2023-05-31,2023-05-31,sh.600845,600845.SS,宝信软件,I65软件和信息技术服务业,34.2588118100,2023-06-30 00:00:00,0.1668848523,1.0673544021,1.5078355096,0.4796947554,0.6159312424,0.7261756456,1.9391453234,5,1.6106372640,10.0000000000,1,1.0000000000,RETAINED,RANK_WITHIN_EXIT_BUFFER,0.0500000000,4,2,0.0500000000
2023-05-31,2023-05-31,sz.002410,002410.SZ,广联达,I65软件和信息技术服务业,33.0884555500,2023-06-30 00:00:00,-0.0535974366,0.7507475324,0.5535706361,-0.4787581586,0.5625456518,2.4499886776,1.6926624934,8,1.5783623505,11.0000000000,1,1.0000000000,NEW_ENTRY,RANK_WITHIN_ENTRY_LIMIT,0.0500000000,5,3,0.0500000000
2023-05-31,2023-05-31,sh.600104,600104.SS,上汽集团,C36汽车制造业,12.3819495800,2023-06-30 00:00:00,0.0558867362,0.7966822542,1.4169249037,-0.3427115752,2.0731369284,-0.4406776864,1.5450368826,12,1.5523599594,12.0000000000,1,1.0000000000,RETAINED,RANK_WITHIN_EXIT_BUFFER,0.0500000000,6,1,0.0500000000
2023-05-31,2023-05-31,sz.002001,002001.SZ,新和成,C27医药制造业,13.3716087000,2023-06-30 00:00:00,0.0525560773,0.2951360553,0.7792004322,-0.7795499794,1.3520118689,1.7172089980,1.4835823739,17,1.4592070747,14.0000000000,1,1.0000000000,RETAINED,RANK_WITHIN_EXIT_BUFFER,0.0500000000,7,1,0.0500000000
2023-05-31,2023-05-31,sh.600438,600438.SS,通威股份,C38电气机械和器材制造业,32.7003009200,2023-06-30 00:00:00,0.0055685815,0.5668989994,1.5678257316,-0.4527180127,1.7268005376,-0.1385865454,1.4422209181,22,1.4398781596,16.0000000000,1,1.0000000000,NEW_ENTRY,RANK_WITHIN_ENTRY_LIMIT,0.0500000000,8,1,0.0500000000
2023-05-31,2023-05-31,sz.300413,300413.SZ,芒果超媒,I64互联网和相关服务,28.0858254600,2023-06-30 00:00:00,0.1691729323,1.3376103542,1.1874708269,-2.0092062105,0.0110618607,1.4314899512,0.8636983013,55,1.4336673965,17.0000000000,1,1.0000000000,NEW_ENTRY,RANK_WITHIN_ENTRY_LIMIT,0.0500000000,9,1,0.0500000000
2023-05-31,2023-05-31,sh.600362,600362.SS,江西铜业,C32有色金属冶炼和压延加工业,16.5975895000,2023-06-30 00:00:00,0.0259459459,1.5401906548,0.7776258114,1.4866593398,1.0468997261,-0.8514698696,1.7640239383,7,1.3332946585,20.0000000000,1,1.0000000000,RETAINED,RANK_WITHIN_EXIT_BUFFER,0.0500000000,10,2,0.0500000000
2023-05-31,2023-05-31,sz.002202,002202.SZ,金风科技,C34通用设备制造业,10.3732204800,2023-06-30 00:00:00,-0.0238970588,0.6926990269,1.7781719141,-0.7507447042,1.2995123720,-0.3578811205,1.1738786670,31,1.3165745415,21.0000000000,1,1.0000000000,NEW_ENTRY,RANK_WITHIN_ENTRY_LIMIT,0.0500000000,11,1,0.0500000000
2023-05-31,2023-05-31,sh.600741,600741.SS,华域汽车,C36汽车制造业,14.3030923200,2023-06-30 00:00:00,0.0572737686,0.6479314558,1.0276050012,-0.1949747132,1.7038022227,-0.3589716718,1.2460442979,30,1.2322965635,23.0000000000,1,1.0000000000,RETAINED,RANK_WITHIN_EXIT_BUFFER,0.0500000000,12,2,0.0500000000
2023-05-31,2023-05-31,sh.688396,688396.SS,华润微,C39计算机、通信和其他电子设备制造业,58.9492004800,2023-06-30 00:00:00,-0.1155632535,1.3388399027,1.5292146517,0.4061278102,0.0117086355,-0.2088709819,1.3570162471,24,1.2109172761,24.0000000000,1,1.0000000000,RETAINED,RANK_WITHIN_EXIT_BUFFER,0.0500000000,13,1,0.0500000000
2023-05-31,2023-05-31,sh.600893,600893.SS,航发动力,C37铁路、船舶、航空航天和其他运输设备制造业,39.2579347500,2023-06-30 00:00:00,0.0668875413,1.1416630372,0.8720362948,-0.4126647292,-0.0265594601,0.9899672194,1.1309611018,37,1.1899659151,25.0000000000,1,1.0000000000,NEW_ENTRY,RANK_WITHIN_ENTRY_LIMIT,0.0500000000,14,1,0.0500000000
2023-05-31,2023-05-31,sh.601211,601211.SS,国泰君安,J67资本市场服务,13.1876436000,2023-06-30 00:00:00,-0.0183471087,1.1027537479,0.9308344246,-0.1749723132,1.0337453210,-0.3834058022,1.1064904327,38,1.1700654550,27.0000000000,1,1.0000000000,NEW_ENTRY,RANK_WITHIN_ENTRY_LIMIT,0.0500000000,15,2,0.0500000000
2023-05-31,2023-05-31,sz.000157,000157.SZ,中联重科,C35专用设备制造业,5.2817140200,2023-06-30 00:00:00,0.0663507109,0.6309149986,1.0589524254,0.5859794070,2.2115811048,-1.4439636445,1.3422176217,25,1.1383340433,30.0000000000,1,1.0000000000,RETAINED,RANK_WITHIN_EXIT_BUFFER,0.0500000000,16,1,0.0500000000
2023-05-31,2023-05-31,sz.000725,000725.SZ,京东方A,C39计算机、通信和其他电子设备制造业,3.7980354800,2023-06-30 00:00:00,0.0461988733,0.5286617089,1.6028088695,0.1976878323,1.1882765562,-0.6227730152,1.2765933517,27,1.1154017065,33.0000000000,1,1.0000000000,RETAINED,RANK_WITHIN_EXIT_BUFFER,0.0500000000,17,2,0.0500000000
2023-05-31,2023-05-31,sh.600999,600999.SS,招商证券,J67资本市场服务,12.7438551500,2023-06-30 00:00:00,-0.0244428469,1.3919766287,0.6638726101,-0.0803800891,0.4804717729,-0.1444296280,1.0194143566,43,1.0994260107,34.0000000000,1,1.0000000000,RETAINED,RANK_WITHIN_EXIT_BUFFER,0.0500000000,18,3,0.0500000000
2023-05-31,2023-05-31,sh.600183,600183.SS,生益科技,C39计算机、通信和其他电子设备制造业,14.4090566200,2023-06-30 00:00:00,-0.0694626474,1.2198797012,0.9068750925,-0.0186982334,0.6698612094,-0.4647235543,1.0201565522,42,1.0673487434,36.0000000000,1,1.0000000000,RETAINED,RANK_WITHIN_EXIT_BUFFER,0.0500000000,19,3,0.0500000000
2023-05-31,2023-05-31,sh.600585,600585.SS,海螺水泥,C30非金属矿物制品业,21.0082490800,2023-06-30 00:00:00,0.0038596724,-0.0906947558,0.6824408787,-0.3587125691,1.8201976420,0.5155967826,1.1328952305,35,1.0426379024,40.0000000000,1,1.0000000000,RETAINED,RANK_WITHIN_EXIT_BUFFER,0.0500000000,20,1,0.0500000000
2023-06-30,2023-06-30,sz.000157,000157.SZ,中联重科,C35专用设备制造业,5.6321595000,2023-07-31 00:00:00,0.0665826545,1.5257948525,1.6738695343,0.7612091466,2.1668009065,0.8251391740,2.8331688935,1,2.6708875932,1.0000000000,1,1.0000000000,RETAINED,RANK_WITHIN_EXIT_BUFFER,0.0500000000,1,1,0.0500000000
2023-06-30,2023-06-30,sz.002064,002064.SZ,华峰化学,C28化学纤维制造业,6.4706264000,2023-07-31 00:00:00,0.0845481050,1.1701577957,1.3351002308,0.0869559598,1.3532771752,1.6758300594,2.2906054021,4,2.2276327607,2.0000000000,1,1.0000000000,NEW_ENTRY,RANK_WITHIN_ENTRY_LIMIT,0.0500000000,2,1,0.0500000000
2023-06-30,2023-06-30,sz.300408,300408.SZ,三环集团,C39计算机、通信和其他电子设备制造业,28.3408883000,2023-07-31 00:00:00,0.1165102852,1.8271535506,2.2042443569,0.3524263887,0.0242528744,0.9623415649,2.1883663437,6,2.1100157283,3.0000000000,1,1.0000000000,NEW_ENTRY,RANK_WITHIN_ENTRY_LIMIT,0.0500000000,3,1,0.0500000000
2023-06-30,2023-06-30,sh.601766,601766.SS,中国中车,C37铁路、船舶、航空航天和其他运输设备制造业,5.7640245000,2023-07-31 00:00:00,0.0323076923,0.9927108417,0.1063676556,1.1988119842,2.7522603349,0.6804130369,2.3351201618,3,2.0640273383,4.0000000000,1,1.0000000000,NEW_ENTRY,RANK_WITHIN_ENTRY_LIMIT,0.0500000000,4,1,0.0500000000
2023-06-30,2023-06-30,sh.601216,601216.SS,君正集团,C26化学原料和化学制品制造业,3.3970550000,2023-07-31 00:00:00,0.0902439024,0.6945718559,1.5657014270,1.2929297603,1.6698562203,0.8058400359,2.4566874514,2,2.0271091897,5.0000000000,1,1.0000000000,NEW_ENTRY,RANK_WITHIN_ENTRY_LIMIT,0.0500000000,5,1,0.0500000000
2023-06-30,2023-06-30,sh.600406,600406.SS,国电南瑞,I65软件和信息技术服务业,21.4616094000,2023-07-31 00:00:00,0.0528138528,1.6850389274,3.3456859442,-1.2348838470,2.2711439153,-3.2200668504,1.1600770885,34,1.9219224031,6.0000000000,1,1.0000000000,RETAINED,RANK_WITHIN_EXIT_BUFFER,0.0500000000,6,1,0.0500000000
2023-06-30,2023-06-30,sh.601877,601877.SS,正泰电器,C38电气机械和器材制造业,25.2523579000,2023-07-31 00:00:00,0.0386546494,1.5170998351,1.5176735321,-0.1647066299,1.3396722697,-0.1830256834,1.6408262273,13,1.8450873246,9.0000000000,1,1.0000000000,NEW_ENTRY,RANK_WITHIN_ENTRY_LIMIT,0.0500000000,7,1,0.0500000000
2023-06-30,2023-06-30,sh.603195,603195.SS,公牛集团,C38电气机械和器材制造业,42.5900261400,2023-07-31 00:00:00,0.0566312721,2.0540300163,0.7603052235,1.2940006336,-1.1044978334,2.4969730010,2.2414992830,5,1.7967774546,12.0000000000,1,1.0000000000,NEW_ENTRY,RANK_WITHIN_ENTRY_LIMIT,0.0500000000,8,2,0.0500000000
2023-06-30,2023-06-30,sz.002202,002202.SZ,金风科技,C34通用设备制造业,10.1253310200,2023-07-31 00:00:00,0.0546139360,0.8322310760,1.7830529259,-0.3360438129,1.2274496425,0.1880333510,1.5055451465,19,1.6423075591,15.0000000000,1,1.0000000000,RETAINED,RANK_WITHIN_EXIT_BUFFER,0.0500000000,9,1,0.0500000000
2023-06-30,2023-06-30,sh.600104,600104.SS,上汽集团,C36汽车制造业,13.0739363300,2023-07-31 00:00:00,0.1186490787,0.3386850783,1.2602909033,-0.1998202817,2.1299374852,0.1819280297,1.5121863540,18,1.5918504882,16.0000000000,1,1.0000000000,RETAINED,RANK_WITHIN_EXIT_BUFFER,0.0500000000,10,1,0.0500000000
2023-06-30,2023-06-30,sh.600219,600219.SS,南山铝业,C32有色金属冶炼和压延加工业,2.5475330800,2023-07-31 00:00:00,0.0728476821,1.4051489087,0.9597092513,0.6432382801,1.0402746088,-0.1069463530,1.6060723708,16,1.5514860934,17.0000000000,1,1.0000000000,RETAINED,RANK_WITHIN_EXIT_BUFFER,0.0500000000,11,1,0.0500000000
2023-06-30,2023-06-30,sh.600362,600362.SS,江西铜业,C32有色金属冶炼和压延加工业,17.0282296600,2023-07-31 00:00:00,0.0809598148,1.3951868620,1.0592321846,1.5065236211,0.9478663319,-0.4069327304,1.8344481122,9,1.5234689837,18.0000000000,1,1.0000000000,RETAINED,RANK_WITHIN_EXIT_BUFFER,0.0500000000,12,2,0.0500000000
2023-06-30,2023-06-30,sh.600741,600741.SS,华域汽车,C36汽车制造业,15.1222843200,2023-07-31 00:00:00,0.1206460612,0.6794988101,0.8089323304,0.2347822121,1.7341880252,0.2790485215,1.5225481675,17,1.5047596108,19.0000000000,1,1.0000000000,RETAINED,RANK_WITHIN_EXIT_BUFFER,0.0500000000,13,2,0.0500000000
2023-06-30,2023-06-30,sh.600438,600438.SS,通威股份,C38电气机械和器材制造业,32.8823952100,2023-07-31 00:00:00,0.0142815506,0.5121234680,0.9981624599,-0.8517315754,1.8372309088,0.4167418983,1.1868118158,31,1.4781126098,20.0000000000,1,1.0000000000,RETAINED,RANK_WITHIN_EXIT_BUFFER,0.0500000000,14,3,0.0500000000
2023-06-30,2023-06-30,sz.000725,000725.SZ,京东方A,C39计算机、通信和其他电子设备制造业,3.9735004400,2023-07-31 00:00:00,0.0342298289,0.9643378534,2.1945603136,0.0538722306,1.1836620908,-1.0933557789,1.3459549911,25,1.4631505060,21.0000000000,1,1.0000000000,RETAINED,RANK_WITHIN_EXIT_BUFFER,0.0500000000,15,2,0.0500000000
2023-06-30,2023-06-30,sh.688396,688396.SS,华润微,C39计算机、通信和其他电子设备制造业,52.1368390800,2023-07-31 00:00:00,0.0942568212,1.7652265711,1.6383918506,0.2858161634,0.3592307375,-0.7608682330,1.3397287716,26,1.4511370220,22.0000000000,1,1.0000000000,RETAINED,RANK_WITHIN_EXIT_BUFFER,0.0500000000,16,3,0.0500000000
2023-06-30,2023-06-30,sh.688187,688187.SS,时代电气,C37铁路、船舶、航空航天和其他运输设备制造业,38.9865621600,2023-07-31 00:00:00,0.0750119446,0.6809954930,-0.3560239957,-0.7379460080,1.7943752582,1.5912751788,1.2113215502,29,1.4426401317,23.0000000000,1,1.0000000000,NEW_ENTRY,RANK_WITHIN_ENTRY_LIMIT,0.0500000000,17,2,0.0500000000
2023-06-30,2023-06-30,sh.601238,601238.SS,广汽集团,C36汽车制造业,10.1800586600,2023-07-31 00:00:00,0.1228406910,0.6685415363,1.1121210628,-0.7838061546,1.2136217837,0.3217405050,1.0318417471,41,1.3089549768,24.0000000000,1,1.0000000000,NEW_ENTRY,RANK_WITHIN_ENTRY_LIMIT,0.0500000000,18,3,0.0500000000
2023-06-30,2023-06-30,sh.600585,600585.SS,海螺水泥,C30非金属矿物制品业,21.0893340400,2023-07-31 00:00:00,0.1432181971,-0.0671253965,0.7633975851,-0.3404048596,2.0120966096,0.6251493424,1.2196494705,28,1.2792367977,25.0000000000,1,1.0000000000,RETAINED,RANK_WITHIN_EXIT_BUFFER,0.0500000000,19,1,0.0500000000
2023-06-30,2023-06-30,sz.002001,002001.SZ,新和成,C27医药制造业,14.0743680000,2023-07-31 00:00:00,0.0714285714,0.9884256580,0.7976691474,-0.9586295474,1.1853838420,-0.2523669317,0.7173704911,66,1.1468650417,32.0000000000,1,1.0000000000,RETAINED,RANK_WITHIN_EXIT_BUFFER,0.0500000000,20,1,0.0500000000
2023-07-31,2023-07-31,sh.600406,600406.SS,国电南瑞,I65软件和信息技术服务业,22.5950796800,2023-08-31 00:00:00,-0.0205592105,1.4038322815,2.4491122239,-1.8031786331,2.1176710263,0.4789087010,1.6457204902,11,2.3750221454,1.0000000000,1,1.0000000000,RETAINED,RANK_WITHIN_EXIT_BUFFER,0.0500000000,1,1,0.0500000000
2023-07-31,2023-07-31,sh.600845,600845.SS,宝信软件,I65软件和信息技术服务业,37.7809835200,2023-08-31 00:00:00,-0.0018742191,1.5083841721,1.4591082286,0.8803862715,0.3789932072,2.3596193660,2.3329137638,1,2.1071335328,2.0000000000,1,1.0000000000,NEW_ENTRY,RANK_WITHIN_ENTRY_LIMIT,0.0500000000,2,2,0.0500000000
2023-07-31,2023-07-31,sz.000069,000069.SZ,华侨城A,K70房地产业,4.9100000000,2023-08-31 00:00:00,-0.1140529532,1.6653561381,1.3229107128,0.2686152556,0.5334240179,1.5581499804,1.8944057461,5,1.9137724860,3.0000000000,1,1.0000000000,NEW_ENTRY,RANK_WITHIN_ENTRY_LIMIT,0.0500000000,3,1,0.0500000000
2023-07-31,2023-07-31,sh.600219,600219.SS,南山铝业,C32有色金属冶炼和压延加工业,2.7331149600,2023-08-31 00:00:00,-0.0370370370,1.9536554514,1.6205113921,0.7060005705,0.9664887933,0.0642612399,1.8811096757,6,1.9081536701,4.0000000000,1,1.0000000000,RETAINED,RANK_WITHIN_EXIT_BUFFER,0.0500000000,4,1,0.0500000000
2023-07-31,2023-07-31,sh.688303,688303.SS,大全能源,C38电气机械和器材制造业,40.5816258600,2023-08-31 00:00:00,0.0084910238,1.0377715525,1.2386786781,-0.0988596481,2.0233520809,0.5276918950,1.6748669715,10,1.8917630150,5.0000000000,1,1.0000000000,NEW_ENTRY,RANK_WITHIN_ENTRY_LIMIT,0.0500000000,5,1,0.0500000000
2023-07-31,2023-07-31,sz.300433,300433.SZ,蓝思科技,C39计算机、通信和其他电子设备制造业,11.7786721200,2023-08-31 00:00:00,-0.0048543689,1.4668488219,1.5683605128,0.4740095875,1.7996723269,-0.3624430198,1.7520158649,7,1.8757304573,6.0000000000,1,1.0000000000,NEW_ENTRY,RANK_WITHIN_ENTRY_LIMIT,0.0500000000,6,1,0.0500000000
2023-07-31,2023-07-31,sz.002736,002736.SZ,国信证券,J67资本市场服务,8.7349536000,2023-08-31 00:00:00,-0.0423116615,1.7813066160,1.0833535229,-0.1306116998,0.7395515292,1.0113339802,1.5885490086,15,1.7797708913,7.0000000000,1,1.0000000000,NEW_ENTRY,RANK_WITHIN_ENTRY_LIMIT,0.0500000000,7,1,0.0500000000
2023-07-31,2023-07-31,sh.600362,600362.SS,江西铜业,C32有色金属冶炼和压延加工业,18.4068319800,2023-08-31 00:00:00,-0.0545272636,1.8924520436,1.0857910232,1.6289822258,0.9168585368,0.0365301279,1.9695513670,4,1.7337718672,8.0000000000,1,1.0000000000,RETAINED,RANK_WITHIN_EXIT_BUFFER,0.0500000000,8,2,0.0500000000
2023-07-31,2023-07-31,sh.600104,600104.SS,上汽集团,C36汽车制造业,14.6251468300,2023-08-31 00:00:00,-0.0729502905,0.5616241044,1.4390419348,-0.2163691749,2.1884968222,0.1732072765,1.4685000482,21,1.6986478857,10.0000000000,1,1.0000000000,RETAINED,RANK_WITHIN_EXIT_BUFFER,0.0500000000,9,1,0.0500000000
2023-07-31,2023-07-31,sh.600089,600089.SS,特变电工,C38电气机械和器材制造业,15.5584774800,2023-08-31 00:00:00,-0.1025641026,0.1658521830,0.9445108018,0.1823598970,2.4900910905,0.6806056418,1.5809287014,17,1.6586243983,11.0000000000,1,1.0000000000,NEW_ENTRY,RANK_WITHIN_ENTRY_LIMIT,0.0500000000,10,2,0.0500000000
2023-07-31,2023-07-31,sz.002252,002252.SZ,上海莱士,C27医药制造业,6.9631223500,2023-08-31 00:00:00,-0.0028050491,0.2891068614,1.0498746840,1.9770159079,1.0569382101,1.8897698304,2.2182299043,2,1.6354227840,12.0000000000,1,1.0000000000,NEW_ENTRY,RANK_WITHIN_ENTRY_LIMIT,0.0500000000,11,1,0.0500000000
2023-07-31,2023-07-31,sh.600741,600741.SS,华域汽车,C36汽车制造业,16.9467283600,2023-08-31 00:00:00,-0.0476431830,0.8416536267,1.2125766264,0.2857608285,1.8235948710,0.0968732436,1.5090407819,20,1.6071522710,13.0000000000,1,1.0000000000,RETAINED,RANK_WITHIN_EXIT_BUFFER,0.0500000000,12,2,0.0500000000
2023-07-31,2023-07-31,sz.000157,000157.SZ,中联重科,C35专用设备制造业,6.0071636300,2023-08-31 00:00:00,-0.0624092888,0.7363000617,1.0987561986,0.9335839766,2.1313402280,-0.3691599553,1.6048018792,13,1.5547506320,14.0000000000,1,1.0000000000,RETAINED,RANK_WITHIN_EXIT_BUFFER,0.0500000000,13,1,0.0500000000
2023-07-31,2023-07-31,sh.601877,601877.SS,正泰电器,C38电气机械和器材制造业,26.2284789400,2023-08-31 00:00:00,-0.1246909219,1.1154721015,1.4700099783,-0.3104956627,1.2374745475,0.1190999981,1.2862870743,30,1.5376716744,15.0000000000,1,1.0000000000,RETAINED,RANK_WITHIN_EXIT_BUFFER,0.0500000000,14,3,0.0500000000
2023-07-31,2023-07-31,sz.002202,002202.SZ,金风科技,C34通用设备制造业,10.6783152000,2023-08-31 00:00:00,-0.1422726499,0.7151134346,1.3797871587,-0.5630923198,1.2193540466,0.4664046207,1.1396517390,42,1.4051285586,22.0000000000,1,1.0000000000,RETAINED,RANK_WITHIN_EXIT_BUFFER,0.0500000000,15,1,0.0500000000
2023-07-31,2023-07-31,sh.601766,601766.SS,中国中车,C37铁路、船舶、航空航天和其他运输设备制造业,5.9502468300,2023-08-31 00:00:00,-0.0871337450,0.7234962057,-0.1707530834,0.7832650391,2.7231695362,-0.4802649762,1.2676392386,31,1.3237236278,27.0000000000,1,1.0000000000,RETAINED,RANK_WITHIN_EXIT_BUFFER,0.0500000000,16,1,0.0500000000
2023-07-31,2023-07-31,sz.002001,002001.SZ,新和成,C27医药制造业,15.0796800000,2023-08-31 00:00:00,-0.0133333333,0.9503153119,1.2647788276,-0.3559172934,1.0913419692,-0.0262598937,1.0357629932,54,1.2850819265,29.0000000000,1,1.0000000000,RETAINED,RANK_WITHIN_EXIT_BUFFER,0.0500000000,17,2,0.0500000000
2023-07-31,2023-07-31,sz.000725,000725.SZ,京东方A,C39计算机、通信和其他电子设备制造业,4.1095126800,2023-08-31 00:00:00,-0.0520094563,0.3450461245,1.6432295459,0.0182896315,1.1539273843,0.1222632597,1.1627414725,40,1.2359025981,31.0000000000,1,1.0000000000,RETAINED,RANK_WITHIN_EXIT_BUFFER,0.0500000000,18,2,0.0500000000
2023-07-31,2023-07-31,sh.688396,688396.SS,华润微,C39计算机、通信和其他电子设备制造业,57.0510918000,2023-08-31 00:00:00,0.0205754141,1.5810371502,2.0101899801,-0.0648460687,0.1722875606,-0.9728770275,0.9654665119,58,1.1726362125,35.0000000000,1,1.0000000000,RETAINED,RANK_WITHIN_EXIT_BUFFER,0.0500000000,19,3,0.0500000000
2023-07-31,2023-07-31,sh.601216,601216.SS,君正集团,C26化学原料和化学制品制造业,3.7036185000,2023-08-31 00:00:00,-0.0648769575,-0.0428029212,0.7879162497,0.9136773218,1.7130537908,0.1902403823,1.2616788519,32,1.0875903320,40.0000000000,1,1.0000000000,RETAINED,RANK_WITHIN_EXIT_BUFFER,0.0500000000,20,1,0.0500000000
2023-08-31,2023-08-31,sh.600845,600845.SS,宝信软件,I65软件和信息技术服务业,37.7101736800,2023-09-30 00:00:00,-0.0573753390,1.5731448552,2.0704760415,1.2494589569,-0.0996997439,1.7087504091,2.5526596340,1,2.1023607350,1.0000000000,1,1.0000000000,RETAINED,RANK_WITHIN_EXIT_BUFFER,0.0500000000,1,1,0.0500000000
2023-08-31,2023-08-31,sh.600089,600089.SS,特变电工,C38电气机械和器材制造业,13.9627362000,2023-09-30 00:00:00,0.0081632653,0.7625869811,1.1586767652,0.5996535632,2.2554638404,0.5344402163,2.0849657332,3,2.0050110846,2.0000000000,1,1.0000000000,RETAINED,RANK_WITHIN_EXIT_BUFFER,0.0500000000,2,1,0.0500000000
2023-08-31,2023-08-31,sh.603659,603659.SS,璞泰来,C39计算机、通信和其他电子设备制造业,31.9026216800,2023-09-30 00:00:00,-0.1048288509,1.0385433928,1.8757832208,-0.7672862855,0.2730423925,2.3566030355,1.8752704023,10,1.9837914465,3.0000000000,1,1.0000000000,NEW_ENTRY,RANK_WITHIN_ENTRY_LIMIT,0.0500000000,3,1,0.0500000000
2023-08-31,2023-08-31,sh.600884,600884.SS,杉杉股份,C39计算机、通信和其他电子设备制造业,13.3474767100,2023-09-30 00:00:00,0.0213078619,1.0611409532,1.7146788557,-1.6259828118,2.1386502059,-0.0385998123,1.2758673996,24,1.9176675327,4.0000000000,1,1.0000000000,NEW_ENTRY,RANK_WITHIN_ENTRY_LIMIT,0.0500000000,4,2,0.0500000000
2023-08-31,2023-08-31,sh.600406,600406.SS,国电南瑞,I65软件和信息技术服务业,22.1305426800,2023-09-30 00:00:00,-0.0684298908,1.2731394270,2.1682978559,-1.4980014490,1.6897837437,-0.3943442906,1.2715441778,25,1.8779630983,5.0000000000,1,1.0000000000,RETAINED,RANK_WITHIN_EXIT_BUFFER,0.0500000000,5,2,0.0500000000
2023-08-31,2023-08-31,sz.000425,000425.SZ,徐工机械,C35专用设备制造业,5.6336692500,2023-09-30 00:00:00,0.0528925620,0.4043910639,1.0250427478,2.2779493866,2.0304162907,0.6054597584,2.4902886495,2,1.8568340816,6.0000000000,1,1.0000000000,NEW_ENTRY,RANK_WITHIN_ENTRY_LIMIT,0.0500000000,6,1,0.0500000000
2023-08-31,2023-08-31,sh.600104,600104.SS,上汽集团,C36汽车制造业,13.5582381200,2023-09-30 00:00:00,0.0306406685,0.7223761071,1.2041436652,-0.2602858460,2.4578989114,0.0031569438,1.6203252138,17,1.8471133853,7.0000000000,1,1.0000000000,RETAINED,RANK_WITHIN_EXIT_BUFFER,0.0500000000,7,1,0.0500000000
2023-08-31,2023-08-31,sz.000157,000157.SZ,中联重科,C35专用设备制造业,5.6322608200,2023-09-30 00:00:00,0.0603715170,1.2013637594,1.3528191857,1.3648077362,2.0972204261,-0.9512659629,1.9884376331,4,1.7955681097,8.0000000000,1,1.0000000000,RETAINED,RANK_WITHIN_EXIT_BUFFER,0.0500000000,8,2,0.0500000000
2023-08-31,2023-08-31,sz.300919,300919.SZ,中伟股份,C39计算机、通信和其他电子设备制造业,37.1673153600,2023-09-30 00:00:00,-0.0770772595,1.4207531706,1.7127958002,-1.1407913225,1.1895654509,0.2209679421,1.3360918608,22,1.7880160467,9.0000000000,1,1.0000000000,NEW_ENTRY,RANK_WITHIN_ENTRY_LIMIT,0.0500000000,9,3,0.0500000000
2023-08-31,2023-08-31,sz.000069,000069.SZ,华侨城A,K70房地产业,4.3500000000,2023-09-30 00:00:00,-0.0275862069,1.2416322326,1.4362924001,0.2384047046,0.6526291347,0.9774014442,1.7848471983,11,1.7282637672,11.0000000000,1,1.0000000000,RETAINED,RANK_WITHIN_EXIT_BUFFER,0.0500000000,10,1,0.0500000000
2023-08-31,2023-08-31,sh.601766,601766.SS,中国中车,C37铁路、船舶、航空航天和其他运输设备制造业,5.4317795400,2023-09-30 00:00:00,-0.0168350168,0.7559699145,0.3217780579,1.3811602904,2.5281062393,0.0026582183,1.9588865685,6,1.7140434714,12.0000000000,1,1.0000000000,RETAINED,RANK_WITHIN_EXIT_BUFFER,0.0500000000,11,1,0.0500000000
2023-08-31,2023-08-31,sh.600741,600741.SS,华域汽车,C36汽车制造业,16.1393322800,2023-09-30 00:00:00,-0.0010643960,0.9205850060,0.4790124145,0.4460651463,1.9043001196,0.5986805381,1.7072259607,12,1.6825275378,14.0000000000,1,1.0000000000,RETAINED,RANK_WITHIN_EXIT_BUFFER,0.0500000000,12,2,0.0500000000
2023-08-31,2023-08-31,sh.601877,601877.SS,正泰电器,C38电气机械和器材制造业,22.9580257200,2023-09-30 00:00:00,-0.0601291364,1.1770383036,0.8375626545,0.2912343991,1.1075594380,0.8614989209,1.6782727749,13,1.6496981589,15.0000000000,1,1.0000000000,RETAINED,RANK_WITHIN_EXIT_BUFFER,0.0500000000,13,2,0.0500000000
2023-08-31,2023-08-31,sh.688303,688303.SS,大全能源,C38电气机械和器材制造业,40.9262054100,2023-09-30 00:00:00,-0.0274236228,0.9950465036,1.6547901804,0.3933695752,1.2734940442,-0.3255132347,1.5668928965,18,1.5613994853,19.0000000000,1,1.0000000000,RETAINED,RANK_WITHIN_EXIT_BUFFER,0.0500000000,14,3,0.0500000000
2023-08-31,2023-08-31,sh.601216,601216.SS,君正集团,C26化学原料和化学制品制造业,3.4633390000,2023-09-30 00:00:00,-0.0215311005,-0.0295003825,0.7229774065,1.2620829469,1.6747949665,1.3084981054,1.9389353634,8,1.5261246258,21.0000000000,1,1.0000000000,RETAINED,RANK_WITHIN_EXIT_BUFFER,0.0500000000,15,1,0.0500000000
2023-08-31,2023-08-31,sh.600362,600362.SS,江西铜业,C32有色金属冶炼和压延加工业,17.4031578000,2023-09-30 00:00:00,0.0190476190,1.0601661341,1.4488953500,1.8377044849,0.8994118402,-0.3282145194,1.9307342932,9,1.4739212475,22.0000000000,1,1.0000000000,RETAINED,RANK_WITHIN_EXIT_BUFFER,0.0500000000,16,1,0.0500000000
2023-08-31,2023-08-31,sz.002252,002252.SZ,上海莱士,C27医药制造业,6.9435904500,2023-09-30 00:00:00,-0.0210970464,0.6387277849,0.9053372411,1.6434534608,1.1265995665,-0.1539175979,1.6332455556,16,1.2203056795,33.0000000000,1,1.0000000000,RETAINED,RANK_WITHIN_EXIT_BUFFER,0.0500000000,17,1,0.0500000000
2023-08-31,2023-08-31,sz.002001,002001.SZ,新和成,C27医药制造业,14.8786176000,2023-09-30 00:00:00,-0.0024570025,0.9837256739,1.6428998051,-0.4803835430,1.0276783974,-0.8585722473,0.9089783081,47,1.1948976239,35.0000000000,1,1.0000000000,RETAINED,RANK_WITHIN_EXIT_BUFFER,0.0500000000,18,2,0.0500000000
2023-08-31,2023-08-31,sz.002736,002736.SZ,国信证券,J67资本市场服务,8.3653632000,2023-09-30 00:00:00,-0.0075431034,1.9239176713,-0.0113006822,-0.2021421190,0.7925542709,-0.1171943403,0.9366505597,43,1.1898505960,36.0000000000,1,1.0000000000,RETAINED,RANK_WITHIN_EXIT_BUFFER,0.0500000000,19,1,0.0500000000
2023-08-31,2023-08-31,sh.600219,600219.SS,南山铝业,C32有色金属冶炼和压延加工业,2.6318884800,2023-09-30 00:00:00,0.0064102564,1.0473608890,1.1340001852,0.4868698976,0.8746373694,-0.4809208379,1.2020844199,31,1.1765821790,37.0000000000,1,1.0000000000,RETAINED,RANK_WITHIN_EXIT_BUFFER,0.0500000000,20,2,0.0500000000
2023-09-30,2023-09-28,sh.688303,688303.SS,大全能源,C38电气机械和器材制造业,39.8038605900,2023-10-31 00:00:00,-0.1169923324,1.7189720291,1.8203202036,0.8827001589,1.2666911843,0.9820636635,2.3323762630,1,2.2146041701,1.0000000000,1,1.0000000000,RETAINED,RANK_WITHIN_EXIT_BUFFER,0.0500000000,1,1,0.0500000000
2023-09-30,2023-09-28,sh.601877,601877.SS,正泰电器,C38电气机械和器材制造业,21.5775794600,2023-10-31 00:00:00,-0.0085873766,1.5876864841,1.3324836361,0.6598462079,1.1823762692,1.4156173640,2.1600944046,3,2.0581993600,2.0000000000,1,1.0000000000,RETAINED,RANK_WITHIN_EXIT_BUFFER,0.0500000000,2,2,0.0500000000
2023-09-30,2023-09-28,sh.600104,600104.SS,上汽集团,C36汽车制造业,13.9736716000,2023-10-31 00:00:00,-0.0189189189,0.6349650928,1.4610813724,-0.4404696984,2.4465006877,0.9276742497,1.7586145994,12,1.9983440388,3.0000000000,1,1.0000000000,RETAINED,RANK_WITHIN_EXIT_BUFFER,0.0500000000,3,1,0.0500000000
2023-09-30,2023-09-28,sh.688396,688396.SS,华润微,C39计算机、通信和其他电子设备制造业,53.8080829200,2023-10-31 00:00:00,-0.0173784433,1.5386121532,2.3255451090,0.4985678151,0.0280574333,1.8219444479,2.1722329398,2,1.9968660427,4.0000000000,1,1.0000000000,NEW_ENTRY,RANK_WITHIN_ENTRY_LIMIT,0.0500000000,4,1,0.0500000000
2023-09-30,2023-09-28,sh.600089,600089.SS,特变电工,C38电气机械和器材制造业,14.0767177200,2023-10-31 00:00:00,-0.0560053981,1.2362359320,1.3002589679,0.4377783378,2.1794272300,0.1406259580,1.8511211474,7,1.9406647072,5.0000000000,1,1.0000000000,RETAINED,RANK_WITHIN_EXIT_BUFFER,0.0500000000,5,3,0.0500000000
2023-09-30,2023-09-28,sz.000157,000157.SZ,中联重科,C35专用设备制造业,5.9722889500,2023-10-31 00:00:00,-0.0627737226,0.5935002744,1.7420858626,1.2873068657,1.8844253502,0.6511824434,2.1532731728,4,1.9346230486,6.0000000000,1,1.0000000000,RETAINED,RANK_WITHIN_EXIT_BUFFER,0.0500000000,6,1,0.0500000000
2023-09-30,2023-09-28,sh.600332,600332.SS,白云山,C27医药制造业,28.7099307400,2023-10-31 00:00:00,-0.0512412476,0.9001722556,1.3918009483,1.0928889819,1.8794701580,0.2597505822,1.9314537681,6,1.8078284310,8.0000000000,1,1.0000000000,NEW_ENTRY,RANK_WITHIN_ENTRY_LIMIT,0.0500000000,7,1,0.0500000000
2023-09-30,2023-09-28,sz.002001,002001.SZ,新和成,C27医药制造业,14.8420608000,2023-10-31 00:00:00,-0.0036945813,0.8448732328,1.8111201623,-0.7845024624,1.0990410709,1.2153061743,1.4635466248,19,1.6893168382,10.0000000000,1,1.0000000000,RETAINED,RANK_WITHIN_EXIT_BUFFER,0.0500000000,8,2,0.0500000000
2023-09-30,2023-09-28,sz.300919,300919.SZ,中伟股份,C39计算机、通信和其他电子设备制造业,34.3025605500,2023-10-31 00:00:00,0.0740375123,1.4490154303,1.5080586299,-1.0985025306,1.2707925809,0.3256720160,1.2080272210,31,1.6218488618,11.0000000000,1,1.0000000000,RETAINED,RANK_WITHIN_EXIT_BUFFER,0.0500000000,9,2,0.0500000000
2023-09-30,2023-09-28,sh.603659,603659.SS,璞泰来,C39计算机、通信和其他电子设备制造业,28.5583065100,2023-10-31 00:00:00,-0.1464663708,1.4103522272,1.0948657950,-1.1071742485,0.3982331752,2.1216292625,1.3698662414,25,1.6032559372,14.0000000000,1,1.0000000000,RETAINED,RANK_WITHIN_EXIT_BUFFER,0.0500000000,10,3,0.0500000000
2023-09-30,2023-09-28,sh.600406,600406.SS,国电南瑞,I65软件和信息技术服务业,20.6161520600,2023-10-31 00:00:00,0.0162235241,0.6850579442,1.2627352109,-0.2216477840,1.7041093250,0.5082570201,1.3770708001,24,1.5444828852,16.0000000000,1,1.0000000000,RETAINED,RANK_WITHIN_EXIT_BUFFER,0.0500000000,11,1,0.0500000000
2023-09-30,2023-09-28,sh.601216,601216.SS,君正集团,C26化学原料和化学制品制造业,3.3887695000,2023-10-31 00:00:00,-0.0220048900,0.8189199248,0.8552457494,0.9995258250,1.7017560202,0.2655584524,1.6226925975,16,1.5086219813,17.0000000000,1,1.0000000000,RETAINED,RANK_WITHIN_EXIT_BUFFER,0.0500000000,12,1,0.0500000000
2023-09-30,2023-09-28,sh.601766,601766.SS,中国中车,C37铁路、船舶、航空航天和其他运输设备制造业,5.3403354400,2023-10-31 00:00:00,-0.0856164384,0.6085998111,0.4700013756,1.0489729976,2.5043013099,-0.4648182778,1.4569800038,20,1.4251565670,19.0000000000,1,1.0000000000,RETAINED,RANK_WITHIN_EXIT_BUFFER,0.0500000000,13,1,0.0500000000
2023-09-30,2023-09-28,sz.002252,002252.SZ,上海莱士,C27医药制造业,6.7971012000,2023-10-31 00:00:00,0.0028735632,0.7706447404,0.7222852376,1.5872018063,1.2460933476,0.6379728274,1.7356942288,14,1.4150402196,20.0000000000,1,1.0000000000,RETAINED,RANK_WITHIN_EXIT_BUFFER,0.0500000000,14,3,0.0500000000
2023-09-30,2023-09-28,sz.000069,000069.SZ,华侨城A,K70房地产业,4.2300000000,2023-10-31 00:00:00,-0.1442080378,1.7945498601,1.4670912510,0.5760214043,0.6254689145,-0.5167737218,1.3798140918,23,1.4058449570,21.0000000000,1,1.0000000000,RETAINED,RANK_WITHIN_EXIT_BUFFER,0.0500000000,15,1,0.0500000000
2023-09-30,2023-09-28,sh.600741,600741.SS,华域汽车,C36汽车制造业,16.1221536400,2023-10-31 00:00:00,-0.0655301012,0.7986532617,0.6336134035,0.6837273203,1.9478258176,-0.0868820820,1.3905061618,22,1.3970559938,22.0000000000,1,1.0000000000,RETAINED,RANK_WITHIN_EXIT_BUFFER,0.0500000000,16,2,0.0500000000
2023-09-30,2023-09-28,sh.600362,600362.SS,江西铜业,C32有色金属冶炼和压延加工业,17.7346465200,2023-10-31 00:00:00,-0.0472481828,0.6752031211,1.0762770597,1.8202848010,0.8258921171,0.7810454674,1.8106941404,9,1.3856990906,23.0000000000,1,1.0000000000,RETAINED,RANK_WITHIN_EXIT_BUFFER,0.0500000000,17,1,0.0500000000
2023-09-30,2023-09-28,sh.600219,600219.SS,南山铝业,C32有色金属冶炼和压延加工业,2.6487595600,2023-10-31 00:00:00,-0.0127388535,1.0450888415,1.3268145510,0.6999692639,0.8298190587,0.2488729677,1.4512135143,21,1.3652556382,24.0000000000,1,1.0000000000,RETAINED,RANK_WITHIN_EXIT_BUFFER,0.0500000000,18,2,0.0500000000
2023-09-30,2023-09-28,sz.000425,000425.SZ,徐工机械,C35专用设备制造业,5.9316484500,2023-10-31 00:00:00,-0.1004709576,-0.5955684453,0.3712089870,1.8293603097,1.8456985932,1.7250805718,1.8096722930,10,1.3179138539,25.0000000000,1,1.0000000000,RETAINED,RANK_WITHIN_EXIT_BUFFER,0.0500000000,19,2,0.0500000000
2023-09-30,2023-09-28,sh.600845,600845.SS,宝信软件,I65软件和信息技术服务业,35.5465396800,2023-10-31 00:00:00,-0.0555555556,1.1827491277,1.5673874551,1.3082927045,-0.1439586592,0.3330250267,1.4851046947,18,1.1807856100,34.0000000000,1,1.0000000000,RETAINED,RANK_WITHIN_EXIT_BUFFER,0.0500000000,20,2,0.0500000000
2023-10-31,2023-10-31,sh.600884,600884.SS,杉杉股份,C39计算机、通信和其他电子设备制造业,13.7299540000,2023-11-30 00:00:00,-0.0457142857,1.5815639271,1.7342937968,-1.2837770245,1.7297490703,1.5209664849,1.9806774626,8,2.4722154917,1.0000000000,1,1.0000000000,NEW_ENTRY,RANK_WITHIN_ENTRY_LIMIT,0.0500000000,1,1,0.0500000000
2023-10-31,2023-10-31,sh.600741,600741.SS,华域汽车,C36汽车制造业,15.0656672800,2023-11-30 00:00:00,-0.0079817560,1.3886628710,0.7317149407,0.9434112833,1.9761937466,1.6210794638,2.4974304042,2,2.3975504935,2.0000000000,1,1.0000000000,RETAINED,RANK_WITHIN_EXIT_BUFFER,0.0500000000,2,1,0.0500000000
2023-10-31,2023-10-31,sh.600104,600104.SS,上汽集团,C36汽车制造业,13.7093048400,2023-11-30 00:00:00,0.0247933884,1.4432045738,1.2930346929,-0.3647553884,2.3071066850,0.7935369923,2.0516633994,7,2.3970689312,3.0000000000,1,1.0000000000,RETAINED,RANK_WITHIN_EXIT_BUFFER,0.0500000000,3,2,0.0500000000
2023-10-31,2023-10-31,sh.600362,600362.SS,江西铜业,C32有色金属冶炼和压延加工业,16.8967167000,2023-11-30 00:00:00,-0.0348773842,1.8120509446,1.7841865731,1.9398592731,1.0622809654,-0.0021734184,2.4731132228,3,2.2037334138,4.0000000000,1,1.0000000000,RETAINED,RANK_WITHIN_EXIT_BUFFER,0.0500000000,4,1,0.0500000000
2023-10-31,2023-10-31,sz.000157,000157.SZ,中联重科,C35专用设备制造业,5.5973861400,2023-11-30 00:00:00,0.0046728972,1.0932989323,1.6909241492,1.3752133697,2.0181314073,-0.2678088759,2.2157444395,4,2.1588196395,5.0000000000,1,1.0000000000,RETAINED,RANK_WITHIN_EXIT_BUFFER,0.0500000000,5,1,0.0500000000
2023-10-31,2023-10-31,sh.600089,600089.SS,特变电工,C38电气机械和器材制造业,13.2883455400,2023-11-30 00:00:00,-0.0042887777,1.3407718521,1.3648365291,0.5351144433,2.0526943933,-0.1973642240,1.9106618591,11,2.0733358244,6.0000000000,1,1.0000000000,RETAINED,RANK_WITHIN_EXIT_BUFFER,0.0500000000,6,1,0.0500000000
2023-10-31,2023-10-31,sh.601216,601216.SS,君正集团,C26化学原料和化学制品制造业,3.3142000000,2023-11-30 00:00:00,-0.0300000000,1.0982389289,1.4665400962,1.0464346039,1.6825221995,0.3441440937,2.1138088922,6,2.0597854155,7.0000000000,1,1.0000000000,RETAINED,RANK_WITHIN_EXIT_BUFFER,0.0500000000,7,1,0.0500000000
2023-10-31,2023-10-31,sh.600332,600332.SS,白云山,C27医药制造业,27.2387980700,2023-11-30 00:00:00,0.0114055686,1.0377371757,1.1031862203,1.1223029413,2.0534545935,-0.0968489955,1.9570702663,10,1.9393322398,8.0000000000,1,1.0000000000,RETAINED,RANK_WITHIN_EXIT_BUFFER,0.0500000000,8,1,0.0500000000
2023-10-31,2023-10-31,sh.600219,600219.SS,南山铝业,C32有色金属冶炼和压延加工业,2.6150174000,2023-11-30 00:00:00,-0.0709677419,2.0404263969,1.7620426353,0.8202475878,0.8489743191,-0.6435900496,1.8101986444,14,1.8701989490,9.0000000000,1,1.0000000000,RETAINED,RANK_WITHIN_EXIT_BUFFER,0.0500000000,9,2,0.0500000000
2023-10-31,2023-10-31,sz.000651,000651.SZ,格力电器,C38电气机械和器材制造业,27.8892385200,2023-11-30 00:00:00,-0.0288829944,0.8309540152,1.6783434031,1.5427537950,1.2405710376,-0.0488760754,1.9660364264,9,1.7652216267,10.0000000000,1,1.0000000000,NEW_ENTRY,RANK_WITHIN_ENTRY_LIMIT,0.0500000000,10,2,0.0500000000
2023-10-31,2023-10-31,sz.000425,000425.SZ,徐工机械,C35专用设备制造业,5.3356900500,2023-11-30 00:00:00,-0.0349040140,0.5401788009,0.6199606526,2.1946355409,2.0206052591,0.2976547694,2.1269895852,5,1.7633709779,11.0000000000,1,1.0000000000,RETAINED,RANK_WITHIN_EXIT_BUFFER,0.0500000000,11,2,0.0500000000
2023-10-31,2023-10-31,sz.002001,002001.SZ,新和成,C27医药制造业,14.7872256000,2023-11-30 00:00:00,0.0519159456,1.2406325743,1.4484760746,-0.4879912598,1.0580577129,0.7146302161,1.4898978221,20,1.7533709393,12.0000000000,1,1.0000000000,RETAINED,RANK_WITHIN_EXIT_BUFFER,0.0500000000,12,2,0.0500000000
2023-10-31,2023-10-31,sh.688396,688396.SS,华润微,C39计算机、通信和其他电子设备制造业,52.8729822000,2023-11-30 00:00:00,-0.1164628410,1.7359906716,1.6352996971,0.3505229328,-0.2389168832,1.4330319613,1.8431277831,13,1.7487960690,13.0000000000,1,1.0000000000,RETAINED,RANK_WITHIN_EXIT_BUFFER,0.0500000000,13,2,0.0500000000
2023-10-31,2023-10-31,sz.002252,002252.SZ,上海莱士,C27医药制造业,6.8166331000,2023-11-30 00:00:00,0.1389684814,1.0392415575,1.3003204584,1.5231245040,1.1862173423,-0.0220087843,1.8847324992,12,1.6843558659,14.0000000000,1,1.0000000000,RETAINED,RANK_WITHIN_EXIT_BUFFER,0.0500000000,14,3,0.0500000000
2023-10-31,2023-10-31,sh.601766,601766.SS,中国中车,C37铁路、船舶、航空航天和其他运输设备制造业,4.8831149400,2023-11-30 00:00:00,-0.0262172285,0.1840265845,0.2173193814,1.0970749265,2.4345649626,0.7512554777,1.7562614173,15,1.6504390193,17.0000000000,1,1.0000000000,RETAINED,RANK_WITHIN_EXIT_BUFFER,0.0500000000,15,1,0.0500000000
2023-10-31,2023-10-31,sh.601877,601877.SS,正泰电器,C38电气机械和器材制造业,21.3922846600,2023-11-30 00:00:00,-0.0502381984,1.6869317575,1.7071780560,0.5452752116,0.9382372325,-0.9307436420,1.4798022004,22,1.6209843133,18.0000000000,1,1.0000000000,RETAINED,RANK_WITHIN_EXIT_BUFFER,0.0500000000,16,3,0.0500000000
2023-10-31,2023-10-31,sh.603259,603259.SS,药明康德,M73研究和试验发展,80.7797506200,2023-11-30 00:00:00,-0.0451970870,1.4620391543,1.1988169000,0.2454916290,-0.0985308959,1.5254211566,1.6246598055,18,1.5389604296,19.0000000000,1,1.0000000000,NEW_ENTRY,RANK_WITHIN_ENTRY_LIMIT,0.0500000000,17,1,0.0500000000
2023-10-31,2023-10-31,sh.603659,603659.SS,璞泰来,C39计算机、通信和其他电子设备制造业,24.3754750000,2023-11-30 00:00:00,-0.0820000000,1.1380708214,0.5915846479,-1.2013008942,0.4917997901,1.3172175473,0.8763502596,49,1.2018765917,30.0000000000,1,1.0000000000,RETAINED,RANK_WITHIN_EXIT_BUFFER,0.0500000000,18,3,0.0500000000
2023-10-31,2023-10-31,sh.600406,600406.SS,国电南瑞,I65软件和信息技术服务业,20.9506187000,2023-11-30 00:00:00,-0.0239467849,0.9433368086,1.2233063475,-0.4901112032,1.3934823077,-0.9523493090,0.7939755843,56,1.1949942660,31.0000000000,1,1.0000000000,RETAINED,RANK_WITHIN_EXIT_BUFFER,0.0500000000,19,1,0.0500000000
2023-10-31,2023-10-31,sh.600845,600845.SS,宝信软件,I65软件和信息技术服务业,33.5717319200,2023-11-30 00:00:00,-0.0157018983,1.2723501557,1.5285927287,1.4263334038,-0.2071660339,-0.3865218843,1.3623403678,27,1.1062677521,38.0000000000,1,1.0000000000,RETAINED,RANK_WITHIN_EXIT_BUFFER,0.0500000000,20,2,0.0500000000
2023-11-30,2023-11-30,sh.600741,600741.SS,华域汽车,C36汽车制造业,14.9454168000,2023-12-31 00:00:00,-0.0643678161,1.6402503740,1.4863248075,-0.1023950439,2.0350933381,0.2883826146,2.0544557996,4,2.2900583919,1.0000000000,1,1.0000000000,RETAINED,RANK_WITHIN_EXIT_BUFFER,0.0500000000,1,1,0.0500000000
2023-11-30,2023-11-30,sh.600332,600332.SS,白云山,C27医药制造业,27.5494720500,2023-12-31 00:00:00,-0.0514096186,1.0181335739,1.1112859438,0.7391725563,2.0750995379,0.8110042485,2.2108318271,2,2.1566348745,2.0000000000,1,1.0000000000,RETAINED,RANK_WITHIN_EXIT_BUFFER,0.0500000000,2,1,0.0500000000
2023-11-30,2023-11-30,sh.600884,600884.SS,杉杉股份,C39计算机、通信和其他电子设备制造业,13.1022989600,2023-12-31 00:00:00,0.0194610778,1.5005547305,1.8283235426,-0.5638284888,1.7688045676,-0.0927260319,1.7061870994,10,2.0792204285,3.0000000000,1,1.0000000000,RETAINED,RANK_WITHIN_EXIT_BUFFER,0.0500000000,3,1,0.0500000000
2023-11-30,2023-11-30,sz.000157,000157.SZ,中联重科,C35专用设备制造业,5.6235421500,2023-12-31 00:00:00,0.0124031008,1.0953263279,1.7201010793,1.5134830751,1.8907696553,-0.8263918840,2.0719867067,3,1.9987117698,4.0000000000,1,1.0000000000,RETAINED,RANK_WITHIN_EXIT_BUFFER,0.0500000000,4,1,0.0500000000
2023-11-30,2023-11-30,sh.601877,601877.SS,正泰电器,C38电气机械和器材制造业,20.3175748200,2023-12-31 00:00:00,-0.0191518468,1.8575587527,1.8789084588,0.7996640796,0.8913945106,-0.4259126665,1.9215134517,8,1.9412263114,5.0000000000,1,1.0000000000,RETAINED,RANK_WITHIN_EXIT_BUFFER,0.0500000000,5,1,0.0500000000
2023-11-30,2023-11-30,sh.601216,601216.SS,君正集团,C26化学原料和化学制品制造业,3.2147740000,2023-12-31 00:00:00,-0.0360824742,0.9103766915,1.4827815413,0.9237558932,1.6226683529,0.1102155654,1.9400250696,7,1.8845989935,6.0000000000,1,1.0000000000,RETAINED,RANK_WITHIN_EXIT_BUFFER,0.0500000000,6,1,0.0500000000
2023-11-30,2023-11-30,sh.601766,601766.SS,中国中车,C37铁路、船舶、航空航天和其他运输设备制造业,4.7550932000,2023-12-31 00:00:00,0.0115384615,0.4998498117,0.5564842469,0.6243789774,2.4961655450,0.6512344216,1.8548583887,9,1.8450331205,7.0000000000,1,1.0000000000,RETAINED,RANK_WITHIN_EXIT_BUFFER,0.0500000000,7,1,0.0500000000
2023-11-30,2023-11-30,sz.300919,300919.SZ,中伟股份,C39计算机、通信和其他电子设备制造业,33.3002349900,2023-12-31 00:00:00,-0.0008135042,1.2888329430,1.1786702823,-0.3335223282,1.3282802711,0.5305246134,1.5339434262,19,1.7309391337,8.0000000000,1,1.0000000000,NEW_ENTRY,RANK_WITHIN_ENTRY_LIMIT,0.0500000000,8,2,0.0500000000
2023-11-30,2023-11-30,sz.000425,000425.SZ,徐工机械,C35专用设备制造业,5.1494530500,2023-12-31 00:00:00,-0.0126582278,0.6513483946,0.5994546445,1.4253286079,1.9831190980,0.3999763588,1.9436475138,6,1.7304663740,9.0000000000,1,1.0000000000,RETAINED,RANK_WITHIN_EXIT_BUFFER,0.0500000000,9,2,0.0500000000
2023-11-30,2023-11-30,sh.600219,600219.SS,南山铝业,C32有色金属冶炼和压延加工业,2.4294355200,2023-12-31 00:00:00,0.0208333333,2.0243282248,1.3784037897,0.7968836785,0.7898549932,-0.6166043119,1.6799623109,12,1.7065995160,10.0000000000,1,1.0000000000,RETAINED,RANK_WITHIN_EXIT_BUFFER,0.0500000000,10,1,0.0500000000
2023-11-30,2023-11-30,sh.600406,600406.SS,国电南瑞,I65软件和信息技术服务业,20.4489187400,2023-12-31 00:00:00,0.0140845070,1.2717071224,1.6197545962,0.7259973159,1.5104747044,-1.0755642219,1.5568342308,18,1.6803114944,11.0000000000,1,1.0000000000,RETAINED,RANK_WITHIN_EXIT_BUFFER,0.0500000000,11,1,0.0500000000
2023-11-30,2023-11-30,sz.000338,000338.SZ,潍柴动力,C36汽车制造业,13.4181801000,2023-12-31 00:00:00,-0.0838926174,0.6998615119,1.9818773765,1.6953310202,0.6468891193,0.0545036955,1.9510374300,5,1.6439577237,12.0000000000,1,1.0000000000,NEW_ENTRY,RANK_WITHIN_ENTRY_LIMIT,0.0500000000,12,2,0.0500000000
2023-11-30,2023-11-30,sh.600196,600196.SS,复星医药,C27医药制造业,26.7921189000,2023-12-31 00:00:00,-0.1028673835,0.9020111622,0.7235091996,-0.5695978626,1.3156123465,1.5814126888,1.5186384185,21,1.6405487533,13.0000000000,1,1.0000000000,NEW_ENTRY,RANK_WITHIN_ENTRY_LIMIT,0.0500000000,13,2,0.0500000000
2023-11-30,2023-11-30,sz.000069,000069.SZ,华侨城A,K70房地产业,3.4500000000,2023-12-31 00:00:00,-0.0985507246,1.7651400987,1.1789613045,0.6706338248,0.5841801572,0.1670573027,1.6773139031,13,1.6257022111,14.0000000000,1,1.0000000000,NEW_ENTRY,RANK_WITHIN_ENTRY_LIMIT,0.0500000000,14,1,0.0500000000
2023-11-30,2023-11-30,sh.600089,600089.SS,特变电工,C38电气机械和器材制造业,13.2313547800,2023-12-31 00:00:00,-0.0093323762,0.8477760500,1.7092323060,0.8802913870,1.8904850891,-1.8185784989,1.3481624812,25,1.5251045871,15.0000000000,1,1.0000000000,RETAINED,RANK_WITHIN_EXIT_BUFFER,0.0500000000,15,2,0.0500000000
2023-11-30,2023-11-30,sh.600104,600104.SS,上汽集团,C36汽车制造业,14.0492049600,2023-12-31 00:00:00,-0.0907258065,0.6107330350,0.8404952638,-0.6886781100,2.3172537995,-0.2760106294,1.0771578107,45,1.4855877665,17.0000000000,1,1.0000000000,RETAINED,RANK_WITHIN_EXIT_BUFFER,0.0500000000,16,3,0.0500000000
2023-11-30,2023-11-30,sh.600362,600362.SS,江西铜业,C32有色金属冶炼和压延加工业,16.3074034200,2023-12-31 00:00:00,0.0084697911,1.5757603615,1.3235679210,1.5736193302,0.9162321864,-1.2792321290,1.5789545334,17,1.4739824857,18.0000000000,1,1.0000000000,RETAINED,RANK_WITHIN_EXIT_BUFFER,0.0500000000,17,2,0.0500000000
2023-11-30,2023-11-30,sz.000651,000651.SZ,格力电器,C38电气机械和器材制造业,27.0837138000,2023-12-31 00:00:00,-0.0236722307,0.7899976150,1.9292894344,1.7219440164,1.1553910481,-1.6130797352,1.5303923073,20,1.4275772330,23.0000000000,1,1.0000000000,RETAINED,RANK_WITHIN_EXIT_BUFFER,0.0500000000,18,3,0.0500000000
2023-11-30,2023-11-30,sz.002001,002001.SZ,新和成,C27医药制造业,15.5549184000,2023-12-31 00:00:00,-0.0035252644,1.0154915135,1.1929731670,-0.2096571695,1.0027993116,-0.0576377938,1.1310103235,39,1.3252125671,29.0000000000,1,1.0000000000,RETAINED,RANK_WITHIN_EXIT_BUFFER,0.0500000000,19,3,0.0500000000
2023-11-30,2023-11-30,sh.688396,688396.SS,华润微,C39计算机、通信和其他电子设备制造业,46.7152444800,2023-12-31 00:00:00,-0.0483390119,1.1383762461,0.0097547125,0.1699276130,0.0070443301,2.9040167053,1.6247378584,14,1.3233772409,30.0000000000,1,1.0000000000,RETAINED,RANK_WITHIN_EXIT_BUFFER,0.0500000000,20,3,0.0500000000
2023-12-31,2023-12-29,sz.000157,000157.SZ,中联重科,C35专用设备制造业,5.6932915100,2024-01-31 00:00:00,0.1026033691,2.0122005671,2.1084925469,1.4195118391,1.9668351761,1.6588707458,3.3319286322,1,3.2033091074,1.0000000000,1,1.0000000000,RETAINED,RANK_WITHIN_EXIT_BUFFER,0.0500000000,1,1,0.0500000000
2023-12-31,2023-12-29,sh.600089,600089.SS,特变电工,C38电气机械和器材制造业,13.1078748000,2024-01-31 00:00:00,0.0181159420,1.3996180409,1.7547376142,1.0413410793,1.9447799633,0.8185532398,2.5296985119,2,2.5331081487,2.0000000000,1,1.0000000000,RETAINED,RANK_WITHIN_EXIT_BUFFER,0.0500000000,2,1,0.0500000000
2023-12-31,2023-12-29,sh.600332,600332.SS,白云山,C27医药制造业,26.1331642000,2024-01-31 00:00:00,-0.0444055944,1.4732165794,1.7376905181,0.1813257822,1.9144199673,1.0839212305,2.3230573628,3,2.4861840461,3.0000000000,1,1.0000000000,RETAINED,RANK_WITHIN_EXIT_BUFFER,0.0500000000,3,1,0.0500000000
2023-12-31,2023-12-29,sh.601877,601877.SS,正泰电器,C38电气机械和器材制造业,19.9284557400,2024-01-31 00:00:00,-0.1334263133,1.9186811219,1.9451471212,0.5118771674,0.9835729392,0.2725172250,2.0472314407,6,2.1693410282,4.0000000000,1,1.0000000000,RETAINED,RANK_WITHIN_EXIT_BUFFER,0.0500000000,4,2,0.0500000000
2023-12-31,2023-12-29,sh.600219,600219.SS,南山铝业,C32有色金属冶炼和压延加工业,2.4800487600,2024-01-31 00:00:00,-0.0238095238,2.1130504974,1.5802773220,0.4641528666,0.8756745020,0.3526695103,1.9578178061,8,2.0638751892,5.0000000000,1,1.0000000000,RETAINED,RANK_WITHIN_EXIT_BUFFER,0.0500000000,5,1,0.0500000000
2023-12-31,2023-12-29,sh.600362,600362.SS,江西铜业,C32有色金属冶炼和压延加工业,16.4455237200,2024-01-31 00:00:00,0.0078387458,1.5971602422,1.4988372518,1.2829406453,1.0274432999,0.5014542411,2.1475756339,4,2.0439409648,6.0000000000,1,1.0000000000,RETAINED,RANK_WITHIN_EXIT_BUFFER,0.0500000000,6,2,0.0500000000
2023-12-31,2023-12-29,sz.002001,002001.SZ,新和成,C27医药制造业,15.5000832000,2024-01-31 00:00:00,-0.0542452830,0.9612532662,1.7913040613,-0.2140841055,0.7508078311,1.8076502444,1.8528012718,9,1.8915520525,8.0000000000,1,1.0000000000,RETAINED,RANK_WITHIN_EXIT_BUFFER,0.0500000000,7,2,0.0500000000
2023-12-31,2023-12-29,sh.601766,601766.SS,中国中车,C37铁路、船舶、航空航天和其他运输设备制造业,4.8099596600,2024-01-31 00:00:00,0.0817490494,0.6279657807,0.8983980881,0.2890271164,2.3705379110,0.5183703411,1.7100743763,12,1.8805990980,9.0000000000,1,1.0000000000,RETAINED,RANK_WITHIN_EXIT_BUFFER,0.0500000000,8,1,0.0500000000
2023-12-31,2023-12-29,sz.000425,000425.SZ,徐工机械,C35专用设备制造业,5.0842701000,2024-01-31 00:00:00,0.0311355311,1.4542584618,0.8095532941,1.0021394121,2.1188834194,-0.9423287803,1.6149090362,13,1.8008485865,10.0000000000,1,1.0000000000,RETAINED,RANK_WITHIN_EXIT_BUFFER,0.0500000000,9,2,0.0500000000
2023-12-31,2023-12-29,sh.600406,600406.SS,国电南瑞,I65软件和信息技术服务业,20.7369316800,2024-01-31 00:00:00,-0.0586917563,1.2328638036,1.8766290572,-0.4023921369,1.5932707703,-0.7267111488,1.2990723332,21,1.7583028485,11.0000000000,1,1.0000000000,RETAINED,RANK_WITHIN_EXIT_BUFFER,0.0500000000,10,1,0.0500000000
2023-12-31,2023-12-29,sh.600104,600104.SS,上汽集团,C36汽车制造业,12.7745795100,2024-01-31 00:00:00,0.0103473762,0.5773532774,0.9882091365,-0.5988692746,2.2219572947,-0.0721327157,1.1328950019,31,1.5529161108,13.0000000000,1,1.0000000000,RETAINED,RANK_WITHIN_EXIT_BUFFER,0.0500000000,11,1,0.0500000000
2023-12-31,2023-12-29,sz.002916,002916.SZ,深南电路,C39计算机、通信和其他电子设备制造业,52.9834574900,2024-01-31 00:00:00,-0.2555289477,1.7514828360,1.4641393654,0.0357468636,0.5033979428,-0.0872352582,1.3331958179,19,1.5263025979,15.0000000000,1,1.0000000000,NEW_ENTRY,RANK_WITHIN_ENTRY_LIMIT,0.0500000000,12,1,0.0500000000
2023-12-31,2023-12-29,sh.600741,600741.SS,华域汽车,C36汽车制造业,13.9834129600,2024-01-31 00:00:00,-0.0024570025,1.0008008265,0.7354630882,-0.0909592947,1.9592276067,-0.2698587751,1.2121974677,27,1.5252984774,16.0000000000,1,1.0000000000,RETAINED,RANK_WITHIN_EXIT_BUFFER,0.0500000000,13,2,0.0500000000
2023-12-31,2023-12-29,sh.600061,600061.SS,国投资本,J67资本市场服务,6.3488575800,2024-01-31 00:00:00,-0.0089020772,1.1778146848,0.8850964449,0.0345587245,1.0346653424,0.2230002820,1.2196356825,26,1.3771177264,18.0000000000,1,1.0000000000,NEW_ENTRY,RANK_WITHIN_ENTRY_LIMIT,0.0500000000,14,1,0.0500000000
2023-12-31,2023-12-29,sz.300433,300433.SZ,蓝思科技,C39计算机、通信和其他电子设备制造业,12.5791644000,2024-01-31 00:00:00,-0.2083333333,1.2647426301,0.4057730865,0.7266566330,1.6375707487,-0.6397573637,1.2341217724,25,1.3750795430,19.0000000000,1,1.0000000000,NEW_ENTRY,RANK_WITHIN_ENTRY_LIMIT,0.0500000000,15,2,0.0500000000
2023-12-31,2023-12-29,sh.600031,600031.SS,三一重工,C35专用设备制造业,13.0045394700,2024-01-31 00:00:00,-0.0508351489,1.1005792570,1.0800724001,-0.4232035816,1.1065734887,-0.0469358134,1.0240475606,36,1.3246313421,20.0000000000,1,1.0000000000,NEW_ENTRY,RANK_WITHIN_ENTRY_LIMIT,0.0500000000,16,3,0.0500000000
2023-12-31,2023-12-29,sh.600019,600019.SS,宝钢股份,C31黑色金属冶炼和压延加工业,5.2974528300,2024-01-31 00:00:00,0.0370994941,0.0169568088,0.1977242103,0.7130874389,1.5266315648,1.5324869479,1.4492856228,16,1.2745978627,21.0000000000,1,1.0000000000,NEW_ENTRY,RANK_WITHIN_ENTRY_LIMIT,0.0500000000,17,1,0.0500000000
2023-12-31,2023-12-29,sh.601211,601211.SS,国泰君安,J67资本市场服务,13.7692526400,2024-01-31 00:00:00,-0.0181451613,0.7892996198,1.1540360543,-0.0186218722,1.1640913903,-0.1954050423,1.0517888440,34,1.2744413339,22.0000000000,1,1.0000000000,NEW_ENTRY,RANK_WITHIN_ENTRY_LIMIT,0.0500000000,18,2,0.0500000000
2023-12-31,2023-12-29,sz.000651,000651.SZ,格力电器,C38电气机械和器材制造业,26.4425818800,2024-01-31 00:00:00,0.0957413740,-0.3369557373,0.3063293678,1.1529501989,1.2288236159,1.8367343414,1.5223498705,15,1.1773604996,24.0000000000,1,1.0000000000,RETAINED,RANK_WITHIN_EXIT_BUFFER,0.0500000000,19,3,0.0500000000
2023-12-31,2023-12-29,sh.600196,600196.SS,复星医药,C27医药制造业,24.0360837300,2024-01-31 00:00:00,-0.1282461047,0.5958824428,0.8352596828,-0.9836088129,1.2677298693,0.0206396286,0.6310234036,74,1.0293567590,35.0000000000,1,1.0000000000,RETAINED,RANK_WITHIN_EXIT_BUFFER,0.0500000000,20,3,0.0500000000
2024-01-31,2024-01-31,sh.600089,600089.SS,特变电工,C38电气机械和器材制造业,13.3453363000,2024-02-29 00:00:00,0.0597864769,1.3631176530,2.6782024788,1.2109985234,1.7484567794,-1.3847452457,2.8380866309,1,2.8066406927,1.0000000000,1,1.0000000000,RETAINED,RANK_WITHIN_EXIT_BUFFER,0.0500000000,1,1,0.0500000000
2024-01-31,2024-01-31,sh.601877,601877.SS,正泰电器,C38电气机械和器材制造业,17.2694753600,2024-02-29 00:00:00,0.1040772532,1.7357512963,1.7838707574,0.1350560624,1.1094981473,-0.3188953168,2.2464431281,2,2.2850392165,2.0000000000,1,1.0000000000,RETAINED,RANK_WITHIN_EXIT_BUFFER,0.0500000000,2,2,0.0500000000
2024-01-31,2024-01-31,sh.600332,600332.SS,白云山,C27医药制造业,24.9727055100,2024-02-29 00:00:00,0.0823271131,0.9930687911,1.9668646335,0.6051630071,1.6792187798,-1.7308219926,1.7755599234,10,2.0148162162,3.0000000000,1,1.0000000000,RETAINED,RANK_WITHIN_EXIT_BUFFER,0.0500000000,3,1,0.0500000000
2024-01-31,2024-01-31,sz.002938,002938.SZ,鹏鼎控股,C39计算机、通信和其他电子设备制造业,16.5279166300,2024-02-29 00:00:00,0.2038834951,1.2145508759,0.9624436845,-0.7827828789,1.8059295149,-0.0788497077,1.5773589791,12,1.9053705968,4.0000000000,1,1.0000000000,NEW_ENTRY,RANK_WITHIN_ENTRY_LIMIT,0.0500000000,4,1,0.0500000000
2024-01-31,2024-01-31,sz.000425,000425.SZ,徐工机械,C35专用设备制造业,5.2425715500,2024-02-29 00:00:00,0.0532859680,1.0975234282,1.6102899968,0.9946571767,1.8879946088,-2.4813863722,1.5711872601,13,1.8599902303,5.0000000000,1,1.0000000000,RETAINED,RANK_WITHIN_EXIT_BUFFER,0.0500000000,5,1,0.0500000000
2024-01-31,2024-01-31,sh.600219,600219.SS,南山铝业,C32有色金属冶炼和压延加工业,2.4209999800,2024-02-29 00:00:00,0.0801393728,1.7330836448,1.6096466250,0.6501952359,0.6935215548,-1.1378088328,1.7933206149,8,1.8237305387,6.0000000000,1,1.0000000000,RETAINED,RANK_WITHIN_EXIT_BUFFER,0.0500000000,6,1,0.0500000000
2024-01-31,2024-01-31,sh.600741,600741.SS,华域汽车,C36汽车制造业,13.9490556800,2024-02-29 00:00:00,0.0757389163,0.9474422613,1.1852777808,0.0184728824,1.7686334018,-0.8598694769,1.5463632376,16,1.7934778799,7.0000000000,1,1.0000000000,RETAINED,RANK_WITHIN_EXIT_BUFFER,0.0500000000,7,1,0.0500000000
2024-01-31,2024-01-31,sz.000157,000157.SZ,中联重科,C35专用设备制造业,6.2774424000,2024-02-29 00:00:00,0.1111111111,0.0851635956,1.9998943077,1.7433961013,1.5753135077,-1.6644124915,1.8897002216,7,1.7743639979,8.0000000000,1,1.0000000000,RETAINED,RANK_WITHIN_EXIT_BUFFER,0.0500000000,8,2,0.0500000000
2024-01-31,2024-01-31,sz.300433,300433.SZ,蓝思科技,C39计算机、通信和其他电子设备制造业,9.9585051500,2024-02-29 00:00:00,0.1578947368,0.8531778272,0.0652613038,0.8847486923,1.7482996674,0.4024120676,1.9981212883,4,1.7141682353,9.0000000000,1,1.0000000000,RETAINED,RANK_WITHIN_EXIT_BUFFER,0.0500000000,9,2,0.0500000000
2024-01-31,2024-01-31,sh.600104,600104.SS,上汽集团,C36汽车制造业,12.9067628900,2024-02-29 00:00:00,0.0943672275,0.4512115434,1.2678447617,-0.5002201709,2.0720461575,-0.9808122633,1.1674044910,30,1.6290411006,10.0000000000,1,1.0000000000,RETAINED,RANK_WITHIN_EXIT_BUFFER,0.0500000000,10,2,0.0500000000
2024-01-31,2024-01-31,sh.601360,601360.SS,三六零,I64互联网和相关服务,6.5522307300,2024-02-29 00:00:00,0.2840409956,1.4228563626,0.4088050852,0.8717071385,0.4055418949,0.6832071868,1.9163640676,6,1.4881673286,12.0000000000,1,1.0000000000,NEW_ENTRY,RANK_WITHIN_ENTRY_LIMIT,0.0500000000,11,1,0.0500000000
2024-01-31,2024-01-31,sh.601766,601766.SS,中国中车,C37铁路、船舶、航空航天和其他运输设备制造业,5.2031692900,2024-02-29 00:00:00,0.1212653779,0.1300722462,0.9370890185,0.2526704839,2.1064650502,-1.0253202571,1.2133445146,27,1.4607643756,13.0000000000,1,1.0000000000,RETAINED,RANK_WITHIN_EXIT_BUFFER,0.0500000000,12,1,0.0500000000
2024-01-31,2024-01-31,sh.600406,600406.SS,国电南瑞,I65软件和信息技术服务业,19.5198447400,2024-02-29 00:00:00,0.1032841504,0.9229629041,2.0314553768,-0.1075955271,1.1847264988,-2.2160722845,0.9174596180,49,1.4558699645,14.0000000000,1,1.0000000000,RETAINED,RANK_WITHIN_EXIT_BUFFER,0.0500000000,13,1,0.0500000000
2024-01-31,2024-01-31,sh.600362,600362.SS,江西铜业,C32有色金属冶炼和压延加工业,16.5744360000,2024-02-29 00:00:00,0.0883333333,1.2472440248,1.5116481930,1.0299357020,0.7803100777,-1.8692793200,1.3643859737,21,1.4481497515,15.0000000000,1,1.0000000000,RETAINED,RANK_WITHIN_EXIT_BUFFER,0.0500000000,14,2,0.0500000000
2024-01-31,2024-01-31,sh.601211,601211.SS,国泰君安,J67资本市场服务,13.5194073300,2024-02-29 00:00:00,0.0328542094,0.7584811656,0.8656998970,0.3624313757,1.1653750324,-0.3028172836,1.4398412304,19,1.4340145518,16.0000000000,1,1.0000000000,RETAINED,RANK_WITHIN_EXIT_BUFFER,0.0500000000,15,1,0.0500000000
2024-01-31,2024-01-31,sz.002916,002916.SZ,深南电路,C39计算机、通信和其他电子设备制造业,39.4446503500,2024-02-29 00:00:00,0.3282876064,1.2824570298,1.2612579302,0.0372719630,0.6732216677,-0.6861724081,1.2977688710,24,1.4338344568,17.0000000000,1,1.0000000000,RETAINED,RANK_WITHIN_EXIT_BUFFER,0.0500000000,16,3,0.0500000000
2024-01-31,2024-01-31,sh.600690,600690.SS,海尔智家,C38电气机械和器材制造业,19.8126186000,2024-02-29 00:00:00,0.0797848498,1.3891323717,2.4233982814,0.3780316816,0.0332872351,-1.9354619679,1.1564471772,31,1.4078747180,18.0000000000,1,1.0000000000,NEW_ENTRY,RANK_WITHIN_ENTRY_LIMIT,0.0500000000,17,3,0.0500000000
2024-01-31,2024-01-31,sh.600031,600031.SS,三一重工,C35专用设备制造业,12.3434517700,2024-02-29 00:00:00,0.0665646519,0.7511758261,1.5582125164,-0.3615237163,1.0384311814,-1.2501596260,0.8773643874,53,1.2878122328,24.0000000000,1,1.0000000000,RETAINED,RANK_WITHIN_EXIT_BUFFER,0.0500000000,18,3,0.0500000000
2024-01-31,2024-01-31,sh.600196,600196.SS,复星医药,C27医药制造业,20.9535496200,2024-02-29 00:00:00,0.1264894592,0.9421400875,1.0519365429,-0.8348311347,1.2231021987,-0.7633081120,0.8181890836,60,1.2813568214,25.0000000000,1,1.0000000000,RETAINED,RANK_WITHIN_EXIT_BUFFER,0.0500000000,19,2,0.0500000000
2024-01-31,2024-01-31,sz.002001,002001.SZ,新和成,C27医药制造业,14.6592768000,2024-02-29 00:00:00,0.1221945137,1.1083998085,1.3690981475,0.2007417489,0.4853735887,-1.2665171925,0.9587062214,43,1.1601606670,36.0000000000,1,1.0000000000,RETAINED,RANK_WITHIN_EXIT_BUFFER,0.0500000000,20,3,0.0500000000
2024-02-29,2024-02-29,sh.600406,600406.SS,国电南瑞,I65软件和信息技术服务业,21.5359353200,2024-03-31 00:00:00,0.0500431406,1.2283963802,2.5710866703,0.4684965572,1.5400832084,1.0729185383,2.3103420213,3,2.4165832636,1.0000000000,1,1.0000000000,RETAINED,RANK_WITHIN_EXIT_BUFFER,0.0500000000,1,1,0.0500000000
2024-02-29,2024-02-29,sh.600089,600089.SS,特变电工,C38电气机械和器材制造业,14.1432069400,2024-03-31 00:00:00,0.0288784419,0.8793171981,2.0976951794,1.2166230496,1.8657113955,1.0001893218,2.3702931552,2,2.3645509091,2.0000000000,1,1.0000000000,RETAINED,RANK_WITHIN_EXIT_BUFFER,0.0500000000,2,1,0.0500000000
2024-02-29,2024-02-29,sz.000157,000157.SZ,中联重科,C35专用设备制造业,6.9749360000,2024-03-31 00:00:00,0.0262500000,0.5676884500,1.5175791085,2.0371959355,1.5948320043,1.5838810618,2.4514257695,1,2.2004123092,3.0000000000,1,1.0000000000,RETAINED,RANK_WITHIN_EXIT_BUFFER,0.0500000000,3,1,0.0500000000
2024-02-29,2024-02-29,sh.600332,600332.SS,白云山,C27医药制造业,27.0286362600,2024-03-31 00:00:00,-0.0246788371,0.8052959332,2.1370162417,0.7117329295,1.7726415921,0.6781183057,2.0497348855,8,2.1474919524,4.0000000000,1,1.0000000000,RETAINED,RANK_WITHIN_EXIT_BUFFER,0.0500000000,4,1,0.0500000000
2024-02-29,2024-02-29,sh.600741,600741.SS,华域汽车,C36汽车制造业,15.0055420400,2024-03-31 00:00:00,-0.0435031483,0.9205778289,1.7515591953,0.4133568685,1.8854442707,1.0593230665,2.0247062449,9,2.1474377485,5.0000000000,1,1.0000000000,RETAINED,RANK_WITHIN_EXIT_BUFFER,0.0500000000,5,1,0.0500000000
2024-02-29,2024-02-29,sh.600219,600219.SS,南山铝业,C32有色金属冶炼和压延加工业,2.6150174000,2024-03-31 00:00:00,0.0967741935,1.7142420469,1.7335621737,0.7779482467,0.9827440567,0.9917962330,2.0817956281,5,2.0668579908,6.0000000000,1,1.0000000000,RETAINED,RANK_WITHIN_EXIT_BUFFER,0.0500000000,6,1,0.0500000000
2024-02-29,2024-02-29,sz.300919,300919.SZ,中伟股份,C39计算机、通信和其他电子设备制造业,32.1082802700,2024-03-31 00:00:00,0.1252900232,2.0315154375,1.2281030535,-0.5144592238,1.5814363826,0.9996378434,1.7883235575,11,2.0568690808,7.0000000000,1,1.0000000000,NEW_ENTRY,RANK_WITHIN_ENTRY_LIMIT,0.0500000000,7,1,0.0500000000
2024-02-29,2024-02-29,sz.000425,000425.SZ,徐工机械,C35专用设备制造业,5.5219270500,2024-03-31 00:00:00,0.0725126476,0.1154515772,1.2305255032,0.7036722333,2.0402946959,2.0756020079,2.0701291451,6,2.0411767611,8.0000000000,1,1.0000000000,RETAINED,RANK_WITHIN_EXIT_BUFFER,0.0500000000,8,2,0.0500000000
2024-02-29,2024-02-29,sh.600104,600104.SS,上汽集团,C36汽车制造业,14.1247383200,2024-03-31 00:00:00,0.0073529412,0.6081357953,1.6496440020,-0.2592456469,2.0888815600,1.0572909200,1.7273745275,12,1.9792393250,9.0000000000,1,1.0000000000,RETAINED,RANK_WITHIN_EXIT_BUFFER,0.0500000000,9,2,0.0500000000
2024-02-29,2024-02-29,sh.600362,600362.SS,江西铜业,C32有色金属冶炼和压延加工业,18.0385111800,2024-03-31 00:00:00,0.1883614089,1.1428009416,1.5615784185,1.1589500501,0.7923506100,1.4906573639,2.0636796998,7,1.9016148256,10.0000000000,1,1.0000000000,RETAINED,RANK_WITHIN_EXIT_BUFFER,0.0500000000,10,2,0.0500000000
2024-02-29,2024-02-29,sz.002938,002938.SZ,鹏鼎控股,C39计算机、通信和其他电子设备制造业,19.8976860400,2024-03-31 00:00:00,0.1005692600,1.8318186753,1.1897561604,-0.7834585979,1.8253692416,0.1551797042,1.4164490420,19,1.8210184156,12.0000000000,1,1.0000000000,RETAINED,RANK_WITHIN_EXIT_BUFFER,0.0500000000,11,2,0.0500000000
2024-02-29,2024-02-29,sz.300433,300433.SZ,蓝思科技,C39计算机、通信和其他电子设备制造业,11.5309007000,2024-03-31 00:00:00,0.1272727273,1.4674299441,0.3889098935,0.2083907794,1.8369226523,1.0399438758,1.6591789671,13,1.7871285861,13.0000000000,1,1.0000000000,RETAINED,RANK_WITHIN_EXIT_BUFFER,0.0500000000,12,3,0.0500000000
2024-02-29,2024-02-29,sh.600585,600585.SS,海螺水泥,C30非金属矿物制品业,21.2670032400,2024-03-31 00:00:00,-0.0693400167,0.5074404195,1.1638283280,-0.2141395223,1.6857013103,0.9709154702,1.3812216271,22,1.5712366606,14.0000000000,1,1.0000000000,NEW_ENTRY,RANK_WITHIN_ENTRY_LIMIT,0.0500000000,13,1,0.0500000000
2024-02-29,2024-02-29,sz.002202,002202.SZ,金风科技,C34通用设备制造业,7.3658309600,2024-03-31 00:00:00,-0.0143979058,1.3408193256,1.2665547017,0.0024312732,0.9260470627,0.7597384022,1.4422773934,18,1.5523339807,15.0000000000,1,1.0000000000,NEW_ENTRY,RANK_WITHIN_ENTRY_LIMIT,0.0500000000,14,1,0.0500000000
2024-02-29,2024-02-29,sh.600875,600875.SS,东方电气,C34通用设备制造业,15.2644581000,2024-03-31 00:00:00,-0.0366972477,1.4450802144,1.2223405792,0.3191547297,0.9110394953,-0.0084700614,1.3058101104,25,1.4224468696,18.0000000000,1,1.0000000000,NEW_ENTRY,RANK_WITHIN_ENTRY_LIMIT,0.0500000000,15,2,0.0500000000
2024-02-29,2024-02-29,sh.601211,601211.SS,国泰君安,J67资本市场服务,13.9635767700,2024-03-31 00:00:00,-0.0808482439,0.8014891562,0.9761946169,0.3318619539,1.2138810287,0.5218848438,1.2910927258,27,1.3722957861,21.0000000000,1,1.0000000000,RETAINED,RANK_WITHIN_EXIT_BUFFER,0.0500000000,16,1,0.0500000000
2024-02-29,2024-02-29,sh.600690,600690.SS,海尔智家,C38电气机械和器材制造业,21.3933654000,2024-03-31 00:00:00,0.0356994604,0.7339028273,1.9667891958,0.5628770294,0.0873200728,0.8492762638,1.4102375948,20,1.3291823911,22.0000000000,1,1.0000000000,RETAINED,RANK_WITHIN_EXIT_BUFFER,0.0500000000,17,2,0.0500000000
2024-02-29,2024-02-29,sh.601877,601877.SS,正泰电器,C38电气机械和器材制造业,19.0668349200,2024-03-31 00:00:00,-0.0189504373,1.4394922325,1.0186358412,0.0502642497,1.1299776277,-0.3081306044,1.1181532847,35,1.3238050862,23.0000000000,1,1.0000000000,RETAINED,RANK_WITHIN_EXIT_BUFFER,0.0500000000,18,3,0.0500000000
2024-02-29,2024-02-29,sh.601766,601766.SS,中国中车,C37铁路、船舶、航空航天和其他运输设备制造业,5.8341335800,2024-03-31 00:00:00,0.0689655172,-0.0142924882,1.2005444439,0.5313905234,2.0559782779,-0.4403888688,1.1191580534,34,1.3219079754,24.0000000000,1,1.0000000000,RETAINED,RANK_WITHIN_EXIT_BUFFER,0.0500000000,19,1,0.0500000000
2024-02-29,2024-02-29,sh.600031,600031.SS,三一重工,C35专用设备制造业,13.1650893400,2024-03-31 00:00:00,0.0459110473,0.2337132121,1.3718622046,-0.6033486456,1.1314652466,1.1523130378,1.1033012838,37,1.2854455877,27.0000000000,1,1.0000000000,RETAINED,RANK_WITHIN_EXIT_BUFFER,0.0500000000,20,3,0.0500000000
2024-03-31,2024-03-29,sz.002841,002841.SZ,视源股份,C39计算机、通信和其他电子设备制造业,32.3814412800,2024-04-30 00:00:00,-0.0298032407,2.5038463588,1.2961263618,-1.0605541977,1.3732469705,0.5428576146,2.1204784580,4,2.4398384987,1.0000000000,1,1.0000000000,NEW_ENTRY,RANK_WITHIN_ENTRY_LIMIT,0.0500000000,1,1,0.0500000000
2024-03-31,2024-03-29,sh.600741,600741.SS,华域汽车,C36汽车制造业,14.3527537200,2024-04-30 00:00:00,-0.0137642130,0.7225957848,1.9755408377,0.2114960576,2.0930485340,-0.4442308436,2.0762641679,6,2.3220252100,2.0000000000,1,1.0000000000,RETAINED,RANK_WITHIN_EXIT_BUFFER,0.0500000000,2,1,0.0500000000
2024-03-31,2024-03-29,sh.600406,600406.SS,国电南瑞,I65软件和信息技术服务业,22.6136611600,2024-04-30 00:00:00,-0.0328677075,1.2719125845,2.8497700089,0.6690351067,1.6535719031,-2.0425658382,2.0048789803,7,2.2940957334,3.0000000000,1,1.0000000000,RETAINED,RANK_WITHIN_EXIT_BUFFER,0.0500000000,3,1,0.0500000000
2024-03-31,2024-03-29,sh.600219,600219.SS,南山铝业,C32有色金属冶炼和压延加工业,2.8680836000,2024-04-30 00:00:00,0.0899945943,1.8858975601,1.8013986260,0.6953795649,1.0628858036,-0.4645718152,2.2687206565,1,2.2930494984,4.0000000000,1,1.0000000000,RETAINED,RANK_WITHIN_EXIT_BUFFER,0.0500000000,4,1,0.0500000000
2024-03-31,2024-03-29,sh.601877,601877.SS,正泰电器,C38电气机械和器材制造业,18.7055100600,2024-04-30 00:00:00,0.0227835562,1.5467332565,1.5889033958,0.3581667941,1.1292280342,0.2757418800,2.2312730795,2,2.2464378573,5.0000000000,1,1.0000000000,RETAINED,RANK_WITHIN_EXIT_BUFFER,0.0500000000,5,1,0.0500000000
2024-03-31,2024-03-29,sh.600585,600585.SS,海螺水泥,C30非金属矿物制品业,19.7923488800,2024-04-30 00:00:00,0.0314183124,1.0312648077,1.3305662271,-0.3266610343,1.6185263368,0.7307598958,1.9970140361,8,2.1624328018,6.0000000000,1,1.0000000000,RETAINED,RANK_WITHIN_EXIT_BUFFER,0.0500000000,6,1,0.0500000000
2024-03-31,2024-03-29,sh.688303,688303.SS,大全能源,C38电气机械和器材制造业,26.5818510000,2024-04-30 00:00:00,-0.0948148148,1.5299358355,1.6068840362,0.2510564993,1.0261831638,0.2334988178,2.1168507040,5,2.1485158421,7.0000000000,1,1.0000000000,NEW_ENTRY,RANK_WITHIN_ENTRY_LIMIT,0.0500000000,7,2,0.0500000000
2024-03-31,2024-03-29,sh.600104,600104.SS,上汽集团,C36汽车制造业,14.2285966900,2024-04-30 00:00:00,-0.0139349701,0.5847515015,1.8327406130,-0.4095632419,2.1117091213,-0.6249065951,1.5917658393,15,1.9970519519,8.0000000000,1,1.0000000000,RETAINED,RANK_WITHIN_EXIT_BUFFER,0.0500000000,8,2,0.0500000000
2024-03-31,2024-03-29,sh.688396,688396.SS,华润微,C39计算机、通信和其他电子设备制造业,38.7569404800,2024-04-30 00:00:00,-0.0633983573,2.1283424925,1.7880274819,-1.0957340134,0.3682395346,0.2875470970,1.5834266198,16,1.8245759138,9.0000000000,1,1.0000000000,NEW_ENTRY,RANK_WITHIN_ENTRY_LIMIT,0.0500000000,9,2,0.0500000000
2024-03-31,2024-03-29,sz.000157,000157.SZ,中联重科,C35专用设备制造业,7.1580280700,2024-04-30 00:00:00,0.0365408039,0.8655354959,0.9502600593,2.3169150235,1.7334120530,-1.9412212409,1.7876978925,9,1.7199427914,11.0000000000,1,1.0000000000,RETAINED,RANK_WITHIN_EXIT_BUFFER,0.0500000000,10,1,0.0500000000
2024-03-31,2024-03-29,sh.600845,600845.SS,宝信软件,I65软件和信息技术服务业,29.8581492000,2024-04-30 00:00:00,0.0811594203,1.1005665856,2.2906767066,1.2291797543,0.4817671043,-1.2403197171,1.7589888122,10,1.6942251056,12.0000000000,1,1.0000000000,NEW_ENTRY,RANK_WITHIN_ENTRY_LIMIT,0.0500000000,11,2,0.0500000000
2024-03-31,2024-03-29,sh.600089,600089.SS,特变电工,C38电气机械和器材制造业,14.5516407200,2024-04-30 00:00:00,-0.0763707572,-1.0105426378,1.7080378574,0.8249349271,1.8135869425,0.2182226850,1.6188704686,14,1.6188686176,14.0000000000,1,1.0000000000,RETAINED,RANK_WITHIN_EXIT_BUFFER,0.0500000000,12,3,0.0500000000
2024-03-31,2024-03-29,sz.002001,002001.SZ,新和成,C27医药制造业,15.2350464000,2024-04-30 00:00:00,0.1517696461,0.7333132061,1.9396818793,0.8498045084,0.6376223931,-0.5128434041,1.6613840441,12,1.6088332020,15.0000000000,1,1.0000000000,NEW_ENTRY,RANK_WITHIN_ENTRY_LIMIT,0.0500000000,13,1,0.0500000000
2024-03-31,2024-03-29,sh.601766,601766.SS,中国中车,C37铁路、船舶、航空航天和其他运输设备制造业,6.2364876200,2024-04-30 00:00:00,0.0249266862,0.4893592164,0.9139006848,0.3116319694,2.0380285676,-0.8475327883,1.3233339801,22,1.5926965586,16.0000000000,1,1.0000000000,RETAINED,RANK_WITHIN_EXIT_BUFFER,0.0500000000,14,1,0.0500000000
2024-03-31,2024-03-29,sh.600332,600332.SS,白云山,C27医药制造业,26.3616009500,2024-04-30 00:00:00,0.1119584055,0.1044444512,1.6065942348,0.3775350894,1.7690538392,-0.9809927223,1.3102377926,23,1.5490984435,17.0000000000,1,1.0000000000,RETAINED,RANK_WITHIN_EXIT_BUFFER,0.0500000000,15,2,0.0500000000
2024-03-31,2024-03-29,sh.600019,600019.SS,宝钢股份,C31黑色金属冶炼和压延加工业,5.9317178400,2024-04-30 00:00:00,0.0466867470,0.7467734477,0.4041754532,0.5718504004,1.6692855083,-0.2082769353,1.4501476752,18,1.5432201745,18.0000000000,1,1.0000000000,NEW_ENTRY,RANK_WITHIN_ENTRY_LIMIT,0.0500000000,16,1,0.0500000000
2024-03-31,2024-03-29,sh.601211,601211.SS,国泰君安,J67资本市场服务,12.8346461100,2024-04-30 00:00:00,-0.0079307859,0.5483572704,0.6994242129,0.0607730403,1.1048643233,0.7685954816,1.4493307583,19,1.4680710563,19.0000000000,1,1.0000000000,RETAINED,RANK_WITHIN_EXIT_BUFFER,0.0500000000,17,1,0.0500000000
2024-03-31,2024-03-29,sz.300433,300433.SZ,蓝思科技,C39计算机、通信和其他电子设备制造业,12.9984698800,2024-04-30 00:00:00,0.0491202346,1.1702182322,0.5240254770,0.3822245638,1.5922698840,-1.0791364865,1.1795010850,29,1.4111250328,20.0000000000,1,1.0000000000,RETAINED,RANK_WITHIN_EXIT_BUFFER,0.0500000000,18,3,0.0500000000
2024-03-31,2024-03-29,sz.002304,002304.SZ,洋河股份,C15酒、饮料和精制茶制造业,83.4556936500,2024-04-30 00:00:00,-0.0264208909,0.2521212413,0.2744718298,-0.7949116101,1.8085556713,0.9773734616,1.1467108864,33,1.4080523224,21.0000000000,1,1.0000000000,NEW_ENTRY,RANK_WITHIN_ENTRY_LIMIT,0.0500000000,19,1,0.0500000000
2024-03-31,2024-03-29,sh.600875,600875.SS,东方电气,C34通用设备制造业,14.7042945000,2024-04-30 00:00:00,0.0704761905,0.6186612186,1.4502173351,0.3687725774,0.9486880606,-0.9925757361,1.0903015028,38,1.2379829461,28.0000000000,1,1.0000000000,RETAINED,RANK_WITHIN_EXIT_BUFFER,0.0500000000,20,1,0.0500000000
2024-04-30,2024-04-30,sh.600406,600406.SS,国电南瑞,I65软件和信息技术服务业,21.8704019600,2024-05-31 00:00:00,-0.0437553101,0.3277045767,1.6765185642,1.6330155314,1.8007172907,2.9633488370,3.1857089839,1,2.8268192826,1.0000000000,1,1.0000000000,RETAINED,RANK_WITHIN_EXIT_BUFFER,0.0500000000,1,1,0.0500000000
2024-04-30,2024-04-30,sz.000157,000157.SZ,中联重科,C35专用设备制造业,7.4195881700,2024-05-31 00:00:00,-0.0564042303,0.7435502129,1.0554894762,2.8521573322,1.6953083416,1.2894182049,2.8954824148,2,2.5496280789,2.0000000000,1,1.0000000000,RETAINED,RANK_WITHIN_EXIT_BUFFER,0.0500000000,2,1,0.0500000000
2024-04-30,2024-04-30,sh.600104,600104.SS,上汽集团,C36汽车制造业,14.0303216200,2024-05-31 00:00:00,-0.0531628533,0.8867675801,1.9899109279,-0.4633880581,2.0865676942,0.5563301061,1.9172669860,5,2.1942673750,3.0000000000,1,1.0000000000,RETAINED,RANK_WITHIN_EXIT_BUFFER,0.0500000000,3,1,0.0500000000
2024-04-30,2024-04-30,sh.600741,600741.SS,华域汽车,C36汽车制造业,14.1551993600,2024-05-31 00:00:00,-0.0248786408,0.4497269230,0.9053610597,0.0462664753,2.0695952318,1.9596369911,2.0592359388,4,2.0533638001,4.0000000000,1,1.0000000000,RETAINED,RANK_WITHIN_EXIT_BUFFER,0.0500000000,4,2,0.0500000000
2024-04-30,2024-04-30,sh.600219,600219.SS,南山铝业,C32有色金属冶炼和压延加工业,3.1261956200,2024-05-31 00:00:00,0.0754189944,1.9947674808,1.9327481953,1.1545298171,1.3456912301,-1.8168426161,1.7484149344,10,2.0427112100,5.0000000000,1,1.0000000000,RETAINED,RANK_WITHIN_EXIT_BUFFER,0.0500000000,5,1,0.0500000000
2024-04-30,2024-04-30,sh.688303,688303.SS,大全能源,C38电气机械和器材制造业,24.0614977200,2024-05-31 00:00:00,0.0953355155,1.3566761615,1.3665752339,0.0208495663,1.0518801954,1.1199657912,1.8640885827,6,1.9078070445,6.0000000000,1,1.0000000000,RETAINED,RANK_WITHIN_EXIT_BUFFER,0.0500000000,6,1,0.0500000000
2024-04-30,2024-04-30,sh.600332,600332.SS,白云山,C27医药制造业,29.3130037600,2024-05-31 00:00:00,-0.0211970075,0.3164855710,1.8312031729,0.4382276567,1.8708434330,0.1096989401,1.7315654039,11,1.8903509161,7.0000000000,1,1.0000000000,RETAINED,RANK_WITHIN_EXIT_BUFFER,0.0500000000,7,1,0.0500000000
2024-04-30,2024-04-30,sz.300433,300433.SZ,蓝思科技,C39计算机、通信和其他电子设备制造业,13.6369577700,2024-05-31 00:00:00,0.0691823899,1.2575781205,0.9373614472,1.0556504469,1.3592071511,0.2509136617,1.8431434782,7,1.8574163647,8.0000000000,1,1.0000000000,RETAINED,RANK_WITHIN_EXIT_BUFFER,0.0500000000,8,1,0.0500000000
2024-04-30,2024-04-30,sz.002841,002841.SZ,视源股份,C39计算机、通信和其他电子设备制造业,31.4163693900,2024-05-31 00:00:00,0.0045511812,2.0284337287,0.9451621525,-1.0517018448,1.2406367718,0.8094147486,1.5061306482,16,1.7676585362,9.0000000000,1,1.0000000000,RETAINED,RANK_WITHIN_EXIT_BUFFER,0.0500000000,9,2,0.0500000000
2024-04-30,2024-04-30,sz.002252,002252.SZ,上海莱士,C27医药制造业,7.0119521000,2024-05-31 00:00:00,-0.0111420613,0.9000219111,1.2809635242,1.4188937103,1.0042317981,0.1613655695,1.8070313721,9,1.7442272372,10.0000000000,1,1.0000000000,NEW_ENTRY,RANK_WITHIN_ENTRY_LIMIT,0.0500000000,10,2,0.0500000000
2024-04-30,2024-04-30,sh.600089,600089.SS,特变电工,C38电气机械和器材制造业,13.4403209000,2024-05-31 00:00:00,0.0544169611,0.3199080396,1.2362276230,1.0597555978,1.7307522040,0.0371476806,1.6622992697,12,1.7129648778,12.0000000000,1,1.0000000000,RETAINED,RANK_WITHIN_EXIT_BUFFER,0.0500000000,11,2,0.0500000000
2024-04-30,2024-04-30,sh.600585,600585.SS,海螺水泥,C30非金属矿物制品业,20.4141910800,2024-05-31 00:00:00,0.0448215840,0.7247924945,1.4391032440,-0.6339942250,1.5877052104,0.7456545218,1.4649184085,17,1.6771109215,13.0000000000,1,1.0000000000,RETAINED,RANK_WITHIN_EXIT_BUFFER,0.0500000000,12,1,0.0500000000
2024-04-30,2024-04-30,sh.688396,688396.SS,华润微,C39计算机、通信和其他电子设备制造业,36.2998141200,2024-05-31 00:00:00,0.0460400110,1.7784776980,1.6220795950,-0.9597868489,0.1883815336,1.6068963027,1.6062763325,15,1.6709550055,14.0000000000,1,1.0000000000,RETAINED,RANK_WITHIN_EXIT_BUFFER,0.0500000000,13,3,0.0500000000
2024-04-30,2024-04-30,sh.600875,600875.SS,东方电气,C34通用设备制造业,15.7405971600,2024-05-31 00:00:00,0.0901542112,-0.0721620216,1.3362696561,0.7217958863,1.0310462352,1.8170505671,1.8330150641,8,1.6447443577,15.0000000000,1,1.0000000000,RETAINED,RANK_WITHIN_EXIT_BUFFER,0.0500000000,14,1,0.0500000000
2024-04-30,2024-04-30,sh.601211,601211.SS,国泰君安,J67资本市场服务,12.7328572800,2024-05-31 00:00:00,0.0130813953,1.1949261262,1.0586851963,-0.0856573640,1.1971523386,0.4418437464,1.4435656417,18,1.5829473923,17.0000000000,1,1.0000000000,RETAINED,RANK_WITHIN_EXIT_BUFFER,0.0500000000,15,1,0.0500000000
2024-04-30,2024-04-30,sh.600015,600015.SS,华夏银行,J66货币金融服务,5.6535440500,2024-05-31 00:00:00,0.0268256334,0.8298729885,1.0615804146,1.1925901407,0.8100958840,0.4718370405,1.6555440838,13,1.5617809877,18.0000000000,1,1.0000000000,NEW_ENTRY,RANK_WITHIN_ENTRY_LIMIT,0.0500000000,16,1,0.0500000000
2024-04-30,2024-04-30,sz.000069,000069.SZ,华侨城A,K70房地产业,2.6400000000,2024-05-31 00:00:00,-0.0189393939,1.2264864774,0.9435661314,-0.0209798650,0.9957547371,0.4179571498,1.3509800294,23,1.4631522662,20.0000000000,1,1.0000000000,NEW_ENTRY,RANK_WITHIN_ENTRY_LIMIT,0.0500000000,17,1,0.0500000000
2024-04-30,2024-04-30,sh.601877,601877.SS,正泰电器,C38电气机械和器材制造业,19.1316881000,2024-05-31 00:00:00,0.0348668281,1.1010201643,1.1589509941,0.2910826136,1.4475364922,-0.9948683853,1.1389878122,33,1.4181334313,21.0000000000,1,1.0000000000,RETAINED,RANK_WITHIN_EXIT_BUFFER,0.0500000000,18,3,0.0500000000
2024-04-30,2024-04-30,sz.000776,000776.SZ,广发证券,J67资本市场服务,12.1645606000,2024-05-31 00:00:00,-0.0257380772,0.9803049914,1.2683159782,-0.6036736814,0.9810525025,0.6846923726,1.2553885400,26,1.4175515555,22.0000000000,1,1.0000000000,NEW_ENTRY,RANK_WITHIN_ENTRY_LIMIT,0.0500000000,19,2,0.0500000000
2024-04-30,2024-04-30,sh.600019,600019.SS,宝钢股份,C31黑色金属冶炼和压延加工业,6.2086504500,2024-05-31 00:00:00,-0.0071942446,0.1725551726,0.4559707537,0.1442475789,1.7263866275,0.2350665286,1.0367973364,41,1.1681709406,30.0000000000,1,1.0000000000,RETAINED,RANK_WITHIN_EXIT_BUFFER,0.0500000000,20,1,0.0500000000
2024-05-31,2024-05-31,sh.601877,601877.SS,正泰电器,C38电气机械和器材制造业,19.7987493800,2024-06-30 00:00:00,-0.0825727014,1.7365509481,1.9857459771,0.1562464526,1.4473904054,1.0183531998,2.4431272098,2,2.5829652303,1.0000000000,1,1.0000000000,RETAINED,RANK_WITHIN_EXIT_BUFFER,0.0500000000,1,1,0.0500000000
2024-05-31,2024-05-31,sz.000651,000651.SZ,格力电器,C38电气机械和器材制造业,33.4539348000,2024-06-30 00:00:00,-0.0363636364,1.1376721875,1.6598139064,1.9776507950,1.3165682100,0.4161953510,2.5061332677,1,2.4134782019,2.0000000000,1,1.0000000000,NEW_ENTRY,RANK_WITHIN_ENTRY_LIMIT,0.0500000000,2,2,0.0500000000
2024-05-31,2024-05-31,sz.002236,002236.SZ,大华股份,C39计算机、通信和其他电子设备制造业,15.2499771600,2024-06-30 00:00:00,-0.0567419158,0.7905669697,0.9778882467,-0.0800417781,2.4448933142,1.3989728972,2.1304305717,6,2.2354095454,3.0000000000,1,1.0000000000,NEW_ENTRY,RANK_WITHIN_ENTRY_LIMIT,0.0500000000,3,1,0.0500000000
2024-05-31,2024-05-31,sh.600104,600104.SS,上汽集团,C36汽车制造业,13.2844296900,2024-06-30 00:00:00,-0.0149253731,0.6690137323,1.6122517164,-0.4069916301,2.1511165775,0.5596725742,1.7656660443,10,2.0435754806,6.0000000000,1,1.0000000000,RETAINED,RANK_WITHIN_EXIT_BUFFER,0.0500000000,4,1,0.0500000000
2024-05-31,2024-05-31,sh.600741,600741.SS,华域汽车,C36汽车制造业,13.8030372400,2024-06-30 00:00:00,0.0192906036,0.6703883959,1.7275904544,-0.2828880177,2.0518583079,0.3165295118,1.7265468475,13,2.0205396064,7.0000000000,1,1.0000000000,RETAINED,RANK_WITHIN_EXIT_BUFFER,0.0500000000,5,2,0.0500000000
2024-05-31,2024-05-31,sh.600089,600089.SS,特变电工,C38电气机械和器材制造业,14.1717023200,2024-06-30 00:00:00,-0.0703753351,1.1654346100,1.6379692210,0.1732039204,1.6944075059,-0.7280796427,1.5183886404,19,1.9015643775,8.0000000000,1,1.0000000000,RETAINED,RANK_WITHIN_EXIT_BUFFER,0.0500000000,6,3,0.0500000000
2024-05-31,2024-05-31,sz.000157,000157.SZ,中联重科,C35专用设备制造业,7.0010920100,2024-06-30 00:00:00,-0.0435865504,0.4793288283,0.4193445794,2.5793848638,1.7811331278,0.1539538538,2.0845529993,8,1.8935847636,9.0000000000,1,1.0000000000,RETAINED,RANK_WITHIN_EXIT_BUFFER,0.0500000000,7,1,0.0500000000
2024-05-31,2024-05-31,sh.600332,600332.SS,白云山,C27医药制造业,28.6916558000,2024-06-30 00:00:00,-0.0424067418,0.4389315535,1.4530509135,0.7207499501,1.8509970412,0.0806462635,1.7499977550,11,1.8907959187,10.0000000000,1,1.0000000000,RETAINED,RANK_WITHIN_EXIT_BUFFER,0.0500000000,8,1,0.0500000000
2024-05-31,2024-05-31,sh.688561,688561.SS,奇安信,I65软件和信息技术服务业,26.0600000000,2024-06-30 00:00:00,-0.0936300844,1.6852051952,1.0346883941,-0.0758710461,0.9648309104,0.8756195113,1.7269297482,12,1.8336969879,11.0000000000,1,1.0000000000,NEW_ENTRY,RANK_WITHIN_ENTRY_LIMIT,0.0500000000,9,1,0.0500000000
2024-05-31,2024-05-31,sh.600845,600845.SS,宝信软件,I65软件和信息技术服务业,31.1169908000,2024-06-30 00:00:00,-0.0075643696,1.4349781739,1.5153810514,1.2423316075,0.4503428159,-0.0267376270,1.7776936084,9,1.7935354205,14.0000000000,1,1.0000000000,NEW_ENTRY,RANK_WITHIN_ENTRY_LIMIT,0.0500000000,10,2,0.0500000000
2024-05-31,2024-05-31,sz.002841,002841.SZ,视源股份,C39计算机、通信和其他电子设备制造业,31.5593509800,2024-06-30 00:00:00,-0.1002437538,2.0439885685,1.4939418519,-1.2550196309,1.2446595535,-0.3638536830,1.2183185087,28,1.7567382348,15.0000000000,1,1.0000000000,RETAINED,RANK_WITHIN_EXIT_BUFFER,0.0500000000,11,2,0.0500000000
2024-05-31,2024-05-31,sz.000069,000069.SZ,华侨城A,K70房地产业,2.5900000000,2024-06-30 00:00:00,-0.2123552124,1.0221724450,1.1143817267,0.0075388886,1.0855280997,1.2298072473,1.7172853169,15,1.7323180649,16.0000000000,1,1.0000000000,RETAINED,RANK_WITHIN_EXIT_BUFFER,0.0500000000,12,1,0.0500000000
2024-05-31,2024-05-31,sh.600406,600406.SS,国电南瑞,I65软件和信息技术服务业,20.9134557400,2024-06-30 00:00:00,0.1342129189,0.2608158891,1.2284812456,1.0156563196,1.8354895854,-0.1717095489,1.6053413487,17,1.7207580934,17.0000000000,1,1.0000000000,RETAINED,RANK_WITHIN_EXIT_BUFFER,0.0500000000,13,3,0.0500000000
2024-05-31,2024-05-31,sz.300433,300433.SZ,蓝思科技,C39计算机、通信和其他电子设备制造业,14.5803951000,2024-06-30 00:00:00,0.2143155846,1.2715327407,1.0807597326,1.4837919278,1.1702427442,-1.0294990705,1.5314403186,18,1.7048821752,18.0000000000,1,1.0000000000,RETAINED,RANK_WITHIN_EXIT_BUFFER,0.0500000000,14,3,0.0500000000
2024-05-31,2024-05-31,sh.600219,600219.SS,南山铝业,C32有色金属冶炼和压延加工业,3.3619701500,2024-06-30 00:00:00,-0.0103896104,0.4825945069,1.5518295620,1.5667161151,1.2151394621,-1.0593630793,1.4467543971,20,1.5915981934,19.0000000000,1,1.0000000000,RETAINED,RANK_WITHIN_EXIT_BUFFER,0.0500000000,15,1,0.0500000000
2024-05-31,2024-05-31,sh.600515,600515.SS,海南机场,K70房地产业,3.4200000000,2024-06-30 00:00:00,-0.0818713450,2.9475982940,3.2761842217,1.0301602701,-2.1125398673,-1.6765581957,1.3342801867,24,1.5729570888,20.0000000000,1,1.0000000000,NEW_ENTRY,RANK_WITHIN_ENTRY_LIMIT,0.0500000000,16,2,0.0500000000
2024-05-31,2024-05-31,sh.600050,600050.SS,中国联通,I63电信、广播电视和卫星传输服务,4.2538154100,2024-06-30 00:00:00,0.0284463895,0.7161216177,0.6112503029,-0.5031061007,1.4423783581,1.0288706463,1.2690727830,26,1.3817380244,22.0000000000,1,1.0000000000,NEW_ENTRY,RANK_WITHIN_ENTRY_LIMIT,0.0500000000,17,1,0.0500000000
2024-05-31,2024-05-31,sh.600015,600015.SS,华夏银行,J66货币金融服务,5.8052039500,2024-06-30 00:00:00,-0.0143695813,0.6147151010,0.9879797540,0.8812894857,0.8277936399,0.1650543746,1.3388965149,23,1.3400162506,23.0000000000,1,1.0000000000,RETAINED,RANK_WITHIN_EXIT_BUFFER,0.0500000000,18,1,0.0500000000
2024-05-31,2024-05-31,sz.002252,002252.SZ,上海莱士,C27医药制造业,6.9338245000,2024-06-30 00:00:00,0.1060956071,0.6444814771,0.8303649792,1.3892713047,0.9459672022,-0.6939158252,1.2000083905,31,1.2666384754,25.0000000000,1,1.0000000000,RETAINED,RANK_WITHIN_EXIT_BUFFER,0.0500000000,19,2,0.0500000000
2024-05-31,2024-05-31,sz.000776,000776.SZ,广发证券,J67资本市场服务,11.8514682000,2024-06-30 00:00:00,-0.0543900544,0.8037067445,1.2814734667,-0.4443368714,0.9660342962,-0.0221153808,0.9953684337,41,1.2551725266,27.0000000000,1,1.0000000000,RETAINED,RANK_WITHIN_EXIT_BUFFER,0.0500000000,20,1,0.0500000000
2024-06-30,2024-06-28,sh.600332,600332.SS,白云山,C27医药制造业,27.4749361600,2024-07-31 00:00:00,-0.0017047392,0.9581452927,2.0590855012,0.4900789033,1.8832897559,-0.7817463342,2.0941799903,7,2.3350693160,1.0000000000,1,1.0000000000,RETAINED,RANK_WITHIN_EXIT_BUFFER,0.0500000000,1,1,0.0500000000
2024-06-30,2024-06-28,sz.000157,000157.SZ,中联重科,C35专用设备制造业,6.6959385600,2024-07-31 00:00:00,-0.0804902368,1.2937200948,0.6514097035,2.2089391377,1.8215940673,-0.5242327963,2.4770318696,1,2.3089018668,2.0000000000,1,1.0000000000,RETAINED,RANK_WITHIN_EXIT_BUFFER,0.0500000000,2,1,0.0500000000
2024-06-30,2024-06-28,sz.002236,002236.SZ,大华股份,C39计算机、通信和其他电子设备制造业,14.3846642400,2024-07-31 00:00:00,-0.0297542044,1.1713916358,1.1117697493,0.1347198274,2.4756316611,-0.0974788014,2.1792316499,3,2.3025154539,3.0000000000,1,1.0000000000,RETAINED,RANK_WITHIN_EXIT_BUFFER,0.0500000000,3,1,0.0500000000
2024-06-30,2024-06-28,sh.600845,600845.SS,宝信软件,I65软件和信息技术服务业,30.8816103800,2024-07-31 00:00:00,0.0065768869,1.6355899847,2.2347828344,1.1500911300,0.2836374639,-0.0805887038,2.3734702566,2,2.2591396146,4.0000000000,1,1.0000000000,RETAINED,RANK_WITHIN_EXIT_BUFFER,0.0500000000,4,1,0.0500000000
2024-06-30,2024-06-28,sh.601877,601877.SS,正泰电器,C38电气机械和器材制造业,18.1639131600,2024-07-31 00:00:00,0.0115424974,1.8001066312,1.9874878712,0.3036512144,1.2894029329,-1.4517872255,1.7852039904,12,2.2394051348,5.0000000000,1,1.0000000000,RETAINED,RANK_WITHIN_EXIT_BUFFER,0.0500000000,5,1,0.0500000000
2024-06-30,2024-06-28,sz.000651,000651.SZ,格力电器,C38电气机械和器材制造业,32.2374280800,2024-07-31 00:00:00,0.0203977562,1.1388697425,1.9195195006,1.4974723400,1.0928383985,-1.0013986803,2.1116501531,6,2.2021749460,6.0000000000,1,1.0000000000,RETAINED,RANK_WITHIN_EXIT_BUFFER,0.0500000000,6,2,0.0500000000
2024-06-30,2024-06-28,sh.600104,600104.SS,上汽集团,C36汽车制造业,13.0861546200,2024-07-31 00:00:00,0.0591630592,0.5396468809,1.6904026289,-0.2702095017,2.1371421609,-0.0145975317,1.8549621781,11,2.0181100192,7.0000000000,1,1.0000000000,RETAINED,RANK_WITHIN_EXIT_BUFFER,0.0500000000,7,1,0.0500000000
2024-06-30,2024-06-28,sz.300919,300919.SZ,中伟股份,C39计算机、通信和其他电子设备制造业,30.0202609200,2024-07-31 00:00:00,-0.0367860600,2.2773601260,-0.0160118754,0.0294475351,1.7326757592,0.3665503112,1.9947469991,10,1.9827255064,8.0000000000,1,1.0000000000,NEW_ENTRY,RANK_WITHIN_ENTRY_LIMIT,0.0500000000,8,2,0.0500000000
2024-06-30,2024-06-28,sh.600219,600219.SS,南山铝业,C32有色金属冶炼和压延加工业,3.3270405900,2024-07-31 00:00:00,-0.0498687664,1.0187094897,1.1746292898,2.0295701129,0.8669676899,-0.4063516201,2.1281095333,5,1.9330182182,10.0000000000,1,1.0000000000,RETAINED,RANK_WITHIN_EXIT_BUFFER,0.0500000000,9,1,0.0500000000
2024-06-30,2024-06-28,sh.600089,600089.SS,特变电工,C38电气机械和器材制造业,13.1743640200,2024-07-31 00:00:00,-0.0093400865,1.3179772137,1.4591166725,0.5297960046,1.4725817825,-1.3638228555,1.5520094096,18,1.9290891006,12.0000000000,1,1.0000000000,RETAINED,RANK_WITHIN_EXIT_BUFFER,0.0500000000,10,3,0.0500000000
2024-06-30,2024-06-28,sh.600406,600406.SS,国电南瑞,I65软件和信息技术服务业,23.7203116800,2024-07-31 00:00:00,-0.0376602564,0.6073290382,1.2181642420,1.7160603261,1.4010769162,-1.7075866361,1.4699457760,19,1.7055504431,14.0000000000,1,1.0000000000,RETAINED,RANK_WITHIN_EXIT_BUFFER,0.0500000000,11,2,0.0500000000
2024-06-30,2024-06-28,sh.600741,600741.SS,华域汽车,C36汽车制造业,14.0693061600,2024-07-31 00:00:00,-0.0010494661,1.0120102725,1.3294038494,-0.3694340357,1.8559194714,-1.3648436901,1.1191683006,35,1.6676590073,15.0000000000,1,1.0000000000,RETAINED,RANK_WITHIN_EXIT_BUFFER,0.0500000000,12,2,0.0500000000
2024-06-30,2024-06-28,sh.600362,600362.SS,江西铜业,C32有色金属冶炼和压延加工业,21.8045913600,2024-07-31 00:00:00,-0.0682045715,0.9936156049,0.3834278295,2.2951578350,0.5480306100,0.3709192101,2.0861365064,8,1.6016271883,16.0000000000,1,1.0000000000,NEW_ENTRY,RANK_WITHIN_ENTRY_LIMIT,0.0500000000,13,2,0.0500000000
2024-06-30,2024-06-28,sz.300413,300413.SZ,芒果超媒,I64互联网和相关服务,20.1390310000,2024-07-31 00:00:00,-0.0067786856,1.6654701556,1.0840246051,0.4598167021,0.5203241636,-0.5607097059,1.4399029612,20,1.5745148361,17.0000000000,1,1.0000000000,NEW_ENTRY,RANK_WITHIN_ENTRY_LIMIT,0.0500000000,14,1,0.0500000000
2024-06-30,2024-06-28,sh.600018,600018.SS,上港集团,G55水上运输业,5.3940983000,2024-07-31 00:00:00,0.0449826990,1.5717197600,2.4544923495,-2.0032809703,0.7371451549,-1.0756670621,0.7653652694,67,1.5261209705,18.0000000000,1,1.0000000000,NEW_ENTRY,RANK_WITHIN_ENTRY_LIMIT,0.0500000000,15,1,0.0500000000
2024-06-30,2024-06-28,sh.601360,601360.SS,三六零,I64互联网和相关服务,7.4606822400,2024-07-31 00:00:00,-0.0260416667,2.1050232135,0.3031767211,-0.3870826939,0.6143641141,0.8020449576,1.5619501498,16,1.4712222208,19.0000000000,1,1.0000000000,NEW_ENTRY,RANK_WITHIN_ENTRY_LIMIT,0.0500000000,16,2,0.0500000000
2024-06-30,2024-06-28,sz.002841,002841.SZ,视源股份,C39计算机、通信和其他电子设备制造业,28.3957231700,2024-07-31 00:00:00,0.0064341348,2.1643368266,0.8741451827,-1.3640048334,1.3597840031,-1.6372837851,0.6347614102,86,1.4368591553,20.0000000000,1,1.0000000000,RETAINED,RANK_WITHIN_EXIT_BUFFER,0.0500000000,17,3,0.0500000000
2024-06-30,2024-06-28,sh.600015,600015.SS,华夏银行,J66货币金融服务,5.7217856000,2024-07-31 00:00:00,-0.0187500000,0.7305270394,0.8624100640,0.8723810523,0.8657131680,-0.4635743092,1.3029209107,24,1.3267107800,24.0000000000,1,1.0000000000,RETAINED,RANK_WITHIN_EXIT_BUFFER,0.0500000000,18,1,0.0500000000
2024-06-30,2024-06-28,sh.600426,600426.SS,华鲁恒升,C26化学原料和化学制品制造业,19.5544792800,2024-07-31 00:00:00,-0.0671921922,0.5977874103,1.4039574779,-0.0171187254,0.6717723341,0.0678574648,1.2378529271,27,1.2787176441,25.0000000000,1,1.0000000000,NEW_ENTRY,RANK_WITHIN_ENTRY_LIMIT,0.0500000000,19,1,0.0500000000
2024-06-30,2024-06-28,sz.000776,000776.SZ,广发证券,J67资本市场服务,11.2068662000,2024-07-31 00:00:00,0.0580203197,0.8611750862,1.3103200861,-0.4868966793,0.9325216698,-0.6697697967,0.8848409931,48,1.2284567559,27.0000000000,1,1.0000000000,RETAINED,RANK_WITHIN_EXIT_BUFFER,0.0500000000,20,1,0.0500000000
2024-07-31,2024-07-31,sh.600406,600406.SS,国电南瑞,I65软件和信息技术服务业,22.8269986600,2024-08-31 00:00:00,0.0249791840,1.3779658825,2.8851240860,1.1288510181,1.4294255307,0.7634675810,2.7200432854,1,2.8722659485,1.0000000000,1,1.0000000000,RETAINED,RANK_WITHIN_EXIT_BUFFER,0.0500000000,1,1,0.0500000000
2024-07-31,2024-07-31,sh.600741,600741.SS,华域汽车,C36汽车制造业,14.0545409000,2024-08-31 00:00:00,-0.0538806928,1.2777787274,2.4492523775,-0.0400678455,1.9124830100,0.6056912936,2.2252619562,2,2.5448678022,2.0000000000,1,1.0000000000,RETAINED,RANK_WITHIN_EXIT_BUFFER,0.0500000000,2,1,0.0500000000
2024-07-31,2024-07-31,sh.600104,600104.SS,上汽集团,C36汽车制造业,13.8603715600,2024-08-31 00:00:00,-0.1202309269,0.7449824500,2.0849659780,-0.0865155345,1.9745700107,0.1886599163,1.7596080660,10,2.1003474959,3.0000000000,1,1.0000000000,RETAINED,RANK_WITHIN_EXIT_BUFFER,0.0500000000,3,2,0.0500000000
2024-07-31,2024-07-31,sh.600585,600585.SS,海螺水泥,C30非金属矿物制品业,22.3356420200,2024-08-31 00:00:00,-0.1344642118,0.9081277225,2.2993164657,0.4708369715,1.2026848057,-0.1444773493,1.6985808641,11,2.0311141719,4.0000000000,1,1.0000000000,NEW_ENTRY,RANK_WITHIN_ENTRY_LIMIT,0.0500000000,4,1,0.0500000000
2024-07-31,2024-07-31,sz.002236,002236.SZ,大华股份,C39计算机、通信和其他电子设备制造业,13.9566600000,2024-08-31 00:00:00,-0.0853333333,1.2819000583,1.3476152144,-0.4017788799,2.4453146439,-0.7393117580,1.4107020632,25,1.9966779468,5.0000000000,1,1.0000000000,RETAINED,RANK_WITHIN_EXIT_BUFFER,0.0500000000,5,1,0.0500000000
2024-07-31,2024-07-31,sh.601877,601877.SS,正泰电器,C38电气机械和器材制造业,18.3735700800,2024-08-31 00:00:00,-0.0897302905,1.4593850818,1.7423003800,0.1787901616,1.2423275419,0.0237683951,1.6663351643,13,1.9953848329,6.0000000000,1,1.0000000000,RETAINED,RANK_WITHIN_EXIT_BUFFER,0.0500000000,6,1,0.0500000000
2024-07-31,2024-07-31,sh.600219,600219.SS,南山铝业,C32有色金属冶炼和压延加工业,3.1611251800,2024-08-31 00:00:00,0.0138121547,1.3299119486,1.0028733572,2.2991861067,0.8786214177,0.5041192400,2.1569723171,4,1.9914064627,7.0000000000,1,1.0000000000,RETAINED,RANK_WITHIN_EXIT_BUFFER,0.0500000000,7,1,0.0500000000
2024-07-31,2024-07-31,sz.000157,000157.SZ,中联重科,C35专用设备制造业,6.1569808800,2024-08-31 00:00:00,-0.0609212481,0.7853800567,0.7953303131,1.4884256714,2.0368019650,0.7424257648,2.0973171463,5,1.9841689439,8.0000000000,1,1.0000000000,RETAINED,RANK_WITHIN_EXIT_BUFFER,0.0500000000,8,1,0.0500000000
2024-07-31,2024-07-31,sh.600845,600845.SS,宝信软件,I65软件和信息技术服务业,31.0847152400,2024-08-31 00:00:00,-0.0889856876,1.7477998907,2.0312211232,0.1873697460,0.2211747663,0.8635630252,1.8114157965,8,1.9525743721,9.0000000000,1,1.0000000000,RETAINED,RANK_WITHIN_EXIT_BUFFER,0.0500000000,9,2,0.0500000000
2024-07-31,2024-07-31,sh.600089,600089.SS,特变电工,C38电气机械和器材制造业,13.0513143200,2024-08-31 00:00:00,-0.0679468242,0.7263211230,1.7405278322,0.6115745235,1.5045756892,0.0834163453,1.6734515244,12,1.8829817585,10.0000000000,1,1.0000000000,RETAINED,RANK_WITHIN_EXIT_BUFFER,0.0500000000,10,2,0.0500000000
2024-07-31,2024-07-31,sh.600332,600332.SS,白云山,C27医药制造业,27.4280985600,2024-08-31 00:00:00,-0.0167349727,0.2362613774,1.1979921922,0.7121142303,1.8846978120,1.3642830434,1.9348586524,6,1.7746383129,13.0000000000,1,1.0000000000,RETAINED,RANK_WITHIN_EXIT_BUFFER,0.0500000000,11,1,0.0500000000
2024-07-31,2024-07-31,sz.300919,300919.SZ,中伟股份,C39计算机、通信和其他电子设备制造业,28.9159338000,2024-08-31 00:00:00,-0.0318257956,2.1575369576,0.3330497151,-0.2021241562,1.7364089929,-0.1422886056,1.3923565659,28,1.7569119081,14.0000000000,1,1.0000000000,RETAINED,RANK_WITHIN_EXIT_BUFFER,0.0500000000,12,2,0.0500000000
2024-07-31,2024-07-31,sh.600050,600050.SS,中国联通,I63电信、广播电视和卫星传输服务,4.4207777000,2024-08-31 00:00:00,-0.0127659574,0.9699900086,1.2527210063,-0.5479430999,1.4522252627,0.9065019663,1.4464761182,24,1.6014737179,15.0000000000,1,1.0000000000,NEW_ENTRY,RANK_WITHIN_ENTRY_LIMIT,0.0500000000,13,1,0.0500000000
2024-07-31,2024-07-31,sh.601211,601211.SS,国泰君安,J67资本市场服务,13.6973670200,2024-08-31 00:00:00,0.0264255911,0.6549197658,1.6067324904,0.1159438957,0.9916468601,0.8765882498,1.5226232591,18,1.5781300181,16.0000000000,1,1.0000000000,NEW_ENTRY,RANK_WITHIN_ENTRY_LIMIT,0.0500000000,14,1,0.0500000000
2024-07-31,2024-07-31,sh.600999,600999.SS,招商证券,J67资本市场服务,14.0583859200,2024-08-31 00:00:00,-0.0168010753,0.7099017577,1.6935577540,0.3221865430,0.5522095253,1.2192057072,1.6127183799,15,1.5546673628,17.0000000000,1,1.0000000000,NEW_ENTRY,RANK_WITHIN_ENTRY_LIMIT,0.0500000000,15,2,0.0500000000
2024-07-31,2024-07-31,sz.002841,002841.SZ,视源股份,C39计算机、通信和其他电子设备制造业,28.5784250800,2024-08-31 00:00:00,0.0588829071,2.3504137950,0.8113416099,-1.2622208329,1.2948420037,-0.8116284367,0.8544917387,55,1.5492139849,18.0000000000,1,1.0000000000,RETAINED,RANK_WITHIN_EXIT_BUFFER,0.0500000000,16,3,0.0500000000
2024-07-31,2024-07-31,sh.600018,600018.SS,上港集团,G55水上运输业,5.6367394000,2024-08-31 00:00:00,-0.0198675497,0.5628772279,2.0454965258,-0.7748164411,0.5155564053,0.5262486727,1.0311511184,44,1.2940229738,25.0000000000,1,1.0000000000,RETAINED,RANK_WITHIN_EXIT_BUFFER,0.0500000000,17,1,0.0500000000
2024-07-31,2024-07-31,sz.000776,000776.SZ,广发证券,J67资本市场服务,11.8570921600,2024-08-31 00:00:00,-0.0573248408,0.8213189434,1.1014100679,-0.3575050044,0.9573819868,0.7846977298,1.1860522154,35,1.2886710705,26.0000000000,1,1.0000000000,RETAINED,RANK_WITHIN_EXIT_BUFFER,0.0500000000,18,3,0.0500000000
2024-07-31,2024-07-31,sz.000651,000651.SZ,格力电器,C38电气机械和器材制造业,32.8949992800,2024-08-31 00:00:00,0.0506084164,-0.0499190863,1.6534558604,1.2587626305,1.0507347513,-1.6800723919,0.8007759398,62,1.2135956333,31.0000000000,1,1.0000000000,RETAINED,RANK_WITHIN_EXIT_BUFFER,0.0500000000,19,3,0.0500000000
2024-07-31,2024-07-31,sh.600362,600362.SS,江西铜业,C32有色金属冶炼和压延加工业,20.3174185500,2024-08-31 00:00:00,-0.0517482517,0.9090619151,-0.0166299372,1.8773459084,0.6695316241,0.4804896404,1.4057029095,26,1.1564581845,34.0000000000,1,1.0000000000,RETAINED,RANK_WITHIN_EXIT_BUFFER,0.0500000000,20,2,0.0500000000
2024-08-31,2024-08-30,sz.000157,000157.SZ,中联重科,C35专用设备制造业,5.7818899200,2024-09-30 00:00:00,0.1993670886,1.4712534354,1.6258728978,1.0476244581,2.0534612050,1.0456477977,2.8328005328,1,2.6942495151,1.0000000000,1,1.0000000000,RETAINED,RANK_WITHIN_EXIT_BUFFER,0.0500000000,1,1,0.0500000000
2024-08-31,2024-08-30,sh.601877,601877.SS,正泰电器,C38电气机械和器材制造业,16.7249043000,2024-09-30 00:00:00,0.2957264957,1.6552179131,1.9305824691,0.1846929859,1.3875046574,0.9207941555,2.3771865026,2,2.4544303147,2.0000000000,1,1.0000000000,RETAINED,RANK_WITHIN_EXIT_BUFFER,0.0500000000,2,1,0.0500000000
2024-08-31,2024-08-30,sh.600089,600089.SS,特变电工,C38电气机械和器材制造业,12.1645189600,2024-09-30 00:00:00,0.1600633914,1.3806833720,1.5383106892,0.6545450264,1.3668614932,0.6495537517,2.1860204452,4,2.1921981749,3.0000000000,1,1.0000000000,RETAINED,RANK_WITHIN_EXIT_BUFFER,0.0500000000,3,2,0.0500000000
2024-08-31,2024-08-30,sh.600406,600406.SS,国电南瑞,I65软件和信息技术服务业,23.3971984600,2024-09-30 00:00:00,0.1238830219,0.7086371401,2.4239038042,0.8212080813,1.4149996786,-0.8812289581,1.7548998309,14,2.1509159635,4.0000000000,1,1.0000000000,RETAINED,RANK_WITHIN_EXIT_BUFFER,0.0500000000,4,1,0.0500000000
2024-08-31,2024-08-30,sh.600332,600332.SS,白云山,C27医药制造业,26.9690900800,2024-09-30 00:00:00,0.0649531087,1.0443033220,1.4155685603,0.4344021334,1.8630064253,0.7401909591,2.1498538562,6,2.1292914240,5.0000000000,1,1.0000000000,RETAINED,RANK_WITHIN_EXIT_BUFFER,0.0500000000,5,1,0.0500000000
2024-08-31,2024-08-30,sh.600104,600104.SS,上汽集团,C36汽车制造业,12.1939262400,2024-09-30 00:00:00,0.1648089172,0.4755096610,1.4464087779,0.0559455496,2.1061167563,1.4759353306,2.1742736150,5,1.9875892758,6.0000000000,1,1.0000000000,RETAINED,RANK_WITHIN_EXIT_BUFFER,0.0500000000,6,1,0.0500000000
2024-08-31,2024-08-30,sh.600219,600219.SS,南山铝业,C32有色金属冶炼和压延加工业,3.2047871300,2024-09-30 00:00:00,0.1934604905,1.2898563016,0.8061560524,1.8625205545,0.7638464592,1.2146415712,2.3217451135,3,1.9086324782,7.0000000000,1,1.0000000000,RETAINED,RANK_WITHIN_EXIT_BUFFER,0.0500000000,7,1,0.0500000000
2024-08-31,2024-08-30,sz.000651,000651.SZ,格力电器,C38电气机械和器材制造业,34.5597631000,2024-09-30 00:00:00,0.2075566751,0.0700567781,2.1100311396,1.2795249899,1.0248043228,0.9552828174,2.1272616577,7,1.9054271020,8.0000000000,1,1.0000000000,RETAINED,RANK_WITHIN_EXIT_BUFFER,0.0500000000,8,3,0.0500000000
2024-08-31,2024-08-30,sz.002236,002236.SZ,大华股份,C39计算机、通信和其他电子设备制造业,12.7656916800,2024-09-30 00:00:00,0.2716048270,0.9022607709,1.2736472386,-0.5277993255,2.6150938779,-0.6355164837,1.4186512919,22,1.8715479919,9.0000000000,1,1.0000000000,RETAINED,RANK_WITHIN_EXIT_BUFFER,0.0500000000,9,1,0.0500000000
2024-08-31,2024-08-30,sz.300919,300919.SZ,中伟股份,C39计算机、通信和其他电子设备制造业,27.9956612000,2024-09-30 00:00:00,0.3896193772,1.8064076223,1.1455860740,-0.7910936941,1.7403950560,-0.7568629938,1.2296688617,33,1.8158801698,10.0000000000,1,1.0000000000,RETAINED,RANK_WITHIN_EXIT_BUFFER,0.0500000000,10,2,0.0500000000
2024-08-31,2024-08-30,sz.300413,300413.SZ,芒果超媒,I64互联网和相关服务,18.8258963200,2024-09-30 00:00:00,0.3595041322,1.7575273017,1.0698675166,0.1617832093,0.6941601839,0.5304919672,1.6478701569,16,1.7456268691,11.0000000000,1,1.0000000000,NEW_ENTRY,RANK_WITHIN_ENTRY_LIMIT,0.0500000000,11,1,0.0500000000
2024-08-31,2024-08-30,sz.002252,002252.SZ,上海莱士,C27医药制造业,7.0319846700,2024-09-30 00:00:00,0.1077931716,0.9416481015,1.2082476688,0.9568247389,0.7361272936,1.3547524858,2.0325855671,8,1.7428763917,12.0000000000,1,1.0000000000,NEW_ENTRY,RANK_WITHIN_ENTRY_LIMIT,0.0500000000,12,2,0.0500000000
2024-08-31,2024-08-30,sh.601360,601360.SS,三六零,I64互联网和相关服务,6.8001010000,2024-09-30 00:00:00,0.2585714286,2.0197814281,0.6551960701,-0.1163337932,0.7600253555,1.0732050790,1.7174964392,15,1.7042308456,13.0000000000,1,1.0000000000,NEW_ENTRY,RANK_WITHIN_ENTRY_LIMIT,0.0500000000,13,2,0.0500000000
2024-08-31,2024-08-30,sh.600585,600585.SS,海螺水泥,C30非金属矿物制品业,19.3322975200,2024-09-30 00:00:00,0.2495219885,0.7268075562,1.1710572878,0.3482185618,1.2317689148,1.2943455109,1.8662267001,11,1.6689942741,14.0000000000,1,1.0000000000,RETAINED,RANK_WITHIN_EXIT_BUFFER,0.0500000000,14,1,0.0500000000
2024-08-31,2024-08-30,sh.600845,600845.SS,宝信软件,I65软件和信息技术服务业,28.3186204800,2024-09-30 00:00:00,0.1267076503,1.3440565424,1.4058342731,-0.0438621058,0.3511662163,0.8374537585,1.5230503050,21,1.5769059436,15.0000000000,1,1.0000000000,RETAINED,RANK_WITHIN_EXIT_BUFFER,0.0500000000,15,2,0.0500000000
2024-08-31,2024-08-30,sh.600362,600362.SS,江西铜业,C32有色金属冶炼和压延加工业,19.2660276600,2024-09-30 00:00:00,0.2000983284,0.8653256603,0.7405940796,1.5776688837,0.6230133969,0.8255392026,1.8114558396,12,1.4992634788,19.0000000000,1,1.0000000000,RETAINED,RANK_WITHIN_EXIT_BUFFER,0.0500000000,16,2,0.0500000000
2024-08-31,2024-08-30,sh.600018,600018.SS,上港集团,G55水上运输业,5.5247512000,2024-09-30 00:00:00,0.0979729730,0.3061591581,2.0040762729,-0.4463749626,0.5938122419,0.9251328882,1.3228877662,25,1.3952576570,22.0000000000,1,1.0000000000,RETAINED,RANK_WITHIN_EXIT_BUFFER,0.0500000000,17,1,0.0500000000
2024-08-31,2024-08-30,sh.600999,600999.SS,招商证券,J67资本市场服务,13.8221899200,2024-09-30 00:00:00,0.3375990481,0.4324675937,1.0814753605,0.5980674863,0.5555716243,1.3705830921,1.5791741880,18,1.2879467854,27.0000000000,1,1.0000000000,RETAINED,RANK_WITHIN_EXIT_BUFFER,0.0500000000,18,1,0.0500000000
2024-08-31,2024-08-30,sh.600050,600050.SS,中国联通,I63电信、广播电视和卫星传输服务,4.3643422400,2024-09-30 00:00:00,0.1530172414,0.6302148492,0.6131323165,-0.7790585821,1.4894207233,0.5428481944,0.9763095396,50,1.0839246544,38.0000000000,1,1.0000000000,RETAINED,RANK_WITHIN_EXIT_BUFFER,0.0500000000,19,1,0.0500000000
2024-08-31,2024-08-30,sz.000776,000776.SZ,广发证券,J67资本市场服务,11.1773862400,2024-09-30 00:00:00,0.4104729730,0.4824432243,0.8512544690,-0.2098511262,1.0638664878,0.4471649146,1.0304014611,45,1.0814051039,39.0000000000,1,1.0000000000,RETAINED,RANK_WITHIN_EXIT_BUFFER,0.0500000000,20,2,0.0500000000
2024-09-30,2024-09-30,sh.600406,600406.SS,国电南瑞,I65软件和信息技术服务业,26.2957141100,2024-10-31 00:00:00,-0.0571716343,1.0918858690,3.1777901712,0.7573031995,1.7916658609,2.5076702251,2.9204082614,1,3.0113291791,1.0000000000,1,1.0000000000,RETAINED,RANK_WITHIN_EXIT_BUFFER,0.0500000000,1,1,0.0500000000
2024-09-30,2024-09-30,sz.000157,000157.SZ,中联重科,C35专用设备制造业,6.9346084800,2024-10-31 00:00:00,-0.0831134565,0.9427376489,2.3459488012,0.7576071342,2.1768081564,1.6408018220,2.4624739921,2,2.5969875455,2.0000000000,1,1.0000000000,RETAINED,RANK_WITHIN_EXIT_BUFFER,0.0500000000,2,1,0.0500000000
2024-09-30,2024-09-30,sh.600219,600219.SS,南山铝业,C32有色金属冶炼和压延加工业,3.8247868200,2024-10-31 00:00:00,-0.0596009218,1.7807688210,1.2769128833,1.8918919289,0.8968006178,1.4723420473,2.2917560466,4,2.2245049752,3.0000000000,1,1.0000000000,RETAINED,RANK_WITHIN_EXIT_BUFFER,0.0500000000,3,1,0.0500000000
2024-09-30,2024-09-30,sz.000425,000425.SZ,徐工机械,C35专用设备制造业,7.4320438500,2024-10-31 00:00:00,0.0000000000,0.5779168305,1.8265069074,0.7841285278,1.8886983259,2.3224228934,2.3171066839,3,2.1752475845,4.0000000000,1,1.0000000000,NEW_ENTRY,RANK_WITHIN_ENTRY_LIMIT,0.0500000000,4,2,0.0500000000
2024-09-30,2024-09-30,sz.002841,002841.SZ,视源股份,C39计算机、通信和其他电子设备制造业,35.4441705400,2024-10-31 00:00:00,-0.0230602279,1.7489358036,1.7820319870,-0.7632030906,1.2734407468,1.4032559971,1.7048587383,11,2.0965521894,5.0000000000,1,1.0000000000,NEW_ENTRY,RANK_WITHIN_ENTRY_LIMIT,0.0500000000,5,1,0.0500000000
2024-09-30,2024-09-30,sh.603296,603296.SS,华勤技术,C39计算机、通信和其他电子设备制造业,38.8673347800,2024-10-31 00:00:00,0.0055615357,1.5910740878,1.1960720870,1.1568306951,0.8790818766,1.6637687630,2.0312614347,6,1.9868758147,6.0000000000,1,1.0000000000,NEW_ENTRY,RANK_WITHIN_ENTRY_LIMIT,0.0500000000,6,2,0.0500000000
2024-09-30,2024-09-30,sh.600741,600741.SS,华域汽车,C36汽车制造业,16.1640743000,2024-10-31 00:00:00,-0.1578360290,0.7786694997,1.5919004634,0.0355185693,2.0527574181,1.0528523256,1.7259130340,10,1.9373327918,7.0000000000,1,1.0000000000,NEW_ENTRY,RANK_WITHIN_ENTRY_LIMIT,0.0500000000,7,1,0.0500000000
2024-09-30,2024-09-30,sh.601877,601877.SS,正泰电器,C38电气机械和器材制造业,21.6709016400,2024-10-31 00:00:00,0.0263852243,0.8827486194,1.8095519320,0.0746687043,1.5687287106,1.0797438048,1.6957716242,12,1.9242262047,8.0000000000,1,1.0000000000,RETAINED,RANK_WITHIN_EXIT_BUFFER,0.0500000000,8,1,0.0500000000
2024-09-30,2024-09-30,sh.605499,605499.SS,东鹏饮料,C15酒、饮料和精制茶制造业,154.1323400800,2024-10-31 00:00:00,0.0268263660,1.1243563756,2.4351388992,2.9354918546,-1.8132977264,2.1984370249,2.1544176191,5,1.7661588316,9.0000000000,1,1.0000000000,NEW_ENTRY,RANK_WITHIN_ENTRY_LIMIT,0.0500000000,9,1,0.0500000000
2024-09-30,2024-09-30,sh.600845,600845.SS,宝信软件,I65软件和信息技术服务业,31.9068063400,2024-10-31 00:00:00,-0.1852076387,0.9183269703,1.7129076333,-0.0228158575,0.7727687279,1.9149100467,1.6584006022,13,1.6970806280,10.0000000000,1,1.0000000000,RETAINED,RANK_WITHIN_EXIT_BUFFER,0.0500000000,10,2,0.0500000000
2024-09-30,2024-09-30,sh.600089,600089.SS,特变电工,C38电气机械和器材制造业,14.1116131200,2024-10-31 00:00:00,-0.0355191257,0.2236113697,1.5544806706,0.4431514728,1.7490820454,1.0780954443,1.5808440835,15,1.6327418238,12.0000000000,1,1.0000000000,RETAINED,RANK_WITHIN_EXIT_BUFFER,0.0500000000,11,2,0.0500000000
2024-09-30,2024-09-30,sh.601360,601360.SS,三六零,I64互联网和相关服务,8.5584128300,2024-10-31 00:00:00,0.0976163451,1.9322884221,0.8686255629,-0.4942856963,0.8190609701,1.0766417930,1.3159025716,21,1.6132409834,13.0000000000,1,1.0000000000,RETAINED,RANK_WITHIN_EXIT_BUFFER,0.0500000000,12,1,0.0500000000
2024-09-30,2024-09-30,sz.000651,000651.SZ,格力电器,C38电气机械和器材制造业,41.7328726200,2024-10-31 00:00:00,-0.0926157697,-0.1326675369,1.8430689175,1.0965625054,1.2755763106,1.4354025974,1.7278684195,9,1.5909436504,14.0000000000,1,1.0000000000,RETAINED,RANK_WITHIN_EXIT_BUFFER,0.0500000000,13,3,0.0500000000
2024-09-30,2024-09-30,sh.600999,600999.SS,招商证券,J67资本市场服务,18.4885480800,2024-10-31 00:00:00,-0.0102880658,1.1297698083,1.2106682937,0.6597385270,0.6947814192,0.6334893428,1.3553941807,18,1.5077765134,15.0000000000,1,1.0000000000,RETAINED,RANK_WITHIN_EXIT_BUFFER,0.0500000000,14,1,0.0500000000
2024-09-30,2024-09-30,sz.002252,002252.SZ,上海莱士,C27医药制造业,7.7899846000,2024-10-31 00:00:00,-0.0683544304,0.6274256887,1.2036117602,0.7827681591,0.9291304551,0.7646494155,1.3488615578,19,1.3929406044,19.0000000000,1,1.0000000000,RETAINED,RANK_WITHIN_EXIT_BUFFER,0.0500000000,15,1,0.0500000000
2024-09-30,2024-09-30,sh.600362,600362.SS,江西铜业,C32有色金属冶炼和压延加工业,23.1211275900,2024-10-31 00:00:00,-0.1085620647,0.9949473309,0.8280714592,1.2325131501,0.7331458533,0.6584010994,1.3925420152,17,1.3885748940,20.0000000000,1,1.0000000000,RETAINED,RANK_WITHIN_EXIT_BUFFER,0.0500000000,16,2,0.0500000000
2024-09-30,2024-09-30,sz.002236,002236.SZ,大华股份,C39计算机、通信和其他电子设备制造业,16.2329151600,2024-10-31 00:00:00,-0.0452961672,-1.2032007026,2.0344727663,-0.7254552441,2.6742035094,1.1911665603,1.2435229342,24,1.3279278412,24.0000000000,1,1.0000000000,RETAINED,RANK_WITHIN_EXIT_BUFFER,0.0500000000,17,3,0.0500000000
2024-09-30,2024-09-30,sh.600104,600104.SS,上汽集团,C36汽车制造业,14.2035940200,2024-10-31 00:00:00,-0.1203007519,0.4050873384,0.4395598298,-0.2716191864,2.2432528294,-0.5233502384,0.7179998911,62,1.0674511304,31.0000000000,1,1.0000000000,RETAINED,RANK_WITHIN_EXIT_BUFFER,0.0500000000,18,2,0.0500000000
2024-09-30,2024-09-30,sh.600585,600585.SS,海螺水泥,C30非金属矿物制品业,24.1561308400,2024-10-31 00:00:00,0.0233358837,0.4675694988,1.0071422991,0.0063968951,1.1452670224,-0.3346662878,0.7176175061,63,1.0398718598,34.0000000000,1,1.0000000000,RETAINED,RANK_WITHIN_EXIT_BUFFER,0.0500000000,19,1,0.0500000000
2024-09-30,2024-09-30,sh.600332,600332.SS,白云山,C27医药制造业,28.7208163200,2024-10-31 00:00:00,-0.0765372507,0.4302049417,-0.1396318027,0.4444745079,2.0778513011,0.7369177396,1.1115766108,32,1.0306336022,35.0000000000,1,1.0000000000,RETAINED,RANK_WITHIN_EXIT_BUFFER,0.0500000000,20,2,0.0500000000
2024-10-31,2024-10-31,sh.600406,600406.SS,国电南瑞,I65软件和信息技术服务业,24.7923451600,2024-11-30 00:00:00,-0.0493066256,1.5028298584,3.1484212524,1.0622415457,2.0328756111,-0.0492587721,2.5965119351,3,3.0558369518,1.0000000000,1,1.0000000000,RETAINED,RANK_WITHIN_EXIT_BUFFER,0.0500000000,1,1,0.0500000000
2024-10-31,2024-10-31,sz.000425,000425.SZ,徐工机械,C35专用设备制造业,7.4320438500,2024-11-30 00:00:00,0.0411840412,0.7080117266,2.5394293292,1.6276927877,2.1178671245,0.1090327619,2.3957714716,4,2.5255833168,2.0000000000,1,1.0000000000,RETAINED,RANK_WITHIN_EXIT_BUFFER,0.0500000000,2,1,0.0500000000
2024-10-31,2024-10-31,sz.000157,000157.SZ,中联重科,C35专用设备制造业,6.3582492000,2024-11-30 00:00:00,0.0043165468,1.0456101443,1.8085519797,1.1673973566,2.6236794281,0.3709150569,2.3668011376,5,2.4856548645,3.0000000000,1,1.0000000000,RETAINED,RANK_WITHIN_EXIT_BUFFER,0.0500000000,3,2,0.0500000000
2024-10-31,2024-10-31,sh.601877,601877.SS,正泰电器,C38电气机械和器材制造业,22.2426932400,2024-11-30 00:00:00,-0.0252784919,1.4579984506,2.1098179043,0.1893459616,1.5888632817,-1.0582357691,1.4464257619,17,2.1753084653,5.0000000000,1,1.0000000000,RETAINED,RANK_WITHIN_EXIT_BUFFER,0.0500000000,4,1,0.0500000000
2024-10-31,2024-10-31,sz.002841,002841.SZ,视源股份,C39计算机、通信和其他电子设备制造业,34.6268198900,2024-11-30 00:00:00,0.0663704527,2.0559241458,1.3284043502,-0.8720208282,1.3914613280,0.8402158372,1.6003167483,15,2.0413501979,6.0000000000,1,1.0000000000,RETAINED,RANK_WITHIN_EXIT_BUFFER,0.0500000000,5,1,0.0500000000
2024-10-31,2024-10-31,sz.000651,000651.SZ,格力电器,C38电气机械和器材制造业,37.8677505000,2024-11-30 00:00:00,-0.0326436782,0.6020096316,1.5831034298,1.5807470257,1.4316057462,2.6782285917,2.6567550564,1,2.0019511276,7.0000000000,1,1.0000000000,RETAINED,RANK_WITHIN_EXIT_BUFFER,0.0500000000,6,2,0.0500000000
2024-10-31,2024-10-31,sh.600741,600741.SS,华域汽车,C36汽车制造业,13.6128010000,2024-11-30 00:00:00,0.1205298013,0.7164979317,1.0160753380,0.1906277048,2.5351819535,0.8225505993,1.7814488595,11,1.8411562258,8.0000000000,1,1.0000000000,RETAINED,RANK_WITHIN_EXIT_BUFFER,0.0500000000,7,1,0.0500000000
2024-10-31,2024-10-31,sh.603296,603296.SS,华勤技术,C39计算机、通信和其他电子设备制造业,39.0834968500,2024-11-30 00:00:00,0.1159678858,1.2144193105,1.2974332651,1.0192828718,0.9803980151,1.9336996586,2.1742089979,6,1.8396301683,9.0000000000,1,1.0000000000,RETAINED,RANK_WITHIN_EXIT_BUFFER,0.0500000000,8,2,0.0500000000
2024-10-31,2024-10-31,sh.600845,600845.SS,宝信软件,I65软件和信息技术服务业,25.9974220800,2024-11-30 00:00:00,0.0424107143,1.6164641828,0.9943607033,-0.3180116647,1.3586115817,1.3436654344,1.6850236346,14,1.7898546972,10.0000000000,1,1.0000000000,RETAINED,RANK_WITHIN_EXIT_BUFFER,0.0500000000,9,2,0.0500000000
2024-10-31,2024-10-31,sh.600219,600219.SS,南山铝业,C32有色金属冶炼和压延加工业,3.5968260000,2024-11-30 00:00:00,-0.0096802014,1.4362096538,0.6150189524,2.0611678062,1.0199824732,0.6258325435,1.9424518658,9,1.6532791503,12.0000000000,1,1.0000000000,RETAINED,RANK_WITHIN_EXIT_BUFFER,0.0500000000,10,1,0.0500000000
2024-10-31,2024-10-31,sh.600089,600089.SS,特变电工,C38电气机械和器材制造业,13.6103809600,2024-11-30 00:00:00,-0.0368271955,0.5076120905,1.5764806100,0.1231105271,1.6535450779,0.3810633261,1.4309156618,18,1.6350906835,13.0000000000,1,1.0000000000,RETAINED,RANK_WITHIN_EXIT_BUFFER,0.0500000000,11,3,0.0500000000
2024-10-31,2024-10-31,sz.002236,002236.SZ,大华股份,C39计算机、通信和其他电子设备制造业,15.4976263200,2024-11-30 00:00:00,-0.0066909976,-0.0554219016,1.2344769934,-0.7469794098,2.7865234160,0.3887436129,1.2168864700,27,1.5192837004,14.0000000000,1,1.0000000000,RETAINED,RANK_WITHIN_EXIT_BUFFER,0.0500000000,12,3,0.0500000000
2024-10-31,2024-10-31,sz.002736,002736.SZ,国信证券,J67资本市场服务,10.7343154400,2024-11-30 00:00:00,-0.0060553633,1.5782764384,0.9600884734,0.2680293135,0.7182983583,0.0980578899,1.2220840626,26,1.4842178704,16.0000000000,1,1.0000000000,NEW_ENTRY,RANK_WITHIN_ENTRY_LIMIT,0.0500000000,13,1,0.0500000000
2024-10-31,2024-10-31,sh.600031,600031.SS,三一重工,C35专用设备制造业,17.4802880000,2024-11-30 00:00:00,-0.0421917808,0.3661256317,1.7178811897,0.8640658200,1.0885090800,-0.7905224412,1.0950125717,35,1.4197998169,18.0000000000,1,1.0000000000,NEW_ENTRY,RANK_WITHIN_ENTRY_LIMIT,0.0500000000,14,3,0.0500000000
2024-10-31,2024-10-31,sh.600332,600332.SS,白云山,C27医药制造业,26.5226040000,2024-11-30 00:00:00,0.0390401146,0.3964471156,0.8138971971,0.2560955571,2.0275678583,0.0448328458,1.1937782348,30,1.3500184974,21.0000000000,1,1.0000000000,RETAINED,RANK_WITHIN_EXIT_BUFFER,0.0500000000,15,1,0.0500000000
2024-10-31,2024-10-31,sh.601360,601360.SS,三六零,I64互联网和相关服务,9.3938538100,2024-11-30 00:00:00,0.3857290589,1.6246226687,1.0821067946,-0.2846867902,0.7882767475,-2.5543097778,0.2212956524,129,1.2737464962,23.0000000000,1,1.0000000000,RETAINED,RANK_WITHIN_EXIT_BUFFER,0.0500000000,16,1,0.0500000000
2024-10-31,2024-10-31,sh.600362,600362.SS,江西铜业,C32有色金属冶炼和压延加工业,20.6110502400,2024-11-30 00:00:00,-0.0326286765,0.7553878919,0.7247272346,1.3793151907,0.8260935391,0.8786952630,1.5396753060,16,1.2543286411,25.0000000000,1,1.0000000000,RETAINED,RANK_WITHIN_EXIT_BUFFER,0.0500000000,17,2,0.0500000000
2024-10-31,2024-10-31,sz.002252,002252.SZ,上海莱士,C27医药制造业,7.2575046400,2024-11-30 00:00:00,0.0217391304,0.5325816597,0.8942938446,0.7245269181,1.0302990448,-0.3350038433,0.9602935180,42,1.1100290347,32.0000000000,1,1.0000000000,RETAINED,RANK_WITHIN_EXIT_BUFFER,0.0500000000,18,2,0.0500000000
2024-10-31,2024-10-31,sh.600585,600585.SS,海螺水泥,C30非金属矿物制品业,24.7198355000,2024-11-30 00:00:00,-0.0407476636,0.5501154569,0.5337856701,0.0085653188,1.3324599360,-0.4794662617,0.6562736861,68,0.9518393637,35.0000000000,1,1.0000000000,RETAINED,RANK_WITHIN_EXIT_BUFFER,0.0500000000,19,1,0.0500000000
2024-10-31,2024-10-31,sh.600104,600104.SS,上汽集团,C36汽车制造业,12.4948909800,2024-11-30 00:00:00,0.3659673660,0.3864225382,-0.0175496200,-0.5069385859,2.3356477359,-0.3455910856,0.6247431835,73,0.9310689770,36.0000000000,1,1.0000000000,RETAINED,RANK_WITHIN_EXIT_BUFFER,0.0500000000,20,2,0.0500000000
2024-11-30,2024-11-29,sh.600406,600406.SS,国电南瑞,I65软件和信息技术服务业,23.5699182800,2024-12-31 00:00:00,0.0218800648,1.8084304314,3.3666642066,0.4249448199,2.2853775273,2.6287623767,3.5189749618,1,3.3184423831,1.0000000000,1,1.0000000000,RETAINED,RANK_WITHIN_EXIT_BUFFER,0.0500000000,1,1,0.0500000000
2024-11-30,2024-11-29,sz.000157,000157.SZ,中联重科,C35专用设备制造业,6.3856948800,2024-12-31 00:00:00,0.0358166189,1.3245076878,1.9788441949,0.5675705245,2.6619174514,0.1688493826,2.2429783467,2,2.4772338060,2.0000000000,1,1.0000000000,RETAINED,RANK_WITHIN_EXIT_BUFFER,0.0500000000,2,1,0.0500000000
2024-11-30,2024-11-29,sz.000425,000425.SZ,徐工机械,C35专用设备制造业,7.7381254500,2024-12-31 00:00:00,-0.0197775031,1.1357806339,2.0818764588,1.8998227944,2.0939575508,-2.2436516037,1.6626608092,11,2.2067027879,3.0000000000,1,1.0000000000,RETAINED,RANK_WITHIN_EXIT_BUFFER,0.0500000000,3,2,0.0500000000
2024-11-30,2024-11-29,sz.300413,300413.SZ,芒果超媒,I64互联网和相关服务,28.0249138400,2024-12-31 00:00:00,-0.0669673838,2.6832713180,1.3861034974,0.0210172593,0.8645525356,-0.4298151824,1.5145087988,18,2.0858703779,4.0000000000,1,1.0000000000,NEW_ENTRY,RANK_WITHIN_ENTRY_LIMIT,0.0500000000,4,1,0.0500000000
2024-11-30,2024-11-29,sh.601877,601877.SS,正泰电器,C38电气机械和器材制造业,21.6804315000,2024-12-31 00:00:00,0.0290109890,1.1070878115,2.2604716750,-0.0238844977,1.5314215673,0.0163602958,1.6371143763,13,2.0444201355,5.0000000000,1,1.0000000000,RETAINED,RANK_WITHIN_EXIT_BUFFER,0.0500000000,5,1,0.0500000000
2024-11-30,2024-11-29,sh.600845,600845.SS,宝信软件,I65软件和信息技术服务业,27.0999913200,2024-12-31 00:00:00,0.0442541042,1.3789372951,2.0424295070,-0.9643284158,1.3735796604,1.5350500282,1.7958274211,6,2.0212965985,6.0000000000,1,1.0000000000,RETAINED,RANK_WITHIN_EXIT_BUFFER,0.0500000000,6,2,0.0500000000
2024-11-30,2024-11-29,sh.600219,600219.SS,南山铝业,C32有色金属冶炼和压延加工业,3.5620080000,2024-12-31 00:00:00,-0.0225000000,2.0822566470,1.3473168933,1.7860751641,1.0710357523,-0.7345684711,1.8582293935,4,2.0139087891,7.0000000000,1,1.0000000000,RETAINED,RANK_WITHIN_EXIT_BUFFER,0.0500000000,7,1,0.0500000000
2024-11-30,2024-11-29,sh.600941,600941.SS,中国移动,I63电信、广播电视和卫星传输服务,99.6991232400,2024-12-31 00:00:00,0.1107351006,0.7872557571,2.6999166892,0.5569563057,0.8225895522,0.1318651977,1.6729684345,10,1.9070465226,8.0000000000,1,1.0000000000,NEW_ENTRY,RANK_WITHIN_ENTRY_LIMIT,0.0500000000,8,1,0.0500000000
2024-11-30,2024-11-29,sh.600031,600031.SS,三一重工,C35专用设备制造业,16.7427635200,2024-12-31 00:00:00,-0.0572082380,0.9294986566,2.0566803602,0.8172571959,1.3007954522,-0.1633717057,1.6536490284,12,1.8558887073,9.0000000000,1,1.0000000000,RETAINED,RANK_WITHIN_EXIT_BUFFER,0.0500000000,9,3,0.0500000000
2024-11-30,2024-11-29,sh.600362,600362.SS,江西铜业,C32有色金属冶炼和压延加工业,19.9385389500,2024-12-31 00:00:00,-0.0194774347,1.6092192202,1.5823883917,1.1152830529,0.9104708508,0.0750811571,1.7713197208,7,1.8448628022,10.0000000000,1,1.0000000000,RETAINED,RANK_WITHIN_EXIT_BUFFER,0.0500000000,10,2,0.0500000000
2024-11-30,2024-11-29,sh.600089,600089.SS,特变电工,C38电气机械和器材制造业,13.1091488000,2024-12-31 00:00:00,-0.0632352941,0.4891833684,1.8705295043,-0.2036304044,1.6324644406,1.0434057195,1.6171989968,15,1.6810046207,11.0000000000,1,1.0000000000,RETAINED,RANK_WITHIN_EXIT_BUFFER,0.0500000000,11,2,0.0500000000
2024-11-30,2024-11-29,sh.601728,601728.SS,中国电信,I63电信、广播电视和卫星传输服务,6.1534293700,2024-12-31 00:00:00,0.1159196291,1.2614546106,1.3509721678,0.6473397686,1.1195855403,0.8567787358,1.7524727921,8,1.6693398810,12.0000000000,1,1.0000000000,NEW_ENTRY,RANK_WITHIN_ENTRY_LIMIT,0.0500000000,12,2,0.0500000000
2024-11-30,2024-11-29,sz.000651,000651.SZ,格力电器,C38电气机械和器材制造业,36.6316078400,2024-12-31 00:00:00,0.0800855513,0.3660604484,1.6948293718,1.0663311138,1.4363596476,0.2970872023,1.6268096292,14,1.5440876666,13.0000000000,1,1.0000000000,RETAINED,RANK_WITHIN_EXIT_BUFFER,0.0500000000,13,3,0.0500000000
2024-11-30,2024-11-29,sz.000725,000725.SZ,京东方A,C39计算机、通信和其他电子设备制造业,4.2080144000,2024-12-31 00:00:00,0.0209302326,0.6702614060,1.5843199353,-0.3992039980,1.5450946963,-0.0926356683,1.1070948067,37,1.5138596144,14.0000000000,1,1.0000000000,NEW_ENTRY,RANK_WITHIN_ENTRY_LIMIT,0.0500000000,14,1,0.0500000000
2024-11-30,2024-11-29,sz.002736,002736.SZ,国信证券,J67资本市场服务,10.6693152600,2024-12-31 00:00:00,-0.0252393386,1.4199355988,0.9812677683,0.4969061393,0.8002643865,0.4912492608,1.4022187058,23,1.4239975641,15.0000000000,1,1.0000000000,RETAINED,RANK_WITHIN_EXIT_BUFFER,0.0500000000,15,1,0.0500000000
2024-11-30,2024-11-29,sz.002001,002001.SZ,新和成,C27医药制造业,20.3525407500,2024-12-31 00:00:00,0.0101149425,0.2718131169,1.5346154667,2.2154609249,1.0641086130,0.4985594138,1.8690872072,3,1.4121953061,16.0000000000,1,1.0000000000,NEW_ENTRY,RANK_WITHIN_ENTRY_LIMIT,0.0500000000,16,1,0.0500000000
2024-11-30,2024-11-29,sz.002236,002236.SZ,大华股份,C39计算机、通信和其他电子设备制造业,15.3939317400,2024-12-31 00:00:00,-0.0202082058,0.0324543080,0.8724781725,-1.1599018174,2.7063686163,0.9918765045,1.1524248211,29,1.3264773786,19.0000000000,1,1.0000000000,RETAINED,RANK_WITHIN_EXIT_BUFFER,0.0500000000,17,2,0.0500000000
2024-11-30,2024-11-29,sh.600741,600741.SS,华域汽车,C36汽车制造业,15.2535492000,2024-12-31 00:00:00,0.0407801418,0.4631017106,0.5937337211,0.1441307400,2.3420319095,-1.3882179064,0.7211801532,68,1.2294160848,23.0000000000,1,1.0000000000,RETAINED,RANK_WITHIN_EXIT_BUFFER,0.0500000000,18,1,0.0500000000
2024-11-30,2024-11-29,sh.600332,600332.SS,白云山,C27医药制造业,27.5580495000,2024-12-31 00:00:00,-0.0203378145,0.4512462750,0.5386356851,0.3873633260,1.9160745010,-0.6439331576,0.8867192476,52,1.1155741078,32.0000000000,1,1.0000000000,RETAINED,RANK_WITHIN_EXIT_BUFFER,0.0500000000,19,2,0.0500000000
2024-11-30,2024-11-29,sz.002841,002841.SZ,视源股份,C39计算机、通信和其他电子设备制造业,36.9250176000,2024-12-31 00:00:00,-0.0388020833,1.5071852812,0.1063040339,-0.8966265892,1.1584066469,0.7586160591,0.8815311750,53,1.0910406291,34.0000000000,1,1.0000000000,RETAINED,RANK_WITHIN_EXIT_BUFFER,0.0500000000,20,3,0.0500000000
2024-12-31,2024-12-31,sh.600406,600406.SS,国电南瑞,I65软件和信息技术服务业,24.0856296200,2025-01-31 00:00:00,-0.0848532910,1.8793750946,3.5803652040,-0.0691137196,2.1145294704,-1.0890612014,2.7549553383,1,3.3470264292,1.0000000000,1,1.0000000000,RETAINED,RANK_WITHIN_EXIT_BUFFER,0.0500000000,1,1,0.0500000000
2024-12-31,2024-12-31,sh.600741,600741.SS,华域汽车,C36汽车制造业,15.8755911000,2025-01-31 00:00:00,-0.0459965928,1.2248425596,1.4147135769,-0.3095549475,2.6319751935,-0.1276711432,2.0757634265,6,2.2152329256,2.0000000000,1,1.0000000000,RETAINED,RANK_WITHIN_EXIT_BUFFER,0.0500000000,2,1,0.0500000000
2024-12-31,2024-12-31,sh.688396,688396.SS,华润微,C39计算机、通信和其他电子设备制造业,47.0747620200,2025-01-31 00:00:00,-0.0339054885,2.2779392075,2.5547522559,-0.6989351107,-0.1383270683,-0.2282938449,1.6175399733,12,2.1759868201,3.0000000000,1,1.0000000000,NEW_ENTRY,RANK_WITHIN_ENTRY_LIMIT,0.0500000000,3,1,0.0500000000
2024-12-31,2024-12-31,sz.000725,000725.SZ,京东方A,C39计算机、通信和其他电子设备制造业,4.2960891200,2025-01-31 00:00:00,0.0159453303,0.9769849315,2.3323423895,-0.7264757967,1.6564479988,-0.3495954758,1.6701687216,9,2.1241728505,5.0000000000,1,1.0000000000,RETAINED,RANK_WITHIN_EXIT_BUFFER,0.0500000000,4,2,0.0500000000
2024-12-31,2024-12-31,sh.601877,601877.SS,正泰电器,C38电气机械和器材制造业,22.3094022600,2025-01-31 00:00:00,-0.0551046561,0.9897846969,2.0634409442,-0.4723331051,1.3699794891,-1.7402782371,0.9491890786,50,1.8315639562,6.0000000000,1,1.0000000000,RETAINED,RANK_WITHIN_EXIT_BUFFER,0.0500000000,5,1,0.0500000000
2024-12-31,2024-12-31,sz.000157,000157.SZ,中联重科,C35专用设备制造业,6.6144088800,2025-01-31 00:00:00,0.0124481328,0.4612388444,1.3932189514,0.0065864830,2.3675756743,-1.2281189068,1.2883610001,23,1.7118124990,8.0000000000,1,1.0000000000,RETAINED,RANK_WITHIN_EXIT_BUFFER,0.0500000000,6,1,0.0500000000
2024-12-31,2024-12-31,sh.600875,600875.SS,东方电气,C34通用设备制造业,15.2793949700,2025-01-31 00:00:00,-0.0610446822,0.8874132297,1.4133681989,0.7983950264,1.4667705974,-0.7384399460,1.6434624775,10,1.6901869224,9.0000000000,1,1.0000000000,NEW_ENTRY,RANK_WITHIN_ENTRY_LIMIT,0.0500000000,7,1,0.0500000000
2024-12-31,2024-12-31,sh.600332,600332.SS,白云山,C27医药制造业,26.9975790000,2025-01-31 00:00:00,-0.0534834624,0.8913557069,1.1524358430,0.0123605836,1.7550886285,-0.3436628907,1.4889153596,19,1.6198214257,13.0000000000,1,1.0000000000,RETAINED,RANK_WITHIN_EXIT_BUFFER,0.0500000000,8,1,0.0500000000
2024-12-31,2024-12-31,sh.600031,600031.SS,三一重工,C35专用设备制造业,15.7849395200,2025-01-31 00:00:00,-0.0230582524,0.5627721604,1.8201692452,0.3968596610,1.2354242345,-1.2060376598,1.2062144766,25,1.5810305999,14.0000000000,1,1.0000000000,RETAINED,RANK_WITHIN_EXIT_BUFFER,0.0500000000,9,2,0.0500000000
2024-12-31,2024-12-31,sz.002236,002236.SZ,大华股份,C39计算机、通信和其他电子设备制造业,15.0828480000,2025-01-31 00:00:00,-0.0531250000,-0.1419271652,1.2465710038,-1.3536448811,3.0296714066,0.4257739793,1.3767893353,21,1.5736752094,15.0000000000,1,1.0000000000,RETAINED,RANK_WITHIN_EXIT_BUFFER,0.0500000000,10,3,0.0500000000
2024-12-31,2024-12-31,sh.601728,601728.SS,中国电信,I63电信、广播电视和卫星传输服务,6.8667326200,2025-01-31 00:00:00,-0.0221606648,0.8840670038,1.2666195405,0.2160394107,0.9671662472,-0.6828495474,1.1383098734,30,1.3748199417,21.0000000000,1,1.0000000000,RETAINED,RANK_WITHIN_EXIT_BUFFER,0.0500000000,11,1,0.0500000000
2024-12-31,2024-12-31,sh.600089,600089.SS,特变电工,C38电气机械和器材制造业,12.2801879200,2025-01-31 00:00:00,-0.0612244898,0.2369176247,1.6135390764,-0.9482100535,1.6772520912,-1.3943681612,0.5088736823,87,1.3496392334,22.0000000000,1,1.0000000000,RETAINED,RANK_WITHIN_EXIT_BUFFER,0.0500000000,12,2,0.0500000000
2024-12-31,2024-12-31,sz.002001,002001.SZ,新和成,C27医药制造业,20.5584055300,2025-01-31 00:00:00,0.0339526608,0.5427137024,1.3818964661,0.9714042499,0.8893573926,-0.4029352401,1.4523572217,20,1.3336566696,23.0000000000,1,1.0000000000,RETAINED,RANK_WITHIN_EXIT_BUFFER,0.0500000000,13,2,0.0500000000
2024-12-31,2024-12-31,sz.300413,300413.SZ,芒果超媒,I64互联网和相关服务,26.1481586800,2025-01-31 00:00:00,0.0330978059,1.7945805729,0.4383076483,-0.3318441531,0.7700466410,-0.1315427770,1.0904360515,34,1.3028096229,25.0000000000,1,1.0000000000,RETAINED,RANK_WITHIN_EXIT_BUFFER,0.0500000000,14,1,0.0500000000
2024-12-31,2024-12-31,sz.002736,002736.SZ,国信证券,J67资本市场服务,10.4000288000,2025-01-31 00:00:00,-0.0776785714,1.0594523839,0.8194030158,0.0729392665,0.9310439785,-0.1756334935,1.1624250358,27,1.2422579846,26.0000000000,1,1.0000000000,RETAINED,RANK_WITHIN_EXIT_BUFFER,0.0500000000,15,1,0.0500000000
2024-12-31,2024-12-31,sz.000651,000651.SZ,格力电器,C38电气机械和器材制造业,39.5652703500,2025-01-31 00:00:00,-0.0123212321,0.0330377417,1.5632300389,0.0989601730,1.2570225197,-0.7245817629,0.9565207421,49,1.2158955245,28.0000000000,1,1.0000000000,RETAINED,RANK_WITHIN_EXIT_BUFFER,0.0500000000,16,3,0.0500000000
2024-12-31,2024-12-31,sh.600362,600362.SS,江西铜业,C32有色金属冶炼和压延加工业,19.5501873600,2025-01-31 00:00:00,0.0222868217,0.9011313535,0.9672668969,0.3890362795,0.8032424065,-0.5765933191,1.0666206757,38,1.1988441440,29.0000000000,1,1.0000000000,RETAINED,RANK_WITHIN_EXIT_BUFFER,0.0500000000,17,1,0.0500000000
2024-12-31,2024-12-31,sz.000425,000425.SZ,徐工机械,C35专用设备制造业,7.5850846500,2025-01-31 00:00:00,-0.0365699874,-0.1994530866,1.0235078768,1.8803104407,1.9579222786,-2.2016383193,1.0565583557,41,1.1940259052,30.0000000000,1,1.0000000000,RETAINED,RANK_WITHIN_EXIT_BUFFER,0.0500000000,18,3,0.0500000000
2024-12-31,2024-12-31,sh.600219,600219.SS,南山铝业,C32有色金属冶炼和压延加工业,3.4818628200,2025-01-31 00:00:00,0.0383631714,0.6404518693,0.8067060333,1.3192838828,0.9996972357,-1.1062641645,1.1421022615,29,1.1322167738,32.0000000000,1,1.0000000000,RETAINED,RANK_WITHIN_EXIT_BUFFER,0.0500000000,19,2,0.0500000000
2024-12-31,2024-12-31,sh.600941,600941.SS,中国移动,I63电信、广播电视和卫星传输服务,110.7393156800,2025-01-31 00:00:00,-0.0608496953,-0.2434906178,1.8295246420,-0.1026235816,0.6952398764,-1.1389975102,0.4464081538,92,0.9594201230,39.0000000000,1,1.0000000000,RETAINED,RANK_WITHIN_EXIT_BUFFER,0.0500000000,20,2,0.0500000000
2025-01-31,2025-01-27,sh.600406,600406.SS,国电南瑞,I65软件和信息技术服务业,22.0418846800,2025-02-28 00:00:00,0.0160311958,1.8948642232,2.6966196802,-1.0946067886,2.3149309627,1.0947528614,3.0951716260,1,2.9950078732,1.0000000000,1,1.0000000000,RETAINED,RANK_WITHIN_EXIT_BUFFER,0.0500000000,1,1,0.0500000000
2025-01-31,2025-01-27,sh.600875,600875.SS,东方电气,C34通用设备制造业,14.3466691600,2025-02-28 00:00:00,-0.0207774799,2.2850332676,1.5614496849,0.7891023010,1.8582061353,0.3449987600,3.0648001823,2,2.6187691868,2.0000000000,1,1.0000000000,RETAINED,RANK_WITHIN_EXIT_BUFFER,0.0500000000,2,1,0.0500000000
2025-01-31,2025-01-27,sz.002236,002236.SZ,大华股份,C39计算机、通信和其他电子设备制造业,14.2815717000,2025-02-28 00:00:00,0.0851485149,0.7093396631,1.9088212174,-1.3442824273,3.1198903567,-0.3784102451,1.7994808137,8,2.2380798167,5.0000000000,1,1.0000000000,RETAINED,RANK_WITHIN_EXIT_BUFFER,0.0500000000,3,1,0.0500000000
2025-01-31,2025-01-27,sh.688396,688396.SS,华润微,C39计算机、通信和其他电子设备制造业,45.4786692200,2025-02-28 00:00:00,0.0309278351,2.5377549524,2.3602343256,-1.1011560483,-0.0700613850,0.3211964366,1.8140948409,7,2.2275381523,6.0000000000,1,1.0000000000,RETAINED,RANK_WITHIN_EXIT_BUFFER,0.0500000000,4,2,0.0500000000
2025-01-31,2025-01-27,sh.600741,600741.SS,华域汽车,C36汽车制造业,15.1453680000,2025-02-28 00:00:00,0.0833333333,1.2270846084,1.2371760806,-0.3790540832,2.6972676187,-0.6261212299,1.8626673927,6,2.0885316921,8.0000000000,1,1.0000000000,RETAINED,RANK_WITHIN_EXIT_BUFFER,0.0500000000,5,1,0.0500000000
2025-01-31,2025-01-27,sz.300413,300413.SZ,芒果超媒,I64互联网和相关服务,27.0136053600,2025-02-28 00:00:00,-0.0820734341,2.2323126396,1.4820244860,0.3344690168,0.6876182332,-0.0948767839,2.0801070944,3,2.0594746595,10.0000000000,1,1.0000000000,RETAINED,RANK_WITHIN_EXIT_BUFFER,0.0500000000,6,1,0.0500000000
2025-01-31,2025-01-27,sh.600845,600845.SS,宝信软件,I65软件和信息技术服务业,27.9317540800,2025-02-28 00:00:00,0.1319252078,1.2981118073,1.9445175706,-2.2463777708,1.2034867200,-0.2782816530,0.8610997906,49,1.7454791467,11.0000000000,1,1.0000000000,NEW_ENTRY,RANK_WITHIN_ENTRY_LIMIT,0.0500000000,7,2,0.0500000000
2025-01-31,2025-01-27,sh.600089,600089.SS,特变电工,C38电气机械和器材制造业,11.5283396800,2025-02-28 00:00:00,0.0091973244,0.3695008866,1.7782181915,-0.5810398695,1.7009058003,-0.5178616438,1.2322870694,27,1.5776058322,13.0000000000,1,1.0000000000,RETAINED,RANK_WITHIN_EXIT_BUFFER,0.0500000000,8,1,0.0500000000
2025-01-31,2025-01-27,sh.601877,601877.SS,正泰电器,C38电气机械和器材制造业,21.0800503200,2025-02-28 00:00:00,0.0565099458,0.8544584126,1.4025465084,0.3890430384,1.3836064120,-1.3138353917,1.2170928371,29,1.5696665132,14.0000000000,1,1.0000000000,RETAINED,RANK_WITHIN_EXIT_BUFFER,0.0500000000,9,2,0.0500000000
2025-01-31,2025-01-27,sh.600585,600585.SS,海螺水泥,C30非金属矿物制品业,23.0102394000,2025-02-28 00:00:00,-0.0658634538,1.0259683147,1.3850555580,-0.2836096201,1.1873586451,-0.2083827942,1.3921270792,22,1.5534636013,15.0000000000,1,1.0000000000,NEW_ENTRY,RANK_WITHIN_ENTRY_LIMIT,0.0500000000,10,1,0.0500000000
2025-01-31,2025-01-27,sz.002555,002555.SZ,三七互娱,I64互联网和相关服务,13.5256925200,2025-02-28 00:00:00,0.0147948890,0.9273398029,1.6926556737,-0.7106206436,0.6804824498,1.4221026715,1.7979577282,9,1.5128984520,16.0000000000,1,1.0000000000,NEW_ENTRY,RANK_WITHIN_ENTRY_LIMIT,0.0500000000,11,2,0.0500000000
2025-01-31,2025-01-27,sz.000800,000800.SZ,一汽解放,C36汽车制造业,7.7533476600,2025-02-28 00:00:00,0.0139949109,1.7436707154,1.5583260915,-0.6265903768,-0.1582796184,0.4414252855,1.3258735551,23,1.4848605399,17.0000000000,1,1.0000000000,NEW_ENTRY,RANK_WITHIN_ENTRY_LIMIT,0.0500000000,12,2,0.0500000000
2025-01-31,2025-01-27,sh.600018,600018.SS,上港集团,G55水上运输业,5.5704891200,2025-02-28 00:00:00,-0.0608108108,1.6910523146,1.2347696150,-0.3424727906,0.3996552237,-1.0385102722,0.8714239966,48,1.4571912685,18.0000000000,1,1.0000000000,NEW_ENTRY,RANK_WITHIN_ENTRY_LIMIT,0.0500000000,13,1,0.0500000000
2025-01-31,2025-01-27,sh.600332,600332.SS,白云山,C27医药制造业,25.5536550000,2025-02-28 00:00:00,-0.0115241636,0.5020857321,1.0076350472,0.1820033986,1.7435954897,0.0611533975,1.5669425519,15,1.3869891365,20.0000000000,1,1.0000000000,RETAINED,RANK_WITHIN_EXIT_BUFFER,0.0500000000,14,1,0.0500000000
2025-01-31,2025-01-27,sz.000725,000725.SZ,京东方A,C39计算机、通信和其他电子设备制造业,4.3645916800,2025-02-28 00:00:00,-0.0336322870,-0.1313480601,2.0227281912,-1.4524563797,1.5918449456,-0.5975927755,0.6422770300,69,1.3251090530,23.0000000000,1,1.0000000000,RETAINED,RANK_WITHIN_EXIT_BUFFER,0.0500000000,15,3,0.0500000000
2025-01-31,2025-01-27,sz.000157,000157.SZ,中联重科,C35专用设备制造业,6.6967459200,2025-02-28 00:00:00,0.0928961749,0.0795684647,0.8544125186,0.0588424586,2.2287507794,-0.7885121769,1.0903754663,35,1.2316457439,25.0000000000,1,1.0000000000,RETAINED,RANK_WITHIN_EXIT_BUFFER,0.0500000000,16,1,0.0500000000
2025-01-31,2025-01-27,sz.000425,000425.SZ,徐工机械,C35专用设备制造业,7.3076982000,2025-02-28 00:00:00,0.1531413613,0.0210922740,0.7120016048,1.2013616524,1.9385859012,-0.2229697027,1.6357777120,13,1.1827062918,28.0000000000,1,1.0000000000,RETAINED,RANK_WITHIN_EXIT_BUFFER,0.0500000000,17,2,0.0500000000
2025-01-31,2025-01-27,sh.600219,600219.SS,南山铝业,C32有色金属冶炼和压延加工业,3.6154381200,2025-02-28 00:00:00,-0.0837438424,0.4728681015,0.8935820226,1.2730184491,0.9774323752,-0.4769096887,1.4071854196,20,1.1316726747,33.0000000000,1,1.0000000000,RETAINED,RANK_WITHIN_EXIT_BUFFER,0.0500000000,18,1,0.0500000000
2025-01-31,2025-01-27,sh.601728,601728.SS,中国电信,I63电信、广播电视和卫星传输服务,6.7145612600,2025-02-28 00:00:00,0.0977337110,0.4578602883,1.0951045242,0.2775718036,0.8808222609,-0.6512651068,0.9232299317,47,1.0716928842,37.0000000000,1,1.0000000000,RETAINED,RANK_WITHIN_EXIT_BUFFER,0.0500000000,19,1,0.0500000000
2025-01-31,2025-01-27,sh.600362,600362.SS,江西铜业,C32有色金属冶炼和压延加工业,19.9858989000,2025-02-28 00:00:00,-0.0180094787,0.5030574029,1.0377890693,0.4508881841,0.8160353517,-1.0020218243,0.8092450919,54,1.0421095988,39.0000000000,1,1.0000000000,RETAINED,RANK_WITHIN_EXIT_BUFFER,0.0500000000,20,2,0.0500000000
2025-02-28,2025-02-28,sh.600406,600406.SS,国电南瑞,I65软件和信息技术服务业,22.3952424500,2025-03-31 00:00:00,-0.0660980810,2.5523551798,3.8288582287,-1.4284026810,2.3559600984,-2.1148213100,2.2853182464,3,3.7222424760,1.0000000000,1,1.0000000000,RETAINED,RANK_WITHIN_EXIT_BUFFER,0.0500000000,1,1,0.0500000000
2025-02-28,2025-02-28,sz.000725,000725.SZ,京东方A,C39计算机、通信和其他电子设备制造业,4.2178004800,2025-03-31 00:00:00,-0.0371229698,1.7088209142,3.2070978258,-1.5226381112,1.7477787443,-0.6794986530,1.9630699316,5,2.8728122705,2.0000000000,1,1.0000000000,RETAINED,RANK_WITHIN_EXIT_BUFFER,0.0500000000,2,1,0.0500000000
2025-02-28,2025-02-28,sz.300413,300413.SZ,芒果超媒,I64互联网和相关服务,24.7965060000,2025-03-31 00:00:00,0.0843137255,2.6721245308,1.3460862135,0.2860931160,0.7639965912,-0.6120323828,1.9607411849,6,2.2255991274,3.0000000000,1,1.0000000000,RETAINED,RANK_WITHIN_EXIT_BUFFER,0.0500000000,3,1,0.0500000000
2025-02-28,2025-02-28,sh.600875,600875.SS,东方电气,C34通用设备制造业,14.0485815300,2025-03-31 00:00:00,0.0246406571,1.1617738929,1.7692858057,-0.3401887228,2.0106911320,-1.0389756435,1.5675246412,15,2.0659199255,5.0000000000,1,1.0000000000,RETAINED,RANK_WITHIN_EXIT_BUFFER,0.0500000000,4,1,0.0500000000
2025-02-28,2025-02-28,sh.600089,600089.SS,特变电工,C38电气机械和器材制造业,11.6343695600,2025-03-31 00:00:00,-0.0041425021,0.8255486878,1.8596748109,-0.8779892785,1.8515096762,0.7541469102,1.9416553528,7,1.9626148843,8.0000000000,1,1.0000000000,RETAINED,RANK_WITHIN_EXIT_BUFFER,0.0500000000,5,1,0.0500000000
2025-02-28,2025-02-28,sz.002236,002236.SZ,大华股份,C39计算机、通信和其他电子设备制造业,15.4976263200,2025-03-31 00:00:00,0.0352798054,0.0750472822,1.8696184863,-1.9679828297,2.8663058076,0.1355405676,1.3105416924,20,1.8267402505,10.0000000000,1,1.0000000000,RETAINED,RANK_WITHIN_EXIT_BUFFER,0.0500000000,6,2,0.0500000000
2025-02-28,2025-02-28,sh.688396,688396.SS,华润微,C39计算机、通信和其他电子设备制造业,46.8852260000,2025-03-31 00:00:00,-0.0468085106,1.8768359608,1.9013493312,-1.2065628704,-0.1771879670,-0.4250195531,0.8665351474,48,1.6588427676,13.0000000000,1,1.0000000000,RETAINED,RANK_WITHIN_EXIT_BUFFER,0.0500000000,7,3,0.0500000000
2025-02-28,2025-02-28,sh.600332,600332.SS,白云山,C27医药制造业,25.2591705000,2025-03-31 00:00:00,-0.0048890560,0.6265933103,1.3901196243,-0.1753943701,1.7455813368,-0.1095228160,1.5300328350,16,1.5994093686,14.0000000000,1,1.0000000000,RETAINED,RANK_WITHIN_EXIT_BUFFER,0.0500000000,8,1,0.0500000000
2025-02-28,2025-02-28,sh.600219,600219.SS,南山铝业,C32有色金属冶炼和压延加工业,3.3126674400,2025-03-31 00:00:00,0.0241935484,1.2481092531,0.8753631657,1.0356378784,1.1264554616,0.6431895207,2.1686337801,4,1.5817963258,15.0000000000,1,1.0000000000,RETAINED,RANK_WITHIN_EXIT_BUFFER,0.0500000000,9,1,0.0500000000
2025-02-28,2025-02-28,sh.600741,600741.SS,华域汽车,C36汽车制造业,16.4074820000,2025-03-31 00:00:00,-0.0076923077,0.7681656968,0.9172505150,-0.9061048090,2.4766594442,-1.5093653927,0.7684998288,52,1.5331410444,16.0000000000,1,1.0000000000,RETAINED,RANK_WITHIN_EXIT_BUFFER,0.0500000000,10,1,0.0500000000
2025-02-28,2025-02-28,sz.000800,000800.SZ,一汽解放,C36汽车制造业,7.8618550700,2025-03-31 00:00:00,0.0150564617,1.4521592298,1.6596219035,-1.0072453475,-0.0518999019,0.1138357698,0.9532393770,41,1.4311394531,19.0000000000,1,1.0000000000,RETAINED,RANK_WITHIN_EXIT_BUFFER,0.0500000000,11,2,0.0500000000
2025-02-28,2025-02-28,sz.000651,000651.SZ,格力电器,C38电气机械和器材制造业,35.5608645500,2025-03-31 00:00:00,0.1128518972,0.2013092988,1.3646418496,0.5673323849,1.5263708846,0.5771015240,1.8641566750,8,1.4154411614,20.0000000000,1,1.0000000000,NEW_ENTRY,RANK_WITHIN_ENTRY_LIMIT,0.0500000000,12,2,0.0500000000
2025-02-28,2025-02-28,sz.002304,002304.SZ,洋河股份,C15酒、饮料和精制茶制造业,71.9461924800,2025-03-31 00:00:00,-0.0143485005,0.5219799134,1.1432217773,-0.3395885322,1.2738938755,1.5143552834,1.8100839425,9,1.3504530965,22.0000000000,1,1.0000000000,NEW_ENTRY,RANK_WITHIN_ENTRY_LIMIT,0.0500000000,13,1,0.0500000000
2025-02-28,2025-02-28,sh.601688,601688.SS,华泰证券,J67资本市场服务,16.7024721200,2025-03-31 00:00:00,-0.0537757437,0.7052106712,0.8392263408,0.1676172090,1.5923377928,-0.0549281677,1.4297518673,18,1.3419903993,23.0000000000,1,1.0000000000,NEW_ENTRY,RANK_WITHIN_ENTRY_LIMIT,0.0500000000,14,1,0.0500000000
2025-02-28,2025-02-28,sh.600941,600941.SS,中国移动,I63电信、广播电视和卫星传输服务,100.2052101600,2025-03-31 00:00:00,0.0041152263,0.4872481153,1.6376857914,-0.2628229444,0.9118649240,-0.4601965401,1.0180542075,33,1.3262366312,24.0000000000,1,1.0000000000,NEW_ENTRY,RANK_WITHIN_ENTRY_LIMIT,0.0500000000,15,1,0.0500000000
2025-02-28,2025-02-28,sz.002736,002736.SZ,国信证券,J67资本市场服务,9.6943125600,2025-03-31 00:00:00,-0.0172413793,1.2884288992,0.5028968371,0.6387777089,0.9098581251,0.2566698704,1.5825043027,14,1.2758933100,25.0000000000,1,1.0000000000,NEW_ENTRY,RANK_WITHIN_ENTRY_LIMIT,0.0500000000,16,2,0.0500000000
2025-02-28,2025-02-28,sz.002555,002555.SZ,三七互娱,I64互联网和相关服务,13.7258036400,2025-03-31 00:00:00,-0.0125911199,0.3835457379,1.9594198909,-0.8309307691,0.5207048745,-0.2405540295,0.7885549675,50,1.2602804005,27.0000000000,1,1.0000000000,RETAINED,RANK_WITHIN_EXIT_BUFFER,0.0500000000,17,2,0.0500000000
2025-02-28,2025-02-28,sh.600362,600362.SS,江西铜业,C32有色金属冶炼和压延加工业,19.6259632800,2025-03-31 00:00:00,0.1119691120,0.8983654979,0.7555286982,-0.0431417471,0.8278775707,0.1453881950,1.1369582929,31,1.1147477854,34.0000000000,1,1.0000000000,RETAINED,RANK_WITHIN_EXIT_BUFFER,0.0500000000,18,2,0.0500000000
2025-02-28,2025-02-28,sz.000425,000425.SZ,徐工机械,C35专用设备制造业,8.4268090500,2025-03-31 00:00:00,-0.0215664018,0.3285200586,0.6668252261,0.7674923435,1.7792052771,-1.3773680788,0.9524487797,42,1.1059243267,35.0000000000,1,1.0000000000,RETAINED,RANK_WITHIN_EXIT_BUFFER,0.0500000000,19,1,0.0500000000
2025-02-28,2025-02-28,sh.600585,600585.SS,海螺水泥,C30非金属矿物制品业,21.4947055600,2025-03-31 00:00:00,0.0442820292,0.5035869561,0.3781356550,-0.3165025818,1.7392444565,-0.1178437967,0.9621048768,38,1.0182768508,38.0000000000,1,1.0000000000,RETAINED,RANK_WITHIN_EXIT_BUFFER,0.0500000000,20,1,0.0500000000
2025-03-31,2025-03-31,sh.600406,600406.SS,国电南瑞,I65软件和信息技术服务业,20.9149599000,2025-04-30 00:00:00,0.0114155251,2.0801787988,3.5941456805,-2.1040251615,2.4416661166,-0.5354228664,2.4203080356,2,3.4847299395,1.0000000000,1,1.0000000000,RETAINED,RANK_WITHIN_EXIT_BUFFER,0.0500000000,1,1,0.0500000000
2025-03-31,2025-03-31,sz.000725,000725.SZ,京东方A,C39计算机、通信和其他电子设备制造业,4.0612232000,2025-04-30 00:00:00,-0.0746987952,1.5450300772,2.6860593056,-1.1728900140,1.7279211524,0.0843710780,2.1524693378,4,2.6337239320,2.0000000000,1,1.0000000000,RETAINED,RANK_WITHIN_EXIT_BUFFER,0.0500000000,2,1,0.0500000000
2025-03-31,2025-03-31,sh.600741,600741.SS,华域汽车,C36汽车制造业,16.2812706000,2025-04-30 00:00:00,-0.0143964563,1.2538770274,1.7950306846,-0.1809027993,2.3848833396,-0.1525661654,2.2540408255,3,2.3267795446,3.0000000000,1,1.0000000000,RETAINED,RANK_WITHIN_EXIT_BUFFER,0.0500000000,3,1,0.0500000000
2025-03-31,2025-03-31,sz.002938,002938.SZ,鹏鼎控股,C39计算机、通信和其他电子设备制造业,34.7777540400,2025-04-30 00:00:00,-0.2125137817,1.8839478202,1.2682423555,2.3555572859,1.0313182848,-0.2411126081,2.7833229449,1,2.0975771156,4.0000000000,1,1.0000000000,NEW_ENTRY,RANK_WITHIN_ENTRY_LIMIT,0.0500000000,4,2,0.0500000000
2025-03-31,2025-03-31,sh.600875,600875.SS,东方电气,C34通用设备制造业,14.3947478100,2025-04-30 00:00:00,0.0160320641,0.7472605387,2.2032475569,-0.7512775315,1.9702884843,-0.8628966191,1.4613316224,14,2.0407326546,5.0000000000,1,1.0000000000,RETAINED,RANK_WITHIN_EXIT_BUFFER,0.0500000000,5,1,0.0500000000
2025-03-31,2025-03-31,sh.688396,688396.SS,华润微,C39计算机、通信和其他电子设备制造业,44.6905984000,2025-04-30 00:00:00,0.0283482143,1.9428865141,2.3409732711,-0.4358337291,-0.2042062616,-0.5888935006,1.3500968112,20,1.9960473656,6.0000000000,1,1.0000000000,RETAINED,RANK_WITHIN_EXIT_BUFFER,0.0500000000,6,3,0.0500000000
2025-03-31,2025-03-31,sh.600219,600219.SS,南山铝业,C32有色金属冶炼和压延加工业,3.3928126200,2025-04-30 00:00:00,-0.0419947507,1.5984917037,0.9696178189,0.7394629871,1.2173619071,-0.6318181684,1.7205272163,9,1.7133573646,9.0000000000,1,1.0000000000,RETAINED,RANK_WITHIN_EXIT_BUFFER,0.0500000000,7,1,0.0500000000
2025-03-31,2025-03-31,sh.600089,600089.SS,特变电工,C38电气机械和器材制造业,11.5861741600,2025-04-30 00:00:00,-0.0407653910,0.0528704911,1.8262614209,-0.9591031809,1.8495593136,0.4424339253,1.4195238123,16,1.5459132764,11.0000000000,1,1.0000000000,RETAINED,RANK_WITHIN_EXIT_BUFFER,0.0500000000,8,1,0.0500000000
2025-03-31,2025-03-31,sz.000800,000800.SZ,一汽解放,C36汽车制造业,7.9802267900,2025-04-30 00:00:00,-0.1100123609,1.3136436077,2.1366487454,-0.7025904051,-0.3565650111,-0.3630457433,0.8962964045,50,1.5243928899,12.0000000000,1,1.0000000000,RETAINED,RANK_WITHIN_EXIT_BUFFER,0.0500000000,9,2,0.0500000000
2025-03-31,2025-03-31,sh.688009,688009.SS,中国通号,C37铁路、船舶、航空航天和其他运输设备制造业,5.2870879600,2025-04-30 00:00:00,-0.0959147425,1.4419924401,0.8000908130,0.5935671819,1.3702090589,-1.6032433170,1.1502024805,32,1.5188955877,13.0000000000,1,1.0000000000,NEW_ENTRY,RANK_WITHIN_ENTRY_LIMIT,0.0500000000,10,1,0.0500000000
2025-03-31,2025-03-31,sz.002304,002304.SZ,洋河股份,C15酒、饮料和精制茶制造业,70.9138725000,2025-04-30 00:00:00,-0.1003278689,0.2618840155,1.7154277294,-0.4206744545,1.3854331833,0.3392712603,1.4501590497,15,1.4676045345,14.0000000000,1,1.0000000000,RETAINED,RANK_WITHIN_EXIT_BUFFER,0.0500000000,11,1,0.0500000000
2025-03-31,2025-03-31,sh.601607,601607.SS,上海医药,F52零售业,17.7740349500,2025-04-30 00:00:00,-0.0318059299,0.8335738281,1.1208550903,0.1861277583,0.8096615548,1.8865082398,2.1375471475,5,1.4148173427,16.0000000000,1,1.0000000000,NEW_ENTRY,RANK_WITHIN_ENTRY_LIMIT,0.0500000000,12,1,0.0500000000
2025-03-31,2025-03-31,sh.601377,601377.SS,兴业证券,J67资本市场服务,5.6606995200,2025-04-30 00:00:00,-0.0170068027,1.3058927883,1.3428397087,-0.3257680182,0.3888182373,-0.3468880115,1.0451436441,38,1.4080796702,17.0000000000,1,1.0000000000,NEW_ENTRY,RANK_WITHIN_ENTRY_LIMIT,0.0500000000,13,1,0.0500000000
2025-03-31,2025-03-31,sz.000425,000425.SZ,徐工机械,C35专用设备制造业,8.2450731000,2025-04-30 00:00:00,0.0220417633,0.2254627349,1.0686604611,1.6747602950,1.7850457546,-0.0763646276,2.0672070182,7,1.3946418158,18.0000000000,1,1.0000000000,RETAINED,RANK_WITHIN_EXIT_BUFFER,0.0500000000,14,1,0.0500000000
2025-03-31,2025-03-31,sh.600332,600332.SS,白云山,C27医药制造业,25.1356770000,2025-04-30 00:00:00,-0.0011337868,0.2159859044,1.3365302730,-0.0181984835,1.6093155585,0.6726410160,1.6865676041,10,1.3874474799,19.0000000000,1,1.0000000000,RETAINED,RANK_WITHIN_EXIT_BUFFER,0.0500000000,15,1,0.0500000000
2025-03-31,2025-03-31,sz.002736,002736.SZ,国信证券,J67资本市场服务,9.5271692400,2025-04-30 00:00:00,0.0594541910,1.5563307125,0.4982528138,0.2986212940,0.8539277809,-0.3684223083,1.2545421217,22,1.3137483445,21.0000000000,1,1.0000000000,RETAINED,RANK_WITHIN_EXIT_BUFFER,0.0500000000,16,2,0.0500000000
2025-03-31,2025-03-31,sz.300413,300413.SZ,芒果超媒,I64互联网和相关服务,26.8871918000,2025-04-30 00:00:00,-0.1779385172,2.2912418576,0.1681957052,0.3405240531,0.6302673075,-2.2847629472,0.5062282402,84,1.2936363597,22.0000000000,1,1.0000000000,RETAINED,RANK_WITHIN_EXIT_BUFFER,0.0500000000,17,1,0.0500000000
2025-03-31,2025-03-31,sh.600999,600999.SS,招商证券,J67资本市场服务,16.9002828900,2025-04-30 00:00:00,-0.0742824986,1.2244762488,0.7449142354,0.5879779409,0.7380515784,-0.1812531598,1.3762776318,18,1.2706672939,23.0000000000,1,1.0000000000,NEW_ENTRY,RANK_WITHIN_ENTRY_LIMIT,0.0500000000,18,3,0.0500000000
2025-03-31,2025-03-31,sz.000157,000157.SZ,中联重科,C35专用设备制造业,6.8797171200,2025-04-30 00:00:00,-0.0252659574,0.0661894603,0.7723213191,-0.0668614728,2.2180092626,1.0147656808,1.7697187724,8,1.2604394771,25.0000000000,1,1.0000000000,NEW_ENTRY,RANK_WITHIN_ENTRY_LIMIT,0.0500000000,19,2,0.0500000000
2025-03-31,2025-03-31,sh.600585,600585.SS,海螺水泥,C30非金属矿物制品业,22.4465347400,2025-04-30 00:00:00,-0.0086455331,0.4736327025,0.5165906930,-0.1761277319,1.8386237040,0.0636299577,1.2004658081,25,1.1221565417,30.0000000000,1,1.0000000000,RETAINED,RANK_WITHIN_EXIT_BUFFER,0.0500000000,20,1,0.0500000000
2025-04-30,2025-04-30,sz.002179,002179.SZ,中航光电,C39计算机、通信和其他电子设备制造业,39.2595501000,2025-05-31 00:00:00,-0.0347034211,1.4750257084,2.8539393260,-0.0775711116,0.2932175790,0.1588031695,2.1966312093,2,2.4799839168,1.0000000000,1,1.0000000000,NEW_ENTRY,RANK_WITHIN_ENTRY_LIMIT,0.0500000000,1,1,0.0500000000
2025-04-30,2025-04-30,sh.600406,600406.SS,国电南瑞,I65软件和信息技术服务业,21.1537151500,2025-05-31 00:00:00,0.0018058691,0.9364336153,2.0265416685,-2.3217153373,2.5357237492,1.0580991155,1.9779066333,4,2.3335512710,3.0000000000,1,1.0000000000,RETAINED,RANK_WITHIN_EXIT_BUFFER,0.0500000000,2,1,0.0500000000
2025-04-30,2025-04-30,sz.000725,000725.SZ,京东方A,C39计算机、通信和其他电子设备制造业,3.7578547200,2025-05-31 00:00:00,-0.0104166667,0.9575185069,1.5709930175,-1.5447125307,1.8427724203,-0.0460368186,1.2985903855,21,1.8486060284,7.0000000000,1,1.0000000000,RETAINED,RANK_WITHIN_EXIT_BUFFER,0.0500000000,3,2,0.0500000000
2025-04-30,2025-04-30,sh.600741,600741.SS,华域汽车,C36汽车制造业,16.0468780000,2025-05-31 00:00:00,0.0168539326,0.8235856084,1.5180866114,-0.1497054710,2.1515377377,-2.9013725087,0.6735175042,66,1.7603247183,8.0000000000,1,1.0000000000,RETAINED,RANK_WITHIN_EXIT_BUFFER,0.0500000000,4,1,0.0500000000
2025-04-30,2025-04-30,sh.600875,600875.SS,东方电气,C34通用设备制造业,14.6255253300,2025-05-31 00:00:00,0.0493096647,0.6716312552,1.4777344049,-1.3147978510,1.6499161328,0.4198688669,1.3564170860,19,1.6380770167,9.0000000000,1,1.0000000000,RETAINED,RANK_WITHIN_EXIT_BUFFER,0.0500000000,5,1,0.0500000000
2025-04-30,2025-04-30,sz.000895,000895.SZ,双汇发展,C13农副食品加工业,23.6727966000,2025-05-31 00:00:00,-0.0252201761,2.1341793668,0.7284520607,-0.2798993666,-0.0912365844,1.5814920754,1.9022034409,5,1.6322132785,10.0000000000,1,1.0000000000,NEW_ENTRY,RANK_WITHIN_ENTRY_LIMIT,0.0500000000,6,1,0.0500000000
2025-04-30,2025-04-30,sh.600346,600346.SS,恒力石化,C26化学原料和化学制品制造业,14.5099806500,2025-05-31 00:00:00,-0.0091563113,0.7669966429,1.6043346021,0.1279112112,0.6165290354,0.7718168397,1.8156166221,8,1.5865202774,11.0000000000,1,1.0000000000,NEW_ENTRY,RANK_WITHIN_ENTRY_LIMIT,0.0500000000,7,1,0.0500000000
2025-04-30,2025-04-30,sh.600332,600332.SS,白云山,C27医药制造业,25.1071785000,2025-05-31 00:00:00,0.0227014756,0.9438845731,0.8299266299,-0.4667393915,1.7029908801,-0.7135922839,1.0725183556,33,1.4410588390,13.0000000000,1,1.0000000000,RETAINED,RANK_WITHIN_EXIT_BUFFER,0.0500000000,8,1,0.0500000000
2025-04-30,2025-04-30,sz.002252,002252.SZ,上海莱士,C27医药制造业,6.6165565400,2025-05-31 00:00:00,0.0149031297,0.4411384602,1.4008626293,-0.2599356943,1.1385201594,-0.1342240672,1.2079059064,26,1.3599372929,15.0000000000,1,1.0000000000,NEW_ENTRY,RANK_WITHIN_ENTRY_LIMIT,0.0500000000,9,2,0.0500000000
2025-04-30,2025-04-30,sh.600845,600845.SS,宝信软件,I65软件和信息技术服务业,25.9297204600,2025-05-31 00:00:00,-0.0645281611,1.5506203771,0.4469391212,-1.8543477695,1.2621087488,-0.2585161847,0.5355909009,82,1.3059129347,17.0000000000,1,1.0000000000,NEW_ENTRY,RANK_WITHIN_ENTRY_LIMIT,0.0500000000,10,2,0.0500000000
2025-04-30,2025-04-30,sh.601877,601877.SS,正泰电器,C38电气机械和器材制造业,21.2229982200,2025-05-31 00:00:00,-0.0161652447,0.7936381363,0.7413971420,1.0508737016,1.1049743515,-0.2493414992,1.6072999566,14,1.3014808534,19.0000000000,1,1.0000000000,NEW_ENTRY,RANK_WITHIN_ENTRY_LIMIT,0.0500000000,11,1,0.0500000000
2025-04-30,2025-04-30,sz.000538,000538.SZ,云南白药,C27医药制造业,54.6344346000,2025-05-31 00:00:00,-0.0137943077,0.6754916740,1.2047578003,0.1134602502,0.5418289669,-0.5034780806,0.9490313036,44,1.1853925407,21.0000000000,1,1.0000000000,NEW_ENTRY,RANK_WITHIN_ENTRY_LIMIT,0.0500000000,12,3,0.0500000000
2025-04-30,2025-04-30,sh.603260,603260.SS,合盛硅业,C26化学原料和化学制品制造业,50.6154113500,2025-05-31 00:00:00,-0.0407443683,1.0370776338,1.0715827401,0.7707876261,-0.5733712236,1.5829563998,1.8162914066,7,1.1691998777,22.0000000000,1,1.0000000000,NEW_ENTRY,RANK_WITHIN_ENTRY_LIMIT,0.0500000000,13,2,0.0500000000
2025-04-30,2025-04-30,sh.603195,603195.SS,公牛集团,C38电气机械和器材制造业,46.9777090800,2025-05-31 00:00:00,-0.0058972199,1.2123098688,1.8282866350,-0.2654485139,-1.4068806614,-0.0430183443,0.6189297526,69,1.1606055067,24.0000000000,1,1.0000000000,NEW_ENTRY,RANK_WITHIN_ENTRY_LIMIT,0.0500000000,14,2,0.0500000000
2025-04-30,2025-04-30,sh.600089,600089.SS,特变电工,C38电气机械和器材制造业,11.1138592400,2025-05-31 00:00:00,0.0069384215,0.1692140273,1.4015316835,-0.8708875876,1.1144032198,0.0821925705,0.8856990388,48,1.1594129828,25.0000000000,1,1.0000000000,RETAINED,RANK_WITHIN_EXIT_BUFFER,0.0500000000,15,3,0.0500000000
2025-04-30,2025-04-30,sh.600426,600426.SS,华鲁恒升,C26化学原料和化学制品制造业,15.1634720800,2025-05-31 00:00:00,0.0210887690,0.4261145585,0.8186906447,-0.3971478188,1.0268992772,0.5798044434,1.1462578953,28,1.0373829208,29.0000000000,1,1.0000000000,NEW_ENTRY,RANK_WITHIN_ENTRY_LIMIT,0.0500000000,16,3,0.0500000000
2025-04-30,2025-04-30,sh.600999,600999.SS,招商证券,J67资本市场服务,15.6448876500,2025-05-31 00:00:00,-0.0164133739,0.8420114324,0.4832813358,0.2170905602,0.6299314444,0.9183894485,1.4434486061,17,1.0349038699,30.0000000000,1,1.0000000000,RETAINED,RANK_WITHIN_EXIT_BUFFER,0.0500000000,17,1,0.0500000000
2025-04-30,2025-04-30,sz.000157,000157.SZ,中联重科,C35专用设备制造业,6.7058944800,2025-05-31 00:00:00,-0.0272851296,0.5985274498,-0.0858135080,-0.9633241950,2.3374265032,0.7407856056,1.2271663558,25,1.0311517798,32.0000000000,1,1.0000000000,RETAINED,RANK_WITHIN_EXIT_BUFFER,0.0500000000,18,1,0.0500000000
2025-04-30,2025-04-30,sh.688396,688396.SS,华润微,C39计算机、通信和其他电子设备制造业,45.9574970600,2025-05-31 00:00:00,0.0338615151,2.1010150895,0.0946687747,-0.6133223256,-0.5155214779,0.6662488882,0.8094028572,53,1.0121990698,33.0000000000,1,1.0000000000,RETAINED,RANK_WITHIN_EXIT_BUFFER,0.0500000000,19,3,0.0500000000
2025-04-30,2025-04-30,sh.600219,600219.SS,南山铝业,C32有色金属冶炼和压延加工业,3.2503323000,2025-05-31 00:00:00,0.0529408024,1.1354289953,0.0120245868,0.6091087806,1.2407067943,-1.7500616579,0.5824821132,72,0.9632265635,39.0000000000,1,1.0000000000,RETAINED,RANK_WITHIN_EXIT_BUFFER,0.0500000000,20,1,0.0500000000
2025-05-31,2025-05-30,sh.600406,600406.SS,国电南瑞,I65软件和信息技术服务业,21.1919159900,2025-06-30 00:00:00,0.0293878463,1.4922931226,2.3511760828,-1.9065367210,2.4571812695,0.3524231829,1.9011071690,6,2.4704531153,1.0000000000,1,1.0000000000,RETAINED,RANK_WITHIN_EXIT_BUFFER,0.0500000000,1,1,0.0500000000
2025-05-31,2025-05-30,sh.601877,601877.SS,正泰电器,C38电气机械和器材制造业,20.8799232600,2025-06-30 00:00:00,0.0629196455,1.5191324364,1.6069676796,1.1360797686,1.1659982341,-0.2968173764,2.0552387612,3,2.0256162186,2.0000000000,1,1.0000000000,RETAINED,RANK_WITHIN_EXIT_BUFFER,0.0500000000,2,1,0.0500000000
2025-05-31,2025-05-30,sz.000725,000725.SZ,京东方A,C39计算机、通信和其他电子设备制造业,3.7187104000,2025-06-30 00:00:00,0.0633582599,1.1313894857,1.7731739305,-1.4847636992,1.8535760967,-0.0980755251,1.2717874574,21,1.8420496927,3.0000000000,1,1.0000000000,RETAINED,RANK_WITHIN_EXIT_BUFFER,0.0500000000,3,1,0.0500000000
2025-05-31,2025-05-30,sh.600741,600741.SS,华域汽车,C36汽车制造业,16.3173310000,2025-06-30 00:00:00,-0.0248618785,0.9977488858,1.2387023244,0.2032201036,2.1008955988,0.2060793310,1.9011509491,5,1.7836831399,4.0000000000,1,1.0000000000,RETAINED,RANK_WITHIN_EXIT_BUFFER,0.0500000000,4,1,0.0500000000
2025-05-31,2025-05-30,sh.600089,600089.SS,特变电工,C38电气机械和器材制造业,11.1909718800,2025-06-30 00:00:00,0.0275624462,1.0288971546,2.0506912529,-0.5261918502,1.1179850716,-0.7340017316,1.1764943695,26,1.7830777869,5.0000000000,1,1.0000000000,RETAINED,RANK_WITHIN_EXIT_BUFFER,0.0500000000,5,2,0.0500000000
2025-05-31,2025-05-30,sh.601766,601766.SS,中国中车,C37铁路、船舶、航空航天和其他运输设备制造业,6.7604904000,2025-06-30 00:00:00,-0.0222222222,1.4258181518,1.0872874225,-0.0731366268,1.6650536156,0.5267092669,1.8551248424,8,1.7762523053,6.0000000000,1,1.0000000000,NEW_ENTRY,RANK_WITHIN_ENTRY_LIMIT,0.0500000000,6,1,0.0500000000
2025-05-31,2025-05-30,sh.603195,603195.SS,公牛集团,C38电气机械和器材制造业,46.7006712000,2025-06-30 00:00:00,-0.0138998902,1.9389679835,2.4701570012,-0.4842841555,-1.3525619478,0.3437455400,1.1679409655,28,1.7677102476,8.0000000000,1,1.0000000000,RETAINED,RANK_WITHIN_EXIT_BUFFER,0.0500000000,7,3,0.0500000000
2025-05-31,2025-05-30,sh.688187,688187.SS,时代电气,C37铁路、船舶、航空航天和其他运输设备制造业,41.9134794400,2025-06-30 00:00:00,-0.0267001369,1.0169721728,1.1122685025,0.7591398543,1.1616081235,1.4927098825,2.2199898709,2,1.5767405601,12.0000000000,1,1.0000000000,NEW_ENTRY,RANK_WITHIN_ENTRY_LIMIT,0.0500000000,8,2,0.0500000000
2025-05-31,2025-05-30,sh.688009,688009.SS,中国通号,C37铁路、船舶、航空航天和其他运输设备制造业,4.7142418400,2025-06-30 00:00:00,0.0239043825,1.8516421714,0.2325402354,0.1818568224,1.5515126767,0.5652269002,1.7554129083,10,1.5546877858,13.0000000000,1,1.0000000000,NEW_ENTRY,RANK_WITHIN_ENTRY_LIMIT,0.0500000000,9,3,0.0500000000
2025-05-31,2025-05-30,sz.002252,002252.SZ,上海莱士,C27医药制造业,6.7151639400,2025-06-30 00:00:00,0.0088105727,0.4860116261,1.6919817191,0.0979049146,1.2003016639,0.6297243780,1.6445257309,13,1.4970582134,14.0000000000,1,1.0000000000,RETAINED,RANK_WITHIN_EXIT_BUFFER,0.0500000000,10,1,0.0500000000
2025-05-31,2025-05-30,sh.600332,600332.SS,白云山,C27医药制造业,25.6771485000,2025-06-30 00:00:00,-0.0097548612,0.7005294973,1.1755696584,-0.4135917724,1.7483682166,0.5671764481,1.5132046645,17,1.4485578861,16.0000000000,1,1.0000000000,RETAINED,RANK_WITHIN_EXIT_BUFFER,0.0500000000,11,2,0.0500000000
2025-05-31,2025-05-30,sh.600845,600845.SS,宝信软件,I65软件和信息技术服务业,24.2565232800,2025-06-30 00:00:00,-0.0356828879,1.6354732641,0.7953649603,-2.3056067993,1.3415888754,1.0453077029,1.0061703133,37,1.4164967918,17.0000000000,1,1.0000000000,RETAINED,RANK_WITHIN_EXIT_BUFFER,0.0500000000,12,2,0.0500000000
2025-05-31,2025-05-30,sz.000538,000538.SZ,云南白药,C27医药制造业,53.8807904000,2025-06-30 00:00:00,-0.0122167139,0.5544491733,1.4904691511,0.4132989279,0.6796367181,0.5774986462,1.4880919687,18,1.3058928124,23.0000000000,1,1.0000000000,RETAINED,RANK_WITHIN_EXIT_BUFFER,0.0500000000,13,3,0.0500000000
2025-05-31,2025-05-30,sh.688396,688396.SS,华润微,C39计算机、通信和其他电子设备制造业,47.5136875400,2025-06-30 00:00:00,-0.0085813777,1.8879787341,0.9484853793,0.5859554109,-0.6006177807,-1.6084247368,0.4859879439,81,1.2190241442,27.0000000000,1,1.0000000000,RETAINED,RANK_WITHIN_EXIT_BUFFER,0.0500000000,14,2,0.0500000000
2025-05-31,2025-05-30,sh.600219,600219.SS,南山铝业,C32有色金属冶炼和压延加工业,3.4224075000,2025-06-30 00:00:00,0.0213333333,1.0399171491,0.6782405130,0.2810478776,1.1758171471,-0.7296620304,0.9794283151,39,1.2051503909,28.0000000000,1,1.0000000000,RETAINED,RANK_WITHIN_EXIT_BUFFER,0.0500000000,15,1,0.0500000000
2025-05-31,2025-05-30,sh.600875,600875.SS,东方电气,C34通用设备制造业,15.3467050800,2025-06-30 00:00:00,0.0488721805,0.3404431253,1.3078846036,-1.1049383511,1.4729617622,-1.0112361668,0.4025737725,91,1.0941071039,32.0000000000,1,1.0000000000,RETAINED,RANK_WITHIN_EXIT_BUFFER,0.0500000000,16,1,0.0500000000
2025-05-31,2025-05-30,sh.600346,600346.SS,恒力石化,C26化学原料和化学制品制造业,14.3771227500,2025-06-30 00:00:00,-0.0290844947,0.4986419949,1.1499833808,0.3678717912,0.6221107245,0.3436377850,1.1944642401,25,1.0723008081,34.0000000000,1,1.0000000000,RETAINED,RANK_WITHIN_EXIT_BUFFER,0.0500000000,17,1,0.0500000000
2025-05-31,2025-05-30,sh.600999,600999.SS,招商证券,J67资本市场服务,15.3881022600,2025-06-30 00:00:00,0.0871446230,1.1497264173,0.5233233000,-0.0379348848,0.6942928082,0.3194914670,1.0609505732,32,1.0569288025,35.0000000000,1,1.0000000000,RETAINED,RANK_WITHIN_EXIT_BUFFER,0.0500000000,18,1,0.0500000000
2025-05-31,2025-05-30,sz.002179,002179.SZ,中航光电,C39计算机、通信和其他电子设备制造业,37.8971094000,2025-06-30 00:00:00,0.0507020517,0.1042948306,1.6908847605,-0.0024783722,0.3707299933,0.4317181818,1.0394224639,34,1.0360539325,37.0000000000,1,1.0000000000,RETAINED,RANK_WITHIN_EXIT_BUFFER,0.0500000000,19,3,0.0500000000
2025-05-31,2025-05-30,sz.000157,000157.SZ,中联重科,C35专用设备制造业,6.5229232800,2025-06-30 00:00:00,0.0140252454,0.5310338654,0.1540707550,-0.7767977451,2.3362590488,-0.0659944733,0.8725725425,50,0.9531806298,39.0000000000,1,1.0000000000,RETAINED,RANK_WITHIN_EXIT_BUFFER,0.0500000000,20,1,0.0500000000
2025-06-30,2025-06-30,sh.600406,600406.SS,国电南瑞,I65软件和信息技术服务业,21.8147007600,2025-07-31 00:00:00,-0.0236501562,1.7971685463,2.4954595786,-2.1083369545,2.6266077294,2.0197437010,2.4570038020,1,2.6811609710,1.0000000000,1,1.0000000000,RETAINED,RANK_WITHIN_EXIT_BUFFER,0.0500000000,1,1,0.0500000000
2025-06-30,2025-06-30,sh.600332,600332.SS,白云山,C27医药制造业,25.4266714800,2025-07-31 00:00:00,0.0189681335,1.1733477583,1.7873926949,-0.4250337173,1.6986299101,-0.4843625714,1.3488775650,22,1.8763069263,4.0000000000,1,1.0000000000,RETAINED,RANK_WITHIN_EXIT_BUFFER,0.0500000000,2,1,0.0500000000
2025-06-30,2025-06-30,sh.600845,600845.SS,宝信软件,I65软件和信息技术服务业,23.3909804800,2025-07-31 00:00:00,0.0474174428,2.1315769541,1.2348200098,-2.5667833159,1.6904267711,1.1402304683,1.3058199490,26,1.8668441520,5.0000000000,1,1.0000000000,RETAINED,RANK_WITHIN_EXIT_BUFFER,0.0500000000,3,2,0.0500000000
2025-06-30,2025-06-30,sh.600741,600741.SS,华域汽车,C36汽车制造业,15.9116515000,2025-07-31 00:00:00,0.0402777424,0.8759283525,1.4230168434,0.5047412459,2.1727630635,0.7038889497,2.0432357534,4,1.8441039552,6.0000000000,1,1.0000000000,RETAINED,RANK_WITHIN_EXIT_BUFFER,0.0500000000,4,1,0.0500000000
2025-06-30,2025-06-30,sh.600018,600018.SS,上港集团,G55水上运输业,5.3728873100,2025-07-31 00:00:00,0.0106392032,1.8514456804,1.6274857613,0.5807543252,0.1908244509,-0.5915180564,1.3161510823,24,1.8155869538,7.0000000000,1,1.0000000000,NEW_ENTRY,RANK_WITHIN_ENTRY_LIMIT,0.0500000000,5,1,0.0500000000
2025-06-30,2025-06-30,sh.600089,600089.SS,特变电工,C38电气机械和器材制造业,11.4994224400,2025-07-31 00:00:00,0.1556259029,1.1651390460,1.9346220726,-0.5856489955,1.0571720774,0.6363861042,1.5135123502,17,1.7801838335,8.0000000000,1,1.0000000000,RETAINED,RANK_WITHIN_EXIT_BUFFER,0.0500000000,6,1,0.0500000000
2025-06-30,2025-06-30,sh.601877,601877.SS,正泰电器,C38电气机械和器材制造业,22.1936806300,2025-07-31 00:00:00,0.0035288928,1.4090338824,1.2670517355,0.7944124385,1.1019830853,1.1509582713,2.0587393047,3,1.7718851137,9.0000000000,1,1.0000000000,RETAINED,RANK_WITHIN_EXIT_BUFFER,0.0500000000,7,2,0.0500000000
2025-06-30,2025-06-30,sz.002179,002179.SZ,中航光电,C39计算机、通信和其他电子设备制造业,39.8185706000,2025-07-31 00:00:00,-0.0540138751,1.3749119817,1.8534686734,-0.6817934508,0.6119709414,-0.1210359055,1.0926063811,36,1.6760415307,10.0000000000,1,1.0000000000,RETAINED,RANK_WITHIN_EXIT_BUFFER,0.0500000000,8,1,0.0500000000
2025-06-30,2025-06-30,sz.000725,000725.SZ,京东方A,C39计算机、通信和其他电子设备制造业,3.9543214200,2025-07-31 00:00:00,0.0125313283,0.7940567833,1.5726108163,-1.1942912994,2.0054016106,1.3065101321,1.6130126278,14,1.6421177188,11.0000000000,1,1.0000000000,RETAINED,RANK_WITHIN_EXIT_BUFFER,0.0500000000,9,2,0.0500000000
2025-06-30,2025-06-30,sh.600219,600219.SS,南山铝业,C32有色金属冶炼和压延加工业,3.4954188600,2025-07-31 00:00:00,0.0261096606,1.8572594566,0.6165438100,0.1775485413,1.2813959972,0.6300933741,1.6412684399,12,1.6287808691,12.0000000000,1,1.0000000000,RETAINED,RANK_WITHIN_EXIT_BUFFER,0.0500000000,10,1,0.0500000000
2025-06-30,2025-06-30,sh.600875,600875.SS,东方电气,C34通用设备制造业,16.0967320200,2025-07-31 00:00:00,0.2066905615,0.8764487432,1.5338990226,-0.8068315621,1.4971660984,1.5888287635,1.6868319998,10,1.5746993869,13.0000000000,1,1.0000000000,RETAINED,RANK_WITHIN_EXIT_BUFFER,0.0500000000,11,1,0.0500000000
2025-06-30,2025-06-30,sh.688396,688396.SS,华润微,C39计算机、通信和其他电子设备制造业,47.1059546400,2025-07-31 00:00:00,-0.0112383376,2.0536364418,0.9826969637,0.4567974583,-0.2886752058,0.8937008979,1.4741199075,18,1.4967728957,18.0000000000,1,1.0000000000,RETAINED,RANK_WITHIN_EXIT_BUFFER,0.0500000000,12,3,0.0500000000
2025-06-30,2025-06-30,sz.000538,000538.SZ,云南白药,C27医药制造业,53.2225442000,2025-07-31 00:00:00,0.0051980642,0.7902291049,1.8008272494,0.2051876484,0.6353480030,-0.3278144276,1.1164386363,34,1.4714951297,19.0000000000,1,1.0000000000,RETAINED,RANK_WITHIN_EXIT_BUFFER,0.0500000000,13,2,0.0500000000
2025-06-30,2025-06-30,sh.688009,688009.SS,中国通号,C37铁路、船舶、航空航天和其他运输设备制造业,4.8269328800,2025-07-31 00:00:00,0.0611096295,1.2504798913,0.6275406047,-0.2564057279,1.5963153818,1.7217615494,1.7768227669,7,1.4127631518,23.0000000000,1,1.0000000000,RETAINED,RANK_WITHIN_EXIT_BUFFER,0.0500000000,14,1,0.0500000000
2025-06-30,2025-06-30,sz.002252,002252.SZ,上海莱士,C27医药制造业,6.7743283800,2025-07-31 00:00:00,0.0087394523,0.2931599328,1.8738769605,-0.2597669171,1.0829959872,0.0934389783,1.1092184453,35,1.3504183302,25.0000000000,1,1.0000000000,RETAINED,RANK_WITHIN_EXIT_BUFFER,0.0500000000,15,3,0.0500000000
2025-06-30,2025-06-30,sh.688187,688187.SS,时代电气,C37铁路、船舶、航空航天和其他运输设备制造业,40.7943838000,2025-07-31 00:00:00,0.0253223916,0.9898982461,0.7351939149,0.3664417243,1.3494853277,1.1982252784,1.6687509536,11,1.3246229870,26.0000000000,1,1.0000000000,RETAINED,RANK_WITHIN_EXIT_BUFFER,0.0500000000,16,2,0.0500000000
2025-06-30,2025-06-30,sh.601766,601766.SS,中国中车,C37铁路、船舶、航空航天和其他运输设备制造业,6.6102572800,2025-07-31 00:00:00,0.0497159091,0.5408483325,0.8431663328,0.0479159249,1.8104556971,1.6817538240,1.7712288114,8,1.2683671816,28.0000000000,1,1.0000000000,RETAINED,RANK_WITHIN_EXIT_BUFFER,0.0500000000,17,3,0.0500000000
2025-06-30,2025-06-30,sh.600346,600346.SS,恒力石化,C26化学原料和化学制品制造业,13.9589714000,2025-07-31 00:00:00,0.0834502104,0.5152716180,1.3229320134,0.3156779463,0.7946789103,0.7676283587,1.3367249114,23,1.1997082709,30.0000000000,1,1.0000000000,RETAINED,RANK_WITHIN_EXIT_BUFFER,0.0500000000,18,1,0.0500000000
2025-06-30,2025-06-30,sh.600999,600999.SS,招商证券,J67资本市场服务,16.7290926300,2025-07-31 00:00:00,0.0385968387,1.2042264139,0.8142586167,-0.1738190261,0.6542110099,-0.3056869932,0.7888974048,53,1.1483801082,31.0000000000,1,1.0000000000,RETAINED,RANK_WITHIN_EXIT_BUFFER,0.0500000000,19,1,0.0500000000
2025-06-30,2025-06-30,sz.000157,000157.SZ,中联重科,C35专用设备制造业,6.6144088800,2025-07-31 00:00:00,0.0561021516,0.6626542681,0.5413338512,-0.5264562385,2.0565316795,-0.1107317485,0.9436207707,42,1.1158866449,33.0000000000,1,1.0000000000,RETAINED,RANK_WITHIN_EXIT_BUFFER,0.0500000000,20,1,0.0500000000
2025-07-31,2025-07-31,sh.601877,601877.SS,正泰电器,C38电气机械和器材制造业,22.2719997500,2025-08-31 00:00:00,0.2048351648,1.6289700332,1.9054044540,0.7415280238,1.1354553572,-0.9042418004,1.7258000406,7,2.1624658248,1.0000000000,1,1.0000000000,RETAINED,RANK_WITHIN_EXIT_BUFFER,0.0500000000,1,1,0.0500000000
2025-07-31,2025-07-31,sh.600219,600219.SS,南山铝业,C32有色金属冶炼和压延加工业,3.5866830600,2025-08-31 00:00:00,0.0330788804,2.0175856866,1.2613735694,-0.6883111643,1.4068364604,0.0464951996,1.5484625456,13,2.0080286496,3.0000000000,1,1.0000000000,RETAINED,RANK_WITHIN_EXIT_BUFFER,0.0500000000,2,1,0.0500000000
2025-07-31,2025-07-31,sh.600332,600332.SS,白云山,C27医药制造业,25.9089679800,2025-08-31 00:00:00,-0.0115413254,0.5653143381,2.1900594939,-0.5245756066,1.7686785447,0.2052345432,1.6100075628,10,1.8919763910,4.0000000000,1,1.0000000000,RETAINED,RANK_WITHIN_EXIT_BUFFER,0.0500000000,3,1,0.0500000000
2025-07-31,2025-07-31,sh.600845,600845.SS,宝信软件,I65软件和信息技术服务业,24.5001209600,2025-08-31 00:00:00,0.0234438157,1.7149742668,1.5702385788,-3.2595981894,1.6500896818,1.3665833978,1.1649090503,30,1.8677274509,5.0000000000,1,1.0000000000,RETAINED,RANK_WITHIN_EXIT_BUFFER,0.0500000000,4,1,0.0500000000
2025-07-31,2025-07-31,sz.000725,000725.SZ,京东方A,C39计算机、通信和其他电子设备制造业,4.0038743200,2025-08-31 00:00:00,0.0470297030,0.7713845800,1.6255475462,-1.0884939730,2.2069419518,1.1841128405,1.7994622270,6,1.8298579585,6.0000000000,1,1.0000000000,RETAINED,RANK_WITHIN_EXIT_BUFFER,0.0500000000,5,1,0.0500000000
2025-07-31,2025-07-31,sz.300413,300413.SZ,芒果超媒,I64互联网和相关服务,21.6450698100,2025-08-31 00:00:00,0.1838402179,2.3615409390,1.0995526295,-0.3585520468,0.3374994437,1.3595626080,1.8377951483,4,1.8080079585,7.0000000000,1,1.0000000000,NEW_ENTRY,RANK_WITHIN_ENTRY_LIMIT,0.0500000000,6,1,0.0500000000
2025-07-31,2025-07-31,sz.000708,000708.SZ,中信特钢,C31黑色金属冶炼和压延加工业,12.3517057500,2025-08-31 00:00:00,0.0100541377,1.5187396956,1.1085123242,-0.4297003065,1.3337614601,1.2967701581,1.8487002075,3,1.7213876457,9.0000000000,1,1.0000000000,NEW_ENTRY,RANK_WITHIN_ENTRY_LIMIT,0.0500000000,7,1,0.0500000000
2025-07-31,2025-07-31,sz.002252,002252.SZ,上海莱士,C27医药制造业,6.8335323000,2025-08-31 00:00:00,-0.0028985507,0.7615167615,1.9666822091,-0.6055148597,1.1899966987,0.6166914156,1.5045786805,15,1.6885698557,10.0000000000,1,1.0000000000,RETAINED,RANK_WITHIN_EXIT_BUFFER,0.0500000000,8,2,0.0500000000
2025-07-31,2025-07-31,sh.600019,600019.SS,宝钢股份,C31黑色金属冶炼和压延加工业,6.9837384200,2025-08-31 00:00:00,-0.0558583106,1.1684569305,1.0495625294,-0.4549619345,1.7021131651,0.9665457911,1.6969291159,8,1.6322454325,11.0000000000,1,1.0000000000,NEW_ENTRY,RANK_WITHIN_ENTRY_LIMIT,0.0500000000,9,2,0.0500000000
2025-07-31,2025-07-31,sz.000651,000651.SZ,格力电器,C38电气机械和器材制造业,40.5784425600,2025-08-31 00:00:00,-0.0251406337,0.7622705505,1.4969681042,0.6493117557,1.2435883010,0.0008309718,1.5901954022,11,1.5864568757,12.0000000000,1,1.0000000000,NEW_ENTRY,RANK_WITHIN_ENTRY_LIMIT,0.0500000000,10,2,0.0500000000
2025-07-31,2025-07-31,sh.688009,688009.SS,中国通号,C37铁路、船舶、航空航天和其他运输设备制造业,5.1219049600,2025-08-31 00:00:00,0.0548204159,1.0732764534,0.9456813299,-0.5966915808,1.6334719926,0.7804849556,1.4689113770,16,1.4929357561,13.0000000000,1,1.0000000000,RETAINED,RANK_WITHIN_EXIT_BUFFER,0.0500000000,11,1,0.0500000000
2025-07-31,2025-07-31,sh.601668,601668.SS,中国建筑,E48土木工程建筑业,5.3362310200,2025-08-31 00:00:00,-0.0123674912,0.8951060935,1.5815662945,-0.0793465578,0.8873870762,-0.4679851521,1.0785408673,37,1.4900397836,14.0000000000,1,1.0000000000,NEW_ENTRY,RANK_WITHIN_ENTRY_LIMIT,0.0500000000,12,1,0.0500000000
2025-07-31,2025-07-31,sh.688396,688396.SS,华润微,C39计算机、通信和其他电子设备制造业,46.5765620200,2025-08-31 00:00:00,0.1237400815,1.5347358148,1.2885487016,0.2470116151,-0.0597739222,1.3131882754,1.6555730135,9,1.4226777320,16.0000000000,1,1.0000000000,RETAINED,RANK_WITHIN_EXIT_BUFFER,0.0500000000,13,2,0.0500000000
2025-07-31,2025-07-31,sh.600406,600406.SS,国电南瑞,I65软件和信息技术服务业,21.2987796800,2025-08-31 00:00:00,-0.0059414991,0.2820924450,1.0974061658,-2.7912944119,2.7741048226,1.9812872119,1.2802817652,23,1.3688111795,18.0000000000,1,1.0000000000,RETAINED,RANK_WITHIN_EXIT_BUFFER,0.0500000000,14,2,0.0500000000
2025-07-31,2025-07-31,sh.600362,600362.SS,江西铜业,C32有色金属冶炼和压延加工业,21.9219340000,2025-08-31 00:00:00,0.2411032028,1.1972237981,0.8177988983,-0.6970559469,0.9822712125,0.8357869466,1.2008015399,28,1.2659560157,21.0000000000,1,1.0000000000,NEW_ENTRY,RANK_WITHIN_ENTRY_LIMIT,0.0500000000,15,2,0.0500000000
2025-07-31,2025-07-31,sz.002179,002179.SZ,中航光电,C39计算机、通信和其他电子设备制造业,37.6678153000,2025-08-31 00:00:00,0.0961236249,1.0140699854,0.9417013201,-0.4604903717,0.9246857575,0.9469185244,1.2891992473,22,1.2442513924,22.0000000000,1,1.0000000000,RETAINED,RANK_WITHIN_EXIT_BUFFER,0.0500000000,16,3,0.0500000000
2025-07-31,2025-07-31,sh.600741,600741.SS,华域汽车,C36汽车制造业,16.5525369000,2025-08-31 00:00:00,0.0893060296,0.6519564664,0.4636341836,0.2057689888,2.0354031232,-0.3374898605,1.1560965411,31,1.2356210177,23.0000000000,1,1.0000000000,RETAINED,RANK_WITHIN_EXIT_BUFFER,0.0500000000,17,1,0.0500000000
2025-07-31,2025-07-31,sh.688187,688187.SS,时代电气,C37铁路、船舶、航空航天和其他运输设备制造业,41.8273951600,2025-08-31 00:00:00,0.1323819202,0.5330667392,0.9672841330,-0.2643819769,1.3594982315,0.5688633036,1.2116398831,27,1.1755096366,24.0000000000,1,1.0000000000,RETAINED,RANK_WITHIN_EXIT_BUFFER,0.0500000000,18,2,0.0500000000
2025-07-31,2025-07-31,sh.603195,603195.SS,公牛集团,C38电气机械和器材制造业,45.0112017600,2025-08-31 00:00:00,-0.0004240882,1.4810794890,1.8995624235,-0.9304347447,-1.0673899966,-1.4565296790,-0.0282249330,177,1.1738956318,25.0000000000,1,1.0000000000,NEW_ENTRY,RANK_WITHIN_ENTRY_LIMIT,0.0500000000,19,3,0.0500000000
2025-07-31,2025-07-31,sz.000538,000538.SZ,云南白药,C27医药制造业,53.4991984000,2025-08-31 00:00:00,0.0267475036,0.2091153683,1.2663992884,0.2313332280,0.7411869662,0.6393047196,1.1821596507,29,1.0093153540,35.0000000000,1,1.0000000000,RETAINED,RANK_WITHIN_EXIT_BUFFER,0.0500000000,20,3,0.0500000000
2025-08-31,2025-08-29,sh.600406,600406.SS,国电南瑞,I65软件和信息技术服务业,21.1722330000,2025-09-30 00:00:00,0.0626582657,1.3969581436,2.2196454394,-3.2227417921,2.9234882231,0.4226137419,1.5072998674,13,2.5370076428,2.0000000000,1,1.0000000000,RETAINED,RANK_WITHIN_EXIT_BUFFER,0.0500000000,1,1,0.0500000000
2025-08-31,2025-08-29,sz.000725,000725.SZ,京东方A,C39计算机、通信和其他电子设备制造业,4.1921753400,2025-09-30 00:00:00,-0.0165484634,0.8165455140,2.3188421505,-1.5879035409,2.4740737969,1.2686683547,2.1320948232,2,2.3240939549,3.0000000000,1,1.0000000000,RETAINED,RANK_WITHIN_EXIT_BUFFER,0.0500000000,2,1,0.0500000000
2025-08-31,2025-08-29,sh.601360,601360.SS,三六零,I64互联网和相关服务,11.3793332000,2025-09-30 00:00:00,-0.0161522390,2.2017239443,1.6038554463,0.8607711843,0.1126601543,-0.1931921466,1.8482007294,7,2.0893194983,4.0000000000,1,1.0000000000,NEW_ENTRY,RANK_WITHIN_ENTRY_LIMIT,0.0500000000,3,1,0.0500000000
2025-08-31,2025-08-29,sz.002179,002179.SZ,中航光电,C39计算机、通信和其他电子设备制造业,41.2885822500,2025-09-30 00:00:00,-0.0138590203,1.5629875398,1.7774435381,-1.6292041576,1.0688787259,1.2085495106,1.6075287841,10,1.9349073564,5.0000000000,1,1.0000000000,RETAINED,RANK_WITHIN_EXIT_BUFFER,0.0500000000,4,2,0.0500000000
2025-08-31,2025-08-29,sh.600219,600219.SS,南山铝业,C32有色金属冶炼和压延加工业,3.7053265200,2025-09-30 00:00:00,-0.0143632362,1.8886082920,0.8858245187,-0.9787589633,1.4984484392,1.9730258316,2.1227937430,3,1.8863640295,6.0000000000,1,1.0000000000,RETAINED,RANK_WITHIN_EXIT_BUFFER,0.0500000000,5,1,0.0500000000
2025-08-31,2025-08-29,sh.600019,600019.SS,宝钢股份,C31黑色金属冶炼和压延加工业,6.5936385900,2025-09-30 00:00:00,0.0382060962,1.0194973949,1.5107463384,-0.7958454399,1.6733703740,0.8726216250,1.7251054132,8,1.8156562204,8.0000000000,1,1.0000000000,RETAINED,RANK_WITHIN_EXIT_BUFFER,0.0500000000,6,1,0.0500000000
2025-08-31,2025-08-29,sz.000157,000157.SZ,中联重科,C35专用设备制造业,6.9854914500,2025-09-30 00:00:00,0.0897959184,0.8782780718,0.9499472571,-0.0154906245,2.2403851820,0.7582275178,1.9390945415,6,1.7401475091,10.0000000000,1,1.0000000000,NEW_ENTRY,RANK_WITHIN_ENTRY_LIMIT,0.0500000000,7,1,0.0500000000
2025-08-31,2025-08-29,sh.688396,688396.SS,华润微,C39计算机、通信和其他电子设备制造业,52.3399496000,2025-09-30 00:00:00,0.0601145038,1.8601860795,1.3217061365,-0.4096407831,0.0772017712,0.6929807712,1.4276903761,17,1.6324908803,11.0000000000,1,1.0000000000,RETAINED,RANK_WITHIN_EXIT_BUFFER,0.0500000000,8,3,0.0500000000
2025-08-31,2025-08-29,sz.000333,000333.SZ,美的集团,C38电气机械和器材制造业,69.7804461900,2025-09-30 00:00:00,-0.0142450142,0.6072945889,1.9607643195,-0.2997744923,0.6896175068,0.8587821845,1.5382201070,12,1.5393403062,12.0000000000,1,1.0000000000,NEW_ENTRY,RANK_WITHIN_ENTRY_LIMIT,0.0500000000,9,1,0.0500000000
2025-08-31,2025-08-29,sh.600845,600845.SS,宝信软件,I65软件和信息技术服务业,25.0744972800,2025-09-30 00:00:00,-0.0829383886,1.1599637589,1.5861120912,-3.2728367250,1.3326361859,0.5543338493,0.5481986514,82,1.5283104501,13.0000000000,1,1.0000000000,RETAINED,RANK_WITHIN_EXIT_BUFFER,0.0500000000,10,2,0.0500000000
2025-08-31,2025-08-29,sh.600690,600690.SS,海尔智家,C38电气机械和器材制造业,24.9580817200,2025-09-30 00:00:00,-0.0354150800,0.8668187192,1.6378152969,-0.4939997634,0.7710791084,0.7711691244,1.4319013896,16,1.5150077990,14.0000000000,1,1.0000000000,NEW_ENTRY,RANK_WITHIN_ENTRY_LIMIT,0.0500000000,11,2,0.0500000000
2025-08-31,2025-08-29,sz.000708,000708.SZ,中信特钢,C31黑色金属冶炼和压延加工业,12.4758915000,2025-09-30 00:00:00,0.0428790199,1.4562576003,0.8863768114,-0.8609749794,1.1179582068,-0.3975927989,0.8874716351,45,1.4978647844,16.0000000000,1,1.0000000000,RETAINED,RANK_WITHIN_EXIT_BUFFER,0.0500000000,12,2,0.0500000000
2025-08-31,2025-08-29,sh.600332,600332.SS,白云山,C27医药制造业,25.6099441500,2025-09-30 00:00:00,-0.0229722543,0.3431934002,1.3995827104,-0.4311339047,1.6091004339,0.5197537404,1.3866069502,19,1.4194757399,17.0000000000,1,1.0000000000,RETAINED,RANK_WITHIN_EXIT_BUFFER,0.0500000000,13,1,0.0500000000
2025-08-31,2025-08-29,sh.688009,688009.SS,中国通号,C37铁路、船舶、航空航天和其他运输设备制造业,5.4026899200,2025-09-30 00:00:00,-0.0358422939,0.9611069983,0.6735165267,-0.2077588291,1.5363464457,-0.0204924463,1.1859899691,24,1.3588982622,18.0000000000,1,1.0000000000,RETAINED,RANK_WITHIN_EXIT_BUFFER,0.0500000000,14,1,0.0500000000
2025-08-31,2025-08-29,sh.601238,601238.SS,广汽集团,C36汽车制造业,7.8500000000,2025-09-30 00:00:00,-0.0292993631,1.1808588080,0.5511851605,-0.6590038180,1.4484114181,-0.0925644699,0.9789028560,39,1.3285161102,19.0000000000,1,1.0000000000,NEW_ENTRY,RANK_WITHIN_ENTRY_LIMIT,0.0500000000,15,1,0.0500000000
2025-08-31,2025-08-29,sh.601728,601728.SS,中国电信,I63电信、广播电视和卫星传输服务,7.3212689900,2025-09-30 00:00:00,-0.1035483590,1.0696406899,0.4887003604,-0.0506747031,1.2701393143,0.8361759849,1.4565258949,15,1.2603813251,23.0000000000,1,1.0000000000,NEW_ENTRY,RANK_WITHIN_ENTRY_LIMIT,0.0500000000,16,1,0.0500000000
2025-08-31,2025-08-29,sh.603195,603195.SS,公牛集团,C38电气机械和器材制造业,44.9921130400,2025-09-30 00:00:00,-0.0526092490,1.4552592398,1.5900220844,-0.5470774245,-0.9698246250,1.4905990606,1.2167245304,23,1.1903007770,26.0000000000,1,1.0000000000,RETAINED,RANK_WITHIN_EXIT_BUFFER,0.0500000000,17,3,0.0500000000
2025-08-31,2025-08-29,sz.000538,000538.SZ,云南白药,C27医药制造业,54.9301684000,2025-09-30 00:00:00,0.0032497279,0.3648661677,1.3874216961,-0.1326200943,0.5957908324,-0.0324233321,0.8798183586,46,1.0905175317,30.0000000000,1,1.0000000000,RETAINED,RANK_WITHIN_EXIT_BUFFER,0.0500000000,18,2,0.0500000000
2025-08-31,2025-08-29,sz.002252,002252.SZ,上海莱士,C27医药制造业,6.8137249600,2025-09-30 00:00:00,-0.0276162791,0.1949901784,1.3117496114,-0.6541131808,1.0217221151,0.1822289666,0.8288527597,52,1.0603681477,31.0000000000,1,1.0000000000,RETAINED,RANK_WITHIN_EXIT_BUFFER,0.0500000000,19,3,0.0500000000
2025-08-31,2025-08-29,sh.600741,600741.SS,华域汽车,C36汽车制造业,18.0307782500,2025-09-30 00:00:00,0.0704960836,-0.1003464587,0.4008619152,0.4704451241,2.0341974237,-0.6382306045,0.8733264800,47,0.9082971711,39.0000000000,1,1.0000000000,RETAINED,RANK_WITHIN_EXIT_BUFFER,0.0500000000,20,2,0.0500000000
2025-09-30,2025-09-30,sz.000725,000725.SZ,京东方A,C39计算机、通信和其他电子设备制造业,4.1228012800,2025-10-31 00:00:00,-0.0240384615,1.7123518268,3.2881157073,-2.2376192053,2.6144109767,0.6826981287,2.4825543946,1,3.0667147940,1.0000000000,1,1.0000000000,RETAINED,RANK_WITHIN_EXIT_BUFFER,0.0500000000,1,1,0.0500000000
2025-09-30,2025-09-30,sz.002179,002179.SZ,中航光电,C39计算机、通信和其他电子设备制造业,40.7163629500,2025-10-31 00:00:00,-0.1495032711,2.1813953039,2.3253374037,-1.9972334348,1.1117096624,0.8295299217,1.8233133529,12,2.3687125775,4.0000000000,1,1.0000000000,RETAINED,RANK_WITHIN_EXIT_BUFFER,0.0500000000,2,2,0.0500000000
2025-09-30,2025-09-30,sz.000333,000333.SZ,美的集团,C38电气机械和器材制造业,68.7864227400,2025-10-31 00:00:00,0.0514726122,1.5238675493,2.2845021827,-0.8684723945,1.0810786280,1.7866327827,2.3791758897,3,2.1515256292,6.0000000000,1,1.0000000000,RETAINED,RANK_WITHIN_EXIT_BUFFER,0.0500000000,3,1,0.0500000000
2025-09-30,2025-09-30,sh.600406,600406.SS,国电南瑞,I65软件和信息技术服务业,22.4988484000,2025-10-31 00:00:00,0.0553135889,0.8887485806,2.2530699640,-2.9544023066,2.6994600291,0.0053369726,1.1848394591,25,2.0886432713,7.0000000000,1,1.0000000000,RETAINED,RANK_WITHIN_EXIT_BUFFER,0.0500000000,4,1,0.0500000000
2025-09-30,2025-09-30,sh.603195,603195.SS,公牛集团,C38电气机械和器材制造业,42.6251117600,2025-10-31 00:00:00,-0.0221674877,2.2321207995,2.4187444467,-0.6348853988,-0.5645298328,1.9307581067,2.2049040062,4,2.0631181627,8.0000000000,1,1.0000000000,RETAINED,RANK_WITHIN_EXIT_BUFFER,0.0500000000,5,2,0.0500000000
2025-09-30,2025-09-30,sh.600219,600219.SS,南山铝业,C32有色金属冶炼和压延加工业,3.6521060400,2025-10-31 00:00:00,0.1641414141,1.6718092554,1.3676486380,-1.4367522327,1.7288470535,1.9426244872,2.1606474849,6,1.9232494452,9.0000000000,1,1.0000000000,RETAINED,RANK_WITHIN_EXIT_BUFFER,0.0500000000,6,1,0.0500000000
2025-09-30,2025-09-30,sh.600690,600690.SS,海尔智家,C38电气机械和器材制造业,24.0741892600,2025-10-31 00:00:00,0.0584287406,1.8045317095,1.4309238644,-0.9243774015,1.1523700307,1.8706725960,2.1852042980,5,1.8900619444,10.0000000000,1,1.0000000000,RETAINED,RANK_WITHIN_EXIT_BUFFER,0.0500000000,7,3,0.0500000000
2025-09-30,2025-09-30,sh.600875,600875.SS,东方电气,C34通用设备制造业,18.9215802900,2025-10-31 00:00:00,0.0819077242,1.7474129916,0.9442914366,-0.1548993241,1.5080516132,0.4731638697,1.8508763444,10,1.8081240601,11.0000000000,1,1.0000000000,NEW_ENTRY,RANK_WITHIN_ENTRY_LIMIT,0.0500000000,8,1,0.0500000000
2025-09-30,2025-09-30,sh.688396,688396.SS,华润微,C39计算机、通信和其他电子设备制造业,55.4863397000,2025-10-31 00:00:00,-0.0860811339,1.7813188451,1.8716771455,-0.9481047744,0.0599431990,-0.4781764761,0.9367644537,45,1.7087140792,12.0000000000,1,1.0000000000,RETAINED,RANK_WITHIN_EXIT_BUFFER,0.0500000000,9,3,0.0500000000
2025-09-30,2025-09-30,sh.688009,688009.SS,中国通号,C37铁路、船舶、航空航天和其他运输设备制造业,5.2090451200,2025-10-31 00:00:00,-0.0130111524,0.9669776632,0.9658294157,0.2736715827,1.5712937736,0.7831568806,1.8684545625,9,1.5040002876,16.0000000000,1,1.0000000000,RETAINED,RANK_WITHIN_EXIT_BUFFER,0.0500000000,10,1,0.0500000000
2025-09-30,2025-09-30,sh.600845,600845.SS,宝信软件,I65软件和信息技术服务业,22.9948588800,2025-10-31 00:00:00,-0.0099052541,1.3213410043,1.3076265360,-2.4245822055,1.3366277975,0.3793252079,0.7866960185,56,1.4618896935,17.0000000000,1,1.0000000000,RETAINED,RANK_WITHIN_EXIT_BUFFER,0.0500000000,11,2,0.0500000000
2025-09-30,2025-09-30,sh.601766,601766.SS,中国中车,C37铁路、船舶、航空航天和其他运输设备制造业,7.2149592600,2025-10-31 00:00:00,0.0267737617,0.4359406595,1.2683586236,-0.4674178892,2.0256611240,1.0966961835,1.7858289126,14,1.4564169251,18.0000000000,1,1.0000000000,NEW_ENTRY,RANK_WITHIN_ENTRY_LIMIT,0.0500000000,12,2,0.0500000000
2025-09-30,2025-09-30,sh.601238,601238.SS,广汽集团,C36汽车制造业,7.6200000000,2025-10-31 00:00:00,0.0262467192,1.0191396171,0.9282087974,-0.4793439796,1.3907445407,0.4268548373,1.3459979337,21,1.3634933177,20.0000000000,1,1.0000000000,RETAINED,RANK_WITHIN_EXIT_BUFFER,0.0500000000,13,1,0.0500000000
2025-09-30,2025-09-30,sh.600332,600332.SS,白云山,C27医药制造业,25.0216260000,2025-10-31 00:00:00,0.0317025440,0.2406220037,1.2609779514,-0.1547431591,1.6500006065,0.1156442974,1.2750840014,24,1.2571941656,22.0000000000,1,1.0000000000,RETAINED,RANK_WITHIN_EXIT_BUFFER,0.0500000000,14,1,0.0500000000
2025-09-30,2025-09-30,sz.002252,002252.SZ,上海莱士,C27医药制造业,6.6255552300,2025-10-31 00:00:00,0.0074738416,0.7353398551,1.2427391975,-0.6716417288,1.0584513511,0.4056325260,1.1349864511,28,1.2471017254,23.0000000000,1,1.0000000000,RETAINED,RANK_WITHIN_EXIT_BUFFER,0.0500000000,15,2,0.0500000000
2025-09-30,2025-09-30,sz.000157,000157.SZ,中联重科,C35专用设备制造业,7.6127600700,2025-10-31 00:00:00,0.0199750312,-0.0670435336,1.1029844243,-0.3304805267,2.2572007453,1.4460957808,1.8061147972,13,1.2205175120,24.0000000000,1,1.0000000000,RETAINED,RANK_WITHIN_EXIT_BUFFER,0.0500000000,16,1,0.0500000000
2025-09-30,2025-09-30,sh.601728,601728.SS,中国电信,I63电信、广播电视和卫星传输服务,6.5631636000,2025-10-31 00:00:00,0.0045045045,0.7885796383,0.8137714188,-0.5737344647,1.3948389680,0.1425022578,1.0511839278,37,1.1801060517,27.0000000000,1,1.0000000000,RETAINED,RANK_WITHIN_EXIT_BUFFER,0.0500000000,17,1,0.0500000000
2025-09-30,2025-09-30,sh.601360,601360.SS,三六零,I64互联网和相关服务,11.1955314900,2025-10-31 00:00:00,0.0583554377,1.1536191601,0.8128934353,0.0766935004,0.2976367734,1.0700408658,1.3973207729,20,1.0896776941,30.0000000000,1,1.0000000000,RETAINED,RANK_WITHIN_EXIT_BUFFER,0.0500000000,18,1,0.0500000000
2025-09-30,2025-09-30,sh.600019,600019.SS,宝钢股份,C31黑色金属冶炼和压延加工业,6.8455557800,2025-10-31 00:00:00,0.0424328147,0.2875954218,1.0428785113,-0.7562035630,1.5642650327,0.1697242455,0.9456139249,42,1.0785082583,31.0000000000,1,1.0000000000,RETAINED,RANK_WITHIN_EXIT_BUFFER,0.0500000000,19,1,0.0500000000
2025-09-30,2025-09-30,sz.000538,000538.SZ,云南白药,C27医药制造业,55.1086765000,2025-10-31 00:00:00,-0.0015859031,0.5700008533,1.0791617665,-0.2303827169,0.7257395736,0.2484019308,0.9802969113,40,1.0247248388,35.0000000000,1,1.0000000000,RETAINED,RANK_WITHIN_EXIT_BUFFER,0.0500000000,20,3,0.0500000000
2025-10-31,2025-10-31,sz.000725,000725.SZ,京东方A,C39计算机、通信和其他电子设备制造业,4.0236954800,2025-11-30 00:00:00,-0.0492610837,0.7394608136,3.3110646676,-2.1059059925,2.6095880001,-0.5992196169,1.7985656872,7,2.7013871891,1.0000000000,1,1.0000000000,RETAINED,RANK_WITHIN_EXIT_BUFFER,0.0500000000,1,1,0.0500000000
2025-10-31,2025-10-31,sz.000333,000333.SZ,美的集团,C38电气机械和器材制造业,72.3270396000,2025-11-30 00:00:00,0.0518609712,1.4340799207,2.8555911513,-1.4227792358,0.9978925777,0.6490183406,2.0526916935,6,2.3505419474,4.0000000000,1,1.0000000000,RETAINED,RANK_WITHIN_EXIT_BUFFER,0.0500000000,2,1,0.0500000000
2025-10-31,2025-10-31,sh.600406,600406.SS,国电南瑞,I65软件和信息技术服务业,23.7433404500,2025-11-30 00:00:00,-0.0854312835,1.3166716778,1.9663734953,-1.9137332845,2.4828975728,-0.5226741143,1.5141356240,18,2.2993130252,5.0000000000,1,1.0000000000,RETAINED,RANK_WITHIN_EXIT_BUFFER,0.0500000000,3,1,0.0500000000
2025-10-31,2025-10-31,sh.603195,603195.SS,公牛集团,C38电气机械和器材制造业,41.6802201200,2025-11-30 00:00:00,-0.0187771926,2.3282492227,2.7395913420,-1.1187231827,-0.5357670060,1.6308524660,2.2938958208,4,2.2560117593,6.0000000000,1,1.0000000000,RETAINED,RANK_WITHIN_EXIT_BUFFER,0.0500000000,4,2,0.0500000000
2025-10-31,2025-10-31,sz.000807,000807.SZ,云铝股份,C32有色金属冶炼和压延加工业,22.6628063200,2025-11-30 00:00:00,0.0743801653,2.8643461423,1.3762263856,-0.3652374775,0.2365491138,0.9140785416,2.2856009576,5,2.1811891154,7.0000000000,1,1.0000000000,NEW_ENTRY,RANK_WITHIN_ENTRY_LIMIT,0.0500000000,5,1,0.0500000000
2025-10-31,2025-10-31,sh.600690,600690.SS,海尔智家,C38电气机械和器材制造业,25.4808138200,2025-11-30 00:00:00,0.0391277393,1.5350637120,2.2214774592,-1.5471800666,1.1185655374,0.2959740850,1.6480008820,11,2.1118102092,8.0000000000,1,1.0000000000,RETAINED,RANK_WITHIN_EXIT_BUFFER,0.0500000000,6,3,0.0500000000
2025-10-31,2025-10-31,sz.002179,002179.SZ,中航光电,C39计算机、通信和其他电子设备制造业,34.6291335000,2025-11-30 00:00:00,-0.0330484330,1.3828610106,2.0303646092,-2.0854679758,1.0906144088,1.1506117222,1.6230269128,12,1.8843767500,11.0000000000,1,1.0000000000,RETAINED,RANK_WITHIN_EXIT_BUFFER,0.0500000000,7,2,0.0500000000
2025-10-31,2025-10-31,sh.600845,600845.SS,宝信软件,I65软件和信息技术服务业,22.7670889600,2025-11-30 00:00:00,-0.0713353632,1.5609848713,1.7202822051,-1.3980353431,1.0751905401,0.7838152709,1.7018155954,8,1.8796098786,12.0000000000,1,1.0000000000,RETAINED,RANK_WITHIN_EXIT_BUFFER,0.0500000000,8,2,0.0500000000
2025-10-31,2025-10-31,sz.000157,000157.SZ,中联重科,C35专用设备制造业,7.7648251900,2025-11-30 00:00:00,-0.0110159119,0.4157046751,1.5559351634,-0.1030051500,2.2350097051,-0.9066238424,1.4538733495,19,1.7324843704,13.0000000000,1,1.0000000000,RETAINED,RANK_WITHIN_EXIT_BUFFER,0.0500000000,9,1,0.0500000000
2025-10-31,2025-10-31,sh.600019,600019.SS,宝钢股份,C31黑色金属冶炼和压延加工业,7.1360319800,2025-11-30 00:00:00,-0.0162822252,1.4457437336,1.2122524450,-0.6767651249,1.3600116674,-0.5926039269,1.2499677829,22,1.7260718105,14.0000000000,1,1.0000000000,RETAINED,RANK_WITHIN_EXIT_BUFFER,0.0500000000,10,1,0.0500000000
2025-10-31,2025-10-31,sh.601600,601600.SS,中国铝业,C32有色金属冶炼和压延加工业,9.8302499100,2025-11-30 00:00:00,0.0520520521,1.8985561491,1.4147537669,-2.2422342717,0.6839195571,-1.0885095465,0.3030902417,116,1.6632993357,15.0000000000,1,1.0000000000,NEW_ENTRY,RANK_WITHIN_ENTRY_LIMIT,0.0500000000,11,2,0.0500000000
2025-10-31,2025-10-31,sh.688009,688009.SS,中国通号,C37铁路、船舶、航空航天和其他运输设备制造业,5.1412694400,2025-11-30 00:00:00,-0.0207156309,0.8705421546,1.0537451141,-0.1437963903,1.4404507197,-0.1369971957,1.4024509715,20,1.4418176234,18.0000000000,1,1.0000000000,RETAINED,RANK_WITHIN_EXIT_BUFFER,0.0500000000,12,1,0.0500000000
2025-10-31,2025-10-31,sz.000708,000708.SZ,中信特钢,C31黑色金属冶炼和压延加工业,14.1409198000,2025-11-30 00:00:00,0.0383824537,1.8589128120,0.5499948857,-0.2299436436,0.5373544862,-0.5892317617,0.9673115108,40,1.3668695678,19.0000000000,1,1.0000000000,NEW_ENTRY,RANK_WITHIN_ENTRY_LIMIT,0.0500000000,13,2,0.0500000000
2025-10-31,2025-10-31,sh.600219,600219.SS,南山铝业,C32有色金属冶炼和压延加工业,4.2515678900,2025-11-30 00:00:00,0.0216919740,0.3103350971,1.5718176251,-1.6401255229,1.5628998731,-1.5757857941,0.1042040213,145,1.2982236713,20.0000000000,1,1.0000000000,RETAINED,RANK_WITHIN_EXIT_BUFFER,0.0500000000,14,3,0.0500000000
2025-10-31,2025-10-31,sh.600741,600741.SS,华域汽车,C36汽车制造业,19.2265531000,2025-11-30 00:00:00,-0.0489715965,0.9703176811,0.2381382295,0.7032769085,1.7840892308,-0.3454701798,1.5236021218,17,1.2863876401,22.0000000000,1,1.0000000000,NEW_ENTRY,RANK_WITHIN_ENTRY_LIMIT,0.0500000000,15,1,0.0500000000
2025-10-31,2025-10-31,sz.002252,002252.SZ,上海莱士,C27医药制造业,6.6750735800,2025-11-30 00:00:00,-0.0163204748,0.5925066369,1.1234725114,-0.4149845693,0.9864904610,0.1347807236,1.1015467629,26,1.1561029342,27.0000000000,1,1.0000000000,RETAINED,RANK_WITHIN_EXIT_BUFFER,0.0500000000,16,1,0.0500000000
2025-10-31,2025-10-31,sh.600332,600332.SS,白云山,C27医药制造业,25.8148752000,2025-11-30 00:00:00,-0.0212443096,-0.0900026465,1.0709111108,-0.2238594995,1.7131791787,-0.5322455331,0.8813147191,46,1.0484855320,32.0000000000,1,1.0000000000,RETAINED,RANK_WITHIN_EXIT_BUFFER,0.0500000000,17,2,0.0500000000
2025-10-31,2025-10-31,sh.601238,601238.SS,广汽集团,C36汽车制造业,7.8200000000,2025-11-30 00:00:00,0.1828644501,0.7330661371,0.5013368143,-0.5661548627,1.1849915388,0.3362821107,0.9957043604,37,0.9721406243,36.0000000000,1,1.0000000000,RETAINED,RANK_WITHIN_EXIT_BUFFER,0.0500000000,18,2,0.0500000000
2025-10-31,2025-10-31,sh.688396,688396.SS,华润微,C39计算机、通信和其他电子设备制造业,50.7100126600,2025-11-30 00:00:00,-0.0849428459,1.5369780203,0.6848287448,-1.6863462792,0.0233952200,1.2095662472,0.8042055117,55,0.9664162446,37.0000000000,1,1.0000000000,RETAINED,RANK_WITHIN_EXIT_BUFFER,0.0500000000,19,3,0.0500000000
2025-10-31,2025-10-31,sz.000538,000538.SZ,云南白药,C27医药制造业,55.0212794800,2025-11-30 00:00:00,-0.0105894811,0.2443853773,1.1808271899,-0.1691318197,0.6897413394,-0.1372825674,0.8224493296,50,0.9294683939,39.0000000000,1,1.0000000000,RETAINED,RANK_WITHIN_EXIT_BUFFER,0.0500000000,20,3,0.0500000000
2025-11-30,2025-11-28,sh.600690,600690.SS,海尔智家,C38电气机械和器材制造业,26.4778204600,2025-12-31 00:00:00,-0.0540246555,2.3457806187,2.7281309294,-1.3239337994,1.0294821723,0.0070401923,1.9748021610,8,2.6626192257,2.0000000000,1,1.0000000000,RETAINED,RANK_WITHIN_EXIT_BUFFER,0.0500000000,1,1,0.0500000000
2025-11-30,2025-11-28,sz.000725,000725.SZ,京东方A,C39计算机、通信和其他电子设备制造业,3.8254838800,2025-12-31 00:00:00,0.0906735751,1.0390011406,2.9705604477,-1.9726527553,2.5911974524,1.3086245192,2.4493614426,2,2.6489229527,3.0000000000,1,1.0000000000,RETAINED,RANK_WITHIN_EXIT_BUFFER,0.0500000000,2,1,0.0500000000
2025-11-30,2025-11-28,sh.603195,603195.SS,公牛集团,C38电气机械和器材制造业,40.8975826000,2025-12-31 00:00:00,-0.0471411902,2.9853307701,2.9945180497,-1.2943288084,-0.5544516334,0.8484883725,2.0544529822,5,2.5581433201,4.0000000000,1,1.0000000000,RETAINED,RANK_WITHIN_EXIT_BUFFER,0.0500000000,3,2,0.0500000000
2025-11-30,2025-11-28,sz.000333,000333.SZ,美的集团,C38电气机械和器材制造业,76.0779901200,2025-12-31 00:00:00,-0.0214124718,1.8879843466,2.9853228922,-1.2048054860,0.8687152192,0.3777683477,2.0278122640,6,2.5217634903,5.0000000000,1,1.0000000000,RETAINED,RANK_WITHIN_EXIT_BUFFER,0.0500000000,4,3,0.0500000000
2025-11-30,2025-11-28,sz.002179,002179.SZ,中航光电,C39计算机、通信和其他电子设备制造业,33.4846949000,2025-12-31 00:00:00,0.0441956394,1.5288903879,1.8289630271,-1.8993975717,1.0118172416,2.2648370788,1.9535998251,9,1.8132714479,8.0000000000,1,1.0000000000,RETAINED,RANK_WITHIN_EXIT_BUFFER,0.0500000000,5,2,0.0500000000
2025-11-30,2025-11-28,sz.300413,300413.SZ,芒果超媒,I64互联网和相关服务,25.4670998400,2025-12-31 00:00:00,-0.0578703704,2.0804171531,1.1422408482,0.5495983627,0.2712112809,1.7890360430,2.4063596813,3,1.6745407015,9.0000000000,1,1.0000000000,NEW_ENTRY,RANK_WITHIN_ENTRY_LIMIT,0.0500000000,6,1,0.0500000000
2025-11-30,2025-11-28,sh.600845,600845.SS,宝信软件,I65软件和信息技术服务业,21.1429904000,2025-12-31 00:00:00,-0.0299765808,1.3159737476,1.5798485285,-1.2373236410,1.0410216906,1.7500546089,1.8357944195,10,1.6495494617,10.0000000000,1,1.0000000000,RETAINED,RANK_WITHIN_EXIT_BUFFER,0.0500000000,7,1,0.0500000000
2025-11-30,2025-11-28,sh.600741,600741.SS,华域汽车,C36汽车制造业,18.2849981000,2025-12-31 00:00:00,0.0298661174,1.2475309646,0.5631574010,0.9258033087,1.8374791228,0.9655269758,2.2854720389,4,1.5628604009,12.0000000000,1,1.0000000000,RETAINED,RANK_WITHIN_EXIT_BUFFER,0.0500000000,8,1,0.0500000000
2025-11-30,2025-11-28,sh.600406,600406.SS,国电南瑞,I65软件和信息技术服务业,21.7149164000,2025-12-31 00:00:00,0.0144404332,0.1049228116,1.3749292605,-1.3757420891,2.5036607369,0.8131044210,1.4113760495,17,1.4606623636,13.0000000000,1,1.0000000000,RETAINED,RANK_WITHIN_EXIT_BUFFER,0.0500000000,9,2,0.0500000000
2025-11-30,2025-11-28,sz.000157,000157.SZ,中联重科,C35专用设备制造业,7.6792885600,2025-12-31 00:00:00,0.0680693069,0.2308877274,1.2010630677,0.3897847878,2.1984367510,-0.2739227791,1.5456182057,16,1.4569520989,14.0000000000,1,1.0000000000,RETAINED,RANK_WITHIN_EXIT_BUFFER,0.0500000000,10,1,0.0500000000
2025-11-30,2025-11-28,sh.688396,688396.SS,华润微,C39计算机、通信和其他电子设备制造业,46.4025598700,2025-12-31 00:00:00,0.1384880465,1.8428197211,1.4108574291,-1.4710859551,0.0313272007,1.1553526758,1.2250543801,29,1.4546895440,15.0000000000,1,1.0000000000,RETAINED,RANK_WITHIN_EXIT_BUFFER,0.0500000000,11,3,0.0500000000
2025-11-30,2025-11-28,sh.600019,600019.SS,宝钢股份,C31黑色金属冶炼和压延加工业,7.0198415000,2025-12-31 00:00:00,0.0275862069,1.2247513163,0.6982475237,-0.6057050965,1.3970545036,0.5205739307,1.3346560444,22,1.3505212579,17.0000000000,1,1.0000000000,RETAINED,RANK_WITHIN_EXIT_BUFFER,0.0500000000,12,1,0.0500000000
2025-11-30,2025-11-28,sh.600585,600585.SS,海螺水泥,C30非金属矿物制品业,22.0419783000,2025-12-31 00:00:00,-0.0433260394,0.4171806271,1.1947902951,-0.5892574418,1.7783690801,0.4650273208,1.3475233885,19,1.3316380310,19.0000000000,1,1.0000000000,NEW_ENTRY,RANK_WITHIN_ENTRY_LIMIT,0.0500000000,13,1,0.0500000000
2025-11-30,2025-11-28,sh.600362,600362.SS,江西铜业,C32有色金属冶炼和压延加工业,36.8966973600,2025-12-31 00:00:00,0.4672722415,1.2362328891,0.8305111924,1.1711765054,0.6808320024,-1.5152544956,0.9916291898,38,1.2915930977,21.0000000000,1,1.0000000000,NEW_ENTRY,RANK_WITHIN_ENTRY_LIMIT,0.0500000000,14,1,0.0500000000
2025-11-30,2025-11-28,sh.688009,688009.SS,中国通号,C37铁路、船舶、航空航天和其他运输设备制造业,5.0347648000,2025-12-31 00:00:00,0.0519230769,0.7458530664,0.9517766090,-0.2744822765,1.4367934492,0.3818729156,1.3374993576,21,1.2790926418,22.0000000000,1,1.0000000000,RETAINED,RANK_WITHIN_EXIT_BUFFER,0.0500000000,15,1,0.0500000000
2025-11-30,2025-11-28,sz.000425,000425.SZ,徐工机械,C35专用设备制造业,10.0742808000,2025-12-31 00:00:00,0.1220930233,0.7257963484,0.6834207133,0.9062715381,1.5785183390,0.3099418402,1.7344545988,12,1.2771884669,23.0000000000,1,1.0000000000,NEW_ENTRY,RANK_WITHIN_ENTRY_LIMIT,0.0500000000,16,2,0.0500000000
2025-11-30,2025-11-28,sh.600332,600332.SS,白云山,C27医药制造业,25.2664560000,2025-12-31 00:00:00,-0.0023255814,0.3881745259,0.9126900768,-0.1067375870,1.7066391421,0.0953209034,1.2361180535,26,1.1931376610,29.0000000000,1,1.0000000000,RETAINED,RANK_WITHIN_EXIT_BUFFER,0.0500000000,17,1,0.0500000000
2025-11-30,2025-11-28,sz.000708,000708.SZ,中信特钢,C31黑色金属冶炼和压延加工业,14.6836830000,2025-12-31 00:00:00,0.0805280528,1.6750398164,0.3438804986,0.1985920924,0.4670880488,-0.5420143831,0.8839827656,45,1.1321050346,31.0000000000,1,1.0000000000,RETAINED,RANK_WITHIN_EXIT_BUFFER,0.0500000000,18,2,0.0500000000
2025-11-30,2025-11-28,sz.002252,002252.SZ,上海莱士,C27医药制造业,6.5661332100,2025-12-31 00:00:00,-0.0437405732,0.5667802111,1.0820860971,-0.2745831112,0.9481811045,-0.1594730792,0.8924014706,44,1.0849543110,33.0000000000,1,1.0000000000,RETAINED,RANK_WITHIN_EXIT_BUFFER,0.0500000000,19,2,0.0500000000
2025-11-30,2025-11-28,sz.000807,000807.SZ,云铝股份,C32有色金属冶炼和压延加工业,24.3484696000,2025-12-31 00:00:00,0.3295546559,1.6106299404,0.4478787502,-0.2049751140,0.0493713557,-2.1236099329,-0.0910579133,176,0.9689689769,38.0000000000,1,1.0000000000,RETAINED,RANK_WITHIN_EXIT_BUFFER,0.0500000000,20,2,0.0500000000
2025-12-31,2025-12-31,sz.002236,002236.SZ,大华股份,C39计算机、通信和其他电子设备制造业,18.5530368600,2026-01-31 00:00:00,0.0010559662,2.2465382082,2.0018826809,-0.3142517032,2.2598908980,-0.1949264837,2.5501666474,1,2.7433232828,1.0000000000,1,1.0000000000,NEW_ENTRY,RANK_WITHIN_ENTRY_LIMIT,0.0500000000,1,1,0.0500000000
2025-12-31,2025-12-31,sz.002415,002415.SZ,海康威视,C39计算机、通信和其他电子设备制造业,28.7135101600,2026-01-31 00:00:00,0.0499329759,2.0231587174,2.6373880871,-1.8922613645,1.6196781161,-0.9186061438,1.4747862191,17,2.5999825674,2.0000000000,1,1.0000000000,NEW_ENTRY,RANK_WITHIN_ENTRY_LIMIT,0.0500000000,2,2,0.0500000000
2025-12-31,2025-12-31,sz.001979,001979.SZ,招商蛇口,K70房地产业,8.5780166400,2026-01-31 00:00:00,0.2233796296,2.2439889117,1.5686512001,-0.0108917612,1.0978260182,-0.2045991177,1.9957830735,7,2.1663194137,4.0000000000,1,1.0000000000,NEW_ENTRY,RANK_WITHIN_ENTRY_LIMIT,0.0500000000,3,1,0.0500000000
2025-12-31,2025-12-31,sz.000333,000333.SZ,美的集团,C38电气机械和器材制造业,74.4489723000,2026-01-31 00:00:00,-0.0071657070,1.0508984444,2.6262142306,-1.1546326869,0.9367877030,0.0142868066,1.4765703546,16,1.9599499318,6.0000000000,1,1.0000000000,RETAINED,RANK_WITHIN_EXIT_BUFFER,0.0500000000,4,1,0.0500000000
2025-12-31,2025-12-31,sh.600690,600690.SS,海尔智家,C38电气机械和器材制造业,25.0473653300,2026-01-31 00:00:00,-0.0375622844,1.2646192273,2.2559689096,-1.1310347218,1.0859608596,0.5907935474,1.7285433659,10,1.9426071435,7.0000000000,1,1.0000000000,RETAINED,RANK_WITHIN_EXIT_BUFFER,0.0500000000,5,2,0.0500000000
2025-12-31,2025-12-31,sh.600050,600050.SS,中国联通,I63电信、广播电视和卫星传输服务,5.0481332300,2026-01-31 00:00:00,0.0000000000,1.3522607237,1.3404696768,0.2057006621,1.7140748591,0.8386125813,2.3172113714,2,1.8673476014,8.0000000000,1,1.0000000000,NEW_ENTRY,RANK_WITHIN_ENTRY_LIMIT,0.0500000000,6,1,0.0500000000
2025-12-31,2025-12-31,sh.600406,600406.SS,国电南瑞,I65软件和信息技术服务业,22.0284892000,2026-01-31 00:00:00,0.1209964413,0.7889971183,1.3085883711,-0.8032861306,2.4255672683,1.5784624643,2.2522622492,3,1.7578882308,9.0000000000,1,1.0000000000,RETAINED,RANK_WITHIN_EXIT_BUFFER,0.0500000000,7,1,0.0500000000
2025-12-31,2025-12-31,sh.603195,603195.SS,公牛集团,C38电气机械和器材制造业,38.9696218800,2026-01-31 00:00:00,0.0232672055,1.6811611856,2.3954990487,-1.3388303992,-0.4719564458,0.4213627256,1.1423149359,26,1.6593385370,10.0000000000,1,1.0000000000,RETAINED,RANK_WITHIN_EXIT_BUFFER,0.0500000000,8,3,0.0500000000
2025-12-31,2025-12-31,sh.601728,601728.SS,中国电信,I63电信、广播电视和卫星传输服务,6.2083980000,2026-01-31 00:00:00,-0.0476190476,1.2437382432,0.8537999097,-0.4404553073,1.6776003273,1.8180917872,2.1903887662,5,1.5331487799,12.0000000000,1,1.0000000000,NEW_ENTRY,RANK_WITHIN_ENTRY_LIMIT,0.0500000000,9,2,0.0500000000
2025-12-31,2025-12-31,sz.000725,000725.SZ,京东方A,C39计算机、通信和其他电子设备制造业,4.1723541800,2026-01-31 00:00:00,0.0380047506,-0.7432932554,2.4063276214,-1.9539149674,2.5220599619,-1.6407448740,0.2509872984,123,1.4832953212,13.0000000000,1,1.0000000000,RETAINED,RANK_WITHIN_EXIT_BUFFER,0.0500000000,10,3,0.0500000000
2025-12-31,2025-12-31,sh.600845,600845.SS,宝信软件,I65软件和信息技术服务业,20.5091958400,2026-01-31 00:00:00,0.1038145823,1.1000516826,1.3883714486,-0.6972994333,1.0532647736,-0.4998782744,0.9966258642,32,1.4750460757,14.0000000000,1,1.0000000000,RETAINED,RANK_WITHIN_EXIT_BUFFER,0.0500000000,11,2,0.0500000000
2025-12-31,2025-12-31,sh.688009,688009.SS,中国通号,C37铁路、船舶、航空航天和其他运输设备制造业,5.2961852800,2026-01-31 00:00:00,0.0054844607,0.9737086302,1.0269932263,-0.2067241507,1.5938831933,0.1743832722,1.5142713733,15,1.4683697518,16.0000000000,1,1.0000000000,RETAINED,RANK_WITHIN_EXIT_BUFFER,0.0500000000,12,1,0.0500000000
2025-12-31,2025-12-31,sz.000157,000157.SZ,中联重科,C35专用设备制造业,8.2020124100,2026-01-31 00:00:00,0.0406216905,0.3427412580,1.2424498375,0.4401244384,1.9943710686,-1.0292848843,1.2711873467,20,1.4490066664,18.0000000000,1,1.0000000000,RETAINED,RANK_WITHIN_EXIT_BUFFER,0.0500000000,13,1,0.0500000000
2025-12-31,2025-12-31,sz.002027,002027.SZ,分众传媒,L72商务服务业,7.0113094700,2026-01-31 00:00:00,-0.0230664858,1.6184665447,1.4567545518,-0.1415968582,-0.0378686916,-0.2770995774,1.1131622595,27,1.4222719075,19.0000000000,1,1.0000000000,NEW_ENTRY,RANK_WITHIN_ENTRY_LIMIT,0.0500000000,14,1,0.0500000000
2025-12-31,2025-12-31,sh.601100,601100.SS,恒立液压,C34通用设备制造业,109.3384680000,2026-01-31 00:00:00,-0.0137385133,2.6054773870,0.8031018756,0.8673894164,-0.7438186989,0.1120210019,1.5490975722,14,1.4179177895,20.0000000000,1,1.0000000000,NEW_ENTRY,RANK_WITHIN_ENTRY_LIMIT,0.0500000000,15,1,0.0500000000
2025-12-31,2025-12-31,sh.600741,600741.SS,华域汽车,C36汽车制造业,18.8311000000,2026-01-31 00:00:00,-0.0385000000,0.8920692716,0.8573863870,0.7061450562,1.5639133397,0.5421075327,1.9390958769,8,1.4078535347,22.0000000000,1,1.0000000000,RETAINED,RANK_WITHIN_EXIT_BUFFER,0.0500000000,16,1,0.0500000000
2025-12-31,2025-12-31,sh.600048,600048.SS,保利发展,K70房地产业,6.0612284000,2026-01-31 00:00:00,0.1163934426,1.4152090626,1.1294940143,-0.7788688337,0.7227317986,0.2063513930,1.1455801816,25,1.3875250453,23.0000000000,1,1.0000000000,NEW_ENTRY,RANK_WITHIN_ENTRY_LIMIT,0.0500000000,17,2,0.0500000000
2025-12-31,2025-12-31,sh.600941,600941.SS,中国移动,I63电信、广播电视和卫星传输服务,98.8304367500,2026-01-31 00:00:00,-0.0462147452,0.3707173088,1.3456548273,0.1952217808,1.0975795489,0.8156622285,1.6258961825,13,1.1951559055,26.0000000000,1,1.0000000000,NEW_ENTRY,RANK_WITHIN_ENTRY_LIMIT,0.0500000000,18,3,0.0500000000
2025-12-31,2025-12-31,sz.000807,000807.SZ,云铝股份,C32有色金属冶炼和压延加工业,32.3726211200,2026-01-31 00:00:00,0.0243605359,1.8434389002,0.2878375380,0.4608301502,-0.1580399786,-1.7003651215,0.3118885475,114,0.9791573824,34.0000000000,1,1.0000000000,RETAINED,RANK_WITHIN_EXIT_BUFFER,0.0500000000,19,1,0.0500000000
2025-12-31,2025-12-31,sh.600585,600585.SS,海螺水泥,C30非金属矿物制品业,21.0869866800,2026-01-31 00:00:00,0.1216834401,0.3963366258,0.7288382504,-0.5876081810,1.3972177403,1.0024092051,1.2485691698,21,0.9647642034,37.0000000000,1,1.0000000000,RETAINED,RANK_WITHIN_EXIT_BUFFER,0.0500000000,20,1,0.0500000000
2026-01-31,2026-01-30,sh.600690,600690.SS,海尔智家,C38电气机械和器材制造业,24.1065290700,2026-02-28 00:00:00,0.0234966149,1.2610462014,2.3574532151,-1.3483980049,1.2016572146,-0.5648327273,1.2749999213,28,2.0851284930,2.0000000000,1,1.0000000000,RETAINED,RANK_WITHIN_EXIT_BUFFER,0.0500000000,1,1,0.0500000000
2026-01-31,2026-01-30,sh.688009,688009.SS,中国通号,C37铁路、船舶、航空航天和其他运输设备制造业,5.3252320000,2026-02-28 00:00:00,0.0400000000,1.4081454368,1.5067702945,0.0702404035,1.6813215231,-0.6392714465,1.7663634303,5,2.0198213360,3.0000000000,1,1.0000000000,RETAINED,RANK_WITHIN_EXIT_BUFFER,0.0500000000,2,1,0.0500000000
2026-01-31,2026-01-30,sz.002415,002415.SZ,海康威视,C39计算机、通信和其他电子设备制造业,30.1472611700,2026-02-28 00:00:00,0.0035110118,1.1603313022,1.7089518387,-1.7171314025,1.6716290291,-0.0343082203,1.2234839833,30,1.8558034750,5.0000000000,1,1.0000000000,RETAINED,RANK_WITHIN_EXIT_BUFFER,0.0500000000,3,1,0.0500000000
2026-01-31,2026-01-30,sh.600941,600941.SS,中国移动,I63电信、广播电视和卫星传输服务,94.2630133000,2026-02-28 00:00:00,-0.0214774850,0.7007105495,2.3378874411,-0.5014685285,1.1318697000,-0.6887896272,1.3071426842,26,1.8409745738,6.0000000000,1,1.0000000000,RETAINED,RANK_WITHIN_EXIT_BUFFER,0.0500000000,4,1,0.0500000000
2026-01-31,2026-01-30,sh.600050,600050.SS,中国联通,I63电信、广播电视和卫星传输服务,5.0481332300,2026-02-28 00:00:00,-0.0371819961,0.6529589102,1.8069309935,-0.3663584115,1.6698315804,-0.3371205255,1.5027761731,13,1.7575800956,9.0000000000,1,1.0000000000,RETAINED,RANK_WITHIN_EXIT_BUFFER,0.0500000000,5,2,0.0500000000
2026-01-31,2026-01-30,sh.601728,601728.SS,中国电信,I63电信、广播电视和卫星传输服务,5.9127600000,2026-02-28 00:00:00,-0.0350000000,1.0175575315,1.5733726544,-1.4236349010,1.7117630746,-1.0082355877,0.8205571693,62,1.7533584717,10.0000000000,1,1.0000000000,RETAINED,RANK_WITHIN_EXIT_BUFFER,0.0500000000,6,3,0.0500000000
2026-01-31,2026-01-30,sz.000157,000157.SZ,中联重科,C35专用设备制造业,8.5351920200,2026-02-28 00:00:00,0.1391106043,0.5706733487,1.5439297708,0.0243394220,2.0586508165,-0.8658902761,1.4613104409,16,1.7533134480,11.0000000000,1,1.0000000000,RETAINED,RANK_WITHIN_EXIT_BUFFER,0.0500000000,7,1,0.0500000000
2026-01-31,2026-01-30,sh.600406,600406.SS,国电南瑞,I65软件和信息技术服务业,24.6938580000,2026-02-28 00:00:00,0.0833333333,0.4286929455,1.4186462637,-0.8437475675,2.3811891810,-0.5864980878,1.2273481990,29,1.6681163939,12.0000000000,1,1.0000000000,RETAINED,RANK_WITHIN_EXIT_BUFFER,0.0500000000,8,1,0.0500000000
2026-01-31,2026-01-30,sz.000333,000333.SZ,美的集团,C38电气机械和器材制造业,73.9154927800,2026-02-28 00:00:00,0.0135326717,0.8479532381,1.9804389295,-1.5533723272,0.9942810420,-1.1802734595,0.4776557528,90,1.6075020201,14.0000000000,1,1.0000000000,RETAINED,RANK_WITHIN_EXIT_BUFFER,0.0500000000,9,2,0.0500000000
2026-01-31,2026-01-30,sz.000725,000725.SZ,京东方A,C39计算机、通信和其他电子设备制造业,4.3309234600,2026-02-28 00:00:00,0.0251716247,-0.0153894479,1.7053804779,-1.8487391747,2.5537571821,-0.1262236870,0.9951065984,42,1.5729357805,15.0000000000,1,1.0000000000,RETAINED,RANK_WITHIN_EXIT_BUFFER,0.0500000000,10,2,0.0500000000
2026-01-31,2026-01-30,sh.601766,601766.SS,中国中车,C37铁路、船舶、航空航天和其他运输设备制造业,6.1844246900,2026-02-28 00:00:00,-0.0031695721,0.0148846262,1.4101518374,-0.6381982785,2.5212945320,-0.0217708147,1.4414234530,17,1.5268594096,16.0000000000,1,1.0000000000,NEW_ENTRY,RANK_WITHIN_ENTRY_LIMIT,0.0500000000,11,2,0.0500000000
2026-01-31,2026-01-30,sz.002236,002236.SZ,大华股份,C39计算机、通信和其他电子设备制造业,18.5726282400,2026-02-28 00:00:00,0.0158227848,-0.0005966555,1.4418248939,-0.0266726737,2.3207892530,1.4812423661,2.2880350171,1,1.5166445275,17.0000000000,1,1.0000000000,RETAINED,RANK_WITHIN_EXIT_BUFFER,0.0500000000,12,3,0.0500000000
2026-01-31,2026-01-30,sh.601800,601800.SS,中国交建,E48土木工程建筑业,8.0560497600,2026-02-28 00:00:00,-0.0024509804,2.0398231455,0.6774944393,-0.6026839959,0.6385837215,0.5077395909,1.4302806253,18,1.5124787026,18.0000000000,1,1.0000000000,NEW_ENTRY,RANK_WITHIN_ENTRY_LIMIT,0.0500000000,13,1,0.0500000000
2026-01-31,2026-01-30,sh.603195,603195.SS,公牛集团,C38电气机械和器材制造业,39.8763360800,2026-02-28 00:00:00,0.0423647678,1.9131603886,1.6743487683,-1.4815641871,-0.4797209943,-0.8565126184,0.3376012852,112,1.4740388778,19.0000000000,1,1.0000000000,RETAINED,RANK_WITHIN_EXIT_BUFFER,0.0500000000,14,3,0.0500000000
2026-01-31,2026-01-30,sh.688187,688187.SS,时代电气,C37铁路、船舶、航空航天和其他运输设备制造业,56.3588390600,2026-02-28 00:00:00,0.0395519776,1.1026071781,0.8697204200,0.8099402902,1.1126609055,-0.2403595894,1.6029219904,9,1.4184393039,20.0000000000,1,1.0000000000,NEW_ENTRY,RANK_WITHIN_ENTRY_LIMIT,0.0500000000,15,3,0.0500000000
2026-01-31,2026-01-30,sh.601668,601668.SS,中国建筑,E48土木工程建筑业,4.7516968800,2026-02-28 00:00:00,0.0000000000,1.2107902386,0.9412240477,-0.7075659739,1.1786546861,-0.0269108125,1.1387097394,36,1.4121336772,21.0000000000,1,1.0000000000,NEW_ENTRY,RANK_WITHIN_ENTRY_LIMIT,0.0500000000,16,2,0.0500000000
2026-01-31,2026-01-30,sh.600741,600741.SS,华域汽车,C36汽车制造业,18.1061026500,2026-02-28 00:00:00,0.0052002080,0.7732916309,0.6236145553,1.0250576300,1.5699419398,0.1906334618,1.8344936744,3,1.3138557874,24.0000000000,1,1.0000000000,RETAINED,RANK_WITHIN_EXIT_BUFFER,0.0500000000,17,1,0.0500000000
2026-01-31,2026-01-30,sz.000425,000425.SZ,徐工机械,C35专用设备制造业,10.4842806000,2026-02-28 00:00:00,0.1415270019,0.1797649601,1.1115726107,0.9714599225,1.5762146860,-0.7104808355,1.3721977634,22,1.2554390167,26.0000000000,1,1.0000000000,NEW_ENTRY,RANK_WITHIN_ENTRY_LIMIT,0.0500000000,18,2,0.0500000000
2026-01-31,2026-01-30,sz.000807,000807.SZ,云铝股份,C32有色金属冶炼和压延加工业,33.1612355200,2026-02-28 00:00:00,-0.0725326992,1.6142855478,0.5054247808,0.3662221442,0.0676333131,-0.2749368629,0.9994240645,41,1.0927458397,33.0000000000,1,1.0000000000,RETAINED,RANK_WITHIN_EXIT_BUFFER,0.0500000000,19,1,0.0500000000
2026-01-31,2026-01-30,sh.600845,600845.SS,宝信软件,I65软件和信息技术服务业,22.6383494400,2026-02-28 00:00:00,0.0577427822,0.7960310093,0.5528970726,-1.0240012589,1.0561836226,0.0205834605,0.6147936624,75,0.9510586426,38.0000000000,1,1.0000000000,RETAINED,RANK_WITHIN_EXIT_BUFFER,0.0500000000,20,2,0.0500000000
2026-02-28,2026-02-27,sz.002415,002415.SZ,海康威视,C39计算机、通信和其他电子设备制造业,30.2531085600,2026-03-31 00:00:00,-0.0324427481,1.5714862882,2.0211101942,-1.6946602255,1.7057439435,1.3375683700,2.0175517989,2,2.1794717463,2.0000000000,1,1.0000000000,RETAINED,RANK_WITHIN_EXIT_BUFFER,0.0500000000,1,1,0.0500000000
2026-02-28,2026-02-27,sh.600690,600690.SS,海尔智家,C38电气机械和器材制造业,24.6729509000,2026-03-31 00:00:00,-0.1680933852,1.3118840337,2.1778562845,-1.3358015928,1.2275015703,-0.0050052017,1.3786257867,17,1.9896558810,3.0000000000,1,1.0000000000,RETAINED,RANK_WITHIN_EXIT_BUFFER,0.0500000000,2,1,0.0500000000
2026-02-28,2026-02-27,sh.600406,600406.SS,国电南瑞,I65软件和信息技术服务业,26.7516795000,2026-03-31 00:00:00,-0.0479853480,0.8908027684,1.6764154929,-0.3231722399,2.2414450911,-0.5241358293,1.6174534358,11,1.9793085025,4.0000000000,1,1.0000000000,RETAINED,RANK_WITHIN_EXIT_BUFFER,0.0500000000,3,1,0.0500000000
2026-02-28,2026-02-27,sz.002236,002236.SZ,大华股份,C39计算机、通信和其他电子设备制造业,18.8664989400,2026-03-31 00:00:00,-0.1251298027,0.6287114996,1.6469879051,-0.2120582389,2.2982227429,0.5100201566,1.9892297098,4,1.8685970837,5.0000000000,1,1.0000000000,RETAINED,RANK_WITHIN_EXIT_BUFFER,0.0500000000,4,2,0.0500000000
2026-02-28,2026-02-27,sh.688009,688009.SS,中国通号,C37铁路、船舶、航空航天和其他运输设备制造业,5.5382412800,2026-03-31 00:00:00,-0.0069930070,1.1303206618,1.3823915073,-0.1819815163,1.7447810846,0.1368353179,1.7199354086,8,1.7972791401,6.0000000000,1,1.0000000000,RETAINED,RANK_WITHIN_EXIT_BUFFER,0.0500000000,5,1,0.0500000000
2026-02-28,2026-02-27,sz.000333,000333.SZ,美的集团,C38电气机械和器材制造业,74.9157668800,2026-03-31 00:00:00,-0.0291200407,1.2272742728,2.0072926724,-1.4894239419,1.0520891766,-0.0350523136,1.1278204038,33,1.7937059844,7.0000000000,1,1.0000000000,RETAINED,RANK_WITHIN_EXIT_BUFFER,0.0500000000,6,2,0.0500000000
2026-02-28,2026-02-27,sz.000725,000725.SZ,京东方A,C39计算机、通信和其他电子设备制造业,4.4399398400,2026-03-31 00:00:00,-0.1272321429,0.6043862777,1.5849220595,-1.7656113904,2.5259538265,-0.9697100228,0.8084258393,54,1.7735767652,8.0000000000,1,1.0000000000,RETAINED,RANK_WITHIN_EXIT_BUFFER,0.0500000000,7,3,0.0500000000
2026-02-28,2026-02-27,sh.600019,600019.SS,宝钢股份,C31黑色金属冶炼和压延加工业,6.9714288000,2026-03-31 00:00:00,-0.1097222222,0.9516204309,1.3262254476,-0.8071405165,1.6547496878,2.5033065503,2.2982689354,1,1.6050780136,12.0000000000,1,1.0000000000,NEW_ENTRY,RANK_WITHIN_ENTRY_LIMIT,0.0500000000,8,1,0.0500000000
2026-02-28,2026-02-27,sh.603195,603195.SS,公牛集团,C38电气机械和器材制造业,41.5656878000,2026-03-31 00:00:00,-0.0390355913,2.1206099434,1.5380133922,-1.5762630402,-0.4731233296,-0.4954560854,0.4547657514,87,1.4698791401,13.0000000000,1,1.0000000000,RETAINED,RANK_WITHIN_EXIT_BUFFER,0.0500000000,9,3,0.0500000000
2026-02-28,2026-02-27,sz.000157,000157.SZ,中联重科,C35专用设备制造业,9.7225277400,2026-03-31 00:00:00,-0.1391391391,0.4411141044,1.1578204805,0.1633042937,1.8879716399,-0.2768575377,1.3773673349,18,1.4320352838,15.0000000000,1,1.0000000000,RETAINED,RANK_WITHIN_EXIT_BUFFER,0.0500000000,10,1,0.0500000000
2026-02-28,2026-02-27,sh.601728,601728.SS,中国电信,I63电信、广播电视和卫星传输服务,5.7058134000,2026-03-31 00:00:00,-0.0207253886,0.8905816756,1.0459076473,-1.4986677054,1.7181958587,-0.0535305015,0.8584624548,50,1.4010057159,16.0000000000,1,1.0000000000,RETAINED,RANK_WITHIN_EXIT_BUFFER,0.0500000000,11,1,0.0500000000
2026-02-28,2026-02-27,sh.601800,601800.SS,中国交建,E48土木工程建筑业,8.0363045400,2026-03-31 00:00:00,-0.0651105651,1.6583525517,0.8373055599,-0.6017996101,0.6953454756,0.9707182896,1.4535450850,15,1.3987274410,17.0000000000,1,1.0000000000,RETAINED,RANK_WITHIN_EXIT_BUFFER,0.0500000000,12,1,0.0500000000
2026-02-28,2026-02-27,sh.603799,603799.SS,华友钴业,C32有色金属冶炼和压延加工业,77.9458335000,2026-03-31 00:00:00,-0.2529890613,1.5242848716,1.0816645337,1.1942663990,0.1044077378,0.2565802612,1.6990532047,9,1.3937546534,18.0000000000,1,1.0000000000,NEW_ENTRY,RANK_WITHIN_ENTRY_LIMIT,0.0500000000,13,1,0.0500000000
2026-02-28,2026-02-27,sh.600050,600050.SS,中国联通,I63电信、广播电视和卫星传输服务,4.8604335600,2026-03-31 00:00:00,-0.0955284553,0.5569703570,1.1246960459,-0.4619610993,1.6737138688,0.1730809842,1.2520768423,22,1.3474757275,19.0000000000,1,1.0000000000,RETAINED,RANK_WITHIN_EXIT_BUFFER,0.0500000000,14,2,0.0500000000
2026-02-28,2026-02-27,sh.600845,600845.SS,宝信软件,I65软件和信息技术服务业,23.9455507200,2026-03-31 00:00:00,-0.0488006617,1.4261285728,0.7760505675,-0.8993197455,0.9602875814,0.5943680717,1.1667465304,31,1.3224860848,21.0000000000,1,1.0000000000,RETAINED,RANK_WITHIN_EXIT_BUFFER,0.0500000000,15,2,0.0500000000
2026-02-28,2026-02-27,sz.000807,000807.SZ,云铝股份,C32有色金属冶炼和压延加工业,30.7559616000,2026-03-31 00:00:00,-0.0064102564,1.7842312150,0.7573134843,-0.0419888011,0.2240088563,1.5508399122,1.7452740338,7,1.3067904919,22.0000000000,1,1.0000000000,RETAINED,RANK_WITHIN_EXIT_BUFFER,0.0500000000,16,2,0.0500000000
2026-02-28,2026-02-27,sh.601766,601766.SS,中国中车,C37铁路、船舶、航空航天和其他运输设备制造业,6.1648227100,2026-03-31 00:00:00,0.0079491256,-0.3086114351,1.0198410926,-1.0013662383,2.6525406379,1.1821764300,1.4472809121,16,1.1713721855,28.0000000000,1,1.0000000000,RETAINED,RANK_WITHIN_EXIT_BUFFER,0.0500000000,17,2,0.0500000000
2026-02-28,2026-02-27,sh.600741,600741.SS,华域汽车,C36汽车制造业,18.2002581500,2026-03-31 00:00:00,-0.0062079669,0.5812307581,0.3046892854,0.8775307260,1.5811177240,-0.4437234793,1.1844385064,28,1.0468100129,38.0000000000,1,1.0000000000,RETAINED,RANK_WITHIN_EXIT_BUFFER,0.0500000000,18,1,0.0500000000
2026-02-28,2026-02-27,sh.600941,600941.SS,中国移动,I63电信、广播电视和卫星传输服务,92.2384808500,2026-03-31 00:00:00,-0.0055137313,-0.1006100763,1.5102234736,-0.3541572637,1.1083546818,0.4260916262,1.0574781364,36,1.0250657996,39.0000000000,1,1.0000000000,RETAINED,RANK_WITHIN_EXIT_BUFFER,0.0500000000,19,3,0.0500000000
2026-02-28,2026-02-27,sh.601668,601668.SS,中国建筑,E48土木工程建筑业,4.7516968800,2026-03-31 00:00:00,-0.0059523810,0.6487021303,0.7233998668,-0.7878287431,1.2315095402,1.0664939348,1.1768569252,30,1.0227635933,40.0000000000,1,1.0000000000,RETAINED,RANK_WITHIN_EXIT_BUFFER,0.0500000000,20,2,0.0500000000
2026-03-31,2026-03-31,sz.002415,002415.SZ,海康威视,C39计算机、通信和其他电子设备制造业,29.2716145800,2026-04-30 00:00:00,0.1929651545,1.5921064745,2.0372998318,-1.7780312569,1.4783242129,-0.5690828203,1.3645357002,21,2.0988035682,2.0000000000,1,1.0000000000,RETAINED,RANK_WITHIN_EXIT_BUFFER,0.0500000000,1,1,0.0500000000
2026-03-31,2026-03-31,sz.002236,002236.SZ,大华股份,C39计算机、通信和其他电子设备制造业,16.5057376500,2026-04-30 00:00:00,0.0973293769,1.0759976688,1.6483595958,-0.8157330424,2.2613727037,-1.1280253311,1.5036057806,13,2.0125442958,3.0000000000,1,1.0000000000,RETAINED,RANK_WITHIN_EXIT_BUFFER,0.0500000000,2,2,0.0500000000
2026-03-31,2026-03-31,sh.601668,601668.SS,中国建筑,E48土木工程建筑业,4.7234129700,2026-04-30 00:00:00,-0.0199600798,1.1185502367,1.7540145530,-0.6852708468,1.4246182057,-0.8555111835,1.3624520465,22,1.8090905842,4.0000000000,1,1.0000000000,RETAINED,RANK_WITHIN_EXIT_BUFFER,0.0500000000,3,1,0.0500000000
2026-03-31,2026-03-31,sz.300413,300413.SZ,芒果超媒,I64互联网和相关服务,20.2400562000,2026-04-30 00:00:00,-0.0563106796,2.0409134352,1.5350415205,-0.4503395014,0.3053643258,0.2364872327,1.8127797806,6,1.7934384548,5.0000000000,1,1.0000000000,NEW_ENTRY,RANK_WITHIN_ENTRY_LIMIT,0.0500000000,4,1,0.0500000000
2026-03-31,2026-03-31,sh.603195,603195.SS,公牛集团,C38电气机械和器材制造业,39.9431466000,2026-04-30 00:00:00,0.0716845878,2.4481571244,1.8462390059,-1.4780664295,-0.4552864863,-1.4071142761,0.4715142864,88,1.7883787509,6.0000000000,1,1.0000000000,RETAINED,RANK_WITHIN_EXIT_BUFFER,0.0500000000,5,1,0.0500000000
2026-03-31,2026-03-31,sh.600018,600018.SS,上港集团,G55水上运输业,4.9542649700,2026-04-30 00:00:00,-0.0176817289,1.1827792534,1.8729733262,-1.8751890767,1.0634053031,-1.3264926752,0.4534961523,95,1.6692267502,9.0000000000,1,1.0000000000,NEW_ENTRY,RANK_WITHIN_ENTRY_LIMIT,0.0500000000,6,1,0.0500000000
2026-03-31,2026-03-31,sz.000333,000333.SZ,美的集团,C38电气机械和器材制造业,72.7342167000,2026-04-30 00:00:00,0.0622134905,1.4606625023,1.4239459499,-1.3930580000,1.0815020259,-1.6529812004,0.4547788987,94,1.6382590307,10.0000000000,1,1.0000000000,RETAINED,RANK_WITHIN_EXIT_BUFFER,0.0500000000,7,2,0.0500000000
2026-03-31,2026-03-31,sh.601186,601186.SS,中国铁建,E48土木工程建筑业,6.7241137500,2026-04-30 00:00:00,-0.0425531915,1.0508952851,1.4812162972,-0.4994969783,1.2952321161,-0.5358210150,1.3800608779,19,1.6182879980,11.0000000000,1,1.0000000000,NEW_ENTRY,RANK_WITHIN_ENTRY_LIMIT,0.0500000000,8,2,0.0500000000
2026-03-31,2026-03-31,sh.600690,600690.SS,海尔智家,C38电气机械和器材制造业,20.5255910600,2026-04-30 00:00:00,0.0070159027,1.0798472072,1.3836064016,-1.4159490178,1.4972557326,1.1813955096,1.8417888779,4,1.5775463387,12.0000000000,1,1.0000000000,RETAINED,RANK_WITHIN_EXIT_BUFFER,0.0500000000,9,3,0.0500000000
2026-03-31,2026-03-31,sh.601298,601298.SS,青岛港,G55水上运输业,8.4160769700,2026-04-30 00:00:00,0.0278745645,1.4898399007,1.7364452370,-0.8750838144,0.2488728564,-0.8844639434,0.8480031414,51,1.5628406720,13.0000000000,1,1.0000000000,NEW_ENTRY,RANK_WITHIN_ENTRY_LIMIT,0.0500000000,10,2,0.0500000000
2026-03-31,2026-03-31,sz.000725,000725.SZ,京东方A,C39计算机、通信和其他电子设备制造业,3.8750367800,2026-04-30 00:00:00,0.0434782609,0.2230500927,1.3464730297,-1.3560727132,2.5088721614,0.0567284979,1.3736476890,20,1.4917843782,15.0000000000,1,1.0000000000,RETAINED,RANK_WITHIN_EXIT_BUFFER,0.0500000000,11,3,0.0500000000
2026-03-31,2026-03-31,sh.601018,601018.SS,宁波港,G55水上运输业,3.9880322100,2026-04-30 00:00:00,-0.0953545232,1.2978525018,1.7463537270,-1.0049081590,0.2155256062,-1.5450214622,0.3508457191,113,1.4502777152,16.0000000000,1,1.0000000000,NEW_ENTRY,RANK_WITHIN_ENTRY_LIMIT,0.0500000000,12,3,0.0500000000
2026-03-31,2026-03-31,sh.601238,601238.SS,广汽集团,C36汽车制造业,7.1900000000,2026-04-30 00:00:00,-0.0222531293,1.0949460675,0.9745951514,-0.0440902514,1.0374836525,0.6186070582,1.8197366991,5,1.3511395965,18.0000000000,1,1.0000000000,NEW_ENTRY,RANK_WITHIN_ENTRY_LIMIT,0.0500000000,13,1,0.0500000000
2026-03-31,2026-03-31,sh.601800,601800.SS,中国交建,E48土木工程建筑业,7.5130562100,2026-04-30 00:00:00,-0.0788436268,1.3359930012,1.1349401782,-0.6446496398,0.6240480938,0.3879213360,1.4029103949,18,1.3510736702,19.0000000000,1,1.0000000000,RETAINED,RANK_WITHIN_EXIT_BUFFER,0.0500000000,14,3,0.0500000000
2026-03-31,2026-03-31,sh.601766,601766.SS,中国中车,C37铁路、船舶、航空航天和其他运输设备制造业,6.2138276600,2026-04-30 00:00:00,-0.0583596215,-0.0581716747,1.4989940610,-1.1838242968,2.2314182489,-0.2805591468,1.0913142127,38,1.3469708937,20.0000000000,1,1.0000000000,RETAINED,RANK_WITHIN_EXIT_BUFFER,0.0500000000,15,1,0.0500000000
2026-03-31,2026-03-31,sh.600019,600019.SS,宝钢股份,C31黑色金属冶炼和压延加工业,6.2065081400,2026-04-30 00:00:00,-0.0156006240,0.8185594091,0.9070882692,-1.3440492550,1.5570219399,0.2081561516,1.0611228530,41,1.2481002204,23.0000000000,1,1.0000000000,RETAINED,RANK_WITHIN_EXIT_BUFFER,0.0500000000,16,1,0.0500000000
2026-03-31,2026-03-31,sh.688009,688009.SS,中国通号,C37铁路、船舶、航空航天和其他运输设备制造业,5.4995123200,2026-04-30 00:00:00,-0.0968309859,0.6828634045,0.8185633147,-0.1813129447,1.5685274150,-0.9153353189,0.9753786390,44,1.2433374794,24.0000000000,1,1.0000000000,RETAINED,RANK_WITHIN_EXIT_BUFFER,0.0500000000,17,2,0.0500000000
2026-03-31,2026-03-31,sh.601728,601728.SS,中国电信,I63电信、广播电视和卫星传输服务,5.5875582000,2026-04-30 00:00:00,0.0634920635,0.2956425098,1.0799501879,-1.3265145099,1.6849304177,0.9794746089,1.3412383776,23,1.1219155196,29.0000000000,1,1.0000000000,RETAINED,RANK_WITHIN_EXIT_BUFFER,0.0500000000,18,1,0.0500000000
2026-03-31,2026-03-31,sh.600941,600941.SS,中国移动,I63电信、广播电视和卫星传输服务,91.7299026500,2026-04-30 00:00:00,0.0302804137,-0.0896459085,1.6414308690,-0.1130440595,1.0259066124,-0.1456037962,1.1462722218,36,1.0804874595,32.0000000000,1,1.0000000000,RETAINED,RANK_WITHIN_EXIT_BUFFER,0.0500000000,19,2,0.0500000000
2026-03-31,2026-03-31,sh.600406,600406.SS,国电南瑞,I65软件和信息技术服务业,25.4679908500,2026-04-30 00:00:00,-0.0007695267,-0.4900136071,1.0779676320,0.4210003325,2.0073777756,0.8062104102,1.8894315365,3,1.0001301200,37.0000000000,1,1.0000000000,RETAINED,RANK_WITHIN_EXIT_BUFFER,0.0500000000,20,1,0.0500000000
2026-04-30,2026-04-30,sz.000333,000333.SZ,美的集团,C38电气机械和器材制造业,77.2592662000,2026-05-31 00:00:00,-0.0030826141,1.7594677769,2.7877797905,-1.8108132083,1.1375566737,-0.2731070494,1.5098039949,15,2.3834045963,1.0000000000,1,1.0000000000,RETAINED,RANK_WITHIN_EXIT_BUFFER,0.0500000000,1,1,0.0500000000
2026-04-30,2026-04-30,sz.002415,002415.SZ,海康威视,C39计算机、通信和其他电子设备制造业,34.9200162100,2026-05-31 00:00:00,-0.1385392040,1.7394126830,2.1529581962,-1.5545839396,1.5500349730,-1.3740928839,1.0539740094,34,2.2147272804,3.0000000000,1,1.0000000000,RETAINED,RANK_WITHIN_EXIT_BUFFER,0.0500000000,2,1,0.0500000000
2026-04-30,2026-04-30,sz.000725,000725.SZ,京东方A,C39计算机、通信和其他电子设备制造业,4.0435166400,2026-05-31 00:00:00,0.2524509804,0.9343636587,1.9650487328,-1.3855862250,2.5437867824,0.8988937967,2.0781990533,5,2.0853192060,4.0000000000,1,1.0000000000,RETAINED,RANK_WITHIN_EXIT_BUFFER,0.0500000000,3,2,0.0500000000
2026-04-30,2026-04-30,sh.600406,600406.SS,国电南瑞,I65软件和信息技术服务业,25.4483925500,2026-05-31 00:00:00,-0.0412013862,0.9200983703,1.8580816726,-0.1483192672,2.0357712893,0.7127772531,2.2550973349,2,2.0052133068,5.0000000000,1,1.0000000000,RETAINED,RANK_WITHIN_EXIT_BUFFER,0.0500000000,4,1,0.0500000000
2026-04-30,2026-04-30,sz.002236,002236.SZ,大华股份,C39计算机、通信和其他电子设备制造业,18.1122308100,2026-05-31 00:00:00,-0.0785232269,0.7208936370,1.9123107014,-0.5682956812,2.3536340521,0.1047950756,1.8965769209,6,1.9772890254,6.0000000000,1,1.0000000000,RETAINED,RANK_WITHIN_EXIT_BUFFER,0.0500000000,5,3,0.0500000000
2026-04-30,2026-04-30,sh.600690,600690.SS,海尔智家,C38电气机械和器材制造业,20.6695966100,2026-05-31 00:00:00,-0.0301904320,1.3149322934,1.6507105976,-1.7989259308,1.5458385092,-1.0228395143,0.7084760051,68,1.7330061496,8.0000000000,1,1.0000000000,RETAINED,RANK_WITHIN_EXIT_BUFFER,0.0500000000,6,2,0.0500000000
2026-04-30,2026-04-30,sh.688009,688009.SS,中国通号,C37铁路、船舶、航空航天和其他运输设备制造业,4.9669891200,2026-05-31 00:00:00,-0.0643274854,1.0410842403,1.2833817837,0.0125088913,1.6885196542,0.2533005625,1.7940433553,9,1.6894824739,9.0000000000,1,1.0000000000,RETAINED,RANK_WITHIN_EXIT_BUFFER,0.0500000000,7,1,0.0500000000
2026-04-30,2026-04-30,sh.601766,601766.SS,中国中车,C37铁路、船舶、航空航天和其他运输设备制造业,5.8511910300,2026-05-31 00:00:00,-0.0335008375,0.0534306276,1.9445420952,-0.8753069532,2.3655468609,-0.6346010924,1.1964823415,26,1.6173116364,10.0000000000,1,1.0000000000,RETAINED,RANK_WITHIN_EXIT_BUFFER,0.0500000000,8,2,0.0500000000
2026-04-30,2026-04-30,sh.601728,601728.SS,中国电信,I63电信、广播电视和卫星传输服务,5.9423238000,2026-05-31 00:00:00,0.0033167496,0.9309425849,1.2101550104,-1.3485913293,1.6055952146,-0.2877047302,0.8848620114,45,1.4073793375,13.0000000000,1,1.0000000000,RETAINED,RANK_WITHIN_EXIT_BUFFER,0.0500000000,9,1,0.0500000000
2026-04-30,2026-04-30,sz.000807,000807.SZ,云铝股份,C32有色金属冶炼和压延加工业,31.3474224000,2026-05-31 00:00:00,-0.1040880503,1.9100783145,0.2215297683,0.6127302362,0.6746385530,1.7843700661,2.1816959474,3,1.3743687350,15.0000000000,1,1.0000000000,NEW_ENTRY,RANK_WITHIN_ENTRY_LIMIT,0.0500000000,10,1,0.0500000000
2026-04-30,2026-04-30,sh.601186,601186.SS,中国铁建,E48土木工程建筑业,6.4379812500,2026-05-31 00:00:00,-0.0518518519,0.5973275834,1.4161905297,-0.4754358755,1.3182867076,-0.5020323170,0.9871428413,39,1.3467068675,16.0000000000,1,1.0000000000,RETAINED,RANK_WITHIN_EXIT_BUFFER,0.0500000000,11,1,0.0500000000
2026-04-30,2026-04-30,sh.600018,600018.SS,上港集团,G55水上运输业,4.8666650000,2026-05-31 00:00:00,0.0260000000,0.6219786611,1.8654513801,-1.7746747781,1.0414975390,-0.5441261703,0.5073904162,91,1.3362903654,17.0000000000,1,1.0000000000,RETAINED,RANK_WITHIN_EXIT_BUFFER,0.0500000000,12,1,0.0500000000
2026-04-30,2026-04-30,sh.600019,600019.SS,宝钢股份,C31黑色金属冶炼和压延加工业,6.1096827400,2026-05-31 00:00:00,-0.0443740095,1.0834310094,1.3146859214,-1.1817719293,0.8535893613,-0.2151812920,0.7776739291,60,1.3137295742,19.0000000000,1,1.0000000000,RETAINED,RANK_WITHIN_EXIT_BUFFER,0.0500000000,13,1,0.0500000000
2026-04-30,2026-04-30,sh.600009,600009.SS,上海机场,G56航空运输业,26.9334138000,2026-05-31 00:00:00,-0.0796622614,0.5201304123,1.5820881522,-0.2861811714,0.8371480662,-0.4589579646,0.9200111563,43,1.2566334609,20.0000000000,1,1.0000000000,NEW_ENTRY,RANK_WITHIN_ENTRY_LIMIT,0.0500000000,14,1,0.0500000000
2026-04-30,2026-04-30,sz.300413,300413.SZ,芒果超媒,I64互联网和相关服务,19.1003248800,2026-05-31 00:00:00,-0.1023662551,0.8951876001,1.1604715281,-0.8948495879,1.0635519493,0.6655137932,1.2116872598,25,1.2558496804,21.0000000000,1,1.0000000000,RETAINED,RANK_WITHIN_EXIT_BUFFER,0.0500000000,15,1,0.0500000000
2026-04-30,2026-04-30,sh.600031,600031.SS,三一重工,C35专用设备制造业,20.1566953500,2026-05-31 00:00:00,-0.1184275184,0.5807514827,1.0260025220,-0.5239269826,1.4748634290,-0.1319823572,1.0170679721,38,1.1984153877,23.0000000000,1,1.0000000000,NEW_ENTRY,RANK_WITHIN_ENTRY_LIMIT,0.0500000000,16,1,0.0500000000
2026-04-30,2026-04-30,sh.688271,688271.SS,联影医疗,C35专用设备制造业,109.7706715500,2026-05-31 00:00:00,0.0941336971,1.1407438346,1.6098910902,-0.9269610173,-0.2617574381,1.8505461698,1.4308013668,16,1.1823483968,24.0000000000,1,1.0000000000,NEW_ENTRY,RANK_WITHIN_ENTRY_LIMIT,0.0500000000,17,2,0.0500000000
2026-04-30,2026-04-30,sh.601668,601668.SS,中国建筑,E48土木工程建筑业,4.6291332700,2026-05-31 00:00:00,-0.0162932790,0.1837002263,1.5207894419,-0.7721866626,1.3263403009,-1.0592033858,0.5029096167,92,1.1512518379,27.0000000000,1,1.0000000000,RETAINED,RANK_WITHIN_EXIT_BUFFER,0.0500000000,18,2,0.0500000000
2026-04-30,2026-04-30,sh.603195,603195.SS,公牛集团,C38电气机械和器材制造业,42.8064546000,2026-05-31 00:00:00,-0.0729096990,1.6388824242,1.3472098202,-1.7461669983,-0.3701086898,-1.7056600741,-0.3504583564,212,1.1323642744,30.0000000000,1,1.0000000000,RETAINED,RANK_WITHIN_EXIT_BUFFER,0.0500000000,19,3,0.0500000000
2026-04-30,2026-04-30,sh.601238,601238.SS,广汽集团,C36汽车制造业,7.0300000000,2026-05-31 00:00:00,-0.1365576102,0.9441174301,0.8098299827,-0.2249076332,0.7621353671,-0.1034138731,0.9172999536,44,1.0826804255,32.0000000000,1,1.0000000000,RETAINED,RANK_WITHIN_EXIT_BUFFER,0.0500000000,20,1,0.0500000000
2026-05-31,2026-05-29,sz.002415,002415.SZ,海康威视,C39计算机、通信和其他电子设备制造业,30.0822249600,2026-06-30 00:00:00,0.1191099476,2.5651637869,2.6913188830,-1.4484276561,2.1665916090,1.1126957001,3.0983910231,2,3.1760305194,1.0000000000,1,1.0000000000,RETAINED,RANK_WITHIN_EXIT_BUFFER,0.0500000000,1,1,0.0500000000
2026-05-31,2026-05-29,sz.002236,002236.SZ,大华股份,C39计算机、通信和其他电子设备制造业,16.6900000000,2026-06-30 00:00:00,-0.0119832235,2.5295407948,2.1938474443,-0.6506510093,2.5832431053,0.6461158797,3.1922755146,1,3.1555067065,2.0000000000,1,1.0000000000,RETAINED,RANK_WITHIN_EXIT_BUFFER,0.0500000000,2,2,0.0500000000
2026-05-31,2026-05-29,sz.300628,300628.SZ,亿联网络,C39计算机、通信和其他电子设备制造业,36.1500000000,2026-06-30 00:00:00,-0.0644536653,2.8139298443,2.2137891275,-0.5567700735,0.9757449735,-0.1296089267,2.3244832142,3,2.8054114846,3.0000000000,1,1.0000000000,NEW_ENTRY,RANK_WITHIN_ENTRY_LIMIT,0.0500000000,3,3,0.0500000000
2026-05-31,2026-05-29,sz.000333,000333.SZ,美的集团,C38电气机械和器材制造业,77.0211057000,2026-06-30 00:00:00,-0.0193597026,1.3600315261,2.2912468014,-1.8003189037,1.2490813922,-0.3606591608,1.1975822731,23,1.9540698245,5.0000000000,1,1.0000000000,RETAINED,RANK_WITHIN_EXIT_BUFFER,0.0500000000,4,1,0.0500000000
2026-05-31,2026-05-29,sh.688009,688009.SS,中国通号,C37铁路、船舶、航空航天和其他运输设备制造业,4.6474752000,2026-06-30 00:00:00,-0.0083333333,1.1425691084,1.5961638406,0.0989225704,1.5754768364,-0.2270202911,1.8300529948,7,1.8995704940,7.0000000000,1,1.0000000000,RETAINED,RANK_WITHIN_EXIT_BUFFER,0.0500000000,5,1,0.0500000000
2026-05-31,2026-05-29,sh.600570,600570.SS,恒生电子,I65软件和信息技术服务业,24.0519340500,2026-06-30 00:00:00,-0.1189897679,1.1609732551,1.7616606721,-0.0000643677,0.8781881039,0.1500327567,1.7271768477,9,1.7662491912,9.0000000000,1,1.0000000000,NEW_ENTRY,RANK_WITHIN_ENTRY_LIMIT,0.0500000000,6,1,0.0500000000
2026-05-31,2026-05-29,sh.601766,601766.SS,中国中车,C37铁路、船舶、航空航天和其他运输设备制造业,5.6551712300,2026-06-30 00:00:00,-0.0987868284,0.1599966240,2.2133669248,-1.0897341880,2.3108236508,-0.1037368940,1.5260450237,12,1.7284729900,10.0000000000,1,1.0000000000,RETAINED,RANK_WITHIN_EXIT_BUFFER,0.0500000000,7,2,0.0500000000
2026-05-31,2026-05-29,sh.600690,600690.SS,海尔智家,C38电气机械和器材制造业,20.0455725600,2026-06-30 00:00:00,-0.0225095785,1.0834837192,1.7222446892,-1.7361056326,1.5386069798,-1.1550689666,0.6352819066,71,1.6063315679,11.0000000000,1,1.0000000000,RETAINED,RANK_WITHIN_EXIT_BUFFER,0.0500000000,8,2,0.0500000000
2026-05-31,2026-05-29,sh.600406,600406.SS,国电南瑞,I65软件和信息技术服务业,24.3998835000,2026-06-30 00:00:00,-0.0635201189,0.2262831445,1.7391263054,-0.2464039549,2.0248404437,0.0894605735,1.6758161162,11,1.5775520705,12.0000000000,1,1.0000000000,RETAINED,RANK_WITHIN_EXIT_BUFFER,0.0500000000,9,2,0.0500000000
2026-05-31,2026-05-29,sz.300413,300413.SZ,芒果超媒,I64互联网和相关服务,17.1450961500,2026-06-30 00:00:00,-0.1616045845,1.1604895263,1.2701050881,-0.4292721309,0.9328606979,-0.4268555940,1.0961346206,28,1.4583916689,13.0000000000,1,1.0000000000,RETAINED,RANK_WITHIN_EXIT_BUFFER,0.0500000000,10,1,0.0500000000
2026-05-31,2026-05-29,sh.601186,601186.SS,中国铁建,E48土木工程建筑业,6.1041600000,2026-06-30 00:00:00,-0.0703125000,0.9304363794,1.2251124431,-0.3275428225,1.3031036677,0.0160015025,1.3758303965,17,1.4578619841,14.0000000000,1,1.0000000000,RETAINED,RANK_WITHIN_EXIT_BUFFER,0.0500000000,11,1,0.0500000000
2026-05-31,2026-05-29,sh.601668,601668.SS,中国建筑,E48土木工程建筑业,4.5537095100,2026-06-30 00:00:00,-0.1014492754,0.6362057676,1.6203618292,-0.8174773673,1.3539849833,0.1967308215,1.3070609201,19,1.4399014934,15.0000000000,1,1.0000000000,RETAINED,RANK_WITHIN_EXIT_BUFFER,0.0500000000,12,2,0.0500000000
2026-05-31,2026-05-29,sz.300760,300760.SZ,迈瑞医疗,C35专用设备制造业,151.8300000000,2026-06-30 00:00:00,-0.1053810182,1.0983629609,1.7238292299,-1.6450725567,0.7367828518,-0.1002887388,0.7928620203,50,1.4054145068,17.0000000000,1,1.0000000000,NEW_ENTRY,RANK_WITHIN_ENTRY_LIMIT,0.0500000000,13,1,0.0500000000
2026-05-31,2026-05-29,sz.000651,000651.SZ,格力电器,C38电气机械和器材制造业,37.2859230000,2026-06-30 00:00:00,-0.0426346694,0.0155299342,2.0744636105,-1.9111349784,2.1633163690,-0.7260095597,0.7065430261,61,1.3914132427,18.0000000000,1,1.0000000000,NEW_ENTRY,RANK_WITHIN_ENTRY_LIMIT,0.0500000000,14,3,0.0500000000
2026-05-31,2026-05-29,sh.600031,600031.SS,三一重工,C35专用设备制造业,17.7695879400,2026-06-30 00:00:00,-0.0367892977,0.6986011971,1.0157343081,-0.5907349901,1.8349688872,1.0086925340,1.7343777412,8,1.3837531897,19.0000000000,1,1.0000000000,RETAINED,RANK_WITHIN_EXIT_BUFFER,0.0500000000,15,2,0.0500000000
2026-05-31,2026-05-29,sh.600009,600009.SS,上海机场,G56航空运输业,24.7878371500,2026-06-30 00:00:00,-0.0785799761,0.7634066611,1.2171197435,-0.2044207676,0.9894497420,0.6795039117,1.5060851154,13,1.3033711376,21.0000000000,1,1.0000000000,RETAINED,RANK_WITHIN_EXIT_BUFFER,0.0500000000,16,1,0.0500000000
2026-05-31,2026-05-29,sh.600104,600104.SS,上汽集团,C36汽车制造业,12.0225828800,2026-06-30 00:00:00,-0.2077922078,0.8145084971,0.8254485746,-0.8315433665,1.8660656769,-0.1251119140,1.1145132996,27,1.2935056754,22.0000000000,1,1.0000000000,NEW_ENTRY,RANK_WITHIN_ENTRY_LIMIT,0.0500000000,17,1,0.0500000000
2026-05-31,2026-05-29,sh.600018,600018.SS,上港集团,G55水上运输业,4.9931982900,2026-06-30 00:00:00,-0.0799220273,0.5039034714,1.6824148681,-1.5833633658,0.9133471428,-0.9868331888,0.2314692445,127,1.1098438679,31.0000000000,1,1.0000000000,RETAINED,RANK_WITHIN_EXIT_BUFFER,0.0500000000,18,1,0.0500000000
2026-05-31,2026-05-29,sh.601238,601238.SS,广汽集团,C36汽车制造业,6.0700000000,2026-06-30 00:00:00,-0.1630971993,0.9922981449,0.6753400926,-0.1153378724,0.6469406635,0.1482990311,1.0262799108,29,1.0505020939,36.0000000000,1,1.0000000000,RETAINED,RANK_WITHIN_EXIT_BUFFER,0.0500000000,19,2,0.0500000000
2026-05-31,2026-05-29,sz.000807,000807.SZ,云铝股份,C32有色金属冶炼和压延加工业,28.0845303200,2026-06-30 00:00:00,-0.2116656484,1.4829537930,-0.0323359814,0.1830975296,0.6716200444,0.9492796108,1.4228281108,14,1.0391965463,37.0000000000,1,1.0000000000,RETAINED,RANK_WITHIN_EXIT_BUFFER,0.0500000000,20,1,0.0500000000
2026-06-30,2026-06-30,sz.002236,002236.SZ,大华股份,C39计算机、通信和其他电子设备制造业,16.4900000000,2026-07-31 00:00:00,0.0139478472,2.0249211690,2.5177693195,-1.0816740342,2.5755555346,0.4656677163,2.6651859401,1,2.9856035064,1.0000000000,1,1.0000000000,RETAINED,RANK_WITHIN_EXIT_BUFFER,0.0500000000,1,1,0.0500000000
2026-06-30,2026-06-30,sz.002415,002415.SZ,海康威视,C39计算机、通信和其他电子设备制造业,33.6653172000,2026-07-31 00:00:00,0.1008771930,1.6399446577,2.3946501810,-2.0905566663,2.1139614764,0.0071724941,1.6662627234,11,2.3107548976,2.0000000000,1,1.0000000000,RETAINED,RANK_WITHIN_EXIT_BUFFER,0.0500000000,2,2,0.0500000000
2026-06-30,2026-06-30,sz.000651,000651.SZ,格力电器,C38电气机械和器材制造业,35.6962500000,2026-07-31 00:00:00,0.1280000000,0.9781310734,2.9553980328,-1.7830848489,1.8421408183,-0.2804122844,1.5215727471,15,2.1720981579,4.0000000000,1,1.0000000000,RETAINED,RANK_WITHIN_EXIT_BUFFER,0.0500000000,3,1,0.0500000000
2026-06-30,2026-06-30,sh.600406,600406.SS,国电南瑞,I65软件和信息技术服务业,22.8500000000,2026-07-31 00:00:00,0.0656455142,0.9910587657,2.2392163470,-0.7643617145,2.0039795556,0.6806809285,2.1111551892,6,2.1686119415,5.0000000000,1,1.0000000000,RETAINED,RANK_WITHIN_EXIT_BUFFER,0.0500000000,4,1,0.0500000000
2026-06-30,2026-06-30,sz.300413,300413.SZ,芒果超媒,I64互联网和相关服务,14.3743700100,2026-07-31 00:00:00,0.1388325185,2.2316798557,1.1939884671,-0.3586839350,0.3798763550,0.7838392350,1.7341104925,10,1.9941826114,6.0000000000,1,1.0000000000,RETAINED,RANK_WITHIN_EXIT_BUFFER,0.0500000000,5,1,0.0500000000
2026-06-30,2026-06-30,sz.000157,000157.SZ,中联重科,C35专用设备制造业,6.7833852200,2026-07-31 00:00:00,0.1203845504,1.1041919437,1.3948550843,-1.0948006275,2.5791885236,1.2020161277,2.1254509004,5,1.9484140350,8.0000000000,1,1.0000000000,NEW_ENTRY,RANK_WITHIN_ENTRY_LIMIT,0.0500000000,6,1,0.0500000000
2026-06-30,2026-06-30,sz.300628,300628.SZ,亿联网络,C39计算机、通信和其他电子设备制造业,33.8200000000,2026-07-31 00:00:00,0.1502069781,1.4729265893,1.4397058904,-0.7754744957,1.2181191427,0.2440248677,1.4753084329,16,1.7812730311,10.0000000000,1,1.0000000000,RETAINED,RANK_WITHIN_EXIT_BUFFER,0.0500000000,7,3,0.0500000000
2026-06-30,2026-06-30,sz.300760,300760.SZ,迈瑞医疗,C35专用设备制造业,135.8300000000,2026-07-31 00:00:00,0.1696974159,1.1859736097,2.1388114782,-2.6909670049,1.4245146686,0.9811210199,1.2458337165,28,1.6750995825,11.0000000000,1,1.0000000000,RETAINED,RANK_WITHIN_EXIT_BUFFER,0.0500000000,8,2,0.0500000000
2026-06-30,2026-06-30,sh.600219,600219.SS,南山铝业,C32有色金属冶炼和压延加工业,3.9900000000,2026-07-31 00:00:00,0.1829573935,1.8016124232,0.6789328611,-0.6989465496,1.2345687708,0.5530507410,1.4629774845,19,1.6375576892,12.0000000000,1,1.0000000000,NEW_ENTRY,RANK_WITHIN_ENTRY_LIMIT,0.0500000000,9,1,0.0500000000
2026-06-30,2026-06-30,sh.600018,600018.SS,上港集团,G55水上运输业,4.5941317600,2026-07-31 00:00:00,0.1514689339,0.9789137327,2.1586767537,-1.1825905395,0.8651607584,-0.5182996408,0.9435037807,48,1.6012139476,14.0000000000,1,1.0000000000,RETAINED,RANK_WITHIN_EXIT_BUFFER,0.0500000000,10,1,0.0500000000
2026-06-30,2026-06-30,sz.000333,000333.SZ,美的集团,C38电气机械和器材制造业,75.5300000000,2026-07-31 00:00:00,0.1598040514,0.8376729864,2.3290412746,-1.8048655910,1.1695688367,-0.1807999321,0.9634884585,46,1.5868231997,15.0000000000,1,1.0000000000,RETAINED,RANK_WITHIN_EXIT_BUFFER,0.0500000000,11,2,0.0500000000
2026-06-30,2026-06-30,sh.688009,688009.SS,中国通号,C37铁路、船舶、航空航天和其他运输设备制造业,4.6087462400,2026-07-31 00:00:00,0.1087614145,0.6779874074,1.4164522858,0.2389383765,1.2653308326,0.1224397036,1.5252518201,13,1.5302272457,17.0000000000,1,1.0000000000,RETAINED,RANK_WITHIN_EXIT_BUFFER,0.0500000000,12,1,0.0500000000
2026-06-30,2026-06-30,sh.601766,601766.SS,中国中车,C37铁路、船舶、航空航天和其他运输设备制造业,5.0965148000,2026-07-31 00:00:00,0.1846153846,0.2715559588,1.5132170209,-0.7123785807,2.1466202207,0.3581395076,1.4662303018,18,1.4105836939,20.0000000000,1,1.0000000000,RETAINED,RANK_WITHIN_EXIT_BUFFER,0.0500000000,13,2,0.0500000000
2026-06-30,2026-06-30,sh.600690,600690.SS,海尔智家,C38电气机械和器材制造业,19.5943551700,2026-07-31 00:00:00,0.1362077413,0.9288207783,1.7668058829,-1.6098339624,1.2363211835,-0.9807110344,0.5498240871,76,1.3497004176,23.0000000000,1,1.0000000000,RETAINED,RANK_WITHIN_EXIT_BUFFER,0.0500000000,14,3,0.0500000000
2026-06-30,2026-06-30,sh.600031,600031.SS,三一重工,C35专用设备制造业,17.1158572800,2026-07-31 00:00:00,0.2006410000,0.7079203008,0.9703238858,-1.7782077647,2.2653032634,1.2767733504,1.4108786638,21,1.2739866555,25.0000000000,1,1.0000000000,RETAINED,RANK_WITHIN_EXIT_BUFFER,0.0500000000,15,3,0.0500000000
2026-06-30,2026-06-30,sh.600104,600104.SS,上汽集团,C36汽车制造业,9.5243838400,2026-07-31 00:00:00,0.1598360656,0.3353957933,1.4187723407,-0.7660851285,1.7574901468,0.1654248465,1.1931813175,31,1.2604395944,26.0000000000,1,1.0000000000,RETAINED,RANK_WITHIN_EXIT_BUFFER,0.0500000000,16,1,0.0500000000
2026-06-30,2026-06-30,sh.601668,601668.SS,中国建筑,E48土木工程建筑业,4.0917389800,2026-07-31 00:00:00,0.1486558705,0.3865157216,1.4484164337,-0.6738124449,1.2487546065,0.1868916581,1.0643815793,36,1.1808843227,31.0000000000,1,1.0000000000,RETAINED,RANK_WITHIN_EXIT_BUFFER,0.0500000000,17,1,0.0500000000
2026-06-30,2026-06-30,sh.601186,601186.SS,中国铁建,E48土木工程建筑业,5.6749612500,2026-07-31 00:00:00,0.1295231311,0.5574069215,1.0943945194,-0.2465319325,1.0812395004,0.0036301997,1.0206766143,39,1.1306195478,34.0000000000,1,1.0000000000,RETAINED,RANK_WITHIN_EXIT_BUFFER,0.0500000000,18,2,0.0500000000
2026-06-30,2026-06-30,sh.601238,601238.SS,广汽集团,C36汽车制造业,5.0800000000,2026-07-31 00:00:00,0.0866141732,0.7530361548,0.9227998492,-0.1319916689,0.6422376699,0.0435583183,0.9139014110,50,1.0602092066,35.0000000000,1,1.0000000000,RETAINED,RANK_WITHIN_EXIT_BUFFER,0.0500000000,19,2,0.0500000000
2026-06-30,2026-06-30,sh.600570,600570.SS,恒生电子,I65软件和信息技术服务业,21.1900000000,2026-07-31 00:00:00,0.0816422841,0.4963338187,0.9146299517,-0.7866647510,0.9887421819,2.1037402705,1.5234617870,14,1.0422129124,37.0000000000,1,1.0000000000,RETAINED,RANK_WITHIN_EXIT_BUFFER,0.0500000000,20,2,0.0500000000
2026-07-31,2026-07-31,sz.002236,002236.SZ,大华股份,C39计算机、通信和其他电子设备制造业,16.7200000000,2026-08-31 00:00:00,-0.0179425837,2.0996121849,2.9163550574,-1.1948216843,2.5407132978,-1.0820015975,2.9724120097,1,3.3085471514,1.0000000000,1,1.0000000000,RETAINED,RANK_WITHIN_EXIT_BUFFER,0.0500000000,1,1,0.0500000000
2026-07-31,2026-07-31,sz.000157,000157.SZ,中联重科,C35专用设备制造业,7.6000000000,2026-08-31 00:00:00,-0.1197368421,1.4275710589,1.9590519104,-1.3149700587,2.6208740772,-0.6413566375,2.2806956350,7,2.4674235145,2.0000000000,1,1.0000000000,RETAINED,RANK_WITHIN_EXIT_BUFFER,0.0500000000,2,1,0.0500000000
2026-07-31,2026-07-31,sz.002415,002415.SZ,海康威视,C39计算机、通信和其他电子设备制造业,37.0613799000,2026-08-31 00:00:00,-0.0343047103,1.6286620668,3.0824479128,-1.7767869521,1.7408387610,-3.0298246597,0.9262787993,39,2.4101889676,3.0000000000,1,1.0000000000,RETAINED,RANK_WITHIN_EXIT_BUFFER,0.0500000000,3,2,0.0500000000
2026-07-31,2026-07-31,sh.600406,600406.SS,国电南瑞,I65软件和信息技术服务业,24.3500000000,2026-08-31 00:00:00,-0.0566735113,0.9696114827,2.0788513314,-0.7538774639,2.0251373764,-0.1400238861,2.3530535813,5,2.2259185373,6.0000000000,1,1.0000000000,RETAINED,RANK_WITHIN_EXIT_BUFFER,0.0500000000,4,1,0.0500000000
2026-07-31,2026-07-31,sz.300413,300413.SZ,芒果超媒,I64互联网和相关服务,16.3700000000,2026-08-31 00:00:00,0.0372632865,2.0800322254,1.1790004912,-0.1392019614,0.4159833116,1.0005495073,2.5538458540,3,2.2008823455,7.0000000000,1,1.0000000000,RETAINED,RANK_WITHIN_EXIT_BUFFER,0.0500000000,5,1,0.0500000000
2026-07-31,2026-07-31,sh.600585,600585.SS,海螺水泥,C30非金属矿物制品业,18.5600000000,2026-08-31 00:00:00,-0.0490301724,1.2365737156,1.8121912503,-1.3222189239,1.8617217590,0.1976898133,2.1313882802,9,2.1608142607,8.0000000000,1,1.0000000000,NEW_ENTRY,RANK_WITHIN_ENTRY_LIMIT,0.0500000000,6,1,0.0500000000
2026-07-31,2026-07-31,sz.300628,300628.SZ,亿联网络,C39计算机、通信和其他电子设备制造业,38.9000000000,2026-08-31 00:00:00,0.0642673522,1.8171215094,1.8153509044,-1.1296042034,0.8068308769,-1.9770050360,0.7502694884,50,1.8332261857,11.0000000000,1,1.0000000000,RETAINED,RANK_WITHIN_EXIT_BUFFER,0.0500000000,7,3,0.0500000000
2026-07-31,2026-07-31,sh.600741,600741.SS,华域汽车,C36汽车制造业,16.8600000000,2026-08-31 00:00:00,-0.0836298932,0.6687086191,1.1819071055,0.2651493701,1.4664634873,0.8459389192,2.4929344901,4,1.7149582780,12.0000000000,1,1.0000000000,NEW_ENTRY,RANK_WITHIN_ENTRY_LIMIT,0.0500000000,8,1,0.0500000000
2026-07-31,2026-07-31,sz.000651,000651.SZ,格力电器,C38电气机械和器材制造业,40.2653700000,2026-08-31 00:00:00,-0.0326675255,0.4964104517,2.2653747435,-1.4197161802,1.6773684579,-0.7375344802,1.2846475820,25,1.7037322613,13.0000000000,1,1.0000000000,RETAINED,RANK_WITHIN_EXIT_BUFFER,0.0500000000,9,1,0.0500000000
2026-07-31,2026-07-31,sh.600031,600031.SS,三一重工,C35专用设备制造业,20.5500000000,2026-08-31 00:00:00,-0.0262773723,0.9662044159,1.9299934919,-1.9719745301,1.9827270917,-1.6738160355,0.6942202074,60,1.6694563188,14.0000000000,1,1.0000000000,RETAINED,RANK_WITHIN_EXIT_BUFFER,0.0500000000,10,2,0.0500000000
2026-07-31,2026-07-31,sz.000538,000538.SZ,云南白药,C27医药制造业,52.8600000000,2026-08-31 00:00:00,-0.0467272039,0.6282680008,1.7789563871,-0.1459067938,0.8822740691,-0.4360125394,1.5242913418,19,1.5249934078,18.0000000000,1,1.0000000000,NEW_ENTRY,RANK_WITHIN_ENTRY_LIMIT,0.0500000000,11,1,0.0500000000
2026-07-31,2026-07-31,sz.002602,002602.SZ,世纪华通,I64互联网和相关服务,13.5400000000,2026-08-31 00:00:00,0.0443131462,1.2447895690,0.5756762538,-0.0602520431,0.7657264453,0.7122770830,1.8230258027,10,1.4433757490,21.0000000000,1,1.0000000000,NEW_ENTRY,RANK_WITHIN_ENTRY_LIMIT,0.0500000000,12,2,0.0500000000
2026-07-31,2026-07-31,sh.688009,688009.SS,中国通号,C37铁路、船舶、航空航天和其他运输设备制造业,5.1100000000,2026-08-31 00:00:00,-0.0293542074,0.6214700882,0.9784789329,0.3915673923,1.4413956586,-0.2050733694,1.8171829380,11,1.4113179207,24.0000000000,1,1.0000000000,RETAINED,RANK_WITHIN_EXIT_BUFFER,0.0500000000,13,1,0.0500000000
2026-07-31,2026-07-31,sh.601360,601360.SS,三六零,I64互联网和相关服务,9.3300000000,2026-08-31 00:00:00,-0.0117899250,1.8345360584,1.0643163161,-0.5232386890,-0.9468843439,0.6297806817,1.1588835864,29,1.4085797484,25.0000000000,1,1.0000000000,NEW_ENTRY,RANK_WITHIN_ENTRY_LIMIT,0.0500000000,14,3,0.0500000000
2026-07-31,2026-07-31,sz.000333,000333.SZ,美的集团,C38电气机械和器材制造业,87.6000000000,2026-08-31 00:00:00,0.0014840183,0.6949880101,2.0858755417,-1.2693672743,0.7447138097,-1.0426004347,0.6832283014,64,1.3949403319,26.0000000000,1,1.0000000000,RETAINED,RANK_WITHIN_EXIT_BUFFER,0.0500000000,15,2,0.0500000000
2026-07-31,2026-07-31,sh.600690,600690.SS,海尔智家,C38电气机械和器材制造业,22.2632580300,2026-08-31 00:00:00,-0.0486567612,0.6743772897,1.7207236279,-1.2344491674,1.0121146074,-0.9247367040,0.7026057996,56,1.3039222137,27.0000000000,1,1.0000000000,RETAINED,RANK_WITHIN_EXIT_BUFFER,0.0500000000,16,3,0.0500000000
2026-07-31,2026-07-31,sh.600104,600104.SS,上汽集团,C36汽车制造业,11.0467238800,2026-08-31 00:00:00,-0.0585444053,0.6115921695,1.0940797830,-0.9701754220,1.8232007561,-0.8287914860,0.9738885970,36,1.2631663616,30.0000000000,1,1.0000000000,RETAINED,RANK_WITHIN_EXIT_BUFFER,0.0500000000,17,2,0.0500000000
2026-07-31,2026-07-31,sz.300760,300760.SZ,迈瑞医疗,C35专用设备制造业,158.8800000000,2026-08-31 00:00:00,0.0407225579,0.8037044440,2.3992985698,-2.8359443661,1.0390376527,-2.4934995807,-0.6121776427,231,1.2211807824,31.0000000000,1,1.0000000000,RETAINED,RANK_WITHIN_EXIT_BUFFER,0.0500000000,18,3,0.0500000000
2026-07-31,2026-07-31,sh.600570,600570.SS,恒生电子,I65软件和信息技术服务业,22.9200000000,2026-08-31 00:00:00,-0.0401396161,0.6478498449,1.3710702649,-1.0167511008,0.9526799940,-0.8882536962,0.6004633354,71,1.1249311227,34.0000000000,1,1.0000000000,RETAINED,RANK_WITHIN_EXIT_BUFFER,0.0500000000,19,2,0.0500000000
2026-07-31,2026-07-31,sh.600018,600018.SS,上港集团,G55水上运输业,5.2900000000,2026-08-31 00:00:00,-0.0056710775,0.3068972261,1.2842329144,-1.3842772232,0.8770386557,0.2766938267,0.7659715376,48,0.9804739503,40.0000000000,1,1.0000000000,RETAINED,RANK_WITHIN_EXIT_BUFFER,0.0500000000,20,1,0.0500000000
2026-08-31,2026-08-31,sh.600406,600406.SS,国电南瑞,I65软件和信息技术服务业,22.9700000000,2026-09-08 00:00:00,-0.0121898128,1.5527562715,2.3109862854,0.0229156203,2.1730605347,2.0598763769,3.3790888227,1,2.9672470088,1.0000000000,1,1.0000000000,RETAINED,RANK_WITHIN_EXIT_BUFFER,0.0500000000,1,1,0.0500000000
2026-08-31,2026-08-31,sz.002236,002236.SZ,大华股份,C39计算机、通信和其他电子设备制造业,16.4200000000,2026-09-08 00:00:00,-0.0085261876,1.5687592829,2.8431222204,-0.7447980643,2.4329289718,0.7680304393,2.8582369656,2,2.7948381165,2.0000000000,1,1.0000000000,RETAINED,RANK_WITHIN_EXIT_BUFFER,0.0500000000,2,1,0.0500000000
2026-08-31,2026-08-31,sz.002415,002415.SZ,海康威视,C39计算机、通信和其他电子设备制造业,35.7900000000,2026-09-08 00:00:00,-0.0257055043,1.8882733658,2.9134858084,-0.8658830210,1.6430408235,0.0932617404,2.3605605321,5,2.5598743459,3.0000000000,1,1.0000000000,RETAINED,RANK_WITHIN_EXIT_BUFFER,0.0500000000,3,2,0.0500000000
2026-08-31,2026-08-31,sz.000157,000157.SZ,中联重科,C35专用设备制造业,6.6900000000,2026-09-08 00:00:00,-0.0074738416,1.0343633913,1.7903175321,-0.7720735496,2.6327388878,1.6990715339,2.6569692917,4,2.3965862768,4.0000000000,1,1.0000000000,RETAINED,RANK_WITHIN_EXIT_BUFFER,0.0500000000,4,1,0.0500000000
2026-08-31,2026-08-31,sz.300628,300628.SZ,亿联网络,C39计算机、通信和其他电子设备制造业,41.4000000000,2026-09-08 00:00:00,-0.0128019324,1.2758439179,1.5864961954,-0.0790003214,0.6295028118,1.7902470619,2.1653422295,6,1.9893285388,5.0000000000,1,1.0000000000,RETAINED,RANK_WITHIN_EXIT_BUFFER,0.0500000000,5,3,0.0500000000
2026-08-31,2026-08-31,sz.002602,002602.SZ,世纪华通,I64互联网和相关服务,14.1400000000,2026-09-08 00:00:00,0.1428571429,1.7589232401,0.7567535578,-0.2175116962,1.1101431814,1.4561819301,2.0244290913,7,1.9391163838,7.0000000000,1,1.0000000000,RETAINED,RANK_WITHIN_EXIT_BUFFER,0.0500000000,6,1,0.0500000000
2026-08-31,2026-08-31,sh.600585,600585.SS,海螺水泥,C30非金属矿物制品业,17.6500000000,2026-09-08 00:00:00,0.0101983003,1.2983359501,1.6028984634,-1.7204053317,1.7672573472,0.8310682293,1.5727507500,12,1.8307707752,8.0000000000,1,1.0000000000,RETAINED,RANK_WITHIN_EXIT_BUFFER,0.0500000000,7,1,0.0500000000
2026-08-31,2026-08-31,sz.000538,000538.SZ,云南白药,C27医药制造业,50.3900000000,2026-09-08 00:00:00,0.0035721373,1.1897589934,2.0979324866,0.1643937888,0.7924953284,-0.2589148982,1.6586933544,10,1.6646049591,10.0000000000,1,1.0000000000,RETAINED,RANK_WITHIN_EXIT_BUFFER,0.0500000000,8,1,0.0500000000
2026-08-31,2026-08-31,sz.000425,000425.SZ,徐工机械,C35专用设备制造业,7.8900000000,2026-09-08 00:00:00,0.0532319392,0.6431895668,1.4366707718,-1.0841618505,2.2954655898,0.4346617416,1.5505571700,13,1.5505264722,12.0000000000,1,1.0000000000,NEW_ENTRY,RANK_WITHIN_ENTRY_LIMIT,0.0500000000,9,2,0.0500000000
2026-08-31,2026-08-31,sh.600741,600741.SS,华域汽车,C36汽车制造业,15.4500000000,2026-09-08 00:00:00,-0.0038834951,0.9318915414,1.0008317055,0.4464380209,1.6333833496,0.0508403168,1.6910373563,9,1.4554703243,15.0000000000,1,1.0000000000,RETAINED,RANK_WITHIN_EXIT_BUFFER,0.0500000000,10,1,0.0500000000
2026-08-31,2026-08-31,sh.688009,688009.SS,中国通号,C37铁路、船舶、航空航天和其他运输设备制造业,4.9600000000,2026-09-08 00:00:00,-0.0100806452,0.5824482288,0.9600161617,0.6594889752,1.4791060719,0.7930645257,1.8619724395,8,1.4446397887,16.0000000000,1,1.0000000000,RETAINED,RANK_WITHIN_EXIT_BUFFER,0.0500000000,11,1,0.0500000000
2026-08-31,2026-08-31,sh.600845,600845.SS,宝信软件,I65软件和信息技术服务业,17.6500000000,2026-09-08 00:00:00,-0.0237960340,1.1275837260,1.0148006469,-0.4767468440,0.8984765328,0.8623028065,1.4259537347,15,1.4416849505,17.0000000000,1,1.0000000000,NEW_ENTRY,RANK_WITHIN_ENTRY_LIMIT,0.0500000000,12,2,0.0500000000
2026-08-31,2026-08-31,sh.688271,688271.SS,联影医疗,C35专用设备制造业,104.5000000000,2026-09-08 00:00:00,0.0262200957,1.1655452671,1.9834862450,-1.5362932431,0.1810622164,0.5037296141,0.9561509157,27,1.3894583516,18.0000000000,1,1.0000000000,NEW_ENTRY,RANK_WITHIN_ENTRY_LIMIT,0.0500000000,13,3,0.0500000000
2026-08-31,2026-08-31,sz.000651,000651.SZ,格力电器,C38电气机械和器材制造业,38.9500000000,2026-09-08 00:00:00,-0.0012836970,0.7505230837,2.0517583476,-1.1620847918,1.5572538532,-0.5463364246,1.1033000806,23,1.3584172640,21.0000000000,1,1.0000000000,RETAINED,RANK_WITHIN_EXIT_BUFFER,0.0500000000,14,1,0.0500000000
2026-08-31,2026-08-31,sh.600570,600570.SS,恒生电子,I65软件和信息技术服务业,22.0000000000,2026-09-08 00:00:00,-0.0186363636,0.9470510267,1.2532541478,-0.9475821562,1.1161925875,0.5548675248,1.2167753181,16,1.3501286766,22.0000000000,1,1.0000000000,RETAINED,RANK_WITHIN_EXIT_BUFFER,0.0500000000,15,3,0.0500000000
2026-08-31,2026-08-31,sh.600660,600660.SS,福耀玻璃,C30非金属矿物制品业,56.5900000000,2026-09-08 00:00:00,-0.0148436119,1.1469873031,1.5312006681,-1.0747395831,-0.3935587473,0.9254317580,0.8886453810,34,1.2151096865,24.0000000000,1,1.0000000000,NEW_ENTRY,RANK_WITHIN_ENTRY_LIMIT,0.0500000000,16,2,0.0500000000
2026-08-31,2026-08-31,sh.600690,600690.SS,海尔智家,C38电气机械和器材制造业,21.1800000000,2026-09-08 00:00:00,0.0203021719,1.2972182832,1.7293482848,-0.9400705051,0.9506632489,-1.2206621292,0.7559619980,49,1.1901179784,27.0000000000,1,1.0000000000,RETAINED,RANK_WITHIN_EXIT_BUFFER,0.0500000000,17,2,0.0500000000
2026-08-31,2026-08-31,sh.600104,600104.SS,上汽集团,C36汽车制造业,10.4000000000,2026-09-08 00:00:00,0.0173076923,0.6671389786,1.1458731944,-1.1443988336,1.9353100159,-0.5212582095,0.8667317075,37,1.0675768166,32.0000000000,1,1.0000000000,RETAINED,RANK_WITHIN_EXIT_BUFFER,0.0500000000,18,2,0.0500000000
2026-08-31,2026-08-31,sz.000333,000333.SZ,美的集团,C38电气机械和器材制造业,87.7300000000,2026-09-08 00:00:00,-0.0166419697,1.0602433950,1.8634240328,-0.6062916999,0.4299071758,-1.3970856323,0.5619044371,69,0.9666571096,35.0000000000,1,1.0000000000,RETAINED,RANK_WITHIN_EXIT_BUFFER,0.0500000000,19,3,0.0500000000
2026-08-31,2026-08-31,sh.600018,600018.SS,上港集团,G55水上运输业,5.2600000000,2026-09-08 00:00:00,0.0266159696,0.7008677185,1.5510151234,-1.5344835011,0.8645946608,-0.2414495619,0.5578872694,72,0.9586304043,37.0000000000,1,1.0000000000,RETAINED,RANK_WITHIN_EXIT_BUFFER,0.0500000000,20,1,0.0500000000
2026-09-08,2026-09-07,sh.601360,601360.SS,三六零,I64互联网和相关服务,8.9700000000,,,1.4134511233,1.3963406031,-0.2796356138,-0.2149719256,3.3435973685,2.7120904108,2,2.5921202469,1.0000000000,1,1.0000000000,NEW_ENTRY,RANK_WITHIN_ENTRY_LIMIT,0.0500000000,1,1,0.0500000000
2026-09-08,2026-09-07,sz.002236,002236.SZ,大华股份,C39计算机、通信和其他电子设备制造业,16.2800000000,,,1.6962659194,2.9312898957,-1.0133909956,2.4090252042,-0.7777380902,2.5139934719,4,2.5722271398,2.0000000000,1,1.0000000000,RETAINED,RANK_WITHIN_EXIT_BUFFER,0.0500000000,2,1,0.0500000000
2026-09-08,2026-09-07,sz.002415,002415.SZ,海康威视,C39计算机、通信和其他电子设备制造业,34.8700000000,,,1.8552248766,2.8473122860,-1.0802206488,1.6358126603,-0.2619026443,2.3945469408,5,2.5605378962,3.0000000000,1,1.0000000000,RETAINED,RANK_WITHIN_EXIT_BUFFER,0.0500000000,3,2,0.0500000000
2026-09-08,2026-09-07,sh.688009,688009.SS,中国通号,C37铁路、船舶、航空航天和其他运输设备制造业,4.9100000000,,,1.0506579656,1.0197840447,0.4388335807,1.5642734290,1.4034417704,2.6249633525,3,2.1759776759,4.0000000000,1,1.0000000000,RETAINED,RANK_WITHIN_EXIT_BUFFER,0.0500000000,4,1,0.0500000000
2026-09-08,2026-09-07,sh.600406,600406.SS,国电南瑞,I65软件和信息技术服务业,22.6900000000,,,1.1885411108,2.1045389079,0.0052287481,2.1702603867,-0.7039087953,2.2835639690,7,2.0341989114,6.0000000000,1,1.0000000000,RETAINED,RANK_WITHIN_EXIT_BUFFER,0.0500000000,5,1,0.0500000000
2026-09-08,2026-09-07,sz.002558,002558.SZ,巨人网络,I64互联网和相关服务,27.4900000000,,,0.8084605569,0.6547684835,0.2282506704,0.9141996318,2.3099466566,2.3559174364,6,1.9819138955,7.0000000000,1,1.0000000000,NEW_ENTRY,RANK_WITHIN_ENTRY_LIMIT,0.0500000000,6,2,0.0500000000
2026-09-08,2026-09-07,sz.000157,000157.SZ,中联重科,C35专用设备制造业,6.6400000000,,,1.0760639958,1.6791210782,-0.8609401620,2.6170936057,-0.4967149025,1.9240930407,9,1.8835528627,9.0000000000,1,1.0000000000,RETAINED,RANK_WITHIN_EXIT_BUFFER,0.0500000000,7,1,0.0500000000
2026-09-08,2026-09-07,sz.000538,000538.SZ,云南白药,C27医药制造业,50.5700000000,,,1.2992659291,2.1201103171,0.0070381028,0.8006859332,-0.3492615671,1.8585359923,10,1.7858592122,11.0000000000,1,1.0000000000,RETAINED,RANK_WITHIN_EXIT_BUFFER,0.0500000000,8,1,0.0500000000
2026-09-08,2026-09-07,sh.601766,601766.SS,中国中车,C37铁路、船舶、航空航天和其他运输设备制造业,6.2200000000,,,0.3645446768,0.8133590958,-0.5302266324,2.1546715983,0.9676497566,1.8068512925,12,1.5671486770,13.0000000000,1,1.0000000000,NEW_ENTRY,RANK_WITHIN_ENTRY_LIMIT,0.0500000000,9,2,0.0500000000
2026-09-08,2026-09-07,sh.600741,600741.SS,华域汽车,C36汽车制造业,15.3900000000,,,0.8367956839,1.0521998626,0.3257105443,1.6462187557,-0.0648425399,1.8193525093,11,1.5067099612,14.0000000000,1,1.0000000000,RETAINED,RANK_WITHIN_EXIT_BUFFER,0.0500000000,10,1,0.0500000000
2026-09-08,2026-09-07,sz.300450,300450.SZ,先导智能,C35专用设备制造业,31.4900000000,,,0.5842945560,0.8215352630,-0.3118086483,0.7620155338,1.5421355582,1.6286457283,14,1.4901607796,15.0000000000,1,1.0000000000,NEW_ENTRY,RANK_WITHIN_ENTRY_LIMIT,0.0500000000,11,2,0.0500000000
2026-09-08,2026-09-07,sz.300628,300628.SZ,亿联网络,C39计算机、通信和其他电子设备制造业,40.8700000000,,,1.2571718279,1.9269683349,-0.2123124260,0.6102600253,-0.6064410634,1.4261414403,17,1.4825419933,16.0000000000,1,1.0000000000,RETAINED,RANK_WITHIN_EXIT_BUFFER,0.0500000000,12,3,0.0500000000
2026-09-08,2026-09-07,sz.000999,000999.SZ,华润三九,C27医药制造业,24.6700000000,,,1.3209193213,1.0834301090,0.1550637956,1.0962202313,-0.4305089886,1.5457089233,15,1.4501625806,17.0000000000,1,1.0000000000,NEW_ENTRY,RANK_WITHIN_ENTRY_LIMIT,0.0500000000,13,2,0.0500000000
2026-09-08,2026-09-07,sh.600600,600600.SS,青岛啤酒,C15酒、饮料和精制茶制造业,51.4700000000,,,0.9245666321,0.7477029653,0.8580052914,0.2791466518,0.8994082821,1.7775349161,13,1.4288093549,18.0000000000,1,1.0000000000,NEW_ENTRY,RANK_WITHIN_ENTRY_LIMIT,0.0500000000,14,1,0.0500000000
2026-09-08,2026-09-07,sz.000333,000333.SZ,美的集团,C38电气机械和器材制造业,86.2700000000,,,0.9901799717,1.8385096490,-0.5978964563,0.4211396976,-0.1019143351,1.2221501619,22,1.3620317964,21.0000000000,1,1.0000000000,RETAINED,RANK_WITHIN_EXIT_BUFFER,0.0500000000,15,1,0.0500000000
2026-09-08,2026-09-07,sz.000651,000651.SZ,格力电器,C38电气机械和器材制造业,38.9000000000,,,0.6983215146,1.9812840249,-1.0584017494,1.5297502409,-0.6088091389,1.2183765564,23,1.3546927759,22.0000000000,1,1.0000000000,RETAINED,RANK_WITHIN_EXIT_BUFFER,0.0500000000,16,2,0.0500000000
2026-09-08,2026-09-07,sh.600585,600585.SS,海螺水泥,C30非金属矿物制品业,17.8300000000,,,1.1727459543,1.6373471033,-1.4841428540,1.7230768172,-1.0234169744,0.9708163372,35,1.3232556439,23.0000000000,1,1.0000000000,RETAINED,RANK_WITHIN_EXIT_BUFFER,0.0500000000,17,1,0.0500000000
2026-09-08,2026-09-07,sh.600845,600845.SS,宝信软件,I65软件和信息技术服务业,17.2300000000,,,0.7803632260,1.1993457097,-0.4471919727,0.9187141028,-0.1940419046,1.0818055123,29,1.1233470258,30.0000000000,1,1.0000000000,RETAINED,RANK_WITHIN_EXIT_BUFFER,0.0500000000,18,2,0.0500000000
2026-09-08,2026-09-07,sh.600570,600570.SS,恒生电子,I65软件和信息技术服务业,21.5900000000,,,0.8884640830,1.0191389942,-0.8109675490,1.1306722689,-0.3878414441,0.8816030462,38,1.0492546744,36.0000000000,1,1.0000000000,RETAINED,RANK_WITHIN_EXIT_BUFFER,0.0500000000,19,3,0.0500000000
2026-09-08,2026-09-07,sh.600690,600690.SS,海尔智家,C38电气机械和器材制造业,21.6100000000,,,1.2963888199,1.5746577212,-0.9816910761,0.8942474726,-1.3717207729,0.6766743057,55,1.0354244882,38.0000000000,1,1.0000000000,RETAINED,RANK_WITHIN_EXIT_BUFFER,0.0500000000,20,3,0.0500000000
